# silver (37,3)-cube, colors=109
# every colour class is one K-orbit (K = cubic residues) about
# its own diagonal coset; cycle holes 0,1; fixed shape index v=8
# diagonal x+y+z=0 mod 37; lines: x y z color
0 0 0 0
0 0 1 101
0 0 2 38
0 0 3 14
0 0 4 31
0 0 5 11
0 0 6 98
0 0 7 8
0 0 8 82
0 0 9 107
0 0 10 45
0 0 11 95
0 0 12 40
0 0 13 36
0 0 14 108
0 0 15 81
0 0 16 56
0 0 17 97
0 0 18 10
0 0 19 27
0 0 20 84
0 0 21 92
0 0 22 100
0 0 23 44
0 0 24 1
0 0 25 87
0 0 26 37
0 0 27 69
0 0 28 74
0 0 29 60
0 0 30 29
0 0 31 52
0 0 32 26
0 0 33 6
0 0 34 23
0 0 35 58
0 0 36 72
0 1 0 41
0 1 1 87
0 1 2 26
0 1 3 2
0 1 4 11
0 1 5 43
0 1 6 22
0 1 7 55
0 1 8 106
0 1 9 48
0 1 10 94
0 1 11 53
0 1 12 20
0 1 13 66
0 1 14 80
0 1 15 54
0 1 16 96
0 1 17 17
0 1 18 18
0 1 19 83
0 1 20 91
0 1 21 99
0 1 22 50
0 1 23 8
0 1 24 86
0 1 25 85
0 1 26 49
0 1 27 60
0 1 28 98
0 1 29 7
0 1 30 82
0 1 31 10
0 1 32 25
0 1 33 1
0 1 34 92
0 1 35 44
0 1 36 108
0 2 0 86
0 2 1 33
0 2 2 34
0 2 3 31
0 2 4 65
0 2 5 36
0 2 6 45
0 2 7 105
0 2 8 101
0 2 9 93
0 2 10 92
0 2 11 18
0 2 12 72
0 2 13 79
0 2 14 87
0 2 15 62
0 2 16 22
0 2 17 19
0 2 18 52
0 2 19 71
0 2 20 59
0 2 21 108
0 2 22 1
0 2 23 60
0 2 24 43
0 2 25 41
0 2 26 28
0 2 27 64
0 2 28 16
0 2 29 69
0 2 30 12
0 2 31 17
0 2 32 5
0 2 33 91
0 2 34 63
0 2 35 107
0 2 36 73
0 3 0 32
0 3 1 4
0 3 2 5
0 3 3 95
0 3 4 12
0 3 5 62
0 3 6 104
0 3 7 45
0 3 8 47
0 3 9 91
0 3 10 33
0 3 11 73
0 3 12 78
0 3 13 86
0 3 14 54
0 3 15 9
0 3 16 19
0 3 17 81
0 3 18 43
0 3 19 97
0 3 20 60
0 3 21 27
0 3 22 84
0 3 23 48
0 3 24 75
0 3 25 70
0 3 26 55
0 3 27 7
0 3 28 59
0 3 29 36
0 3 30 22
0 3 31 18
0 3 32 58
0 3 33 67
0 3 34 106
0 3 35 98
0 3 36 57
0 4 0 18
0 4 1 7
0 4 2 94
0 4 3 17
0 4 4 56
0 4 5 103
0 4 6 59
0 4 7 46
0 4 8 49
0 4 9 13
0 4 10 60
0 4 11 77
0 4 12 54
0 4 13 63
0 4 14 11
0 4 15 19
0 4 16 80
0 4 17 62
0 4 18 96
0 4 19 68
0 4 20 12
0 4 21 83
0 4 22 82
0 4 23 41
0 4 24 107
0 4 25 95
0 4 26 30
0 4 27 47
0 4 28 36
0 4 29 24
0 4 30 16
0 4 31 69
0 4 32 45
0 4 33 105
0 4 34 38
0 4 35 84
0 4 36 34
0 5 0 4
0 5 1 93
0 5 2 7
0 5 3 37
0 5 4 102
0 5 5 98
0 5 6 90
0 5 7 43
0 5 8 24
0 5 9 44
0 5 10 76
0 5 11 84
0 5 12 92
0 5 13 12
0 5 14 19
0 5 15 79
0 5 16 87
0 5 17 40
0 5 18 48
0 5 19 20
0 5 20 52
0 5 21 64
0 5 22 42
0 5 23 106
0 5 24 94
0 5 25 15
0 5 26 62
0 5 27 30
0 5 28 33
0 5 29 18
0 5 30 55
0 5 31 75
0 5 32 104
0 5 33 53
0 5 34 83
0 5 35 8
0 5 36 23
0 6 0 63
0 6 1 23
0 6 2 57
0 6 3 66
0 6 4 73
0 6 5 89
0 6 6 67
0 6 7 2
0 6 8 53
0 6 9 46
0 6 10 83
0 6 11 91
0 6 12 8
0 6 13 6
0 6 14 78
0 6 15 86
0 6 16 72
0 6 17 50
0 6 18 12
0 6 19 81
0 6 20 71
0 6 21 47
0 6 22 105
0 6 23 93
0 6 24 29
0 6 25 68
0 6 26 5
0 6 27 11
0 6 28 28
0 6 29 87
0 6 30 51
0 6 31 103
0 6 32 95
0 6 33 39
0 6 34 34
0 6 35 9
0 6 36 21
0 7 0 13
0 7 1 75
0 7 2 100
0 7 3 73
0 7 4 88
0 7 5 87
0 7 6 10
0 7 7 101
0 7 8 74
0 7 9 45
0 7 10 41
0 7 11 3
0 7 12 26
0 7 13 77
0 7 14 57
0 7 15 61
0 7 16 37
0 7 17 24
0 7 18 80
0 7 19 46
0 7 20 108
0 7 21 104
0 7 22 58
0 7 23 5
0 7 24 71
0 7 25 32
0 7 26 4
0 7 27 34
0 7 28 86
0 7 29 56
0 7 30 102
0 7 31 94
0 7 32 81
0 7 33 2
0 7 34 28
0 7 35 21
0 7 36 64
0 8 0 68
0 8 1 99
0 8 2 95
0 8 3 40
0 8 4 86
0 8 5 8
0 8 6 50
0 8 7 48
0 8 8 81
0 8 9 72
0 8 10 19
0 8 11 28
0 8 12 76
0 8 13 84
0 8 14 92
0 8 15 55
0 8 16 23
0 8 17 79
0 8 18 38
0 8 19 64
0 8 20 103
0 8 21 54
0 8 22 12
0 8 23 75
0 8 24 16
0 8 25 25
0 8 26 6
0 8 27 58
0 8 28 44
0 8 29 101
0 8 30 93
0 8 31 80
0 8 32 14
0 8 33 33
0 8 34 15
0 8 35 90
0 8 36 27
0 9 0 67
0 9 1 94
0 9 2 61
0 9 3 42
0 9 4 14
0 9 5 39
0 9 6 15
0 9 7 80
0 9 8 62
0 9 9 5
0 9 10 21
0 9 11 47
0 9 12 83
0 9 13 91
0 9 14 101
0 9 15 35
0 9 16 78
0 9 17 43
0 9 18 54
0 9 19 102
0 9 20 90
0 9 21 30
0 9 22 45
0 9 23 19
0 9 24 17
0 9 25 23
0 9 26 84
0 9 27 108
0 9 28 100
0 9 29 37
0 9 30 79
0 9 31 7
0 9 32 10
0 9 33 4
0 9 34 89
0 9 35 25
0 9 36 70
0 10 0 93
0 10 1 85
0 10 2 84
0 10 3 36
0 10 4 98
0 10 5 46
0 10 6 79
0 10 7 87
0 10 8 6
0 10 9 15
0 10 10 74
0 10 11 70
0 10 12 48
0 10 13 68
0 10 14 26
0 10 15 77
0 10 16 52
0 10 17 37
0 10 18 61
0 10 19 89
0 10 20 1
0 10 21 40
0 10 22 22
0 10 23 35
0 10 24 28
0 10 25 83
0 10 26 51
0 10 27 99
0 10 28 56
0 10 29 78
0 10 30 20
0 10 31 33
0 10 32 32
0 10 33 88
0 10 34 10
0 10 35 54
0 10 36 97
0 11 0 71
0 11 1 83
0 11 2 2
0 11 3 72
0 11 4 107
0 11 5 78
0 11 6 86
0 11 7 10
0 11 8 36
0 11 9 64
0 11 10 81
0 11 11 65
0 11 12 66
0 11 13 13
0 11 14 76
0 11 15 75
0 11 16 41
0 11 17 100
0 11 18 88
0 11 19 16
0 11 20 42
0 11 21 35
0 11 22 27
0 11 23 3
0 11 24 59
0 11 25 73
0 11 26 98
0 11 27 90
0 11 28 77
0 11 29 20
0 11 30 11
0 11 31 14
0 11 32 61
0 11 33 22
0 11 34 108
0 11 35 96
0 11 36 63
0 12 0 59
0 12 1 28
0 12 2 63
0 12 3 106
0 12 4 77
0 12 5 61
0 12 6 13
0 12 7 30
0 12 8 20
0 12 9 80
0 12 10 38
0 12 11 98
0 12 12 19
0 12 13 65
0 12 14 72
0 12 15 43
0 12 16 99
0 12 17 45
0 12 18 1
0 12 19 108
0 12 20 22
0 12 21 6
0 12 22 21
0 12 23 81
0 12 24 53
0 12 25 97
0 12 26 89
0 12 27 76
0 12 28 3
0 12 29 34
0 12 30 31
0 12 31 42
0 12 32 35
0 12 33 51
0 12 34 46
0 12 35 47
0 12 36 40
0 13 0 3
0 13 1 95
0 13 2 105
0 13 3 76
0 13 4 84
0 13 5 15
0 13 6 18
0 13 7 42
0 13 8 79
0 13 9 87
0 13 10 46
0 13 11 4
0 13 12 74
0 13 13 61
0 13 14 62
0 13 15 51
0 13 16 38
0 13 17 6
0 13 18 37
0 13 19 9
0 13 20 33
0 13 21 34
0 13 22 80
0 13 23 63
0 13 24 96
0 13 25 88
0 13 26 44
0 13 27 8
0 13 28 2
0 13 29 5
0 13 30 85
0 13 31 32
0 13 32 41
0 13 33 72
0 13 34 90
0 13 35 82
0 13 36 81
0 14 0 94
0 14 1 104
0 14 2 46
0 14 3 83
0 14 4 17
0 14 5 28
0 14 6 107
0 14 7 78
0 14 8 86
0 14 9 61
0 14 10 12
0 14 11 43
0 14 12 67
0 14 13 101
0 14 14 97
0 14 15 85
0 14 16 16
0 14 17 51
0 14 18 14
0 14 19 6
0 14 20 21
0 14 21 79
0 14 22 53
0 14 23 95
0 14 24 64
0 14 25 74
0 14 26 1
0 14 27 29
0 14 28 31
0 14 29 42
0 14 30 30
0 14 31 45
0 14 32 72
0 14 33 89
0 14 34 71
0 14 35 80
0 14 36 24
0 15 0 103
0 15 1 74
0 15 2 62
0 15 3 16
0 15 4 29
0 15 5 106
0 15 6 77
0 15 7 54
0 15 8 95
0 15 9 17
0 15 10 25
0 15 11 108
0 15 12 70
0 15 13 96
0 15 14 56
0 15 15 33
0 15 16 59
0 15 17 26
0 15 18 19
0 15 19 11
0 15 20 78
0 15 21 67
0 15 22 94
0 15 23 47
0 15 24 73
0 15 25 9
0 15 26 7
0 15 27 24
0 15 28 51
0 15 29 35
0 15 30 69
0 15 31 92
0 15 32 88
0 15 33 48
0 15 34 79
0 15 35 13
0 15 36 93
0 16 0 66
0 16 1 81
0 16 2 17
0 16 3 29
0 16 4 105
0 16 5 76
0 16 6 84
0 16 7 94
0 16 8 5
0 16 9 52
0 16 10 65
0 16 11 71
0 16 12 62
0 16 13 55
0 16 14 33
0 16 15 42
0 16 16 13
0 16 17 28
0 16 18 22
0 16 19 77
0 16 20 101
0 16 21 93
0 16 22 85
0 16 23 2
0 16 24 26
0 16 25 4
0 16 26 25
0 16 27 82
0 16 28 8
0 16 29 43
0 16 30 91
0 16 31 41
0 16 32 38
0 16 33 78
0 16 34 3
0 16 35 51
0 16 36 102
0 17 0 80
0 17 1 5
0 17 2 27
0 17 3 104
0 17 4 58
0 17 5 83
0 17 6 93
0 17 7 23
0 17 8 107
0 17 9 51
0 17 10 98
0 17 11 39
0 17 12 82
0 17 13 24
0 17 14 45
0 17 15 32
0 17 16 25
0 17 17 30
0 17 18 76
0 17 19 57
0 17 20 92
0 17 21 44
0 17 22 64
0 17 23 15
0 17 24 10
0 17 25 2
0 17 26 68
0 17 27 3
0 17 28 73
0 17 29 53
0 17 30 62
0 17 31 48
0 17 32 77
0 17 33 28
0 17 34 61
0 17 35 56
0 17 36 16
0 18 0 7
0 18 1 34
0 18 2 103
0 18 3 74
0 18 4 55
0 18 5 50
0 18 6 24
0 18 7 106
0 18 8 63
0 18 9 49
0 18 10 58
0 18 11 38
0 18 12 30
0 18 13 43
0 18 14 5
0 18 15 14
0 18 16 17
0 18 17 47
0 18 18 67
0 18 19 91
0 18 20 54
0 18 21 107
0 18 22 3
0 18 23 13
0 18 24 35
0 18 25 66
0 18 26 31
0 18 27 101
0 18 28 72
0 18 29 85
0 18 30 60
0 18 31 76
0 18 32 21
0 18 33 90
0 18 34 100
0 18 35 53
0 18 36 79
0 19 0 30
0 19 1 102
0 19 2 45
0 19 3 81
0 19 4 60
0 19 5 16
0 19 6 105
0 19 7 73
0 19 8 70
0 19 9 92
0 19 10 68
0 19 11 6
0 19 12 101
0 19 13 2
0 19 14 24
0 19 15 34
0 19 16 74
0 19 17 98
0 19 18 90
0 19 19 82
0 19 20 106
0 19 21 20
0 19 22 23
0 19 23 32
0 19 24 69
0 19 25 7
0 19 26 56
0 19 27 49
0 19 28 40
0 19 29 46
0 19 30 59
0 19 31 13
0 19 32 89
0 19 33 99
0 19 34 107
0 19 35 78
0 19 36 3
0 20 0 49
0 20 1 21
0 20 2 80
0 20 3 90
0 20 4 9
0 20 5 104
0 20 6 63
0 20 7 95
0 20 8 91
0 20 9 42
0 20 10 34
0 20 11 60
0 20 12 35
0 20 13 27
0 20 14 22
0 20 15 38
0 20 16 64
0 20 17 89
0 20 18 44
0 20 19 105
0 20 20 7
0 20 21 12
0 20 22 5
0 20 23 52
0 20 24 13
0 20 25 55
0 20 26 87
0 20 27 41
0 20 28 75
0 20 29 74
0 20 30 14
0 20 31 88
0 20 32 57
0 20 33 106
0 20 34 77
0 20 35 10
0 20 36 32
0 21 0 65
0 21 1 79
0 21 2 89
0 21 3 34
0 21 4 103
0 21 5 40
0 21 6 94
0 21 7 39
0 21 8 66
0 21 9 29
0 21 10 69
0 21 11 12
0 21 12 33
0 21 13 11
0 21 14 35
0 21 15 47
0 21 16 88
0 21 17 58
0 21 18 104
0 21 19 15
0 21 20 9
0 21 21 24
0 21 22 60
0 21 23 4
0 21 24 98
0 21 25 86
0 21 26 82
0 21 27 44
0 21 28 68
0 21 29 32
0 21 30 50
0 21 31 97
0 21 32 105
0 21 33 76
0 21 34 8
0 21 35 20
0 21 36 100
0 22 0 78
0 22 1 88
0 22 2 24
0 22 3 102
0 22 4 101
0 22 5 93
0 22 6 39
0 22 7 70
0 22 8 2
0 22 9 98
0 22 10 13
0 22 11 30
0 22 12 28
0 22 13 67
0 22 14 95
0 22 15 87
0 22 16 48
0 22 17 103
0 22 18 26
0 22 19 18
0 22 20 11
0 22 21 37
0 22 22 4
0 22 23 73
0 22 24 60
0 22 25 49
0 22 26 50
0 22 27 12
0 22 28 20
0 22 29 65
0 22 30 96
0 22 31 104
0 22 32 69
0 22 33 8
0 22 34 21
0 22 35 99
0 22 36 107
0 23 0 48
0 23 1 13
0 23 2 52
0 23 3 71
0 23 4 64
0 23 5 65
0 23 6 60
0 23 7 7
0 23 8 69
0 23 9 6
0 23 10 8
0 23 11 36
0 23 12 107
0 23 13 94
0 23 14 86
0 23 15 58
0 23 16 102
0 23 17 16
0 23 18 31
0 23 19 23
0 23 20 75
0 23 21 21
0 23 22 66
0 23 23 84
0 23 24 68
0 23 25 39
0 23 26 46
0 23 27 25
0 23 28 85
0 23 29 73
0 23 30 103
0 23 31 74
0 23 32 9
0 23 33 20
0 23 34 50
0 23 35 106
0 23 36 77
0 24 0 34
0 24 1 100
0 24 2 40
0 24 3 48
0 24 4 87
0 24 5 75
0 24 6 5
0 24 7 50
0 24 8 32
0 24 9 35
0 24 10 29
0 24 11 106
0 24 12 93
0 24 13 85
0 24 14 38
0 24 15 52
0 24 16 3
0 24 17 4
0 24 18 28
0 24 19 69
0 24 20 31
0 24 21 95
0 24 22 83
0 24 23 70
0 24 24 108
0 24 25 107
0 24 26 33
0 24 27 45
0 24 28 46
0 24 29 102
0 24 30 47
0 24 31 19
0 24 32 22
0 24 33 97
0 24 34 105
0 24 35 76
0 24 36 39
0 25 0 99
0 25 1 98
0 25 2 90
0 25 3 86
0 25 4 57
0 25 5 2
0 25 6 95
0 25 7 6
0 25 8 3
0 25 9 34
0 25 10 105
0 25 11 55
0 25 12 84
0 25 13 60
0 25 14 100
0 25 15 16
0 25 16 31
0 25 17 15
0 25 18 71
0 25 19 36
0 25 20 94
0 25 21 50
0 25 22 37
0 25 23 59
0 25 24 106
0 25 25 18
0 25 26 43
0 25 27 63
0 25 28 41
0 25 29 17
0 25 30 7
0 25 31 24
0 25 32 96
0 25 33 104
0 25 34 65
0 25 35 85
0 25 36 9
0 26 0 50
0 26 1 89
0 26 2 44
0 26 3 41
0 26 4 15
0 26 5 94
0 26 6 23
0 26 7 26
0 26 8 17
0 26 9 104
0 26 10 37
0 26 11 83
0 26 12 75
0 26 13 99
0 26 14 34
0 26 15 10
0 26 16 2
0 26 17 66
0 26 18 21
0 26 19 93
0 26 20 81
0 26 21 57
0 26 22 68
0 26 23 105
0 26 24 24
0 26 25 82
0 26 26 92
0 26 27 100
0 26 28 64
0 26 29 1
0 26 30 27
0 26 31 49
0 26 32 103
0 26 33 74
0 26 34 72
0 26 35 35
0 26 36 69
0 27 0 88
0 27 1 84
0 27 2 43
0 27 3 27
0 27 4 93
0 27 5 5
0 27 6 4
0 27 7 17
0 27 8 103
0 27 9 90
0 27 10 82
0 27 11 67
0 27 12 53
0 27 13 9
0 27 14 2
0 27 15 15
0 27 16 108
0 27 17 36
0 27 18 57
0 27 19 80
0 27 20 47
0 27 21 73
0 27 22 104
0 27 23 11
0 27 24 56
0 27 25 91
0 27 26 99
0 27 27 107
0 27 28 22
0 27 29 31
0 27 30 39
0 27 31 102
0 27 32 63
0 27 33 61
0 27 34 1
0 27 35 97
0 27 36 71
0 28 0 83
0 28 1 108
0 28 2 12
0 28 3 47
0 28 4 33
0 28 5 27
0 28 6 30
0 28 7 102
0 28 8 89
0 28 9 81
0 28 10 55
0 28 11 97
0 28 12 14
0 28 13 20
0 28 14 18
0 28 15 40
0 28 16 7
0 28 17 53
0 28 18 79
0 28 19 75
0 28 20 65
0 28 21 103
0 28 22 2
0 28 23 37
0 28 24 50
0 28 25 54
0 28 26 106
0 28 27 16
0 28 28 32
0 28 29 70
0 28 30 66
0 28 31 22
0 28 32 82
0 28 33 23
0 28 34 96
0 28 35 95
0 28 36 38
0 29 0 54
0 29 1 10
0 29 2 48
0 29 3 22
0 29 4 4
0 29 5 23
0 29 6 72
0 29 7 88
0 29 8 80
0 29 9 60
0 29 10 96
0 29 11 31
0 29 12 12
0 29 13 21
0 29 14 43
0 29 15 25
0 29 16 90
0 29 17 78
0 29 18 64
0 29 19 40
0 29 20 102
0 29 21 14
0 29 22 61
0 29 23 39
0 29 24 97
0 29 25 105
0 29 26 9
0 29 27 18
0 29 28 92
0 29 29 100
0 29 30 65
0 29 31 58
0 29 32 29
0 29 33 44
0 29 34 94
0 29 35 38
0 29 36 45
0 30 0 24
0 30 1 90
0 30 2 16
0 30 3 9
0 30 4 35
0 30 5 100
0 30 6 58
0 30 7 79
0 30 8 108
0 30 9 56
0 30 10 3
0 30 11 33
0 30 12 5
0 30 13 49
0 30 14 32
0 30 15 89
0 30 16 77
0 30 17 69
0 30 18 47
0 30 19 59
0 30 20 13
0 30 21 63
0 30 22 71
0 30 23 96
0 30 24 104
0 30 25 11
0 30 26 34
0 30 27 91
0 30 28 99
0 30 29 107
0 30 30 67
0 30 31 27
0 30 32 68
0 30 33 93
0 30 34 85
0 30 35 81
0 30 36 37
0 31 0 89
0 31 1 16
0 31 2 28
0 31 3 3
0 31 4 99
0 31 5 73
0 31 6 78
0 31 7 66
0 31 8 42
0 31 9 9
0 31 10 26
0 31 11 32
0 31 12 64
0 31 13 8
0 31 14 88
0 31 15 76
0 31 16 70
0 31 17 101
0 31 18 100
0 31 19 25
0 31 20 43
0 31 21 87
0 31 22 49
0 31 23 103
0 31 24 31
0 31 25 29
0 31 26 48
0 31 27 57
0 31 28 106
0 31 29 51
0 31 30 35
0 31 31 62
0 31 32 65
0 31 33 52
0 31 34 80
0 31 35 55
0 31 36 14
0 32 0 33
0 32 1 14
0 32 2 29
0 32 3 54
0 32 4 85
0 32 5 77
0 32 6 44
0 32 7 53
0 32 8 19
0 32 9 4
0 32 10 7
0 32 11 52
0 32 12 22
0 32 13 56
0 32 14 41
0 32 15 108
0 32 16 63
0 32 17 99
0 32 18 17
0 32 19 51
0 32 20 86
0 32 21 68
0 32 22 102
0 32 23 18
0 32 24 25
0 32 25 57
0 32 26 97
0 32 27 105
0 32 28 38
0 32 29 13
0 32 30 92
0 32 31 64
0 32 32 66
0 32 33 79
0 32 34 49
0 32 35 30
0 32 36 88
0 33 0 19
0 33 1 3
0 33 2 97
0 33 3 38
0 33 4 76
0 33 5 48
0 33 6 92
0 33 7 21
0 33 8 13
0 33 9 1
0 33 10 42
0 33 11 7
0 33 12 47
0 33 13 74
0 33 14 70
0 33 15 68
0 33 16 51
0 33 17 25
0 33 18 75
0 33 19 52
0 33 20 40
0 33 21 59
0 33 22 18
0 33 23 26
0 33 24 49
0 33 25 96
0 33 26 104
0 33 27 39
0 33 28 24
0 33 29 91
0 33 30 90
0 33 31 82
0 33 32 78
0 33 33 66
0 33 34 20
0 33 35 46
0 33 36 30
0 34 0 5
0 34 1 96
0 34 2 70
0 34 3 75
0 34 4 67
0 34 5 91
0 34 6 19
0 34 7 15
0 34 8 1
0 34 9 101
0 34 10 30
0 34 11 85
0 34 12 51
0 34 13 62
0 34 14 98
0 34 15 97
0 34 16 10
0 34 17 61
0 34 18 84
0 34 19 92
0 34 20 100
0 34 21 18
0 34 22 28
0 34 23 87
0 34 24 57
0 34 25 103
0 34 26 45
0 34 27 4
0 34 28 58
0 34 29 89
0 34 30 63
0 34 31 77
0 34 32 56
0 34 33 25
0 34 34 68
0 34 35 32
0 34 36 33
0 35 0 73
0 35 1 82
0 35 2 74
0 35 3 39
0 35 4 53
0 35 5 32
0 35 6 20
0 35 7 25
0 35 8 59
0 35 9 21
0 35 10 51
0 35 11 9
0 35 12 42
0 35 13 37
0 35 14 96
0 35 15 36
0 35 16 67
0 35 17 83
0 35 18 91
0 35 19 99
0 35 20 18
0 35 21 15
0 35 22 86
0 35 23 55
0 35 24 102
0 35 25 75
0 35 26 19
0 35 27 71
0 35 28 88
0 35 29 66
0 35 30 76
0 35 31 101
0 35 32 1
0 35 33 85
0 35 34 6
0 35 35 3
0 35 36 4
0 36 0 51
0 36 1 37
0 36 2 60
0 36 3 65
0 36 4 36
0 36 5 12
0 36 6 27
0 36 7 64
0 36 8 30
0 36 9 73
0 36 10 52
0 36 11 45
0 36 12 68
0 36 13 57
0 36 14 29
0 36 15 63
0 36 16 62
0 36 17 39
0 36 18 53
0 36 19 19
0 36 20 20
0 36 21 58
0 36 22 72
0 36 23 49
0 36 24 48
0 36 25 17
0 36 26 54
0 36 27 43
0 36 28 66
0 36 29 59
0 36 30 38
0 36 31 15
0 36 32 47
0 36 33 26
0 36 34 35
0 36 35 11
0 36 36 46
1 0 0 61
1 0 1 66
1 0 2 0
1 0 3 13
1 0 4 28
1 0 5 65
1 0 6 31
1 0 7 37
1 0 8 53
1 0 9 46
1 0 10 69
1 0 11 58
1 0 12 30
1 0 13 64
1 0 14 63
1 0 15 40
1 0 16 54
1 0 17 20
1 0 18 21
1 0 19 59
1 0 20 73
1 0 21 50
1 0 22 49
1 0 23 18
1 0 24 55
1 0 25 44
1 0 26 67
1 0 27 60
1 0 28 39
1 0 29 16
1 0 30 48
1 0 31 27
1 0 32 36
1 0 33 12
1 0 34 47
1 0 35 52
1 0 36 38
1 1 0 39
1 1 1 15
1 1 2 32
1 1 3 12
1 1 4 98
1 1 5 9
1 1 6 82
1 1 7 107
1 1 8 46
1 1 9 95
1 1 10 41
1 1 11 0
1 1 12 108
1 1 13 81
1 1 14 57
1 1 15 97
1 1 16 11
1 1 17 28
1 1 18 84
1 1 19 92
1 1 20 100
1 1 21 45
1 1 22 2
1 1 23 87
1 1 24 38
1 1 25 70
1 1 26 74
1 1 27 61
1 1 28 30
1 1 29 53
1 1 30 27
1 1 31 7
1 1 32 24
1 1 33 59
1 1 34 73
1 1 35 1
1 1 36 101
1 2 0 27
1 2 1 3
1 2 2 12
1 2 3 44
1 2 4 23
1 2 5 56
1 2 6 106
1 2 7 49
1 2 8 94
1 2 9 54
1 2 10 21
1 2 11 67
1 2 12 80
1 2 13 55
1 2 14 96
1 2 15 18
1 2 16 19
1 2 17 83
1 2 18 91
1 2 19 99
1 2 20 51
1 2 21 9
1 2 22 86
1 2 23 85
1 2 24 50
1 2 25 61
1 2 26 98
1 2 27 8
1 2 28 82
1 2 29 11
1 2 30 26
1 2 31 2
1 2 32 92
1 2 33 45
1 2 34 108
1 2 35 42
1 2 36 87
1 3 0 35
1 3 1 32
1 3 2 66
1 3 3 0
1 3 4 46
1 3 5 105
1 3 6 101
1 3 7 93
1 3 8 92
1 3 9 19
1 3 10 73
1 3 11 79
1 3 12 87
1 3 13 63
1 3 14 23
1 3 15 20
1 3 16 53
1 3 17 72
1 3 18 60
1 3 19 108
1 3 20 2
1 3 21 61
1 3 22 44
1 3 23 42
1 3 24 29
1 3 25 65
1 3 26 17
1 3 27 70
1 3 28 13
1 3 29 18
1 3 30 6
1 3 31 91
1 3 32 64
1 3 33 107
1 3 34 37
1 3 35 86
1 3 36 34
1 4 0 6
1 4 1 95
1 4 2 13
1 4 3 63
1 4 4 104
1 4 5 46
1 4 6 48
1 4 7 91
1 4 8 34
1 4 9 37
1 4 10 78
1 4 11 86
1 4 12 55
1 4 13 10
1 4 14 20
1 4 15 81
1 4 16 44
1 4 17 97
1 4 18 61
1 4 19 28
1 4 20 84
1 4 21 49
1 4 22 75
1 4 23 71
1 4 24 56
1 4 25 8
1 4 26 60
1 4 27 0
1 4 28 23
1 4 29 19
1 4 30 59
1 4 31 68
1 4 32 106
1 4 33 98
1 4 34 58
1 4 35 33
1 4 36 5
1 5 0 94
1 5 1 18
1 5 2 57
1 5 3 103
1 5 4 60
1 5 5 47
1 5 6 50
1 5 7 14
1 5 8 61
1 5 9 77
1 5 10 55
1 5 11 64
1 5 12 12
1 5 13 20
1 5 14 80
1 5 15 63
1 5 16 96
1 5 17 69
1 5 18 13
1 5 19 83
1 5 20 82
1 5 21 42
1 5 22 107
1 5 23 95
1 5 24 31
1 5 25 48
1 5 26 0
1 5 27 25
1 5 28 17
1 5 29 70
1 5 30 46
1 5 31 105
1 5 32 39
1 5 33 84
1 5 34 35
1 5 35 19
1 5 36 8
1 6 0 8
1 6 1 38
1 6 2 102
1 6 3 98
1 6 4 90
1 6 5 44
1 6 6 25
1 6 7 45
1 6 8 76
1 6 9 84
1 6 10 92
1 6 11 13
1 6 12 20
1 6 13 79
1 6 14 87
1 6 15 41
1 6 16 49
1 6 17 21
1 6 18 53
1 6 19 65
1 6 20 43
1 6 21 106
1 6 22 94
1 6 23 16
1 6 24 63
1 6 25 31
1 6 26 34
1 6 27 19
1 6 28 56
1 6 29 75
1 6 30 104
1 6 31 54
1 6 32 83
1 6 33 9
1 6 34 24
1 6 35 5
1 6 36 93
1 7 0 58
1 7 1 67
1 7 2 37
1 7 3 89
1 7 4 68
1 7 5 3
1 7 6 54
1 7 7 47
1 7 8 83
1 7 9 91
1 7 10 9
1 7 11 7
1 7 12 78
1 7 13 86
1 7 14 73
1 7 15 51
1 7 16 13
1 7 17 81
1 7 18 72
1 7 19 48
1 7 20 105
1 7 21 93
1 7 22 30
1 7 23 69
1 7 24 6
1 7 25 12
1 7 26 29
1 7 27 87
1 7 28 52
1 7 29 103
1 7 30 95
1 7 31 40
1 7 32 35
1 7 33 10
1 7 34 22
1 7 35 64
1 7 36 24
1 8 0 100
1 8 1 37
1 8 2 88
1 8 3 87
1 8 4 11
1 8 5 101
1 8 6 74
1 8 7 46
1 8 8 42
1 8 9 4
1 8 10 27
1 8 11 77
1 8 12 58
1 8 13 62
1 8 14 38
1 8 15 25
1 8 16 80
1 8 17 47
1 8 18 108
1 8 19 104
1 8 20 59
1 8 21 6
1 8 22 72
1 8 23 33
1 8 24 5
1 8 25 35
1 8 26 86
1 8 27 57
1 8 28 102
1 8 29 94
1 8 30 81
1 8 31 3
1 8 32 29
1 8 33 22
1 8 34 65
1 8 35 14
1 8 36 75
1 9 0 95
1 9 1 41
1 9 2 86
1 9 3 9
1 9 4 51
1 9 5 49
1 9 6 81
1 9 7 73
1 9 8 20
1 9 9 29
1 9 10 76
1 9 11 84
1 9 12 92
1 9 13 56
1 9 14 24
1 9 15 79
1 9 16 39
1 9 17 65
1 9 18 103
1 9 19 55
1 9 20 13
1 9 21 75
1 9 22 17
1 9 23 26
1 9 24 7
1 9 25 59
1 9 26 45
1 9 27 101
1 9 28 93
1 9 29 80
1 9 30 15
1 9 31 34
1 9 32 16
1 9 33 90
1 9 34 28
1 9 35 69
1 9 36 99
1 10 0 62
1 10 1 43
1 10 2 15
1 10 3 40
1 10 4 16
1 10 5 80
1 10 6 63
1 10 7 6
1 10 8 22
1 10 9 48
1 10 10 83
1 10 11 91
1 10 12 101
1 10 13 36
1 10 14 78
1 10 15 44
1 10 16 55
1 10 17 102
1 10 18 90
1 10 19 31
1 10 20 46
1 10 21 20
1 10 22 18
1 10 23 24
1 10 24 84
1 10 25 108
1 10 26 100
1 10 27 38
1 10 28 79
1 10 29 8
1 10 30 11
1 10 31 5
1 10 32 89
1 10 33 26
1 10 34 71
1 10 35 68
1 10 36 94
1 11 0 84
1 11 1 0
1 11 2 98
1 11 3 47
1 11 4 79
1 11 5 87
1 11 6 7
1 11 7 16
1 11 8 74
1 11 9 71
1 11 10 49
1 11 11 69
1 11 12 27
1 11 13 77
1 11 14 53
1 11 15 38
1 11 16 62
1 11 17 89
1 11 18 2
1 11 19 41
1 11 20 23
1 11 21 36
1 11 22 29
1 11 23 83
1 11 24 52
1 11 25 99
1 11 26 57
1 11 27 78
1 11 28 21
1 11 29 34
1 11 30 33
1 11 31 88
1 11 32 11
1 11 33 55
1 11 34 97
1 11 35 93
1 11 36 85
1 12 0 3
1 12 1 73
1 12 2 107
1 12 3 78
1 12 4 86
1 12 5 11
1 12 6 0
1 12 7 65
1 12 8 81
1 12 9 66
1 12 10 67
1 12 11 14
1 12 12 76
1 12 13 75
1 12 14 42
1 12 15 100
1 12 16 88
1 12 17 17
1 12 18 43
1 12 19 36
1 12 20 28
1 12 21 4
1 12 22 60
1 12 23 37
1 12 24 98
1 12 25 90
1 12 26 77
1 12 27 21
1 12 28 12
1 12 29 15
1 12 30 62
1 12 31 23
1 12 32 108
1 12 33 96
1 12 34 64
1 12 35 72
1 12 36 83
1 13 0 64
1 13 1 106
1 13 2 77
1 13 3 62
1 13 4 14
1 13 5 31
1 13 6 21
1 13 7 80
1 13 8 39
1 13 9 98
1 13 10 20
1 13 11 66
1 13 12 73
1 13 13 44
1 13 14 99
1 13 15 46
1 13 16 2
1 13 17 108
1 13 18 23
1 13 19 7
1 13 20 22
1 13 21 81
1 13 22 54
1 13 23 97
1 13 24 89
1 13 25 76
1 13 26 4
1 13 27 35
1 13 28 32
1 13 29 43
1 13 30 36
1 13 31 52
1 13 32 47
1 13 33 48
1 13 34 41
1 13 35 60
1 13 36 29
1 14 0 105
1 14 1 76
1 14 2 84
1 14 3 16
1 14 4 19
1 14 5 43
1 14 6 79
1 14 7 87
1 14 8 47
1 14 9 5
1 14 10 74
1 14 11 62
1 14 12 63
1 14 13 52
1 14 14 39
1 14 15 7
1 14 16 38
1 14 17 10
1 14 18 34
1 14 19 35
1 14 20 80
1 14 21 64
1 14 22 96
1 14 23 88
1 14 24 45
1 14 25 9
1 14 26 3
1 14 27 6
1 14 28 85
1 14 29 33
1 14 30 42
1 14 31 73
1 14 32 90
1 14 33 82
1 14 34 81
1 14 35 4
1 14 36 95
1 15 0 47
1 15 1 83
1 15 2 18
1 15 3 29
1 15 4 107
1 15 5 78
1 15 6 86
1 15 7 62
1 15 8 13
1 15 9 44
1 15 10 68
1 15 11 101
1 15 12 97
1 15 13 85
1 15 14 17
1 15 15 52
1 15 16 15
1 15 17 7
1 15 18 22
1 15 19 79
1 15 20 54
1 15 21 95
1 15 22 65
1 15 23 74
1 15 24 2
1 15 25 30
1 15 26 32
1 15 27 43
1 15 28 31
1 15 29 46
1 15 30 73
1 15 31 89
1 15 32 72
1 15 33 80
1 15 34 25
1 15 35 94
1 15 36 104
1 16 0 63
1 16 1 17
1 16 2 30
1 16 3 106
1 16 4 77
1 16 5 55
1 16 6 95
1 16 7 18
1 16 8 26
1 16 9 108
1 16 10 71
1 16 11 96
1 16 12 57
1 16 13 34
1 16 14 60
1 16 15 27
1 16 16 20
1 16 17 12
1 16 18 78
1 16 19 68
1 16 20 94
1 16 21 48
1 16 22 37
1 16 23 10
1 16 24 8
1 16 25 25
1 16 26 52
1 16 27 36
1 16 28 70
1 16 29 92
1 16 30 88
1 16 31 49
1 16 32 79
1 16 33 14
1 16 34 93
1 16 35 103
1 16 36 74
1 17 0 18
1 17 1 30
1 17 2 105
1 17 3 76
1 17 4 84
1 17 5 94
1 17 6 6
1 17 7 53
1 17 8 66
1 17 9 72
1 17 10 63
1 17 11 56
1 17 12 34
1 17 13 43
1 17 14 14
1 17 15 29
1 17 16 23
1 17 17 77
1 17 18 101
1 17 19 93
1 17 20 85
1 17 21 3
1 17 22 27
1 17 23 5
1 17 24 26
1 17 25 82
1 17 26 9
1 17 27 44
1 17 28 91
1 17 29 42
1 17 30 39
1 17 31 78
1 17 32 4
1 17 33 52
1 17 34 102
1 17 35 67
1 17 36 81
1 18 0 28
1 18 1 104
1 18 2 59
1 18 3 83
1 18 4 93
1 18 5 24
1 18 6 107
1 18 7 52
1 18 8 98
1 18 9 40
1 18 10 82
1 18 11 25
1 18 12 46
1 18 13 33
1 18 14 26
1 18 15 31
1 18 16 76
1 18 17 58
1 18 18 92
1 18 19 45
1 18 20 65
1 18 21 16
1 18 22 11
1 18 23 3
1 18 24 69
1 18 25 4
1 18 26 37
1 18 27 54
1 18 28 63
1 18 29 49
1 18 30 77
1 18 31 29
1 18 32 62
1 18 33 57
1 18 34 17
1 18 35 80
1 18 36 6
1 19 0 103
1 19 1 74
1 19 2 56
1 19 3 51
1 19 4 25
1 19 5 106
1 19 6 64
1 19 7 50
1 19 8 59
1 19 9 39
1 19 10 31
1 19 11 44
1 19 12 6
1 19 13 15
1 19 14 18
1 19 15 48
1 19 16 68
1 19 17 91
1 19 18 55
1 19 19 107
1 19 20 4
1 19 21 14
1 19 22 36
1 19 23 67
1 19 24 32
1 19 25 101
1 19 26 73
1 19 27 85
1 19 28 61
1 19 29 76
1 19 30 22
1 19 31 90
1 19 32 100
1 19 33 54
1 19 34 79
1 19 35 8
1 19 36 35
1 20 0 46
1 20 1 81
1 20 2 61
1 20 3 17
1 20 4 105
1 20 5 37
1 20 6 71
1 20 7 92
1 20 8 69
1 20 9 7
1 20 10 101
1 20 11 3
1 20 12 25
1 20 13 35
1 20 14 74
1 20 15 98
1 20 16 90
1 20 17 82
1 20 18 106
1 20 19 21
1 20 20 24
1 20 21 33
1 20 22 70
1 20 23 8
1 20 24 57
1 20 25 50
1 20 26 41
1 20 27 47
1 20 28 60
1 20 29 14
1 20 30 89
1 20 31 99
1 20 32 107
1 20 33 78
1 20 34 4
1 20 35 31
1 20 36 102
1 21 0 80
1 21 1 90
1 21 2 10
1 21 3 104
1 21 4 64
1 21 5 95
1 21 6 91
1 21 7 43
1 21 8 35
1 21 9 61
1 21 10 36
1 21 11 28
1 21 12 23
1 21 13 39
1 21 14 65
1 21 15 89
1 21 16 45
1 21 17 105
1 21 18 8
1 21 19 13
1 21 20 6
1 21 21 53
1 21 22 14
1 21 23 56
1 21 24 87
1 21 25 42
1 21 26 75
1 21 27 74
1 21 28 15
1 21 29 88
1 21 30 58
1 21 31 106
1 21 32 77
1 21 33 11
1 21 34 33
1 21 35 50
1 21 36 22
1 22 0 89
1 22 1 35
1 22 2 103
1 22 3 41
1 22 4 94
1 22 5 40
1 22 6 67
1 22 7 30
1 22 8 70
1 22 9 13
1 22 10 34
1 22 11 12
1 22 12 36
1 22 13 48
1 22 14 88
1 22 15 59
1 22 16 104
1 22 17 16
1 22 18 10
1 22 19 25
1 22 20 61
1 22 21 5
1 22 22 98
1 22 23 86
1 22 24 82
1 22 25 45
1 22 26 69
1 22 27 33
1 22 28 51
1 22 29 97
1 22 30 105
1 22 31 76
1 22 32 9
1 22 33 21
1 22 34 100
1 22 35 66
1 22 36 79
1 23 0 25
1 23 1 102
1 23 2 101
1 23 3 93
1 23 4 40
1 23 5 71
1 23 6 3
1 23 7 98
1 23 8 14
1 23 9 31
1 23 10 29
1 23 11 68
1 23 12 95
1 23 13 87
1 23 14 49
1 23 15 103
1 23 16 27
1 23 17 19
1 23 18 12
1 23 19 38
1 23 20 5
1 23 21 37
1 23 22 61
1 23 23 50
1 23 24 51
1 23 25 13
1 23 26 21
1 23 27 66
1 23 28 96
1 23 29 104
1 23 30 70
1 23 31 9
1 23 32 22
1 23 33 99
1 23 34 107
1 23 35 78
1 23 36 88
1 24 0 53
1 24 1 72
1 24 2 65
1 24 3 66
1 24 4 61
1 24 5 8
1 24 6 70
1 24 7 7
1 24 8 9
1 24 9 0
1 24 10 107
1 24 11 94
1 24 12 86
1 24 13 59
1 24 14 102
1 24 15 17
1 24 16 32
1 24 17 24
1 24 18 75
1 24 19 22
1 24 20 67
1 24 21 84
1 24 22 69
1 24 23 40
1 24 24 47
1 24 25 26
1 24 26 85
1 24 27 37
1 24 28 103
1 24 29 74
1 24 30 10
1 24 31 21
1 24 32 51
1 24 33 106
1 24 34 77
1 24 35 49
1 24 36 14
1 25 0 41
1 25 1 49
1 25 2 87
1 25 3 75
1 25 4 6
1 25 5 51
1 25 6 33
1 25 7 36
1 25 8 30
1 25 9 106
1 25 10 93
1 25 11 85
1 25 12 39
1 25 13 53
1 25 14 4
1 25 15 5
1 25 16 29
1 25 17 70
1 25 18 32
1 25 19 95
1 25 20 83
1 25 21 71
1 25 22 108
1 25 23 107
1 25 24 34
1 25 25 46
1 25 26 47
1 25 27 102
1 25 28 48
1 25 29 20
1 25 30 23
1 25 31 97
1 25 32 105
1 25 33 76
1 25 34 40
1 25 35 35
1 25 36 100
1 26 0 90
1 26 1 86
1 26 2 58
1 26 3 3
1 26 4 95
1 26 5 7
1 26 6 4
1 26 7 35
1 26 8 105
1 26 9 56
1 26 10 84
1 26 11 61
1 26 12 100
1 26 13 17
1 26 14 32
1 26 15 16
1 26 16 72
1 26 17 0
1 26 18 94
1 26 19 51
1 26 20 38
1 26 21 60
1 26 22 106
1 26 23 19
1 26 24 44
1 26 25 64
1 26 26 42
1 26 27 18
1 26 28 8
1 26 29 25
1 26 30 96
1 26 31 104
1 26 32 66
1 26 33 85
1 26 34 10
1 26 35 99
1 26 36 98
1 27 0 45
1 27 1 42
1 27 2 16
1 27 3 94
1 27 4 24
1 27 5 27
1 27 6 18
1 27 7 104
1 27 8 38
1 27 9 83
1 27 10 75
1 27 11 99
1 27 12 35
1 27 13 11
1 27 14 3
1 27 15 67
1 27 16 22
1 27 17 93
1 27 18 81
1 27 19 58
1 27 20 69
1 27 21 105
1 27 22 25
1 27 23 82
1 27 24 92
1 27 25 100
1 27 26 65
1 27 27 2
1 27 28 28
1 27 29 50
1 27 30 103
1 27 31 74
1 27 32 73
1 27 33 36
1 27 34 70
1 27 35 51
1 27 36 89
1 28 0 44
1 28 1 28
1 28 2 93
1 28 3 6
1 28 4 5
1 28 5 18
1 28 6 103
1 28 7 90
1 28 8 82
1 28 9 68
1 28 10 54
1 28 11 10
1 28 12 3
1 28 13 16
1 28 14 108
1 28 15 0
1 28 16 58
1 28 17 80
1 28 18 48
1 28 19 37
1 28 20 104
1 28 21 12
1 28 22 57
1 28 23 91
1 28 24 99
1 28 25 107
1 28 26 23
1 28 27 32
1 28 28 40
1 28 29 102
1 28 30 64
1 28 31 62
1 28 32 2
1 28 33 97
1 28 34 72
1 28 35 88
1 28 36 84
1 29 0 13
1 29 1 48
1 29 2 34
1 29 3 28
1 29 4 31
1 29 5 102
1 29 6 89
1 29 7 81
1 29 8 56
1 29 9 97
1 29 10 15
1 29 11 21
1 29 12 19
1 29 13 41
1 29 14 8
1 29 15 54
1 29 16 79
1 29 17 75
1 29 18 66
1 29 19 103
1 29 20 3
1 29 21 38
1 29 22 51
1 29 23 55
1 29 24 106
1 29 25 17
1 29 26 33
1 29 27 71
1 29 28 67
1 29 29 23
1 29 30 82
1 29 31 24
1 29 32 96
1 29 33 95
1 29 34 39
1 29 35 83
1 29 36 108
1 30 0 49
1 30 1 23
1 30 2 5
1 30 3 24
1 30 4 73
1 30 5 88
1 30 6 80
1 30 7 61
1 30 8 96
1 30 9 32
1 30 10 13
1 30 11 22
1 30 12 44
1 30 13 26
1 30 14 90
1 30 15 78
1 30 16 65
1 30 17 41
1 30 18 102
1 30 19 15
1 30 20 62
1 30 21 40
1 30 22 97
1 30 23 105
1 30 24 10
1 30 25 19
1 30 26 92
1 30 27 100
1 30 28 66
1 30 29 59
1 30 30 30
1 30 31 45
1 30 32 94
1 30 33 39
1 30 34 46
1 30 35 55
1 30 36 11
1 31 0 17
1 31 1 10
1 31 2 36
1 31 3 100
1 31 4 59
1 31 5 79
1 31 6 108
1 31 7 57
1 31 8 4
1 31 9 34
1 31 10 6
1 31 11 50
1 31 12 33
1 31 13 89
1 31 14 77
1 31 15 70
1 31 16 48
1 31 17 60
1 31 18 14
1 31 19 64
1 31 20 72
1 31 21 96
1 31 22 104
1 31 23 12
1 31 24 35
1 31 25 91
1 31 26 99
1 31 27 107
1 31 28 68
1 31 29 28
1 31 30 69
1 31 31 93
1 31 32 85
1 31 33 81
1 31 34 38
1 31 35 25
1 31 36 90
1 32 0 29
1 32 1 4
1 32 2 99
1 32 3 37
1 32 4 78
1 32 5 67
1 32 6 43
1 32 7 10
1 32 8 27
1 32 9 33
1 32 10 65
1 32 11 9
1 32 12 88
1 32 13 76
1 32 14 71
1 32 15 101
1 32 16 100
1 32 17 26
1 32 18 44
1 32 19 87
1 32 20 50
1 32 21 103
1 32 22 32
1 32 23 30
1 32 24 49
1 32 25 58
1 32 26 106
1 32 27 52
1 32 28 36
1 32 29 63
1 32 30 66
1 32 31 53
1 32 32 80
1 32 33 56
1 32 34 15
1 32 35 89
1 32 36 17
1 33 0 30
1 33 1 55
1 33 2 85
1 33 3 77
1 33 4 45
1 33 5 54
1 33 6 20
1 33 7 5
1 33 8 8
1 33 9 53
1 33 10 23
1 33 11 57
1 33 12 42
1 33 13 108
1 33 14 64
1 33 15 99
1 33 16 18
1 33 17 52
1 33 18 86
1 33 19 69
1 33 20 102
1 33 21 19
1 33 22 26
1 33 23 58
1 33 24 97
1 33 25 105
1 33 26 39
1 33 27 14
1 33 28 92
1 33 29 65
1 33 30 67
1 33 31 79
1 33 32 50
1 33 33 31
1 33 34 88
1 33 35 34
1 33 36 15
1 34 0 97
1 34 1 39
1 34 2 76
1 34 3 49
1 34 4 92
1 34 5 22
1 34 6 14
1 34 7 2
1 34 8 43
1 34 9 8
1 34 10 48
1 34 11 74
1 34 12 71
1 34 13 69
1 34 14 52
1 34 15 26
1 34 16 75
1 34 17 53
1 34 18 41
1 34 19 60
1 34 20 19
1 34 21 27
1 34 22 50
1 34 23 96
1 34 24 104
1 34 25 40
1 34 26 25
1 34 27 91
1 34 28 90
1 34 29 82
1 34 30 78
1 34 31 67
1 34 32 21
1 34 33 47
1 34 34 31
1 34 35 20
1 34 36 4
1 35 0 71
1 35 1 75
1 35 2 68
1 35 3 91
1 35 4 20
1 35 5 16
1 35 6 2
1 35 7 101
1 35 8 31
1 35 9 85
1 35 10 52
1 35 11 63
1 35 12 98
1 35 13 97
1 35 14 11
1 35 15 62
1 35 16 84
1 35 17 92
1 35 18 100
1 35 19 19
1 35 20 29
1 35 21 87
1 35 22 58
1 35 23 103
1 35 24 46
1 35 25 5
1 35 26 59
1 35 27 89
1 35 28 64
1 35 29 77
1 35 30 57
1 35 31 26
1 35 32 69
1 35 33 33
1 35 34 34
1 35 35 6
1 35 36 96
1 36 0 74
1 36 1 40
1 36 2 54
1 36 3 33
1 36 4 21
1 36 5 26
1 36 6 60
1 36 7 22
1 36 8 52
1 36 9 10
1 36 10 43
1 36 11 38
1 36 12 96
1 36 13 0
1 36 14 68
1 36 15 83
1 36 16 91
1 36 17 99
1 36 18 19
1 36 19 16
1 36 20 86
1 36 21 56
1 36 22 102
1 36 23 75
1 36 24 20
1 36 25 72
1 36 26 88
1 36 27 67
1 36 28 76
1 36 29 101
1 36 30 2
1 36 31 85
1 36 32 7
1 36 33 4
1 36 34 5
1 36 35 37
1 36 36 82
2 0 0 55
2 0 1 34
2 0 2 22
2 0 3 27
2 0 4 61
2 0 5 23
2 0 6 53
2 0 7 11
2 0 8 44
2 0 9 39
2 0 10 96
2 0 11 1
2 0 12 69
2 0 13 83
2 0 14 91
2 0 15 99
2 0 16 20
2 0 17 17
2 0 18 86
2 0 19 57
2 0 20 102
2 0 21 75
2 0 22 21
2 0 23 73
2 0 24 88
2 0 25 68
2 0 26 76
2 0 27 101
2 0 28 3
2 0 29 85
2 0 30 8
2 0 31 5
2 0 32 6
2 0 33 38
2 0 34 82
2 0 35 74
2 0 36 41
2 1 0 1
2 1 1 14
2 1 2 29
2 1 3 66
2 1 4 32
2 1 5 38
2 1 6 54
2 1 7 47
2 1 8 70
2 1 9 59
2 1 10 31
2 1 11 65
2 1 12 64
2 1 13 41
2 1 14 55
2 1 15 21
2 1 16 22
2 1 17 60
2 1 18 37
2 1 19 51
2 1 20 50
2 1 21 19
2 1 22 56
2 1 23 45
2 1 24 68
2 1 25 61
2 1 26 40
2 1 27 17
2 1 28 49
2 1 29 28
2 1 30 0
2 1 31 13
2 1 32 48
2 1 33 53
2 1 34 39
2 1 35 62
2 1 36 67
2 2 0 33
2 2 1 13
2 2 2 98
2 2 3 10
2 2 4 82
2 2 5 107
2 2 6 47
2 2 7 95
2 2 8 42
2 2 9 1
2 2 10 108
2 2 11 81
2 2 12 58
2 2 13 97
2 2 14 12
2 2 15 29
2 2 16 84
2 2 17 92
2 2 18 100
2 2 19 46
2 2 20 3
2 2 21 87
2 2 22 39
2 2 23 71
2 2 24 74
2 2 25 62
2 2 26 31
2 2 27 54
2 2 28 28
2 2 29 8
2 2 30 25
2 2 31 60
2 2 32 37
2 2 33 2
2 2 34 101
2 2 35 40
2 2 36 16
2 3 0 13
2 3 1 45
2 3 2 24
2 3 3 57
2 3 4 106
2 3 5 50
2 3 6 94
2 3 7 55
2 3 8 22
2 3 9 68
2 3 10 80
2 3 11 56
2 3 12 96
2 3 13 19
2 3 14 20
2 3 15 83
2 3 16 91
2 3 17 99
2 3 18 52
2 3 19 10
2 3 20 86
2 3 21 85
2 3 22 51
2 3 23 62
2 3 24 98
2 3 25 9
2 3 26 82
2 3 27 12
2 3 28 27
2 3 29 3
2 3 30 92
2 3 31 46
2 3 32 108
2 3 33 43
2 3 34 87
2 3 35 28
2 3 36 4
2 4 0 67
2 4 1 1
2 4 2 47
2 4 3 105
2 4 4 101
2 4 5 93
2 4 6 92
2 4 7 20
2 4 8 37
2 4 9 79
2 4 10 87
2 4 11 64
2 4 12 24
2 4 13 21
2 4 14 54
2 4 15 73
2 4 16 61
2 4 17 108
2 4 18 3
2 4 19 62
2 4 20 45
2 4 21 43
2 4 22 30
2 4 23 66
2 4 24 18
2 4 25 71
2 4 26 14
2 4 27 19
2 4 28 7
2 4 29 91
2 4 30 65
2 4 31 107
2 4 32 38
2 4 33 86
2 4 34 35
2 4 35 36
2 4 36 33
2 5 0 14
2 5 1 64
2 5 2 104
2 5 3 47
2 5 4 49
2 5 5 91
2 5 6 35
2 5 7 38
2 5 8 78
2 5 9 86
2 5 10 56
2 5 11 11
2 5 12 21
2 5 13 81
2 5 14 45
2 5 15 97
2 5 16 62
2 5 17 29
2 5 18 84
2 5 19 50
2 5 20 75
2 5 21 72
2 5 22 57
2 5 23 9
2 5 24 61
2 5 25 1
2 5 26 24
2 5 27 20
2 5 28 60
2 5 29 69
2 5 30 106
2 5 31 98
2 5 32 59
2 5 33 34
2 5 34 6
2 5 35 7
2 5 36 95
2 6 0 58
2 6 1 103
2 6 2 61
2 6 3 48
2 6 4 51
2 6 5 15
2 6 6 62
2 6 7 77
2 6 8 56
2 6 9 65
2 6 10 13
2 6 11 21
2 6 12 80
2 6 13 64
2 6 14 96
2 6 15 70
2 6 16 14
2 6 17 83
2 6 18 82
2 6 19 43
2 6 20 107
2 6 21 95
2 6 22 32
2 6 23 49
2 6 24 1
2 6 25 26
2 6 26 18
2 6 27 71
2 6 28 47
2 6 29 105
2 6 30 40
2 6 31 84
2 6 32 36
2 6 33 20
2 6 34 9
2 6 35 94
2 6 36 19
2 7 0 102
2 7 1 98
2 7 2 90
2 7 3 45
2 7 4 26
2 7 5 46
2 7 6 76
2 7 7 84
2 7 8 92
2 7 9 14
2 7 10 21
2 7 11 79
2 7 12 87
2 7 13 42
2 7 14 50
2 7 15 22
2 7 16 54
2 7 17 66
2 7 18 44
2 7 19 106
2 7 20 94
2 7 21 17
2 7 22 64
2 7 23 32
2 7 24 35
2 7 25 20
2 7 26 57
2 7 27 75
2 7 28 104
2 7 29 55
2 7 30 83
2 7 31 10
2 7 32 25
2 7 33 6
2 7 34 93
2 7 35 9
2 7 36 39
2 8 0 38
2 8 1 89
2 8 2 69
2 8 3 4
2 8 4 55
2 8 5 48
2 8 6 83
2 8 7 91
2 8 8 10
2 8 9 8
2 8 10 78
2 8 11 86
2 8 12 37
2 8 13 52
2 8 14 14
2 8 15 81
2 8 16 73
2 8 17 49
2 8 18 105
2 8 19 93
2 8 20 31
2 8 21 70
2 8 22 7
2 8 23 13
2 8 24 30
2 8 25 87
2 8 26 53
2 8 27 103
2 8 28 95
2 8 29 41
2 8 30 36
2 8 31 11
2 8 32 23
2 8 33 65
2 8 34 25
2 8 35 59
2 8 36 68
2 9 0 88
2 9 1 87
2 9 2 12
2 9 3 101
2 9 4 74
2 9 5 47
2 9 6 43
2 9 7 5
2 9 8 28
2 9 9 77
2 9 10 59
2 9 11 63
2 9 12 39
2 9 13 26
2 9 14 80
2 9 15 48
2 9 16 108
2 9 17 104
2 9 18 60
2 9 19 7
2 9 20 73
2 9 21 34
2 9 22 6
2 9 23 36
2 9 24 86
2 9 25 58
2 9 26 102
2 9 27 94
2 9 28 81
2 9 29 4
2 9 30 30
2 9 31 23
2 9 32 66
2 9 33 15
2 9 34 75
2 9 35 100
2 9 36 38
2 10 0 86
2 10 1 10
2 10 2 52
2 10 3 50
2 10 4 81
2 10 5 37
2 10 6 21
2 10 7 30
2 10 8 76
2 10 9 84
2 10 10 92
2 10 11 57
2 10 12 25
2 10 13 79
2 10 14 40
2 10 15 66
2 10 16 103
2 10 17 56
2 10 18 14
2 10 19 75
2 10 20 18
2 10 21 27
2 10 22 8
2 10 23 60
2 10 24 46
2 10 25 101
2 10 26 93
2 10 27 80
2 10 28 16
2 10 29 35
2 10 30 17
2 10 31 90
2 10 32 29
2 10 33 70
2 10 34 99
2 10 35 95
2 10 36 42
2 11 0 16
2 11 1 41
2 11 2 17
2 11 3 80
2 11 4 64
2 11 5 7
2 11 6 23
2 11 7 49
2 11 8 83
2 11 9 91
2 11 10 101
2 11 11 0
2 11 12 78
2 11 13 45
2 11 14 56
2 11 15 102
2 11 16 90
2 11 17 32
2 11 18 47
2 11 19 21
2 11 20 19
2 11 21 25
2 11 22 84
2 11 23 108
2 11 24 100
2 11 25 39
2 11 26 79
2 11 27 9
2 11 28 12
2 11 29 6
2 11 30 89
2 11 31 27
2 11 32 72
2 11 33 69
2 11 34 94
2 11 35 63
2 11 36 44
2 12 0 98
2 12 1 48
2 12 2 79
2 12 3 87
2 12 4 8
2 12 5 17
2 12 6 74
2 12 7 72
2 12 8 50
2 12 9 70
2 12 10 28
2 12 11 77
2 12 12 54
2 12 13 39
2 12 14 63
2 12 15 89
2 12 16 3
2 12 17 42
2 12 18 24
2 12 19 0
2 12 20 30
2 12 21 83
2 12 22 53
2 12 23 99
2 12 24 58
2 12 25 78
2 12 26 22
2 12 27 35
2 12 28 34
2 12 29 88
2 12 30 12
2 12 31 56
2 12 32 97
2 12 33 93
2 12 34 85
2 12 35 84
2 12 36 1
2 13 0 107
2 13 1 78
2 13 2 86
2 13 3 12
2 13 4 1
2 13 5 66
2 13 6 81
2 13 7 67
2 13 8 68
2 13 9 15
2 13 10 76
2 13 11 75
2 13 12 43
2 13 13 100
2 13 14 88
2 13 15 18
2 13 16 44
2 13 17 0
2 13 18 29
2 13 19 5
2 13 20 61
2 13 21 38
2 13 22 98
2 13 23 90
2 13 24 77
2 13 25 22
2 13 26 13
2 13 27 16
2 13 28 63
2 13 29 24
2 13 30 108
2 13 31 96
2 13 32 65
2 13 33 73
2 13 34 83
2 13 35 4
2 13 36 37
2 14 0 77
2 14 1 63
2 14 2 15
2 14 3 32
2 14 4 22
2 14 5 80
2 14 6 40
2 14 7 98
2 14 8 21
2 14 9 67
2 14 10 37
2 14 11 45
2 14 12 99
2 14 13 47
2 14 14 3
2 14 15 108
2 14 16 24
2 14 17 8
2 14 18 23
2 14 19 81
2 14 20 55
2 14 21 97
2 14 22 89
2 14 23 76
2 14 24 5
2 14 25 36
2 14 26 33
2 14 27 44
2 14 28 0
2 14 29 53
2 14 30 48
2 14 31 49
2 14 32 42
2 14 33 61
2 14 34 30
2 14 35 65
2 14 36 106
2 15 0 84
2 15 1 17
2 15 2 20
2 15 3 44
2 15 4 79
2 15 5 87
2 15 6 48
2 15 7 6
2 15 8 74
2 15 9 63
2 15 10 64
2 15 11 53
2 15 12 40
2 15 13 8
2 15 14 39
2 15 15 11
2 15 16 35
2 15 17 36
2 15 18 80
2 15 19 65
2 15 20 96
2 15 21 88
2 15 22 46
2 15 23 10
2 15 24 4
2 15 25 7
2 15 26 85
2 15 27 34
2 15 28 43
2 15 29 37
2 15 30 90
2 15 31 82
2 15 32 81
2 15 33 5
2 15 34 95
2 15 35 105
2 15 36 76
2 16 0 19
2 16 1 30
2 16 2 107
2 16 3 78
2 16 4 86
2 16 5 63
2 16 6 14
2 16 7 45
2 16 8 69
2 16 9 101
2 16 10 97
2 16 11 85
2 16 12 18
2 16 13 53
2 16 14 16
2 16 15 8
2 16 16 23
2 16 17 79
2 16 18 55
2 16 19 95
2 16 20 66
2 16 21 74
2 16 22 3
2 16 23 31
2 16 24 33
2 16 25 44
2 16 26 32
2 16 27 47
2 16 28 37
2 16 29 89
2 16 30 73
2 16 31 80
2 16 32 26
2 16 33 94
2 16 34 104
2 16 35 48
2 16 36 83
2 17 0 31
2 17 1 106
2 17 2 77
2 17 3 56
2 17 4 95
2 17 5 19
2 17 6 27
2 17 7 108
2 17 8 72
2 17 9 96
2 17 10 58
2 17 11 35
2 17 12 61
2 17 13 28
2 17 14 21
2 17 15 13
2 17 16 78
2 17 17 69
2 17 18 94
2 17 19 49
2 17 20 38
2 17 21 11
2 17 22 9
2 17 23 26
2 17 24 53
2 17 25 0
2 17 26 71
2 17 27 92
2 17 28 88
2 17 29 50
2 17 30 79
2 17 31 15
2 17 32 93
2 17 33 103
2 17 34 74
2 17 35 64
2 17 36 18
2 18 0 105
2 18 1 76
2 18 2 84
2 18 3 94
2 18 4 7
2 18 5 54
2 18 6 67
2 18 7 73
2 18 8 64
2 18 9 57
2 18 10 35
2 18 11 44
2 18 12 15
2 18 13 30
2 18 14 24
2 18 15 77
2 18 16 101
2 18 17 93
2 18 18 85
2 18 19 4
2 18 20 28
2 18 21 6
2 18 22 27
2 18 23 82
2 18 24 10
2 18 25 45
2 18 26 91
2 18 27 43
2 18 28 40
2 18 29 78
2 18 30 5
2 18 31 53
2 18 32 102
2 18 33 68
2 18 34 81
2 18 35 19
2 18 36 31
2 19 0 60
2 19 1 83
2 19 2 93
2 19 3 25
2 19 4 107
2 19 5 53
2 19 6 98
2 19 7 41
2 19 8 82
2 19 9 26
2 19 10 47
2 19 11 34
2 19 12 27
2 19 13 32
2 19 14 76
2 19 15 59
2 19 16 92
2 19 17 46
2 19 18 66
2 19 19 17
2 19 20 12
2 19 21 4
2 19 22 70
2 19 23 5
2 19 24 38
2 19 25 55
2 19 26 64
2 19 27 50
2 19 28 77
2 19 29 30
2 19 30 63
2 19 31 58
2 19 32 18
2 19 33 80
2 19 34 7
2 19 35 29
2 19 36 104
2 20 0 57
2 20 1 52
2 20 2 26
2 20 3 106
2 20 4 65
2 20 5 51
2 20 6 60
2 20 7 40
2 20 8 32
2 20 9 45
2 20 10 7
2 20 11 16
2 20 12 19
2 20 13 49
2 20 14 69
2 20 15 91
2 20 16 56
2 20 17 107
2 20 18 5
2 20 19 15
2 20 20 0
2 20 21 68
2 20 22 33
2 20 23 101
2 20 24 37
2 20 25 85
2 20 26 62
2 20 27 76
2 20 28 23
2 20 29 90
2 20 30 100
2 20 31 55
2 20 32 79
2 20 33 9
2 20 34 36
2 20 35 103
2 20 36 74
2 21 0 62
2 21 1 18
2 21 2 105
2 21 3 38
2 21 4 72
2 21 5 92
2 21 6 70
2 21 7 8
2 21 8 101
2 21 9 4
2 21 10 26
2 21 11 36
2 21 12 74
2 21 13 98
2 21 14 90
2 21 15 82
2 21 16 106
2 21 17 22
2 21 18 25
2 21 19 34
2 21 20 71
2 21 21 9
2 21 22 58
2 21 23 51
2 21 24 42
2 21 25 48
2 21 26 61
2 21 27 15
2 21 28 89
2 21 29 99
2 21 30 107
2 21 31 78
2 21 32 5
2 21 33 32
2 21 34 102
2 21 35 47
2 21 36 81
2 22 0 11
2 22 1 104
2 22 2 65
2 22 3 95
2 22 4 91
2 22 5 44
2 22 6 36
2 22 7 62
2 22 8 0
2 22 9 29
2 22 10 24
2 22 11 40
2 22 12 66
2 22 13 89
2 22 14 46
2 22 15 105
2 22 16 9
2 22 17 14
2 22 18 7
2 22 19 54
2 22 20 15
2 22 21 57
2 22 22 87
2 22 23 43
2 22 24 75
2 22 25 74
2 22 26 16
2 22 27 88
2 22 28 59
2 22 29 106
2 22 30 77
2 22 31 12
2 22 32 34
2 22 33 51
2 22 34 23
2 22 35 80
2 22 36 90
2 23 0 103
2 23 1 42
2 23 2 94
2 23 3 41
2 23 4 68
2 23 5 31
2 23 6 71
2 23 7 14
2 23 8 35
2 23 9 13
2 23 10 0
2 23 11 49
2 23 12 88
2 23 13 60
2 23 14 104
2 23 15 17
2 23 16 11
2 23 17 26
2 23 18 62
2 23 19 6
2 23 20 98
2 23 21 86
2 23 22 82
2 23 23 46
2 23 24 70
2 23 25 34
2 23 26 52
2 23 27 97
2 23 28 105
2 23 29 76
2 23 30 10
2 23 31 22
2 23 32 100
2 23 33 67
2 23 34 79
2 23 35 89
2 23 36 36
2 24 0 101
2 24 1 93
2 24 2 41
2 24 3 72
2 24 4 4
2 24 5 98
2 24 6 15
2 24 7 32
2 24 8 30
2 24 9 69
2 24 10 95
2 24 11 87
2 24 12 50
2 24 13 103
2 24 14 28
2 24 15 20
2 24 16 13
2 24 17 39
2 24 18 6
2 24 19 38
2 24 20 62
2 24 21 51
2 24 22 52
2 24 23 14
2 24 24 22
2 24 25 67
2 24 26 96
2 24 27 104
2 24 28 71
2 24 29 10
2 24 30 23
2 24 31 99
2 24 32 107
2 24 33 78
2 24 34 88
2 24 35 26
2 24 36 102
2 25 0 66
2 25 1 67
2 25 2 62
2 25 3 9
2 25 4 71
2 25 5 8
2 25 6 10
2 25 7 1
2 25 8 107
2 25 9 94
2 25 10 86
2 25 11 60
2 25 12 102
2 25 13 18
2 25 14 33
2 25 15 25
2 25 16 75
2 25 17 23
2 25 18 68
2 25 19 84
2 25 20 70
2 25 21 41
2 25 22 48
2 25 23 27
2 25 24 85
2 25 25 38
2 25 26 103
2 25 27 74
2 25 28 11
2 25 29 22
2 25 30 52
2 25 31 106
2 25 32 77
2 25 33 50
2 25 34 15
2 25 35 54
2 25 36 73
2 26 0 87
2 26 1 75
2 26 2 7
2 26 3 52
2 26 4 34
2 26 5 0
2 26 6 31
2 26 7 106
2 26 8 93
2 26 9 85
2 26 10 40
2 26 11 54
2 26 12 5
2 26 13 6
2 26 14 30
2 26 15 71
2 26 16 33
2 26 17 95
2 26 18 83
2 26 19 72
2 26 20 108
2 26 21 107
2 26 22 35
2 26 23 47
2 26 24 48
2 26 25 102
2 26 26 49
2 26 27 21
2 26 28 24
2 26 29 97
2 26 30 105
2 26 31 76
2 26 32 41
2 26 33 36
2 26 34 100
2 26 35 42
2 26 36 50
2 27 0 59
2 27 1 4
2 27 2 95
2 27 3 8
2 27 4 5
2 27 5 36
2 27 6 105
2 27 7 57
2 27 8 84
2 27 9 62
2 27 10 100
2 27 11 18
2 27 12 33
2 27 13 17
2 27 14 73
2 27 15 1
2 27 16 94
2 27 17 52
2 27 18 39
2 27 19 61
2 27 20 106
2 27 21 20
2 27 22 45
2 27 23 65
2 27 24 43
2 27 25 19
2 27 26 9
2 27 27 26
2 27 28 96
2 27 29 104
2 27 30 67
2 27 31 85
2 27 32 11
2 27 33 99
2 27 34 98
2 27 35 90
2 27 36 86
2 28 0 17
2 28 1 94
2 28 2 25
2 28 3 28
2 28 4 19
2 28 5 104
2 28 6 39
2 28 7 83
2 28 8 75
2 28 9 99
2 28 10 36
2 28 11 12
2 28 12 4
2 28 13 68
2 28 14 23
2 28 15 93
2 28 16 81
2 28 17 59
2 28 18 70
2 28 19 105
2 28 20 26
2 28 21 82
2 28 22 92
2 28 23 100
2 28 24 66
2 28 25 3
2 28 26 29
2 28 27 51
2 28 28 103
2 28 29 74
2 28 30 37
2 28 31 0
2 28 32 71
2 28 33 52
2 28 34 89
2 28 35 46
2 28 36 43
2 29 0 93
2 29 1 7
2 29 2 6
2 29 3 19
2 29 4 103
2 29 5 90
2 29 6 82
2 29 7 69
2 29 8 55
2 29 9 11
2 29 10 4
2 29 11 17
2 29 12 108
2 29 13 1
2 29 14 59
2 29 15 80
2 29 16 49
2 29 17 38
2 29 18 104
2 29 19 13
2 29 20 58
2 29 21 91
2 29 22 99
2 29 23 107
2 29 24 24
2 29 25 33
2 29 26 41
2 29 27 102
2 29 28 65
2 29 29 63
2 29 30 3
2 29 31 97
2 29 32 73
2 29 33 88
2 29 34 84
2 29 35 45
2 29 36 29
2 30 0 35
2 30 1 29
2 30 2 32
2 30 3 102
2 30 4 89
2 30 5 81
2 30 6 57
2 30 7 97
2 30 8 16
2 30 9 22
2 30 10 20
2 30 11 42
2 30 12 9
2 30 13 55
2 30 14 79
2 30 15 75
2 30 16 67
2 30 17 103
2 30 18 4
2 30 19 39
2 30 20 52
2 30 21 56
2 30 22 106
2 30 23 18
2 30 24 34
2 30 25 72
2 30 26 68
2 30 27 24
2 30 28 82
2 30 29 25
2 30 30 96
2 30 31 95
2 30 32 40
2 30 33 83
2 30 34 108
2 30 35 14
2 30 36 49
2 31 0 6
2 31 1 25
2 31 2 37
2 31 3 88
2 31 4 80
2 31 5 62
2 31 6 96
2 31 7 33
2 31 8 14
2 31 9 23
2 31 10 45
2 31 11 27
2 31 12 90
2 31 13 78
2 31 14 66
2 31 15 42
2 31 16 102
2 31 17 16
2 31 18 63
2 31 19 41
2 31 20 97
2 31 21 105
2 31 22 11
2 31 23 20
2 31 24 92
2 31 25 100
2 31 26 67
2 31 27 60
2 31 28 31
2 31 29 46
2 31 30 94
2 31 31 40
2 31 32 47
2 31 33 56
2 31 34 12
2 31 35 50
2 31 36 24
2 32 0 0
2 32 1 100
2 32 2 60
2 32 3 79
2 32 4 108
2 32 5 58
2 32 6 5
2 32 7 35
2 32 8 7
2 32 9 51
2 32 10 34
2 32 11 89
2 32 12 77
2 32 13 71
2 32 14 49
2 32 15 61
2 32 16 15
2 32 17 65
2 32 18 73
2 32 19 96
2 32 20 104
2 32 21 13
2 32 22 36
2 32 23 91
2 32 24 99
2 32 25 107
2 32 26 69
2 32 27 29
2 32 28 70
2 32 29 93
2 32 30 85
2 32 31 81
2 32 32 39
2 32 33 26
2 32 34 90
2 32 35 18
2 32 36 11
2 33 0 99
2 33 1 38
2 33 2 78
2 33 3 68
2 33 4 44
2 33 5 11
2 33 6 28
2 33 7 34
2 33 8 66
2 33 9 10
2 33 10 88
2 33 11 76
2 33 12 72
2 33 13 101
2 33 14 100
2 33 15 27
2 33 16 45
2 33 17 87
2 33 18 51
2 33 19 103
2 33 20 33
2 33 21 31
2 33 22 50
2 33 23 59
2 33 24 106
2 33 25 53
2 33 26 0
2 33 27 64
2 33 28 67
2 33 29 54
2 33 30 80
2 33 31 57
2 33 32 16
2 33 33 89
2 33 34 18
2 33 35 30
2 33 36 5
2 34 0 85
2 34 1 77
2 34 2 46
2 34 3 55
2 34 4 21
2 34 5 6
2 34 6 9
2 34 7 54
2 34 8 24
2 34 9 58
2 34 10 43
2 34 11 108
2 34 12 65
2 34 13 99
2 34 14 19
2 34 15 53
2 34 16 86
2 34 17 70
2 34 18 102
2 34 19 20
2 34 20 27
2 34 21 59
2 34 22 97
2 34 23 105
2 34 24 40
2 34 25 15
2 34 26 92
2 34 27 66
2 34 28 68
2 34 29 79
2 34 30 51
2 34 31 32
2 34 32 88
2 34 33 35
2 34 34 16
2 34 35 31
2 34 36 56
2 35 0 76
2 35 1 50
2 35 2 92
2 35 3 23
2 35 4 15
2 35 5 3
2 35 6 44
2 35 7 9
2 35 8 49
2 35 9 74
2 35 10 72
2 35 11 70
2 35 12 53
2 35 13 27
2 35 14 75
2 35 15 54
2 35 16 42
2 35 17 61
2 35 18 20
2 35 19 28
2 35 20 51
2 35 21 96
2 35 22 104
2 35 23 41
2 35 24 26
2 35 25 91
2 35 26 90
2 35 27 82
2 35 28 78
2 35 29 68
2 35 30 22
2 35 31 48
2 35 32 32
2 35 33 21
2 35 34 5
2 35 35 97
2 35 36 40
2 36 0 69
2 36 1 91
2 36 2 21
2 36 3 17
2 36 4 3
2 36 5 101
2 36 6 32
2 36 7 85
2 36 8 53
2 36 9 64
2 36 10 98
2 36 11 97
2 36 12 12
2 36 13 63
2 36 14 84
2 36 15 92
2 36 16 100
2 36 17 20
2 36 18 30
2 36 19 87
2 36 20 59
2 36 21 103
2 36 22 47
2 36 23 6
2 36 24 60
2 36 25 89
2 36 26 65
2 36 27 77
2 36 28 58
2 36 29 27
2 36 30 70
2 36 31 34
2 36 32 35
2 36 33 7
2 36 34 96
2 36 35 72
2 36 36 75
3 0 0 22
3 0 1 18
3 0 2 4
3 0 3 101
3 0 4 33
3 0 5 85
3 0 6 54
3 0 7 65
3 0 8 98
3 0 9 97
3 0 10 13
3 0 11 64
3 0 12 84
3 0 13 92
3 0 14 100
3 0 15 21
3 0 16 31
3 0 17 87
3 0 18 60
3 0 19 103
3 0 20 48
3 0 21 7
3 0 22 61
3 0 23 89
3 0 24 66
3 0 25 77
3 0 26 59
3 0 27 28
3 0 28 71
3 0 29 35
3 0 30 36
3 0 31 8
3 0 32 96
3 0 33 73
3 0 34 75
3 0 35 70
3 0 36 91
3 1 0 23
3 1 1 28
3 1 2 62
3 1 3 24
3 1 4 54
3 1 5 12
3 1 6 45
3 1 7 40
3 1 8 96
3 1 9 2
3 1 10 70
3 1 11 83
3 1 12 91
3 1 13 99
3 1 14 21
3 1 15 18
3 1 16 86
3 1 17 58
3 1 18 102
3 1 19 75
3 1 20 22
3 1 21 37
3 1 22 88
3 1 23 69
3 1 24 76
3 1 25 101
3 1 26 4
3 1 27 85
3 1 28 9
3 1 29 6
3 1 30 7
3 1 31 39
3 1 32 82
3 1 33 74
3 1 34 42
3 1 35 56
3 1 36 35
3 2 0 30
3 2 1 67
3 2 2 33
3 2 3 39
3 2 4 55
3 2 5 48
3 2 6 71
3 2 7 60
3 2 8 32
3 2 9 66
3 2 10 65
3 2 11 42
3 2 12 56
3 2 13 22
3 2 14 23
3 2 15 61
3 2 16 38
3 2 17 52
3 2 18 51
3 2 19 20
3 2 20 57
3 2 21 46
3 2 22 69
3 2 23 62
3 2 24 41
3 2 25 18
3 2 26 50
3 2 27 29
3 2 28 1
3 2 29 14
3 2 30 49
3 2 31 54
3 2 32 40
3 2 33 63
3 2 34 68
3 2 35 2
3 2 36 15
3 3 0 98
3 3 1 11
3 3 2 82
3 3 3 107
3 3 4 48
3 3 5 95
3 3 6 43
3 3 7 2
3 3 8 108
3 3 9 81
3 3 10 59
3 3 11 97
3 3 12 13
3 3 13 30
3 3 14 84
3 3 15 92
3 3 16 100
3 3 17 47
3 3 18 4
3 3 19 87
3 3 20 40
3 3 21 72
3 3 22 74
3 3 23 63
3 3 24 32
3 3 25 55
3 3 26 29
3 3 27 9
3 3 28 26
3 3 29 61
3 3 30 38
3 3 31 3
3 3 32 101
3 3 33 41
3 3 34 17
3 3 35 34
3 3 36 14
3 4 0 25
3 4 1 58
3 4 2 106
3 4 3 51
3 4 4 94
3 4 5 56
3 4 6 23
3 4 7 69
3 4 8 80
3 4 9 57
3 4 10 96
3 4 11 20
3 4 12 21
3 4 13 83
3 4 14 91
3 4 15 99
3 4 16 53
3 4 17 11
3 4 18 86
3 4 19 85
3 4 20 52
3 4 21 63
3 4 22 98
3 4 23 10
3 4 24 82
3 4 25 13
3 4 26 28
3 4 27 4
3 4 28 92
3 4 29 47
3 4 30 108
3 4 31 44
3 4 32 87
3 4 33 29
3 4 34 5
3 4 35 14
3 4 36 46
3 5 0 48
3 5 1 105
3 5 2 101
3 5 3 93
3 5 4 92
3 5 5 21
3 5 6 38
3 5 7 79
3 5 8 87
3 5 9 65
3 5 10 25
3 5 11 22
3 5 12 55
3 5 13 37
3 5 14 62
3 5 15 108
3 5 16 4
3 5 17 63
3 5 18 46
3 5 19 44
3 5 20 31
3 5 21 67
3 5 22 19
3 5 23 72
3 5 24 15
3 5 25 20
3 5 26 8
3 5 27 91
3 5 28 66
3 5 29 107
3 5 30 39
3 5 31 86
3 5 32 36
3 5 33 0
3 5 34 34
3 5 35 68
3 5 36 2
3 6 0 104
3 6 1 48
3 6 2 50
3 6 3 91
3 6 4 36
3 6 5 39
3 6 6 78
3 6 7 86
3 6 8 57
3 6 9 12
3 6 10 22
3 6 11 81
3 6 12 46
3 6 13 97
3 6 14 63
3 6 15 30
3 6 16 84
3 6 17 51
3 6 18 75
3 6 19 73
3 6 20 58
3 6 21 10
3 6 22 62
3 6 23 2
3 6 24 25
3 6 25 21
3 6 26 61
3 6 27 70
3 6 28 106
3 6 29 98
3 6 30 60
3 6 31 35
3 6 32 7
3 6 33 8
3 6 34 95
3 6 35 15
3 6 36 65
3 7 0 62
3 7 1 49
3 7 2 52
3 7 3 16
3 7 4 63
3 7 5 77
3 7 6 57
3 7 7 66
3 7 8 14
3 7 9 22
3 7 10 80
3 7 11 65
3 7 12 96
3 7 13 71
3 7 14 15
3 7 15 83
3 7 16 82
3 7 17 44
3 7 18 107
3 7 19 95
3 7 20 33
3 7 21 50
3 7 22 2
3 7 23 27
3 7 24 19
3 7 25 72
3 7 26 48
3 7 27 105
3 7 28 41
3 7 29 84
3 7 30 0
3 7 31 21
3 7 32 10
3 7 33 94
3 7 34 20
3 7 35 59
3 7 36 103
3 8 0 90
3 8 1 46
3 8 2 27
3 8 3 47
3 8 4 76
3 8 5 84
3 8 6 92
3 8 7 15
3 8 8 22
3 8 9 79
3 8 10 87
3 8 11 43
3 8 12 51
3 8 13 23
3 8 14 55
3 8 15 67
3 8 16 45
3 8 17 106
3 8 18 94
3 8 19 18
3 8 20 65
3 8 21 33
3 8 22 36
3 8 23 21
3 8 24 58
3 8 25 75
3 8 26 104
3 8 27 56
3 8 28 83
3 8 29 11
3 8 30 26
3 8 31 7
3 8 32 93
3 8 33 10
3 8 34 40
3 8 35 102
3 8 36 98
3 9 0 70
3 9 1 5
3 9 2 56
3 9 3 49
3 9 4 83
3 9 5 91
3 9 6 11
3 9 7 9
3 9 8 78
3 9 9 86
3 9 10 38
3 9 11 53
3 9 12 15
3 9 13 81
3 9 14 37
3 9 15 50
3 9 16 105
3 9 17 93
3 9 18 32
3 9 19 71
3 9 20 8
3 9 21 14
3 9 22 31
3 9 23 87
3 9 24 54
3 9 25 103
3 9 26 95
3 9 27 42
3 9 28 0
3 9 29 12
3 9 30 24
3 9 31 66
3 9 32 26
3 9 33 60
3 9 34 69
3 9 35 39
3 9 36 89
3 10 0 13
3 10 1 101
3 10 2 74
3 10 3 48
3 10 4 44
3 10 5 6
3 10 6 29
3 10 7 77
3 10 8 60
3 10 9 64
3 10 10 40
3 10 11 27
3 10 12 80
3 10 13 49
3 10 14 108
3 10 15 104
3 10 16 61
3 10 17 8
3 10 18 37
3 10 19 35
3 10 20 7
3 10 21 0
3 10 22 86
3 10 23 59
3 10 24 102
3 10 25 94
3 10 26 81
3 10 27 5
3 10 28 31
3 10 29 24
3 10 30 67
3 10 31 16
3 10 32 75
3 10 33 100
3 10 34 39
3 10 35 88
3 10 36 87
3 11 0 53
3 11 1 51
3 11 2 81
3 11 3 38
3 11 4 22
3 11 5 31
3 11 6 76
3 11 7 84
3 11 8 92
3 11 9 58
3 11 10 26
3 11 11 79
3 11 12 41
3 11 13 67
3 11 14 103
3 11 15 57
3 11 16 15
3 11 17 75
3 11 18 19
3 11 19 28
3 11 20 9
3 11 21 61
3 11 22 47
3 11 23 101
3 11 24 93
3 11 25 80
3 11 26 17
3 11 27 36
3 11 28 18
3 11 29 90
3 11 30 30
3 11 31 71
3 11 32 99
3 11 33 95
3 11 34 43
3 11 35 86
3 11 36 11
3 12 0 18
3 12 1 80
3 12 2 65
3 12 3 8
3 12 4 24
3 12 5 50
3 12 6 83
3 12 7 91
3 12 8 101
3 12 9 1
3 12 10 78
3 12 11 46
3 12 12 57
3 12 13 102
3 12 14 90
3 12 15 33
3 12 16 48
3 12 17 22
3 12 18 20
3 12 19 26
3 12 20 84
3 12 21 108
3 12 22 100
3 12 23 40
3 12 24 79
3 12 25 10
3 12 26 13
3 12 27 7
3 12 28 89
3 12 29 28
3 12 30 73
3 12 31 70
3 12 32 94
3 12 33 64
3 12 34 45
3 12 35 17
3 12 36 42
3 13 0 79
3 13 1 87
3 13 2 9
3 13 3 18
3 13 4 74
3 13 5 73
3 13 6 51
3 13 7 71
3 13 8 29
3 13 9 77
3 13 10 55
3 13 11 40
3 13 12 64
3 13 13 89
3 13 14 4
3 13 15 43
3 13 16 25
3 13 17 1
3 13 18 31
3 13 19 83
3 13 20 54
3 13 21 99
3 13 22 59
3 13 23 78
3 13 24 23
3 13 25 36
3 13 26 35
3 13 27 88
3 13 28 13
3 13 29 57
3 13 30 97
3 13 31 93
3 13 32 85
3 13 33 84
3 13 34 2
3 13 35 98
3 13 36 49
3 14 0 86
3 14 1 13
3 14 2 2
3 14 3 67
3 14 4 81
3 14 5 68
3 14 6 69
3 14 7 16
3 14 8 76
3 14 9 75
3 14 10 44
3 14 11 100
3 14 12 88
3 14 13 19
3 14 14 45
3 14 15 1
3 14 16 30
3 14 17 6
3 14 18 62
3 14 19 39
3 14 20 98
3 14 21 90
3 14 22 77
3 14 23 23
3 14 24 14
3 14 25 17
3 14 26 64
3 14 27 25
3 14 28 108
3 14 29 96
3 14 30 66
3 14 31 37
3 14 32 83
3 14 33 5
3 14 34 38
3 14 35 107
3 14 36 78
3 15 0 16
3 15 1 33
3 15 2 23
3 15 3 80
3 15 4 41
3 15 5 98
3 15 6 22
3 15 7 68
3 15 8 38
3 15 9 46
3 15 10 99
3 15 11 48
3 15 12 4
3 15 13 108
3 15 14 25
3 15 15 9
3 15 16 24
3 15 17 81
3 15 18 56
3 15 19 97
3 15 20 89
3 15 21 76
3 15 22 6
3 15 23 0
3 15 24 34
3 15 25 45
3 15 26 1
3 15 27 54
3 15 28 49
3 15 29 50
3 15 30 43
3 15 31 62
3 15 32 31
3 15 33 66
3 15 34 106
3 15 35 77
3 15 36 64
3 16 0 21
3 16 1 45
3 16 2 79
3 16 3 87
3 16 4 49
3 16 5 7
3 16 6 74
3 16 7 64
3 16 8 65
3 16 9 54
3 16 10 41
3 16 11 9
3 16 12 40
3 16 13 12
3 16 14 36
3 16 15 0
3 16 16 80
3 16 17 66
3 16 18 96
3 16 19 88
3 16 20 47
3 16 21 11
3 16 22 5
3 16 23 8
3 16 24 85
3 16 25 35
3 16 26 44
3 16 27 38
3 16 28 90
3 16 29 82
3 16 30 81
3 16 31 6
3 16 32 95
3 16 33 105
3 16 34 76
3 16 35 84
3 16 36 18
3 17 0 107
3 17 1 78
3 17 2 86
3 17 3 64
3 17 4 15
3 17 5 46
3 17 6 70
3 17 7 101
3 17 8 97
3 17 9 85
3 17 10 19
3 17 11 54
3 17 12 17
3 17 13 9
3 17 14 24
3 17 15 79
3 17 16 56
3 17 17 95
3 17 18 67
3 17 19 74
3 17 20 4
3 17 21 32
3 17 22 34
3 17 23 45
3 17 24 33
3 17 25 48
3 17 26 38
3 17 27 89
3 17 28 37
3 17 29 80
3 17 30 27
3 17 31 94
3 17 32 104
3 17 33 49
3 17 34 83
3 17 35 20
3 17 36 31
3 18 0 77
3 18 1 57
3 18 2 95
3 18 3 20
3 18 4 28
3 18 5 108
3 18 6 73
3 18 7 96
3 18 8 59
3 18 9 36
3 18 10 62
3 18 11 29
3 18 12 22
3 18 13 14
3 18 14 78
3 18 15 70
3 18 16 94
3 18 17 50
3 18 18 39
3 18 19 12
3 18 20 10
3 18 21 27
3 18 22 54
3 18 23 1
3 18 24 72
3 18 25 92
3 18 26 88
3 18 27 51
3 18 28 79
3 18 29 16
3 18 30 93
3 18 31 103
3 18 32 74
3 18 33 65
3 18 34 19
3 18 35 32
3 18 36 106
3 19 0 84
3 19 1 94
3 19 2 8
3 19 3 55
3 19 4 68
3 19 5 37
3 19 6 65
3 19 7 58
3 19 8 36
3 19 9 45
3 19 10 16
3 19 11 31
3 19 12 25
3 19 13 77
3 19 14 101
3 19 15 93
3 19 16 85
3 19 17 5
3 19 18 29
3 19 19 7
3 19 20 28
3 19 21 82
3 19 22 11
3 19 23 46
3 19 24 91
3 19 25 44
3 19 26 41
3 19 27 78
3 19 28 6
3 19 29 54
3 19 30 102
3 19 31 69
3 19 32 81
3 19 33 20
3 19 34 32
3 19 35 105
3 19 36 76
3 20 0 93
3 20 1 26
3 20 2 107
3 20 3 54
3 20 4 98
3 20 5 42
3 20 6 82
3 20 7 27
3 20 8 48
3 20 9 35
3 20 10 28
3 20 11 33
3 20 12 76
3 20 13 60
3 20 14 92
3 20 15 47
3 20 16 67
3 20 17 18
3 20 18 13
3 20 19 5
3 20 20 71
3 20 21 6
3 20 22 39
3 20 23 56
3 20 24 65
3 20 25 51
3 20 26 77
3 20 27 31
3 20 28 64
3 20 29 59
3 20 30 19
3 20 31 80
3 20 32 8
3 20 33 30
3 20 34 104
3 20 35 61
3 20 36 83
3 21 0 27
3 21 1 106
3 21 2 66
3 21 3 52
3 21 4 61
3 21 5 41
3 21 6 33
3 21 7 46
3 21 8 8
3 21 9 17
3 21 10 20
3 21 11 50
3 21 12 70
3 21 13 91
3 21 14 57
3 21 15 107
3 21 16 6
3 21 17 16
3 21 18 1
3 21 19 69
3 21 20 34
3 21 21 101
3 21 22 38
3 21 23 85
3 21 24 63
3 21 25 76
3 21 26 24
3 21 27 90
3 21 28 100
3 21 29 56
3 21 30 79
3 21 31 10
3 21 32 0
3 21 33 103
3 21 34 74
3 21 35 58
3 21 36 53
3 22 0 105
3 22 1 39
3 22 2 73
3 22 3 92
3 22 4 71
3 22 5 9
3 22 6 101
3 22 7 5
3 22 8 27
3 22 9 0
3 22 10 74
3 22 11 98
3 22 12 90
3 22 13 82
3 22 14 106
3 22 15 23
3 22 16 26
3 22 17 35
3 22 18 72
3 22 19 10
3 22 20 59
3 22 21 52
3 22 22 43
3 22 23 49
3 22 24 62
3 22 25 16
3 22 26 89
3 22 27 99
3 22 28 107
3 22 29 78
3 22 30 6
3 22 31 33
3 22 32 102
3 22 33 48
3 22 34 81
3 22 35 63
3 22 36 19
3 23 0 66
3 23 1 95
3 23 2 91
3 23 3 45
3 23 4 0
3 23 5 63
3 23 6 1
3 23 7 30
3 23 8 25
3 23 9 41
3 23 10 67
3 23 11 89
3 23 12 47
3 23 13 105
3 23 14 10
3 23 15 15
3 23 16 8
3 23 17 55
3 23 18 16
3 23 19 58
3 23 20 87
3 23 21 44
3 23 22 75
3 23 23 74
3 23 24 17
3 23 25 88
3 23 26 60
3 23 27 106
3 23 28 77
3 23 29 13
3 23 30 35
3 23 31 52
3 23 32 24
3 23 33 80
3 23 34 90
3 23 35 12
3 23 36 104
3 24 0 94
3 24 1 42
3 24 2 69
3 24 3 32
3 24 4 72
3 24 5 15
3 24 6 36
3 24 7 14
3 24 8 1
3 24 9 50
3 24 10 88
3 24 11 61
3 24 12 104
3 24 13 18
3 24 14 12
3 24 15 27
3 24 16 63
3 24 17 7
3 24 18 98
3 24 19 86
3 24 20 82
3 24 21 47
3 24 22 71
3 24 23 35
3 24 24 53
3 24 25 97
3 24 26 105
3 24 27 76
3 24 28 11
3 24 29 23
3 24 30 100
3 24 31 68
3 24 32 79
3 24 33 89
3 24 34 0
3 24 35 103
3 24 36 43
3 25 0 42
3 25 1 73
3 25 2 5
3 25 3 98
3 25 4 16
3 25 5 33
3 25 6 31
3 25 7 70
3 25 8 95
3 25 9 87
3 25 10 51
3 25 11 103
3 25 12 29
3 25 13 21
3 25 14 14
3 25 15 40
3 25 16 7
3 25 17 39
3 25 18 63
3 25 19 52
3 25 20 53
3 25 21 15
3 25 22 23
3 25 23 68
3 25 24 96
3 25 25 104
3 25 26 72
3 25 27 11
3 25 28 24
3 25 29 99
3 25 30 107
3 25 31 78
3 25 32 88
3 25 33 27
3 25 34 102
3 25 35 101
3 25 36 93
3 26 0 63
3 26 1 10
3 26 2 72
3 26 3 9
3 26 4 11
3 26 5 2
3 26 6 107
3 26 7 94
3 26 8 86
3 26 9 61
3 26 10 102
3 26 11 19
3 26 12 34
3 26 13 26
3 26 14 75
3 26 15 24
3 26 16 69
3 26 17 84
3 26 18 71
3 26 19 42
3 26 20 49
3 26 21 28
3 26 22 85
3 26 23 39
3 26 24 103
3 26 25 74
3 26 26 12
3 26 27 23
3 26 28 53
3 26 29 106
3 26 30 77
3 26 31 51
3 26 32 16
3 26 33 55
3 26 34 37
3 26 35 67
3 26 36 68
3 27 0 8
3 27 1 53
3 27 2 35
3 27 3 1
3 27 4 32
3 27 5 106
3 27 6 93
3 27 7 85
3 27 8 41
3 27 9 55
3 27 10 6
3 27 11 7
3 27 12 31
3 27 13 72
3 27 14 34
3 27 15 95
3 27 16 83
3 27 17 73
3 27 18 108
3 27 19 107
3 27 20 36
3 27 21 48
3 27 22 49
3 27 23 102
3 27 24 50
3 27 25 22
3 27 26 25
3 27 27 97
3 27 28 105
3 27 29 76
3 27 30 42
3 27 31 0
3 27 32 100
3 27 33 43
3 27 34 51
3 27 35 87
3 27 36 75
3 28 0 95
3 28 1 9
3 28 2 6
3 28 3 0
3 28 4 105
3 28 5 58
3 28 6 84
3 28 7 63
3 28 8 100
3 28 9 19
3 28 10 34
3 28 11 18
3 28 12 37
3 28 13 2
3 28 14 94
3 28 15 53
3 28 16 40
3 28 17 62
3 28 18 106
3 28 19 21
3 28 20 46
3 28 21 66
3 28 22 44
3 28 23 20
3 28 24 10
3 28 25 27
3 28 26 96
3 28 27 104
3 28 28 68
3 28 29 85
3 28 30 12
3 28 31 99
3 28 32 98
3 28 33 90
3 28 34 86
3 28 35 60
3 28 36 5
3 29 0 26
3 29 1 29
3 29 2 20
3 29 3 104
3 29 4 40
3 29 5 83
3 29 6 75
3 29 7 99
3 29 8 0
3 29 9 13
3 29 10 5
3 29 11 69
3 29 12 24
3 29 13 93
3 29 14 81
3 29 15 60
3 29 16 71
3 29 17 105
3 29 18 27
3 29 19 82
3 29 20 92
3 29 21 100
3 29 22 67
3 29 23 4
3 29 24 30
3 29 25 52
3 29 26 103
3 29 27 74
3 29 28 38
3 29 29 1
3 29 30 72
3 29 31 53
3 29 32 89
3 29 33 47
3 29 34 44
3 29 35 18
3 29 36 94
3 30 0 7
3 30 1 20
3 30 2 103
3 30 3 90
3 30 4 82
3 30 5 70
3 30 6 56
3 30 7 12
3 30 8 5
3 30 9 18
3 30 10 108
3 30 11 2
3 30 12 60
3 30 13 80
3 30 14 50
3 30 15 39
3 30 16 104
3 30 17 14
3 30 18 59
3 30 19 91
3 30 20 99
3 30 21 107
3 30 22 25
3 30 23 34
3 30 24 42
3 30 25 102
3 30 26 66
3 30 27 64
3 30 28 4
3 30 29 97
3 30 30 37
3 30 31 88
3 30 32 84
3 30 33 46
3 30 34 30
3 30 35 93
3 30 36 8
3 31 0 33
3 31 1 102
3 31 2 89
3 31 3 81
3 31 4 58
3 31 5 97
3 31 6 17
3 31 7 23
3 31 8 21
3 31 9 43
3 31 10 10
3 31 11 56
3 31 12 79
3 31 13 75
3 31 14 68
3 31 15 103
3 31 16 5
3 31 17 40
3 31 18 53
3 31 19 57
3 31 20 106
3 31 21 19
3 31 22 35
3 31 23 73
3 31 24 69
3 31 25 25
3 31 26 82
3 31 27 26
3 31 28 96
3 31 29 95
3 31 30 41
3 31 31 83
3 31 32 108
3 31 33 15
3 31 34 50
3 31 35 36
3 31 36 30
3 32 0 38
3 32 1 88
3 32 2 80
3 32 3 63
3 32 4 96
3 32 5 34
3 32 6 15
3 32 7 24
3 32 8 46
3 32 9 28
3 32 10 90
3 32 11 78
3 32 12 67
3 32 13 43
3 32 14 102
3 32 15 17
3 32 16 64
3 32 17 42
3 32 18 97
3 32 19 105
3 32 20 12
3 32 21 21
3 32 22 92
3 32 23 100
3 32 24 68
3 32 25 61
3 32 26 32
3 32 27 47
3 32 28 94
3 32 29 41
3 32 30 48
3 32 31 57
3 32 32 13
3 32 33 51
3 32 34 25
3 32 35 7
3 32 36 26
3 33 0 61
3 33 1 79
3 33 2 108
3 33 3 59
3 33 4 6
3 33 5 36
3 33 6 8
3 33 7 52
3 33 8 35
3 33 9 89
3 33 10 77
3 33 11 72
3 33 12 50
3 33 13 62
3 33 14 16
3 33 15 66
3 33 16 37
3 33 17 96
3 33 18 104
3 33 19 14
3 33 20 0
3 33 21 91
3 33 22 99
3 33 23 107
3 33 24 70
3 33 25 30
3 33 26 71
3 33 27 93
3 33 28 85
3 33 29 81
3 33 30 40
3 33 31 27
3 33 32 90
3 33 33 19
3 33 34 12
3 33 35 1
3 33 36 100
3 34 0 78
3 34 1 69
3 34 2 45
3 34 3 12
3 34 4 29
3 34 5 35
3 34 6 67
3 34 7 11
3 34 8 88
3 34 9 76
3 34 10 73
3 34 11 101
3 34 12 100
3 34 13 28
3 34 14 46
3 34 15 87
3 34 16 52
3 34 17 103
3 34 18 34
3 34 19 32
3 34 20 51
3 34 21 60
3 34 22 106
3 34 23 54
3 34 24 1
3 34 25 65
3 34 26 68
3 34 27 55
3 34 28 80
3 34 29 58
3 34 30 17
3 34 31 89
3 34 32 19
3 34 33 31
3 34 34 6
3 34 35 99
3 34 36 39
3 35 0 47
3 35 1 56
3 35 2 22
3 35 3 7
3 35 4 10
3 35 5 55
3 35 6 25
3 35 7 59
3 35 8 44
3 35 9 108
3 35 10 66
3 35 11 99
3 35 12 20
3 35 13 54
3 35 14 86
3 35 15 71
3 35 16 102
3 35 17 21
3 35 18 28
3 35 19 60
3 35 20 97
3 35 21 105
3 35 22 41
3 35 23 16
3 35 24 92
3 35 25 67
3 35 26 69
3 35 27 79
3 35 28 52
3 35 29 33
3 35 30 88
3 35 31 36
3 35 32 17
3 35 33 32
3 35 34 57
3 35 35 85
3 35 36 77
3 36 0 92
3 36 1 24
3 36 2 16
3 36 3 4
3 36 4 45
3 36 5 10
3 36 6 50
3 36 7 74
3 36 8 73
3 36 9 71
3 36 10 54
3 36 11 28
3 36 12 75
3 36 13 55
3 36 14 43
3 36 15 62
3 36 16 21
3 36 17 29
3 36 18 52
3 36 19 96
3 36 20 104
3 36 21 42
3 36 22 27
3 36 23 91
3 36 24 90
3 36 25 82
3 36 26 78
3 36 27 69
3 36 28 23
3 36 29 49
3 36 30 33
3 36 31 22
3 36 32 6
3 36 33 97
3 36 34 41
3 36 35 76
3 36 36 51
4 0 0 17
4 0 1 5
4 0 2 46
4 0 3 11
4 0 4 51
4 0 5 74
4 0 6 37
4 0 7 72
4 0 8 55
4 0 9 29
4 0 10 75
4 0 11 56
4 0 12 44
4 0 13 63
4 0 14 22
4 0 15 30
4 0 16 53
4 0 17 96
4 0 18 104
4 0 19 43
4 0 20 28
4 0 21 91
4 0 22 90
4 0 23 82
4 0 24 78
4 0 25 70
4 0 26 24
4 0 27 50
4 0 28 34
4 0 29 23
4 0 30 7
4 0 31 97
4 0 32 42
4 0 33 76
4 0 34 52
4 0 35 92
4 0 36 25
4 1 0 5
4 1 1 101
4 1 2 34
4 1 3 85
4 1 4 55
4 1 5 66
4 1 6 98
4 1 7 97
4 1 8 14
4 1 9 65
4 1 10 84
4 1 11 92
4 1 12 100
4 1 13 22
4 1 14 32
4 1 15 87
4 1 16 61
4 1 17 103
4 1 18 49
4 1 19 8
4 1 20 62
4 1 21 89
4 1 22 67
4 1 23 77
4 1 24 60
4 1 25 29
4 1 26 72
4 1 27 36
4 1 28 0
4 1 29 9
4 1 30 96
4 1 31 37
4 1 32 75
4 1 33 71
4 1 34 91
4 1 35 23
4 1 36 19
4 2 0 63
4 2 1 25
4 2 2 55
4 2 3 13
4 2 4 46
4 2 5 41
4 2 6 96
4 2 7 3
4 2 8 71
4 2 9 83
4 2 10 91
4 2 11 99
4 2 12 22
4 2 13 19
4 2 14 86
4 2 15 59
4 2 16 102
4 2 17 75
4 2 18 23
4 2 19 38
4 2 20 88
4 2 21 70
4 2 22 76
4 2 23 101
4 2 24 5
4 2 25 85
4 2 26 10
4 2 27 7
4 2 28 8
4 2 29 40
4 2 30 82
4 2 31 74
4 2 32 43
4 2 33 57
4 2 34 36
4 2 35 24
4 2 36 29
4 3 0 34
4 3 1 40
4 3 2 56
4 3 3 49
4 3 4 72
4 3 5 61
4 3 6 33
4 3 7 67
4 3 8 66
4 3 9 43
4 3 10 57
4 3 11 23
4 3 12 24
4 3 13 62
4 3 14 39
4 3 15 53
4 3 16 52
4 3 17 21
4 3 18 58
4 3 19 47
4 3 20 70
4 3 21 63
4 3 22 42
4 3 23 19
4 3 24 51
4 3 25 30
4 3 26 2
4 3 27 15
4 3 28 50
4 3 29 55
4 3 30 41
4 3 31 64
4 3 32 69
4 3 33 3
4 3 34 16
4 3 35 31
4 3 36 68
4 4 0 82
4 4 1 107
4 4 2 49
4 4 3 95
4 4 4 44
4 4 5 3
4 4 6 108
4 4 7 81
4 4 8 60
4 4 9 97
4 4 10 14
4 4 11 31
4 4 12 84
4 4 13 92
4 4 14 100
4 4 15 48
4 4 16 5
4 4 17 87
4 4 18 41
4 4 19 73
4 4 20 74
4 4 21 64
4 4 22 33
4 4 23 56
4 4 24 30
4 4 25 10
4 4 26 27
4 4 27 62
4 4 28 39
4 4 29 4
4 4 30 101
4 4 31 42
4 4 32 18
4 4 33 35
4 4 34 15
4 4 35 98
4 4 36 12
4 5 0 106
4 5 1 52
4 5 2 94
4 5 3 57
4 5 4 24
4 5 5 70
4 5 6 80
4 5 7 58
4 5 8 96
4 5 9 21
4 5 10 22
4 5 11 83
4 5 12 91
4 5 13 99
4 5 14 54
4 5 15 12
4 5 16 86
4 5 17 85
4 5 18 53
4 5 19 64
4 5 20 98
4 5 21 11
4 5 22 82
4 5 23 14
4 5 24 29
4 5 25 5
4 5 26 92
4 5 27 48
4 5 28 108
4 5 29 45
4 5 30 87
4 5 31 30
4 5 32 6
4 5 33 15
4 5 34 47
4 5 35 26
4 5 36 59
4 6 0 101
4 6 1 93
4 6 2 92
4 6 3 22
4 6 4 39
4 6 5 79
4 6 6 87
4 6 7 66
4 6 8 26
4 6 9 23
4 6 10 56
4 6 11 38
4 6 12 63
4 6 13 108
4 6 14 5
4 6 15 64
4 6 16 47
4 6 17 45
4 6 18 32
4 6 19 68
4 6 20 20
4 6 21 73
4 6 22 16
4 6 23 21
4 6 24 9
4 6 25 91
4 6 26 67
4 6 27 107
4 6 28 40
4 6 29 86
4 6 30 0
4 6 31 1
4 6 32 35
4 6 33 69
4 6 34 3
4 6 35 49
4 6 36 105
4 7 0 51
4 7 1 91
4 7 2 0
4 7 3 40
4 7 4 78
4 7 5 86
4 7 6 58
4 7 7 13
4 7 8 23
4 7 9 81
4 7 10 47
4 7 11 97
4 7 12 64
4 7 13 31
4 7 14 84
4 7 15 52
4 7 16 75
4 7 17 37
4 7 18 59
4 7 19 11
4 7 20 63
4 7 21 3
4 7 22 26
4 7 23 22
4 7 24 62
4 7 25 71
4 7 26 106
4 7 27 98
4 7 28 61
4 7 29 36
4 7 30 8
4 7 31 9
4 7 32 95
4 7 33 16
4 7 34 66
4 7 35 104
4 7 36 49
4 8 0 53
4 8 1 17
4 8 2 64
4 8 3 77
4 8 4 58
4 8 5 67
4 8 6 15
4 8 7 23
4 8 8 80
4 8 9 66
4 8 10 96
4 8 11 72
4 8 12 16
4 8 13 83
4 8 14 82
4 8 15 45
4 8 16 107
4 8 17 95
4 8 18 34
4 8 19 51
4 8 20 3
4 8 21 28
4 8 22 20
4 8 23 73
4 8 24 49
4 8 25 105
4 8 26 42
4 8 27 84
4 8 28 1
4 8 29 22
4 8 30 11
4 8 31 94
4 8 32 21
4 8 33 60
4 8 34 103
4 8 35 63
4 8 36 50
4 9 0 28
4 9 1 48
4 9 2 76
4 9 3 84
4 9 4 92
4 9 5 16
4 9 6 23
4 9 7 79
4 9 8 87
4 9 9 44
4 9 10 52
4 9 11 24
4 9 12 56
4 9 13 68
4 9 14 46
4 9 15 106
4 9 16 94
4 9 17 19
4 9 18 66
4 9 19 34
4 9 20 0
4 9 21 22
4 9 22 59
4 9 23 75
4 9 24 104
4 9 25 57
4 9 26 83
4 9 27 12
4 9 28 27
4 9 29 8
4 9 30 93
4 9 31 11
4 9 32 41
4 9 33 102
4 9 34 98
4 9 35 90
4 9 36 47
4 10 0 57
4 10 1 50
4 10 2 83
4 10 3 91
4 10 4 12
4 10 5 10
4 10 6 78
4 10 7 86
4 10 8 39
4 10 9 54
4 10 10 16
4 10 11 81
4 10 12 38
4 10 13 51
4 10 14 105
4 10 15 93
4 10 16 33
4 10 17 72
4 10 18 9
4 10 19 15
4 10 20 32
4 10 21 87
4 10 22 55
4 10 23 103
4 10 24 95
4 10 25 43
4 10 26 1
4 10 27 13
4 10 28 25
4 10 29 67
4 10 30 27
4 10 31 61
4 10 32 70
4 10 33 40
4 10 34 89
4 10 35 71
4 10 36 6
4 11 0 74
4 11 1 49
4 11 2 45
4 11 3 7
4 11 4 30
4 11 5 77
4 11 6 61
4 11 7 65
4 11 8 41
4 11 9 28
4 11 10 80
4 11 11 50
4 11 12 108
4 11 13 104
4 11 14 62
4 11 15 9
4 11 16 38
4 11 17 36
4 11 18 8
4 11 19 1
4 11 20 86
4 11 21 60
4 11 22 102
4 11 23 94
4 11 24 81
4 11 25 6
4 11 26 32
4 11 27 25
4 11 28 68
4 11 29 17
4 11 30 75
4 11 31 100
4 11 32 40
4 11 33 88
4 11 34 87
4 11 35 14
4 11 36 101
4 12 0 81
4 12 1 39
4 12 2 23
4 12 3 32
4 12 4 76
4 12 5 84
4 12 6 92
4 12 7 59
4 12 8 27
4 12 9 79
4 12 10 42
4 12 11 68
4 12 12 103
4 12 13 58
4 12 14 16
4 12 15 75
4 12 16 20
4 12 17 29
4 12 18 10
4 12 19 62
4 12 20 48
4 12 21 101
4 12 22 93
4 12 23 80
4 12 24 18
4 12 25 0
4 12 26 19
4 12 27 90
4 12 28 31
4 12 29 72
4 12 30 99
4 12 31 95
4 12 32 44
4 12 33 86
4 12 34 12
4 12 35 54
4 12 36 52
4 13 0 66
4 13 1 9
4 13 2 25
4 13 3 51
4 13 4 83
4 13 5 91
4 13 6 101
4 13 7 2
4 13 8 78
4 13 9 47
4 13 10 58
4 13 11 102
4 13 12 90
4 13 13 34
4 13 14 49
4 13 15 23
4 13 16 21
4 13 17 27
4 13 18 84
4 13 19 108
4 13 20 100
4 13 21 41
4 13 22 79
4 13 23 11
4 13 24 14
4 13 25 8
4 13 26 89
4 13 27 29
4 13 28 37
4 13 29 71
4 13 30 94
4 13 31 65
4 13 32 46
4 13 33 18
4 13 34 43
4 13 35 19
4 13 36 80
4 14 0 10
4 14 1 19
4 14 2 74
4 14 3 37
4 14 4 52
4 14 5 72
4 14 6 30
4 14 7 77
4 14 8 56
4 14 9 41
4 14 10 65
4 14 11 89
4 14 12 5
4 14 13 44
4 14 14 26
4 14 15 2
4 14 16 32
4 14 17 83
4 14 18 55
4 14 19 99
4 14 20 60
4 14 21 78
4 14 22 24
4 14 23 0
4 14 24 36
4 14 25 88
4 14 26 14
4 14 27 58
4 14 28 97
4 14 29 93
4 14 30 85
4 14 31 84
4 14 32 3
4 14 33 98
4 14 34 50
4 14 35 79
4 14 36 87
4 15 0 3
4 15 1 68
4 15 2 81
4 15 3 69
4 15 4 70
4 15 5 17
4 15 6 76
4 15 7 75
4 15 8 45
4 15 9 100
4 15 10 88
4 15 11 20
4 15 12 46
4 15 13 2
4 15 14 31
4 15 15 7
4 15 16 63
4 15 17 40
4 15 18 98
4 15 19 90
4 15 20 77
4 15 21 24
4 15 22 15
4 15 23 18
4 15 24 65
4 15 25 26
4 15 26 108
4 15 27 96
4 15 28 67
4 15 29 38
4 15 30 83
4 15 31 6
4 15 32 39
4 15 33 107
4 15 34 78
4 15 35 86
4 15 36 14
4 16 0 24
4 16 1 80
4 16 2 42
4 16 3 98
4 16 4 23
4 16 5 69
4 16 6 39
4 16 7 47
4 16 8 99
4 16 9 49
4 16 10 5
4 16 11 108
4 16 12 26
4 16 13 10
4 16 14 25
4 16 15 81
4 16 16 57
4 16 17 97
4 16 18 89
4 16 19 76
4 16 20 7
4 16 21 1
4 16 22 35
4 16 23 46
4 16 24 2
4 16 25 55
4 16 26 50
4 16 27 51
4 16 28 44
4 16 29 63
4 16 30 32
4 16 31 67
4 16 32 106
4 16 33 77
4 16 34 65
4 16 35 17
4 16 36 34
4 17 0 79
4 17 1 87
4 17 2 50
4 17 3 8
4 17 4 74
4 17 5 65
4 17 6 66
4 17 7 55
4 17 8 42
4 17 9 10
4 17 10 41
4 17 11 13
4 17 12 0
4 17 13 1
4 17 14 80
4 17 15 67
4 17 16 96
4 17 17 88
4 17 18 48
4 17 19 12
4 17 20 6
4 17 21 9
4 17 22 85
4 17 23 36
4 17 24 45
4 17 25 39
4 17 26 90
4 17 27 82
4 17 28 81
4 17 29 7
4 17 30 95
4 17 31 105
4 17 32 76
4 17 33 84
4 17 34 19
4 17 35 22
4 17 36 46
4 18 0 86
4 18 1 65
4 18 2 16
4 18 3 47
4 18 4 71
4 18 5 101
4 18 6 97
4 18 7 85
4 18 8 20
4 18 9 55
4 18 10 18
4 18 11 10
4 18 12 25
4 18 13 79
4 18 14 57
4 18 15 95
4 18 16 68
4 18 17 74
4 18 18 5
4 18 19 33
4 18 20 35
4 18 21 46
4 18 22 34
4 18 23 49
4 18 24 39
4 18 25 89
4 18 26 38
4 18 27 80
4 18 28 28
4 18 29 94
4 18 30 104
4 18 31 50
4 18 32 83
4 18 33 21
4 18 34 32
4 18 35 107
4 18 36 78
4 19 0 95
4 19 1 21
4 19 2 29
4 19 3 108
4 19 4 37
4 19 5 96
4 19 6 60
4 19 7 0
4 19 8 63
4 19 9 30
4 19 10 23
4 19 11 15
4 19 12 78
4 19 13 71
4 19 14 94
4 19 15 51
4 19 16 40
4 19 17 13
4 19 18 11
4 19 19 28
4 19 20 55
4 19 21 2
4 19 22 73
4 19 23 92
4 19 24 88
4 19 25 52
4 19 26 79
4 19 27 17
4 19 28 93
4 19 29 103
4 19 30 74
4 19 31 66
4 19 32 20
4 19 33 33
4 19 34 106
4 19 35 77
4 19 36 58
4 20 0 9
4 20 1 56
4 20 2 69
4 20 3 38
4 20 4 66
4 20 5 59
4 20 6 0
4 20 7 46
4 20 8 17
4 20 9 32
4 20 10 26
4 20 11 77
4 20 12 101
4 20 13 93
4 20 14 85
4 20 15 6
4 20 16 30
4 20 17 8
4 20 18 29
4 20 19 82
4 20 20 12
4 20 21 47
4 20 22 91
4 20 23 45
4 20 24 42
4 20 25 78
4 20 26 7
4 20 27 55
4 20 28 102
4 20 29 70
4 20 30 81
4 20 31 21
4 20 32 33
4 20 33 105
4 20 34 76
4 20 35 84
4 20 36 94
4 21 0 107
4 21 1 55
4 21 2 98
4 21 3 43
4 21 4 82
4 21 5 28
4 21 6 49
4 21 7 36
4 21 8 29
4 21 9 34
4 21 10 76
4 21 11 61
4 21 12 92
4 21 13 48
4 21 14 68
4 21 15 19
4 21 16 14
4 21 17 6
4 21 18 72
4 21 19 7
4 21 20 40
4 21 21 57
4 21 22 66
4 21 23 52
4 21 24 77
4 21 25 32
4 21 26 65
4 21 27 60
4 21 28 20
4 21 29 80
4 21 30 9
4 21 31 31
4 21 32 104
4 21 33 62
4 21 34 83
4 21 35 93
4 21 36 27
4 22 0 67
4 22 1 53
4 22 2 62
4 22 3 42
4 22 4 34
4 22 5 47
4 22 6 9
4 22 7 18
4 22 8 21
4 22 9 51
4 22 10 71
4 22 11 91
4 22 12 58
4 22 13 107
4 22 14 7
4 22 15 17
4 22 16 2
4 22 17 70
4 22 18 35
4 22 19 101
4 22 20 39
4 22 21 85
4 22 22 64
4 22 23 76
4 22 24 25
4 22 25 90
4 22 26 100
4 22 27 57
4 22 28 79
4 22 29 11
4 22 30 1
4 22 31 103
4 22 32 74
4 22 33 59
4 22 34 54
4 22 35 28
4 22 36 106
4 23 0 37
4 23 1 92
4 23 2 72
4 23 3 10
4 23 4 101
4 23 5 6
4 23 6 28
4 23 7 1
4 23 8 74
4 23 9 98
4 23 10 90
4 23 11 82
4 23 12 106
4 23 13 24
4 23 14 27
4 23 15 36
4 23 16 73
4 23 17 11
4 23 18 60
4 23 19 53
4 23 20 44
4 23 21 50
4 23 22 63
4 23 23 17
4 23 24 89
4 23 25 99
4 23 26 107
4 23 27 78
4 23 28 7
4 23 29 34
4 23 30 102
4 23 31 49
4 23 32 81
4 23 33 64
4 23 34 20
4 23 35 105
4 23 36 40
4 24 0 91
4 24 1 46
4 24 2 1
4 24 3 64
4 24 4 2
4 24 5 31
4 24 6 26
4 24 7 42
4 24 8 68
4 24 9 89
4 24 10 48
4 24 11 105
4 24 12 11
4 24 13 16
4 24 14 9
4 24 15 56
4 24 16 17
4 24 17 59
4 24 18 87
4 24 19 45
4 24 20 75
4 24 21 74
4 24 22 18
4 24 23 88
4 24 24 61
4 24 25 106
4 24 26 77
4 24 27 14
4 24 28 36
4 24 29 53
4 24 30 25
4 24 31 80
4 24 32 90
4 24 33 13
4 24 34 104
4 24 35 67
4 24 36 95
4 25 0 70
4 25 1 33
4 25 2 73
4 25 3 16
4 25 4 0
4 25 5 15
4 25 6 2
4 25 7 51
4 25 8 88
4 25 9 62
4 25 10 104
4 25 11 19
4 25 12 13
4 25 13 28
4 25 14 64
4 25 15 8
4 25 16 98
4 25 17 86
4 25 18 82
4 25 19 48
4 25 20 72
4 25 21 36
4 25 22 54
4 25 23 97
4 25 24 105
4 25 25 76
4 25 26 12
4 25 27 24
4 25 28 100
4 25 29 69
4 25 30 79
4 25 31 89
4 25 32 1
4 25 33 103
4 25 34 44
4 25 35 94
4 25 36 43
4 26 0 6
4 26 1 98
4 26 2 17
4 26 3 34
4 26 4 32
4 26 5 71
4 26 6 95
4 26 7 87
4 26 8 52
4 26 9 103
4 26 10 30
4 26 11 22
4 26 12 15
4 26 13 41
4 26 14 8
4 26 15 40
4 26 16 64
4 26 17 53
4 26 18 54
4 26 19 16
4 26 20 24
4 26 21 69
4 26 22 96
4 26 23 104
4 26 24 73
4 26 25 12
4 26 26 25
4 26 27 99
4 26 28 107
4 26 29 78
4 26 30 88
4 26 31 28
4 26 32 102
4 26 33 101
4 26 34 93
4 26 35 43
4 26 36 37
4 27 0 73
4 27 1 10
4 27 2 12
4 27 3 3
4 27 4 107
4 27 5 94
4 27 6 86
4 27 7 62
4 27 8 102
4 27 9 20
4 27 10 35
4 27 11 27
4 27 12 75
4 27 13 25
4 27 14 70
4 27 15 84
4 27 16 72
4 27 17 43
4 27 18 50
4 27 19 29
4 27 20 85
4 27 21 40
4 27 22 103
4 27 23 74
4 27 24 13
4 27 25 24
4 27 26 54
4 27 27 106
4 27 28 77
4 27 29 52
4 27 30 17
4 27 31 56
4 27 32 38
4 27 33 68
4 27 34 69
4 27 35 64
4 27 36 11
4 28 0 36
4 28 1 2
4 28 2 33
4 28 3 106
4 28 4 93
4 28 5 85
4 28 6 42
4 28 7 56
4 28 8 7
4 28 9 8
4 28 10 32
4 28 11 73
4 28 12 35
4 28 13 95
4 28 14 83
4 28 15 37
4 28 16 108
4 28 17 107
4 28 18 0
4 28 19 49
4 28 20 50
4 28 21 102
4 28 22 51
4 28 23 23
4 28 24 26
4 28 25 97
4 28 26 105
4 28 27 76
4 28 28 43
4 28 29 1
4 28 30 100
4 28 31 44
4 28 32 52
4 28 33 87
4 28 34 75
4 28 35 9
4 28 36 54
4 29 0 7
4 29 1 1
4 29 2 105
4 29 3 59
4 29 4 84
4 29 5 64
4 29 6 100
4 29 7 20
4 29 8 35
4 29 9 19
4 29 10 38
4 29 11 3
4 29 12 94
4 29 13 54
4 29 14 41
4 29 15 63
4 29 16 106
4 29 17 22
4 29 18 47
4 29 19 67
4 29 20 45
4 29 21 21
4 29 22 11
4 29 23 28
4 29 24 96
4 29 25 104
4 29 26 69
4 29 27 85
4 29 28 13
4 29 29 99
4 29 30 98
4 29 31 90
4 29 32 86
4 29 33 61
4 29 34 6
4 29 35 95
4 29 36 10
4 30 0 21
4 30 1 104
4 30 2 41
4 30 3 83
4 30 4 75
4 30 5 99
4 30 6 1
4 30 7 14
4 30 8 6
4 30 9 70
4 30 10 25
4 30 11 93
4 30 12 81
4 30 13 61
4 30 14 72
4 30 15 105
4 30 16 28
4 30 17 82
4 30 18 92
4 30 19 100
4 30 20 68
4 30 21 5
4 30 22 31
4 30 23 53
4 30 24 103
4 30 25 74
4 30 26 39
4 30 27 2
4 30 28 73
4 30 29 54
4 30 30 89
4 30 31 48
4 30 32 45
4 30 33 19
4 30 34 94
4 30 35 27
4 30 36 30
4 31 0 103
4 31 1 90
4 31 2 82
4 31 3 71
4 31 4 57
4 31 5 13
4 31 6 6
4 31 7 19
4 31 8 108
4 31 9 3
4 31 10 61
4 31 11 80
4 31 12 51
4 31 13 40
4 31 14 104
4 31 15 15
4 31 16 60
4 31 17 91
4 31 18 99
4 31 19 107
4 31 20 26
4 31 21 35
4 31 22 43
4 31 23 102
4 31 24 67
4 31 25 65
4 31 26 5
4 31 27 97
4 31 28 38
4 31 29 88
4 31 30 84
4 31 31 47
4 31 32 31
4 31 33 93
4 31 34 9
4 31 35 8
4 31 36 21
4 32 0 89
4 32 1 81
4 32 2 59
4 32 3 97
4 32 4 18
4 32 5 24
4 32 6 22
4 32 7 44
4 32 8 11
4 32 9 57
4 32 10 79
4 32 11 75
4 32 12 69
4 32 13 103
4 32 14 6
4 32 15 41
4 32 16 54
4 32 17 58
4 32 18 106
4 32 19 20
4 32 20 36
4 32 21 37
4 32 22 70
4 32 23 26
4 32 24 82
4 32 25 27
4 32 26 96
4 32 27 95
4 32 28 42
4 32 29 83
4 32 30 108
4 32 31 16
4 32 32 51
4 32 33 0
4 32 34 31
4 32 35 34
4 32 36 102
4 33 0 80
4 33 1 64
4 33 2 96
4 33 3 35
4 33 4 16
4 33 5 25
4 33 6 47
4 33 7 29
4 33 8 90
4 33 9 78
4 33 10 68
4 33 11 44
4 33 12 102
4 33 13 18
4 33 14 65
4 33 15 43
4 33 16 97
4 33 17 105
4 33 18 13
4 33 19 22
4 33 20 92
4 33 21 100
4 33 22 69
4 33 23 62
4 33 24 33
4 33 25 48
4 33 26 94
4 33 27 42
4 33 28 49
4 33 29 58
4 33 30 14
4 33 31 52
4 33 32 26
4 33 33 8
4 33 34 27
4 33 35 39
4 33 36 88
4 34 0 108
4 34 1 60
4 34 2 7
4 34 3 0
4 34 4 9
4 34 5 53
4 34 6 36
4 34 7 89
4 34 8 77
4 34 9 73
4 34 10 51
4 34 11 63
4 34 12 17
4 34 13 67
4 34 14 38
4 34 15 96
4 34 16 104
4 34 17 15
4 34 18 1
4 34 19 91
4 34 20 99
4 34 21 107
4 34 22 71
4 34 23 31
4 34 24 72
4 34 25 93
4 34 26 85
4 34 27 81
4 34 28 41
4 34 29 28
4 34 30 90
4 34 31 20
4 34 32 13
4 34 33 2
4 34 34 100
4 34 35 62
4 34 36 79
4 35 0 46
4 35 1 13
4 35 2 30
4 35 3 36
4 35 4 68
4 35 5 12
4 35 6 88
4 35 7 76
4 35 8 37
4 35 9 101
4 35 10 100
4 35 11 29
4 35 12 47
4 35 13 87
4 35 14 53
4 35 15 103
4 35 16 35
4 35 17 33
4 35 18 52
4 35 19 61
4 35 20 106
4 35 21 55
4 35 22 2
4 35 23 66
4 35 24 69
4 35 25 56
4 35 26 80
4 35 27 59
4 35 28 18
4 35 29 89
4 35 30 20
4 35 31 32
4 35 32 7
4 35 33 99
4 35 34 40
4 35 35 78
4 35 36 70
4 36 0 23
4 36 1 8
4 36 2 11
4 36 3 56
4 36 4 26
4 36 5 60
4 36 6 45
4 36 7 108
4 36 8 67
4 36 9 99
4 36 10 21
4 36 11 55
4 36 12 86
4 36 13 72
4 36 14 102
4 36 15 22
4 36 16 29
4 36 17 61
4 36 18 97
4 36 19 105
4 36 20 42
4 36 21 17
4 36 22 92
4 36 23 68
4 36 24 70
4 36 25 79
4 36 26 53
4 36 27 34
4 36 28 88
4 36 29 0
4 36 30 18
4 36 31 33
4 36 32 58
4 36 33 85
4 36 34 77
4 36 35 48
4 36 36 57
5 0 0 12
5 0 1 57
5 0 2 27
5 0 3 61
5 0 4 46
5 0 5 108
5 0 6 68
5 0 7 99
5 0 8 22
5 0 9 56
5 0 10 86
5 0 11 73
5 0 12 102
5 0 13 23
5 0 14 30
5 0 15 62
5 0 16 97
5 0 17 105
5 0 18 43
5 0 19 18
5 0 20 92
5 0 21 69
5 0 22 71
5 0 23 79
5 0 24 54
5 0 25 35
5 0 26 88
5 0 27 1
5 0 28 19
5 0 29 34
5 0 30 59
5 0 31 85
5 0 32 77
5 0 33 49
5 0 34 58
5 0 35 24
5 0 36 9
5 1 0 47
5 1 1 12
5 1 2 52
5 1 3 74
5 1 4 38
5 1 5 73
5 1 6 56
5 1 7 30
5 1 8 75
5 1 9 57
5 1 10 45
5 1 11 64
5 1 12 23
5 1 13 31
5 1 14 54
5 1 15 96
5 1 16 104
5 1 17 44
5 1 18 29
5 1 19 91
5 1 20 90
5 1 21 82
5 1 22 78
5 1 23 71
5 1 24 25
5 1 25 51
5 1 26 35
5 1 27 24
5 1 28 8
5 1 29 97
5 1 30 43
5 1 31 76
5 1 32 53
5 1 33 92
5 1 34 26
5 1 35 18
5 1 36 6
5 2 0 35
5 2 1 85
5 2 2 56
5 2 3 67
5 2 4 98
5 2 5 97
5 2 6 15
5 2 7 66
5 2 8 84
5 2 9 92
5 2 10 100
5 2 11 23
5 2 12 33
5 2 13 87
5 2 14 62
5 2 15 103
5 2 16 50
5 2 17 9
5 2 18 63
5 2 19 89
5 2 20 68
5 2 21 77
5 2 22 61
5 2 23 30
5 2 24 73
5 2 25 0
5 2 26 1
5 2 27 10
5 2 28 96
5 2 29 38
5 2 30 75
5 2 31 72
5 2 32 91
5 2 33 24
5 2 34 20
5 2 35 6
5 2 36 101
5 3 0 56
5 3 1 14
5 3 2 47
5 3 3 42
5 3 4 96
5 3 5 4
5 3 6 72
5 3 7 83
5 3 8 91
5 3 9 99
5 3 10 23
5 3 11 20
5 3 12 86
5 3 13 60
5 3 14 102
5 3 15 75
5 3 16 24
5 3 17 39
5 3 18 88
5 3 19 71
5 3 20 76
5 3 21 101
5 3 22 6
5 3 23 85
5 3 24 11
5 3 25 8
5 3 26 9
5 3 27 41
5 3 28 82
5 3 29 74
5 3 30 44
5 3 31 58
5 3 32 0
5 3 33 25
5 3 34 30
5 3 35 64
5 3 36 26
5 4 0 57
5 4 1 50
5 4 2 73
5 4 3 62
5 4 4 34
5 4 5 68
5 4 6 67
5 4 7 44
5 4 8 58
5 4 9 24
5 4 10 25
5 4 11 63
5 4 12 40
5 4 13 54
5 4 14 53
5 4 15 22
5 4 16 59
5 4 17 48
5 4 18 71
5 4 19 64
5 4 20 43
5 4 21 20
5 4 22 52
5 4 23 31
5 4 24 3
5 4 25 16
5 4 26 51
5 4 27 56
5 4 28 42
5 4 29 65
5 4 30 70
5 4 31 4
5 4 32 17
5 4 33 32
5 4 34 69
5 4 35 35
5 4 36 41
5 5 0 50
5 5 1 95
5 5 2 45
5 5 3 4
5 5 4 108
5 5 5 81
5 5 6 61
5 5 7 97
5 5 8 15
5 5 9 32
5 5 10 84
5 5 11 92
5 5 12 100
5 5 13 49
5 5 14 6
5 5 15 87
5 5 16 42
5 5 17 37
5 5 18 74
5 5 19 65
5 5 20 34
5 5 21 57
5 5 22 31
5 5 23 11
5 5 24 28
5 5 25 63
5 5 26 40
5 5 27 5
5 5 28 101
5 5 29 43
5 5 30 19
5 5 31 36
5 5 32 16
5 5 33 98
5 5 34 13
5 5 35 82
5 5 36 107
5 6 0 94
5 6 1 58
5 6 2 25
5 6 3 71
5 6 4 80
5 6 5 59
5 6 6 96
5 6 7 22
5 6 8 23
5 6 9 83
5 6 10 91
5 6 11 99
5 6 12 55
5 6 13 13
5 6 14 86
5 6 15 85
5 6 16 54
5 6 17 65
5 6 18 98
5 6 19 12
5 6 20 82
5 6 21 15
5 6 22 30
5 6 23 6
5 6 24 92
5 6 25 49
5 6 26 108
5 6 27 46
5 6 28 87
5 6 29 31
5 6 30 7
5 6 31 16
5 6 32 48
5 6 33 27
5 6 34 60
5 6 35 106
5 6 36 53
5 7 0 92
5 7 1 23
5 7 2 40
5 7 3 79
5 7 4 87
5 7 5 67
5 7 6 27
5 7 7 24
5 7 8 57
5 7 9 39
5 7 10 64
5 7 11 108
5 7 12 6
5 7 13 65
5 7 14 48
5 7 15 46
5 7 16 33
5 7 17 69
5 7 18 21
5 7 19 37
5 7 20 17
5 7 21 22
5 7 22 10
5 7 23 91
5 7 24 68
5 7 25 107
5 7 26 41
5 7 27 86
5 7 28 1
5 7 29 2
5 7 30 36
5 7 31 70
5 7 32 4
5 7 33 50
5 7 34 105
5 7 35 101
5 7 36 93
5 8 0 1
5 8 1 41
5 8 2 78
5 8 3 86
5 8 4 59
5 8 5 14
5 8 6 24
5 8 7 81
5 8 8 48
5 8 9 97
5 8 10 65
5 8 11 32
5 8 12 84
5 8 13 53
5 8 14 75
5 8 15 38
5 8 16 60
5 8 17 12
5 8 18 64
5 8 19 4
5 8 20 27
5 8 21 23
5 8 22 63
5 8 23 72
5 8 24 106
5 8 25 98
5 8 26 62
5 8 27 0
5 8 28 9
5 8 29 10
5 8 30 95
5 8 31 17
5 8 32 67
5 8 33 104
5 8 34 50
5 8 35 52
5 8 36 91
5 9 0 65
5 9 1 77
5 9 2 59
5 9 3 68
5 9 4 16
5 9 5 24
5 9 6 80
5 9 7 67
5 9 8 96
5 9 9 73
5 9 10 17
5 9 11 83
5 9 12 82
5 9 13 46
5 9 14 107
5 9 15 95
5 9 16 35
5 9 17 52
5 9 18 4
5 9 19 29
5 9 20 21
5 9 21 37
5 9 22 50
5 9 23 105
5 9 24 43
5 9 25 84
5 9 26 2
5 9 27 23
5 9 28 12
5 9 29 94
5 9 30 22
5 9 31 61
5 9 32 103
5 9 33 64
5 9 34 51
5 9 35 54
5 9 36 18
5 10 0 76
5 10 1 84
5 10 2 92
5 10 3 17
5 10 4 24
5 10 5 79
5 10 6 87
5 10 7 45
5 10 8 53
5 10 9 25
5 10 10 57
5 10 11 69
5 10 12 47
5 10 13 106
5 10 14 94
5 10 15 20
5 10 16 67
5 10 17 35
5 10 18 1
5 10 19 23
5 10 20 60
5 10 21 75
5 10 22 104
5 10 23 58
5 10 24 83
5 10 25 13
5 10 26 28
5 10 27 9
5 10 28 93
5 10 29 12
5 10 30 42
5 10 31 102
5 10 32 98
5 10 33 90
5 10 34 48
5 10 35 29
5 10 36 49
5 11 0 83
5 11 1 91
5 11 2 13
5 11 3 11
5 11 4 78
5 11 5 86
5 11 6 40
5 11 7 55
5 11 8 17
5 11 9 81
5 11 10 39
5 11 11 52
5 11 12 105
5 11 13 93
5 11 14 34
5 11 15 73
5 11 16 10
5 11 17 16
5 11 18 33
5 11 19 87
5 11 20 56
5 11 21 103
5 11 22 95
5 11 23 44
5 11 24 2
5 11 25 14
5 11 26 26
5 11 27 68
5 11 28 28
5 11 29 62
5 11 30 71
5 11 31 41
5 11 32 89
5 11 33 72
5 11 34 7
5 11 35 58
5 11 36 51
5 12 0 46
5 12 1 8
5 12 2 31
5 12 3 77
5 12 4 62
5 12 5 66
5 12 6 42
5 12 7 29
5 12 8 80
5 12 9 51
5 12 10 108
5 12 11 104
5 12 12 63
5 12 13 10
5 12 14 39
5 12 15 0
5 12 16 9
5 12 17 2
5 12 18 86
5 12 19 61
5 12 20 102
5 12 21 94
5 12 22 81
5 12 23 7
5 12 24 33
5 12 25 26
5 12 26 69
5 12 27 18
5 12 28 75
5 12 29 100
5 12 30 41
5 12 31 88
5 12 32 87
5 12 33 15
5 12 34 101
5 12 35 74
5 12 36 50
5 13 0 24
5 13 1 33
5 13 2 76
5 13 3 84
5 13 4 92
5 13 5 60
5 13 6 28
5 13 7 79
5 13 8 43
5 13 9 69
5 13 10 103
5 13 11 59
5 13 12 17
5 13 13 75
5 13 14 21
5 13 15 30
5 13 16 11
5 13 17 63
5 13 18 49
5 13 19 101
5 13 20 93
5 13 21 80
5 13 22 19
5 13 23 1
5 13 24 20
5 13 25 90
5 13 26 32
5 13 27 73
5 13 28 99
5 13 29 95
5 13 30 45
5 13 31 86
5 13 32 13
5 13 33 55
5 13 34 53
5 13 35 81
5 13 36 40
5 14 0 26
5 14 1 52
5 14 2 83
5 14 3 91
5 14 4 101
5 14 5 3
5 14 6 78
5 14 7 48
5 14 8 59
5 14 9 102
5 14 10 90
5 14 11 35
5 14 12 50
5 14 13 24
5 14 14 22
5 14 15 28
5 14 16 84
5 14 17 108
5 14 18 100
5 14 19 42
5 14 20 79
5 14 21 12
5 14 22 15
5 14 23 9
5 14 24 89
5 14 25 30
5 14 26 38
5 14 27 72
5 14 28 94
5 14 29 66
5 14 30 47
5 14 31 19
5 14 32 44
5 14 33 20
5 14 34 80
5 14 35 67
5 14 36 10
5 15 0 74
5 15 1 38
5 15 2 53
5 15 3 73
5 15 4 31
5 15 5 77
5 15 6 57
5 15 7 42
5 15 8 66
5 15 9 89
5 15 10 6
5 15 11 45
5 15 12 27
5 15 13 3
5 15 14 33
5 15 15 83
5 15 16 56
5 15 17 99
5 15 18 61
5 15 19 78
5 15 20 25
5 15 21 1
5 15 22 0
5 15 23 88
5 15 24 15
5 15 25 59
5 15 26 97
5 15 27 93
5 15 28 85
5 15 29 84
5 15 30 4
5 15 31 98
5 15 32 51
5 15 33 79
5 15 34 87
5 15 35 11
5 15 36 20
5 16 0 81
5 16 1 70
5 16 2 71
5 16 3 18
5 16 4 76
5 16 5 75
5 16 6 46
5 16 7 100
5 16 8 88
5 16 9 21
5 16 10 47
5 16 11 3
5 16 12 32
5 16 13 8
5 16 14 64
5 16 15 41
5 16 16 98
5 16 17 90
5 16 18 77
5 16 19 25
5 16 20 16
5 16 21 19
5 16 22 66
5 16 23 27
5 16 24 108
5 16 25 96
5 16 26 68
5 16 27 39
5 16 28 83
5 16 29 7
5 16 30 40
5 16 31 107
5 16 32 78
5 16 33 86
5 16 34 15
5 16 35 4
5 16 36 69
5 17 0 43
5 17 1 98
5 17 2 24
5 17 3 70
5 17 4 40
5 17 5 48
5 17 6 99
5 17 7 50
5 17 8 6
5 17 9 108
5 17 10 27
5 17 11 11
5 17 12 26
5 17 13 81
5 17 14 58
5 17 15 97
5 17 16 89
5 17 17 76
5 17 18 8
5 17 19 2
5 17 20 36
5 17 21 47
5 17 22 3
5 17 23 56
5 17 24 51
5 17 25 52
5 17 26 45
5 17 27 64
5 17 28 33
5 17 29 68
5 17 30 106
5 17 31 77
5 17 32 66
5 17 33 18
5 17 34 35
5 17 35 25
5 17 36 80
5 18 0 51
5 18 1 9
5 18 2 74
5 18 3 66
5 18 4 67
5 18 5 56
5 18 6 43
5 18 7 11
5 18 8 42
5 18 9 14
5 18 10 1
5 18 11 2
5 18 12 80
5 18 13 68
5 18 14 96
5 18 15 88
5 18 16 49
5 18 17 13
5 18 18 7
5 18 19 10
5 18 20 85
5 18 21 0
5 18 22 46
5 18 23 40
5 18 24 90
5 18 25 82
5 18 26 81
5 18 27 8
5 18 28 95
5 18 29 105
5 18 30 76
5 18 31 84
5 18 32 20
5 18 33 23
5 18 34 47
5 18 35 79
5 18 36 87
5 19 0 17
5 19 1 48
5 19 2 72
5 19 3 101
5 19 4 97
5 19 5 85
5 19 6 21
5 19 7 56
5 19 8 19
5 19 9 11
5 19 10 26
5 19 11 79
5 19 12 58
5 19 13 95
5 19 14 69
5 19 15 74
5 19 16 6
5 19 17 34
5 19 18 36
5 19 19 47
5 19 20 35
5 19 21 50
5 19 22 40
5 19 23 89
5 19 24 39
5 19 25 80
5 19 26 29
5 19 27 94
5 19 28 104
5 19 29 51
5 19 30 83
5 19 31 22
5 19 32 33
5 19 33 107
5 19 34 78
5 19 35 86
5 19 36 66
5 20 0 30
5 20 1 108
5 20 2 38
5 20 3 96
5 20 4 61
5 20 5 1
5 20 6 64
5 20 7 31
5 20 8 24
5 20 9 16
5 20 10 78
5 20 11 72
5 20 12 94
5 20 13 52
5 20 14 41
5 20 15 14
5 20 16 12
5 20 17 29
5 20 18 56
5 20 19 3
5 20 20 37
5 20 21 92
5 20 22 88
5 20 23 53
5 20 24 79
5 20 25 18
5 20 26 93
5 20 27 103
5 20 28 74
5 20 29 67
5 20 30 21
5 20 31 34
5 20 32 106
5 20 33 77
5 20 34 59
5 20 35 95
5 20 36 22
5 21 0 70
5 21 1 39
5 21 2 67
5 21 3 60
5 21 4 1
5 21 5 47
5 21 6 18
5 21 7 33
5 21 8 27
5 21 9 77
5 21 10 101
5 21 11 93
5 21 12 85
5 21 13 7
5 21 14 31
5 21 15 9
5 21 16 30
5 21 17 82
5 21 18 13
5 21 19 48
5 21 20 91
5 21 21 46
5 21 22 43
5 21 23 78
5 21 24 8
5 21 25 56
5 21 26 102
5 21 27 71
5 21 28 81
5 21 29 22
5 21 30 34
5 21 31 105
5 21 32 76
5 21 33 84
5 21 34 94
5 21 35 10
5 21 36 57
5 22 0 98
5 22 1 44
5 22 2 82
5 22 3 29
5 22 4 50
5 22 5 0
5 22 6 30
5 22 7 35
5 22 8 76
5 22 9 62
5 22 10 92
5 22 11 49
5 22 12 69
5 22 13 20
5 22 14 15
5 22 15 7
5 22 16 73
5 22 17 8
5 22 18 41
5 22 19 58
5 22 20 67
5 22 21 53
5 22 22 77
5 22 23 33
5 22 24 66
5 22 25 61
5 22 26 21
5 22 27 80
5 22 28 10
5 22 29 32
5 22 30 104
5 22 31 63
5 22 32 83
5 22 33 93
5 22 34 28
5 22 35 107
5 22 36 56
5 23 0 63
5 23 1 43
5 23 2 35
5 23 3 48
5 23 4 10
5 23 5 19
5 23 6 22
5 23 7 52
5 23 8 72
5 23 9 91
5 23 10 59
5 23 11 107
5 23 12 8
5 23 13 18
5 23 14 3
5 23 15 71
5 23 16 36
5 23 17 101
5 23 18 40
5 23 19 85
5 23 20 65
5 23 21 76
5 23 22 26
5 23 23 90
5 23 24 100
5 23 25 58
5 23 26 79
5 23 27 12
5 23 28 2
5 23 29 103
5 23 30 74
5 23 31 60
5 23 32 55
5 23 33 29
5 23 34 106
5 23 35 68
5 23 36 54
5 24 0 73
5 24 1 11
5 24 2 101
5 24 3 7
5 24 4 29
5 24 5 2
5 24 6 74
5 24 7 98
5 24 8 90
5 24 9 82
5 24 10 106
5 24 11 25
5 24 12 28
5 24 13 0
5 24 14 37
5 24 15 12
5 24 16 61
5 24 17 54
5 24 18 45
5 24 19 51
5 24 20 64
5 24 21 18
5 24 22 89
5 24 23 99
5 24 24 107
5 24 25 78
5 24 26 8
5 24 27 35
5 24 28 102
5 24 29 50
5 24 30 81
5 24 31 65
5 24 32 21
5 24 33 105
5 24 34 41
5 24 35 38
5 24 36 92
5 25 0 2
5 25 1 65
5 25 2 3
5 25 3 32
5 25 4 27
5 25 5 43
5 25 6 69
5 25 7 89
5 25 8 49
5 25 9 105
5 25 10 12
5 25 11 17
5 25 12 10
5 25 13 57
5 25 14 18
5 25 15 60
5 25 16 87
5 25 17 46
5 25 18 75
5 25 19 74
5 25 20 19
5 25 21 88
5 25 22 62
5 25 23 106
5 25 24 77
5 25 25 15
5 25 26 0
5 25 27 54
5 25 28 26
5 25 29 80
5 25 30 90
5 25 31 14
5 25 32 104
5 25 33 68
5 25 34 95
5 25 35 91
5 25 36 47
5 26 0 37
5 26 1 17
5 26 2 1
5 26 3 16
5 26 4 3
5 26 5 52
5 26 6 88
5 26 7 63
5 26 8 104
5 26 9 20
5 26 10 14
5 26 11 29
5 26 12 65
5 26 13 9
5 26 14 98
5 26 15 86
5 26 16 82
5 26 17 49
5 26 18 73
5 26 19 0
5 26 20 55
5 26 21 97
5 26 22 105
5 26 23 76
5 26 24 13
5 26 25 25
5 26 26 100
5 26 27 70
5 26 28 79
5 26 29 89
5 26 30 2
5 26 31 103
5 26 32 45
5 26 33 94
5 26 34 44
5 26 35 71
5 26 36 34
5 27 0 18
5 27 1 35
5 27 2 33
5 27 3 72
5 27 4 95
5 27 5 87
5 27 6 53
5 27 7 103
5 27 8 31
5 27 9 23
5 27 10 16
5 27 11 42
5 27 12 9
5 27 13 41
5 27 14 65
5 27 15 54
5 27 16 55
5 27 17 17
5 27 18 25
5 27 19 70
5 27 20 96
5 27 21 104
5 27 22 37
5 27 23 13
5 27 24 26
5 27 25 99
5 27 26 107
5 27 27 78
5 27 28 88
5 27 29 29
5 27 30 102
5 27 31 101
5 27 32 93
5 27 33 44
5 27 34 38
5 27 35 7
5 27 36 98
5 28 0 13
5 28 1 4
5 28 2 107
5 28 3 94
5 28 4 86
5 28 5 63
5 28 6 102
5 28 7 21
5 28 8 36
5 28 9 28
5 28 10 75
5 28 11 26
5 28 12 71
5 28 13 84
5 28 14 73
5 28 15 44
5 28 16 51
5 28 17 30
5 28 18 85
5 28 19 41
5 28 20 103
5 28 21 74
5 28 22 14
5 28 23 25
5 28 24 55
5 28 25 106
5 28 26 77
5 28 27 53
5 28 28 18
5 28 29 57
5 28 30 39
5 28 31 69
5 28 32 70
5 28 33 65
5 28 34 12
5 28 35 37
5 28 36 11
5 29 0 34
5 29 1 106
5 29 2 93
5 29 3 85
5 29 4 43
5 29 5 57
5 29 6 8
5 29 7 9
5 29 8 33
5 29 9 37
5 29 10 36
5 29 11 95
5 29 12 83
5 29 13 38
5 29 14 108
5 29 15 107
5 29 16 1
5 29 17 50
5 29 18 51
5 29 19 102
5 29 20 52
5 29 21 24
5 29 22 27
5 29 23 97
5 29 24 105
5 29 25 76
5 29 26 44
5 29 27 2
5 29 28 100
5 29 29 45
5 29 30 53
5 29 31 87
5 29 32 75
5 29 33 10
5 29 34 55
5 29 35 0
5 29 36 3
5 30 0 105
5 30 1 60
5 30 2 84
5 30 3 65
5 30 4 100
5 30 5 21
5 30 6 36
5 30 7 20
5 30 8 39
5 30 9 4
5 30 10 94
5 30 11 55
5 30 12 42
5 30 13 64
5 30 14 106
5 30 15 23
5 30 16 48
5 30 17 68
5 30 18 46
5 30 19 22
5 30 20 12
5 30 21 29
5 30 22 96
5 30 23 104
5 30 24 70
5 30 25 85
5 30 26 14
5 30 27 99
5 30 28 98
5 30 29 90
5 30 30 86
5 30 31 62
5 30 32 7
5 30 33 95
5 30 34 11
5 30 35 8
5 30 36 2
5 31 0 42
5 31 1 83
5 31 2 75
5 31 3 99
5 31 4 2
5 31 5 15
5 31 6 7
5 31 7 71
5 31 8 26
5 31 9 93
5 31 10 81
5 31 11 62
5 31 12 73
5 31 13 105
5 31 14 29
5 31 15 82
5 31 16 92
5 31 17 100
5 31 18 69
5 31 19 6
5 31 20 32
5 31 21 54
5 31 22 103
5 31 23 74
5 31 24 40
5 31 25 3
5 31 26 37
5 31 27 55
5 31 28 89
5 31 29 49
5 31 30 46
5 31 31 20
5 31 32 94
5 31 33 28
5 31 34 31
5 31 35 22
5 31 36 104
5 32 0 82
5 32 1 72
5 32 2 58
5 32 3 14
5 32 4 7
5 32 5 20
5 32 6 108
5 32 7 4
5 32 8 62
5 32 9 80
5 32 10 52
5 32 11 41
5 32 12 104
5 32 13 16
5 32 14 61
5 32 15 91
5 32 16 99
5 32 17 107
5 32 18 27
5 32 19 36
5 32 20 44
5 32 21 102
5 32 22 68
5 32 23 66
5 32 24 6
5 32 25 97
5 32 26 39
5 32 27 88
5 32 28 84
5 32 29 48
5 32 30 32
5 32 31 93
5 32 32 10
5 32 33 9
5 32 34 22
5 32 35 103
5 32 36 90
5 33 0 60
5 33 1 97
5 33 2 19
5 33 3 25
5 33 4 23
5 33 5 45
5 33 6 12
5 33 7 58
5 33 8 79
5 33 9 75
5 33 10 70
5 33 11 103
5 33 12 7
5 33 13 42
5 33 14 55
5 33 15 59
5 33 16 106
5 33 17 21
5 33 18 0
5 33 19 38
5 33 20 71
5 33 21 27
5 33 22 82
5 33 23 28
5 33 24 96
5 33 25 95
5 33 26 43
5 33 27 83
5 33 28 108
5 33 29 17
5 33 30 52
5 33 31 1
5 33 32 32
5 33 33 35
5 33 34 102
5 33 35 89
5 33 36 81
5 34 0 96
5 34 1 36
5 34 2 17
5 34 3 26
5 34 4 48
5 34 5 30
5 34 6 90
5 34 7 78
5 34 8 69
5 34 9 45
5 34 10 102
5 34 11 19
5 34 12 66
5 34 13 44
5 34 14 97
5 34 15 105
5 34 16 14
5 34 17 23
5 34 18 92
5 34 19 100
5 34 20 70
5 34 21 63
5 34 22 34
5 34 23 49
5 34 24 94
5 34 25 43
5 34 26 50
5 34 27 59
5 34 28 15
5 34 29 53
5 34 30 27
5 34 31 9
5 34 32 28
5 34 33 40
5 34 34 88
5 34 35 80
5 34 36 65
5 35 0 8
5 35 1 1
5 35 2 10
5 35 3 54
5 35 4 0
5 35 5 89
5 35 6 77
5 35 7 37
5 35 8 52
5 35 9 64
5 35 10 18
5 35 11 68
5 35 12 39
5 35 13 96
5 35 14 104
5 35 15 16
5 35 16 2
5 35 17 91
5 35 18 99
5 35 19 107
5 35 20 72
5 35 21 32
5 35 22 73
5 35 23 93
5 35 24 85
5 35 25 81
5 35 26 42
5 35 27 29
5 35 28 90
5 35 29 21
5 35 30 14
5 35 31 3
5 35 32 100
5 35 33 63
5 35 34 79
5 35 35 108
5 35 36 61
5 36 0 31
5 36 1 0
5 36 2 69
5 36 3 13
5 36 4 88
5 36 5 76
5 36 6 38
5 36 7 101
5 36 8 100
5 36 9 30
5 36 10 48
5 36 11 87
5 36 12 54
5 36 13 103
5 36 14 36
5 36 15 34
5 36 16 53
5 36 17 62
5 36 18 106
5 36 19 56
5 36 20 3
5 36 21 67
5 36 22 70
5 36 23 57
5 36 24 80
5 36 25 60
5 36 26 19
5 36 27 89
5 36 28 21
5 36 29 33
5 36 30 8
5 36 31 99
5 36 32 41
5 36 33 78
5 36 34 71
5 36 35 47
5 36 36 14
6 0 0 70
6 0 1 14
6 0 2 88
6 0 3 76
6 0 4 39
6 0 5 101
6 0 6 100
6 0 7 31
6 0 8 49
6 0 9 87
6 0 10 55
6 0 11 103
6 0 12 0
6 0 13 35
6 0 14 54
6 0 15 63
6 0 16 106
6 0 17 57
6 0 18 4
6 0 19 68
6 0 20 71
6 0 21 58
6 0 22 80
6 0 23 61
6 0 24 20
6 0 25 89
6 0 26 22
6 0 27 34
6 0 28 9
6 0 29 99
6 0 30 42
6 0 31 78
6 0 32 72
6 0 33 48
6 0 34 15
6 0 35 32
6 0 36 1
6 1 0 28
6 1 1 62
6 1 2 47
6 1 3 108
6 1 4 69
6 1 5 99
6 1 6 23
6 1 7 57
6 1 8 86
6 1 9 37
6 1 10 102
6 1 11 24
6 1 12 31
6 1 13 63
6 1 14 97
6 1 15 105
6 1 16 44
6 1 17 19
6 1 18 92
6 1 19 70
6 1 20 72
6 1 21 79
6 1 22 55
6 1 23 36
6 1 24 88
6 1 25 2
6 1 26 20
6 1 27 35
6 1 28 60
6 1 29 85
6 1 30 77
6 1 31 50
6 1 32 59
6 1 33 25
6 1 34 10
6 1 35 13
6 1 36 58
6 2 0 53
6 2 1 74
6 2 2 39
6 2 3 37
6 2 4 57
6 2 5 31
6 2 6 75
6 2 7 58
6 2 8 46
6 2 9 65
6 2 10 24
6 2 11 32
6 2 12 55
6 2 13 96
6 2 14 104
6 2 15 45
6 2 16 30
6 2 17 91
6 2 18 90
6 2 19 82
6 2 20 78
6 2 21 72
6 2 22 26
6 2 23 52
6 2 24 36
6 2 25 25
6 2 26 9
6 2 27 97
6 2 28 44
6 2 29 76
6 2 30 54
6 2 31 92
6 2 32 27
6 2 33 19
6 2 34 7
6 2 35 48
6 2 36 13
6 3 0 57
6 3 1 68
6 3 2 98
6 3 3 97
6 3 4 16
6 3 5 67
6 3 6 84
6 3 7 92
6 3 8 100
6 3 9 24
6 3 10 34
6 3 11 87
6 3 12 63
6 3 13 103
6 3 14 51
6 3 15 10
6 3 16 64
6 3 17 89
6 3 18 69
6 3 19 77
6 3 20 62
6 3 21 31
6 3 22 37
6 3 23 1
6 3 24 2
6 3 25 11
6 3 26 96
6 3 27 39
6 3 28 75
6 3 29 73
6 3 30 91
6 3 31 25
6 3 32 21
6 3 33 7
6 3 34 101
6 3 35 36
6 3 36 85
6 4 0 48
6 4 1 43
6 4 2 96
6 4 3 5
6 4 4 73
6 4 5 83
6 4 6 91
6 4 7 99
6 4 8 24
6 4 9 21
6 4 10 86
6 4 11 61
6 4 12 102
6 4 13 75
6 4 14 25
6 4 15 40
6 4 16 88
6 4 17 72
6 4 18 76
6 4 19 101
6 4 20 7
6 4 21 85
6 4 22 12
6 4 23 9
6 4 24 10
6 4 25 42
6 4 26 82
6 4 27 74
6 4 28 45
6 4 29 59
6 4 30 1
6 4 31 26
6 4 32 31
6 4 33 65
6 4 34 27
6 4 35 57
6 4 36 15
6 5 0 37
6 5 1 63
6 5 2 35
6 5 3 69
6 5 4 68
6 5 5 45
6 5 6 59
6 5 7 25
6 5 8 26
6 5 9 64
6 5 10 41
6 5 11 55
6 5 12 54
6 5 13 23
6 5 14 60
6 5 15 49
6 5 16 72
6 5 17 65
6 5 18 44
6 5 19 21
6 5 20 53
6 5 21 32
6 5 22 4
6 5 23 17
6 5 24 52
6 5 25 57
6 5 26 43
6 5 27 66
6 5 28 71
6 5 29 5
6 5 30 18
6 5 31 33
6 5 32 70
6 5 33 36
6 5 34 42
6 5 35 58
6 5 36 51
6 6 0 46
6 6 1 5
6 6 2 108
6 6 3 81
6 6 4 62
6 6 5 97
6 6 6 16
6 6 7 33
6 6 8 84
6 6 9 92
6 6 10 100
6 6 11 50
6 6 12 7
6 6 13 87
6 6 14 43
6 6 15 38
6 6 16 74
6 6 17 66
6 6 18 35
6 6 19 58
6 6 20 32
6 6 21 12
6 6 22 29
6 6 23 64
6 6 24 41
6 6 25 6
6 6 26 101
6 6 27 44
6 6 28 20
6 6 29 0
6 6 30 17
6 6 31 98
6 6 32 14
6 6 33 82
6 6 34 107
6 6 35 51
6 6 36 95
6 7 0 26
6 7 1 72
6 7 2 80
6 7 3 60
6 7 4 96
6 7 5 23
6 7 6 24
6 7 7 83
6 7 8 91
6 7 9 99
6 7 10 56
6 7 11 14
6 7 12 86
6 7 13 85
6 7 14 55
6 7 15 66
6 7 16 98
6 7 17 13
6 7 18 82
6 7 19 16
6 7 20 31
6 7 21 7
6 7 22 92
6 7 23 50
6 7 24 108
6 7 25 47
6 7 26 87
6 7 27 32
6 7 28 8
6 7 29 17
6 7 30 49
6 7 31 28
6 7 32 61
6 7 33 106
6 7 34 54
6 7 35 94
6 7 36 59
6 8 0 41
6 8 1 79
6 8 2 87
6 8 3 68
6 8 4 28
6 8 5 25
6 8 6 58
6 8 7 40
6 8 8 65
6 8 9 108
6 8 10 7
6 8 11 66
6 8 12 49
6 8 13 47
6 8 14 34
6 8 15 70
6 8 16 22
6 8 17 38
6 8 18 18
6 8 19 23
6 8 20 11
6 8 21 91
6 8 22 69
6 8 23 107
6 8 24 42
6 8 25 86
6 8 26 2
6 8 27 3
6 8 28 0
6 8 29 71
6 8 30 5
6 8 31 51
6 8 32 105
6 8 33 101
6 8 34 93
6 8 35 92
6 8 36 24
6 9 0 78
6 9 1 86
6 9 2 60
6 9 3 15
6 9 4 25
6 9 5 81
6 9 6 49
6 9 7 97
6 9 8 66
6 9 9 33
6 9 10 84
6 9 11 54
6 9 12 75
6 9 13 39
6 9 14 61
6 9 15 13
6 9 16 65
6 9 17 5
6 9 18 28
6 9 19 24
6 9 20 64
6 9 21 73
6 9 22 106
6 9 23 98
6 9 24 63
6 9 25 1
6 9 26 10
6 9 27 11
6 9 28 95
6 9 29 18
6 9 30 68
6 9 31 104
6 9 32 51
6 9 33 53
6 9 34 91
6 9 35 2
6 9 36 42
6 10 0 60
6 10 1 69
6 10 2 17
6 10 3 25
6 10 4 80
6 10 5 68
6 10 6 96
6 10 7 37
6 10 8 18
6 10 9 83
6 10 10 82
6 10 11 47
6 10 12 107
6 10 13 95
6 10 14 36
6 10 15 53
6 10 16 5
6 10 17 30
6 10 18 22
6 10 19 38
6 10 20 51
6 10 21 105
6 10 22 44
6 10 23 84
6 10 24 3
6 10 25 24
6 10 26 13
6 10 27 94
6 10 28 23
6 10 29 62
6 10 30 103
6 10 31 65
6 10 32 52
6 10 33 55
6 10 34 19
6 10 35 66
6 10 36 77
6 11 0 92
6 11 1 18
6 11 2 25
6 11 3 79
6 11 4 87
6 11 5 46
6 11 6 54
6 11 7 26
6 11 8 58
6 11 9 70
6 11 10 48
6 11 11 106
6 11 12 94
6 11 13 21
6 11 14 68
6 11 15 36
6 11 16 2
6 11 17 24
6 11 18 61
6 11 19 75
6 11 20 104
6 11 21 59
6 11 22 83
6 11 23 14
6 11 24 29
6 11 25 10
6 11 26 93
6 11 27 13
6 11 28 43
6 11 29 102
6 11 30 98
6 11 31 90
6 11 32 49
6 11 33 30
6 11 34 50
6 11 35 76
6 11 36 84
6 12 0 14
6 12 1 12
6 12 2 78
6 12 3 86
6 12 4 41
6 12 5 56
6 12 6 18
6 12 7 81
6 12 8 40
6 12 9 53
6 12 10 105
6 12 11 93
6 12 12 35
6 12 13 37
6 12 14 11
6 12 15 17
6 12 16 34
6 12 17 87
6 12 18 57
6 12 19 103
6 12 20 95
6 12 21 45
6 12 22 3
6 12 23 15
6 12 24 27
6 12 25 69
6 12 26 29
6 12 27 63
6 12 28 72
6 12 29 42
6 12 30 89
6 12 31 73
6 12 32 8
6 12 33 59
6 12 34 52
6 12 35 83
6 12 36 91
6 13 0 32
6 13 1 77
6 13 2 63
6 13 3 67
6 13 4 43
6 13 5 30
6 13 6 80
6 13 7 52
6 13 8 108
6 13 9 104
6 13 10 64
6 13 11 11
6 13 12 40
6 13 13 1
6 13 14 10
6 13 15 3
6 13 16 86
6 13 17 62
6 13 18 102
6 13 19 94
6 13 20 81
6 13 21 8
6 13 22 34
6 13 23 27
6 13 24 70
6 13 25 19
6 13 26 75
6 13 27 100
6 13 28 42
6 13 29 88
6 13 30 87
6 13 31 16
6 13 32 101
6 13 33 74
6 13 34 51
6 13 35 47
6 13 36 9
6 14 0 76
6 14 1 84
6 14 2 92
6 14 3 61
6 14 4 29
6 14 5 79
6 14 6 44
6 14 7 70
6 14 8 103
6 14 9 60
6 14 10 18
6 14 11 75
6 14 12 22
6 14 13 31
6 14 14 12
6 14 15 64
6 14 16 50
6 14 17 101
6 14 18 93
6 14 19 80
6 14 20 20
6 14 21 2
6 14 22 21
6 14 23 90
6 14 24 33
6 14 25 37
6 14 26 99
6 14 27 95
6 14 28 46
6 14 29 86
6 14 30 14
6 14 31 56
6 14 32 54
6 14 33 81
6 14 34 41
6 14 35 25
6 14 36 34
6 15 0 83
6 15 1 91
6 15 2 101
6 15 3 4
6 15 4 78
6 15 5 49
6 15 6 60
6 15 7 102
6 15 8 90
6 15 9 36
6 15 10 51
6 15 11 25
6 15 12 23
6 15 13 29
6 15 14 84
6 15 15 108
6 15 16 100
6 15 17 43
6 15 18 79
6 15 19 13
6 15 20 16
6 15 21 10
6 15 22 89
6 15 23 31
6 15 24 39
6 15 25 73
6 15 26 94
6 15 27 67
6 15 28 48
6 15 29 20
6 15 30 45
6 15 31 21
6 15 32 80
6 15 33 68
6 15 34 11
6 15 35 27
6 15 36 53
6 16 0 54
6 16 1 37
6 16 2 32
6 16 3 77
6 16 4 58
6 16 5 43
6 16 6 67
6 16 7 89
6 16 8 7
6 16 9 46
6 16 10 28
6 16 11 4
6 16 12 34
6 16 13 83
6 16 14 57
6 16 15 99
6 16 16 62
6 16 17 78
6 16 18 26
6 16 19 2
6 16 20 1
6 16 21 88
6 16 22 16
6 16 23 60
6 16 24 97
6 16 25 93
6 16 26 85
6 16 27 84
6 16 28 5
6 16 29 98
6 16 30 52
6 16 31 79
6 16 32 87
6 16 33 12
6 16 34 21
6 16 35 74
6 16 36 39
6 17 0 72
6 17 1 19
6 17 2 76
6 17 3 75
6 17 4 47
6 17 5 100
6 17 6 88
6 17 7 22
6 17 8 48
6 17 9 4
6 17 10 33
6 17 11 9
6 17 12 65
6 17 13 42
6 17 14 98
6 17 15 90
6 17 16 77
6 17 17 26
6 17 18 17
6 17 19 20
6 17 20 67
6 17 21 28
6 17 22 108
6 17 23 96
6 17 24 69
6 17 25 40
6 17 26 83
6 17 27 8
6 17 28 41
6 17 29 107
6 17 30 78
6 17 31 86
6 17 32 16
6 17 33 5
6 17 34 70
6 17 35 81
6 17 36 71
6 18 0 25
6 18 1 71
6 18 2 41
6 18 3 49
6 18 4 99
6 18 5 51
6 18 6 7
6 18 7 108
6 18 8 28
6 18 9 12
6 18 10 27
6 18 11 81
6 18 12 59
6 18 13 97
6 18 14 89
6 18 15 76
6 18 16 9
6 18 17 3
6 18 18 0
6 18 19 48
6 18 20 4
6 18 21 57
6 18 22 52
6 18 23 53
6 18 24 46
6 18 25 65
6 18 26 34
6 18 27 69
6 18 28 106
6 18 29 77
6 18 30 67
6 18 31 19
6 18 32 36
6 18 33 26
6 18 34 80
6 18 35 44
6 18 36 98
6 19 0 74
6 19 1 67
6 19 2 68
6 19 3 57
6 19 4 44
6 19 5 12
6 19 6 43
6 19 7 15
6 19 8 2
6 19 9 3
6 19 10 80
6 19 11 69
6 19 12 96
6 19 13 88
6 19 14 50
6 19 15 14
6 19 16 8
6 19 17 11
6 19 18 85
6 19 19 1
6 19 20 47
6 19 21 41
6 19 22 90
6 19 23 82
6 19 24 81
6 19 25 9
6 19 26 95
6 19 27 105
6 19 28 76
6 19 29 84
6 19 30 21
6 19 31 24
6 19 32 48
6 19 33 79
6 19 34 87
6 19 35 52
6 19 36 10
6 20 0 73
6 20 1 101
6 20 2 97
6 20 3 85
6 20 4 22
6 20 5 57
6 20 6 20
6 20 7 12
6 20 8 27
6 20 9 79
6 20 10 59
6 20 11 95
6 20 12 70
6 20 13 74
6 20 14 7
6 20 15 35
6 20 16 0
6 20 17 48
6 20 18 36
6 20 19 51
6 20 20 41
6 20 21 89
6 20 22 40
6 20 23 80
6 20 24 30
6 20 25 94
6 20 26 104
6 20 27 52
6 20 28 83
6 20 29 23
6 20 30 34
6 20 31 107
6 20 32 78
6 20 33 86
6 20 34 67
6 20 35 18
6 20 36 49
6 21 0 39
6 21 1 96
6 21 2 62
6 21 3 2
6 21 4 65
6 21 5 32
6 21 6 25
6 21 7 17
6 21 8 78
6 21 9 73
6 21 10 94
6 21 11 53
6 21 12 42
6 21 13 15
6 21 14 13
6 21 15 30
6 21 16 57
6 21 17 4
6 21 18 38
6 21 19 92
6 21 20 88
6 21 21 54
6 21 22 79
6 21 23 19
6 21 24 93
6 21 25 103
6 21 26 74
6 21 27 68
6 21 28 22
6 21 29 35
6 21 30 106
6 21 31 77
6 21 32 60
6 21 33 95
6 21 34 23
6 21 35 31
6 21 36 108
6 22 0 68
6 22 1 61
6 22 2 2
6 22 3 48
6 22 4 19
6 22 5 34
6 22 6 28
6 22 7 77
6 22 8 101
6 22 9 93
6 22 10 85
6 22 11 8
6 22 12 32
6 22 13 10
6 22 14 31
6 22 15 82
6 22 16 14
6 22 17 49
6 22 18 91
6 22 19 47
6 22 20 44
6 22 21 78
6 22 22 9
6 22 23 57
6 22 24 102
6 22 25 72
6 22 26 81
6 22 27 23
6 22 28 35
6 22 29 105
6 22 30 76
6 22 31 84
6 22 32 94
6 22 33 11
6 22 34 58
6 22 35 71
6 22 36 40
6 23 0 82
6 23 1 30
6 23 2 51
6 23 3 1
6 23 4 31
6 23 5 36
6 23 6 76
6 23 7 63
6 23 8 92
6 23 9 50
6 23 10 70
6 23 11 21
6 23 12 16
6 23 13 8
6 23 14 37
6 23 15 9
6 23 16 42
6 23 17 59
6 23 18 68
6 23 19 54
6 23 20 77
6 23 21 34
6 23 22 67
6 23 23 62
6 23 24 22
6 23 25 80
6 23 26 11
6 23 27 33
6 23 28 104
6 23 29 64
6 23 30 83
6 23 31 93
6 23 32 29
6 23 33 107
6 23 34 57
6 23 35 98
6 23 36 45
6 24 0 36
6 24 1 49
6 24 2 11
6 24 3 20
6 24 4 23
6 24 5 53
6 24 6 73
6 24 7 91
6 24 8 60
6 24 9 107
6 24 10 9
6 24 11 19
6 24 12 4
6 24 13 72
6 24 14 0
6 24 15 101
6 24 16 41
6 24 17 85
6 24 18 66
6 24 19 76
6 24 20 27
6 24 21 90
6 24 22 100
6 24 23 59
6 24 24 79
6 24 25 13
6 24 26 3
6 24 27 103
6 24 28 74
6 24 29 61
6 24 30 56
6 24 31 30
6 24 32 106
6 24 33 69
6 24 34 55
6 24 35 64
6 24 36 44
6 25 0 101
6 25 1 8
6 25 2 30
6 25 3 3
6 25 4 74
6 25 5 98
6 25 6 90
6 25 7 82
6 25 8 106
6 25 9 26
6 25 10 29
6 25 11 1
6 25 12 38
6 25 13 13
6 25 14 62
6 25 15 55
6 25 16 46
6 25 17 52
6 25 18 65
6 25 19 19
6 25 20 89
6 25 21 99
6 25 22 107
6 25 23 78
6 25 24 9
6 25 25 36
6 25 26 102
6 25 27 51
6 25 28 81
6 25 29 66
6 25 30 22
6 25 31 105
6 25 32 42
6 25 33 39
6 25 34 92
6 25 35 37
6 25 36 12
6 26 0 4
6 26 1 33
6 26 2 28
6 26 3 44
6 26 4 70
6 26 5 89
6 26 6 50
6 26 7 105
6 26 8 13
6 26 9 18
6 26 10 11
6 26 11 58
6 26 12 19
6 26 13 61
6 26 14 87
6 26 15 47
6 26 16 75
6 26 17 74
6 26 18 20
6 26 19 88
6 26 20 63
6 26 21 106
6 26 22 77
6 26 23 16
6 26 24 1
6 26 25 55
6 26 26 27
6 26 27 80
6 26 28 90
6 26 29 15
6 26 30 104
6 26 31 69
6 26 32 95
6 26 33 91
6 26 34 48
6 26 35 3
6 26 36 66
6 27 0 2
6 27 1 17
6 27 2 4
6 27 3 53
6 27 4 88
6 27 5 64
6 27 6 104
6 27 7 21
6 27 8 15
6 27 9 30
6 27 10 66
6 27 11 10
6 27 12 98
6 27 13 86
6 27 14 82
6 27 15 50
6 27 16 37
6 27 17 1
6 27 18 56
6 27 19 97
6 27 20 105
6 27 21 76
6 27 22 14
6 27 23 26
6 27 24 100
6 27 25 71
6 27 26 79
6 27 27 89
6 27 28 3
6 27 29 103
6 27 30 46
6 27 31 94
6 27 32 45
6 27 33 72
6 27 34 35
6 27 35 38
6 27 36 18
6 28 0 34
6 28 1 73
6 28 2 95
6 28 3 87
6 28 4 54
6 28 5 103
6 28 6 32
6 28 7 24
6 28 8 17
6 28 9 43
6 28 10 10
6 28 11 42
6 28 12 66
6 28 13 55
6 28 14 56
6 28 15 18
6 28 16 26
6 28 17 71
6 28 18 96
6 28 19 104
6 28 20 38
6 28 21 14
6 28 22 27
6 28 23 99
6 28 24 107
6 28 25 78
6 28 26 88
6 28 27 30
6 28 28 102
6 28 29 101
6 28 30 93
6 28 31 45
6 28 32 39
6 28 33 8
6 28 34 98
6 28 35 19
6 28 36 36
6 29 0 107
6 29 1 94
6 29 2 86
6 29 3 64
6 29 4 102
6 29 5 22
6 29 6 0
6 29 7 29
6 29 8 75
6 29 9 27
6 29 10 72
6 29 11 84
6 29 12 37
6 29 13 45
6 29 14 52
6 29 15 31
6 29 16 85
6 29 17 42
6 29 18 103
6 29 19 74
6 29 20 15
6 29 21 26
6 29 22 56
6 29 23 106
6 29 24 77
6 29 25 54
6 29 26 19
6 29 27 58
6 29 28 40
6 29 29 70
6 29 30 71
6 29 31 66
6 29 32 13
6 29 33 38
6 29 34 12
6 29 35 14
6 29 36 5
6 30 0 93
6 30 1 85
6 30 2 44
6 30 3 58
6 30 4 9
6 30 5 10
6 30 6 34
6 30 7 38
6 30 8 0
6 30 9 95
6 30 10 83
6 30 11 39
6 30 12 108
6 30 13 107
6 30 14 2
6 30 15 51
6 30 16 52
6 30 17 102
6 30 18 53
6 30 19 25
6 30 20 28
6 30 21 97
6 30 22 105
6 30 23 76
6 30 24 45
6 30 25 3
6 30 26 100
6 30 27 46
6 30 28 54
6 30 29 87
6 30 30 75
6 30 31 11
6 30 32 56
6 30 33 1
6 30 34 4
6 30 35 35
6 30 36 106
6 31 0 84
6 31 1 66
6 31 2 100
6 31 3 22
6 31 4 0
6 31 5 21
6 31 6 40
6 31 7 5
6 31 8 94
6 31 9 56
6 31 10 43
6 31 11 65
6 31 12 106
6 31 13 24
6 31 14 49
6 31 15 69
6 31 16 47
6 31 17 23
6 31 18 13
6 31 19 30
6 31 20 96
6 31 21 104
6 31 22 71
6 31 23 85
6 31 24 15
6 31 25 99
6 31 26 98
6 31 27 90
6 31 28 86
6 31 29 63
6 31 30 8
6 31 31 95
6 31 32 12
6 31 33 9
6 31 34 3
6 31 35 105
6 31 36 61
6 32 0 75
6 32 1 99
6 32 2 3
6 32 3 16
6 32 4 8
6 32 5 72
6 32 6 27
6 32 7 93
6 32 8 81
6 32 9 63
6 32 10 37
6 32 11 105
6 32 12 30
6 32 13 82
6 32 14 92
6 32 15 100
6 32 16 70
6 32 17 7
6 32 18 33
6 32 19 55
6 32 20 103
6 32 21 74
6 32 22 41
6 32 23 4
6 32 24 38
6 32 25 56
6 32 26 89
6 32 27 50
6 32 28 47
6 32 29 21
6 32 30 94
6 32 31 29
6 32 32 32
6 32 33 23
6 32 34 104
6 32 35 43
6 32 36 83
6 33 0 59
6 33 1 15
6 33 2 8
6 33 3 21
6 33 4 108
6 33 5 5
6 33 6 63
6 33 7 80
6 33 8 53
6 33 9 42
6 33 10 104
6 33 11 17
6 33 12 62
6 33 13 91
6 33 14 99
6 33 15 107
6 33 16 28
6 33 17 0
6 33 18 45
6 33 19 102
6 33 20 69
6 33 21 67
6 33 22 7
6 33 23 97
6 33 24 40
6 33 25 88
6 33 26 84
6 33 27 49
6 33 28 33
6 33 29 93
6 33 30 11
6 33 31 10
6 33 32 23
6 33 33 103
6 33 34 90
6 33 35 82
6 33 36 73
6 34 0 20
6 34 1 26
6 34 2 24
6 34 3 46
6 34 4 13
6 34 5 59
6 34 6 79
6 34 7 75
6 34 8 71
6 34 9 103
6 34 10 8
6 34 11 43
6 34 12 56
6 34 13 60
6 34 14 106
6 34 15 22
6 34 16 1
6 34 17 39
6 34 18 72
6 34 19 28
6 34 20 82
6 34 21 29
6 34 22 96
6 34 23 95
6 34 24 44
6 34 25 83
6 34 26 108
6 34 27 18
6 34 28 53
6 34 29 2
6 34 30 33
6 34 31 36
6 34 32 102
6 34 33 89
6 34 34 81
6 34 35 61
6 34 36 97
6 35 0 18
6 35 1 27
6 35 2 49
6 35 3 31
6 35 4 90
6 35 5 78
6 35 6 70
6 35 7 46
6 35 8 102
6 35 9 20
6 35 10 67
6 35 11 45
6 35 12 97
6 35 13 105
6 35 14 15
6 35 15 24
6 35 16 92
6 35 17 100
6 35 18 71
6 35 19 64
6 35 20 35
6 35 21 50
6 35 22 94
6 35 23 44
6 35 24 51
6 35 25 60
6 35 26 16
6 35 27 54
6 35 28 28
6 35 29 10
6 35 30 29
6 35 31 41
6 35 32 88
6 35 33 80
6 35 34 66
6 35 35 96
6 35 36 0
6 36 0 11
6 36 1 55
6 36 2 1
6 36 3 89
6 36 4 77
6 36 5 38
6 36 6 53
6 36 7 65
6 36 8 19
6 36 9 69
6 36 10 40
6 36 11 96
6 36 12 104
6 36 13 17
6 36 14 3
6 36 15 91
6 36 16 99
6 36 17 107
6 36 18 73
6 36 19 33
6 36 20 37
6 36 21 93
6 36 22 85
6 36 23 81
6 36 24 43
6 36 25 30
6 36 26 90
6 36 27 22
6 36 28 15
6 36 29 4
6 36 30 100
6 36 31 64
6 36 32 79
6 36 33 108
6 36 34 62
6 36 35 9
6 36 36 2
7 0 0 2
7 0 1 89
7 0 2 77
7 0 3 39
7 0 4 54
7 0 5 66
7 0 6 20
7 0 7 70
7 0 8 41
7 0 9 96
7 0 10 104
7 0 11 18
7 0 12 4
7 0 13 91
7 0 14 99
7 0 15 107
7 0 16 37
7 0 17 34
7 0 18 38
7 0 19 93
7 0 20 85
7 0 21 81
7 0 22 44
7 0 23 31
7 0 24 90
7 0 25 23
7 0 26 16
7 0 27 5
7 0 28 100
7 0 29 65
7 0 30 79
7 0 31 108
7 0 32 63
7 0 33 10
7 0 34 3
7 0 35 12
7 0 36 56
7 1 0 88
7 1 1 76
7 1 2 40
7 1 3 101
7 1 4 100
7 1 5 32
7 1 6 50
7 1 7 87
7 1 8 56
7 1 9 103
7 1 10 1
7 1 11 36
7 1 12 55
7 1 13 64
7 1 14 106
7 1 15 58
7 1 16 5
7 1 17 69
7 1 18 72
7 1 19 59
7 1 20 80
7 1 21 62
7 1 22 21
7 1 23 89
7 1 24 23
7 1 25 35
7 1 26 10
7 1 27 99
7 1 28 43
7 1 29 78
7 1 30 73
7 1 31 49
7 1 32 16
7 1 33 33
7 1 34 2
7 1 35 71
7 1 36 15
7 2 0 48
7 2 1 108
7 2 2 70
7 2 3 99
7 2 4 24
7 2 5 58
7 2 6 86
7 2 7 38
7 2 8 102
7 2 9 25
7 2 10 32
7 2 11 64
7 2 12 97
7 2 13 105
7 2 14 45
7 2 15 20
7 2 16 92
7 2 17 71
7 2 18 73
7 2 19 79
7 2 20 56
7 2 21 0
7 2 22 88
7 2 23 3
7 2 24 21
7 2 25 36
7 2 26 61
7 2 27 85
7 2 28 77
7 2 29 51
7 2 30 60
7 2 31 26
7 2 32 11
7 2 33 14
7 2 34 59
7 2 35 29
7 2 36 63
7 3 0 40
7 3 1 38
7 3 2 58
7 3 3 32
7 3 4 75
7 3 5 59
7 3 6 47
7 3 7 66
7 3 8 25
7 3 9 33
7 3 10 56
7 3 11 96
7 3 12 104
7 3 13 46
7 3 14 31
7 3 15 91
7 3 16 90
7 3 17 82
7 3 18 78
7 3 19 73
7 3 20 27
7 3 21 53
7 3 22 0
7 3 23 26
7 3 24 10
7 3 25 97
7 3 26 45
7 3 27 76
7 3 28 55
7 3 29 92
7 3 30 28
7 3 31 20
7 3 32 8
7 3 33 49
7 3 34 14
7 3 35 54
7 3 36 74
7 4 0 98
7 4 1 97
7 4 2 17
7 4 3 68
7 4 4 84
7 4 5 92
7 4 6 100
7 4 7 25
7 4 8 35
7 4 9 87
7 4 10 64
7 4 11 103
7 4 12 52
7 4 13 11
7 4 14 65
7 4 15 89
7 4 16 70
7 4 17 77
7 4 18 63
7 4 19 32
7 4 20 38
7 4 21 2
7 4 22 3
7 4 23 12
7 4 24 96
7 4 25 40
7 4 26 75
7 4 27 37
7 4 28 91
7 4 29 26
7 4 30 22
7 4 31 8
7 4 32 101
7 4 33 0
7 4 34 85
7 4 35 58
7 4 36 69
7 5 0 96
7 5 1 6
7 5 2 37
7 5 3 83
7 5 4 91
7 5 5 99
7 5 6 25
7 5 7 22
7 5 8 86
7 5 9 62
7 5 10 102
7 5 11 75
7 5 12 26
7 5 13 41
7 5 14 88
7 5 15 73
7 5 16 76
7 5 17 101
7 5 18 8
7 5 19 85
7 5 20 13
7 5 21 10
7 5 22 11
7 5 23 43
7 5 24 82
7 5 25 74
7 5 26 46
7 5 27 60
7 5 28 2
7 5 29 27
7 5 30 32
7 5 31 66
7 5 32 28
7 5 33 58
7 5 34 16
7 5 35 49
7 5 36 44
7 6 0 36
7 6 1 70
7 6 2 69
7 6 3 46
7 6 4 60
7 6 5 26
7 6 6 27
7 6 7 65
7 6 8 42
7 6 9 56
7 6 10 55
7 6 11 24
7 6 12 61
7 6 13 50
7 6 14 73
7 6 15 66
7 6 16 45
7 6 17 22
7 6 18 54
7 6 19 33
7 6 20 5
7 6 21 18
7 6 22 53
7 6 23 58
7 6 24 44
7 6 25 67
7 6 26 72
7 6 27 6
7 6 28 19
7 6 29 34
7 6 30 71
7 6 31 0
7 6 32 43
7 6 33 59
7 6 34 52
7 6 35 38
7 6 36 64
7 7 0 108
7 7 1 81
7 7 2 63
7 7 3 97
7 7 4 17
7 7 5 34
7 7 6 84
7 7 7 92
7 7 8 100
7 7 9 51
7 7 10 8
7 7 11 87
7 7 12 44
7 7 13 39
7 7 14 74
7 7 15 67
7 7 16 36
7 7 17 59
7 7 18 33
7 7 19 13
7 7 20 30
7 7 21 65
7 7 22 42
7 7 23 7
7 7 24 101
7 7 25 45
7 7 26 21
7 7 27 1
7 7 28 18
7 7 29 98
7 7 30 15
7 7 31 82
7 7 32 107
7 7 33 52
7 7 34 95
7 7 35 47
7 7 36 6
7 8 0 80
7 8 1 61
7 8 2 96
7 8 3 24
7 8 4 25
7 8 5 83
7 8 6 91
7 8 7 99
7 8 8 57
7 8 9 15
7 8 10 86
7 8 11 85
7 8 12 56
7 8 13 67
7 8 14 98
7 8 15 14
7 8 16 82
7 8 17 17
7 8 18 32
7 8 19 8
7 8 20 92
7 8 21 51
7 8 22 108
7 8 23 48
7 8 24 87
7 8 25 33
7 8 26 9
7 8 27 18
7 8 28 50
7 8 29 29
7 8 30 62
7 8 31 106
7 8 32 55
7 8 33 94
7 8 34 60
7 8 35 27
7 8 36 73
7 9 0 87
7 9 1 69
7 9 2 29
7 9 3 26
7 9 4 59
7 9 5 41
7 9 6 66
7 9 7 108
7 9 8 8
7 9 9 67
7 9 10 50
7 9 11 48
7 9 12 35
7 9 13 71
7 9 14 23
7 9 15 39
7 9 16 19
7 9 17 24
7 9 18 12
7 9 19 91
7 9 20 70
7 9 21 107
7 9 22 43
7 9 23 86
7 9 24 3
7 9 25 4
7 9 26 1
7 9 27 72
7 9 28 6
7 9 29 52
7 9 30 105
7 9 31 101
7 9 32 93
7 9 33 92
7 9 34 25
7 9 35 42
7 9 36 79
7 10 0 61
7 10 1 16
7 10 2 26
7 10 3 81
7 10 4 50
7 10 5 97
7 10 6 67
7 10 7 34
7 10 8 84
7 10 9 55
7 10 10 75
7 10 11 40
7 10 12 62
7 10 13 14
7 10 14 66
7 10 15 6
7 10 16 29
7 10 17 25
7 10 18 65
7 10 19 37
7 10 20 106
7 10 21 98
7 10 22 64
7 10 23 2
7 10 24 11
7 10 25 12
7 10 26 95
7 10 27 19
7 10 28 69
7 10 29 104
7 10 30 52
7 10 31 54
7 10 32 91
7 10 33 3
7 10 34 43
7 10 35 78
7 10 36 86
7 11 0 18
7 11 1 26
7 11 2 80
7 11 3 69
7 11 4 96
7 11 5 38
7 11 6 19
7 11 7 83
7 11 8 82
7 11 9 48
7 11 10 107
7 11 11 95
7 11 12 0
7 11 13 54
7 11 14 6
7 11 15 31
7 11 16 23
7 11 17 39
7 11 18 52
7 11 19 105
7 11 20 45
7 11 21 84
7 11 22 4
7 11 23 25
7 11 24 14
7 11 25 94
7 11 26 24
7 11 27 63
7 11 28 103
7 11 29 66
7 11 30 53
7 11 31 56
7 11 32 20
7 11 33 67
7 11 34 77
7 11 35 61
7 11 36 70
7 12 0 26
7 12 1 79
7 12 2 87
7 12 3 47
7 12 4 55
7 12 5 27
7 12 6 59
7 12 7 71
7 12 8 49
7 12 9 106
7 12 10 94
7 12 11 22
7 12 12 69
7 12 13 0
7 12 14 3
7 12 15 25
7 12 16 62
7 12 17 75
7 12 18 104
7 12 19 60
7 12 20 83
7 12 21 15
7 12 22 30
7 12 23 11
7 12 24 93
7 12 25 14
7 12 26 44
7 12 27 102
7 12 28 98
7 12 29 90
7 12 30 50
7 12 31 31
7 12 32 51
7 12 33 76
7 12 34 84
7 12 35 92
7 12 36 19
7 13 0 78
7 13 1 86
7 13 2 42
7 13 3 57
7 13 4 19
7 13 5 81
7 13 6 41
7 13 7 54
7 13 8 105
7 13 9 93
7 13 10 36
7 13 11 38
7 13 12 12
7 13 13 18
7 13 14 35
7 13 15 87
7 13 16 58
7 13 17 103
7 13 18 95
7 13 19 46
7 13 20 4
7 13 21 16
7 13 22 28
7 13 23 70
7 13 24 30
7 13 25 64
7 13 26 73
7 13 27 43
7 13 28 89
7 13 29 37
7 13 30 9
7 13 31 60
7 13 32 53
7 13 33 83
7 13 34 91
7 13 35 15
7 13 36 13
7 14 0 64
7 14 1 68
7 14 2 44
7 14 3 31
7 14 4 80
7 14 5 53
7 14 6 108
7 14 7 104
7 14 8 65
7 14 9 12
7 14 10 41
7 14 11 2
7 14 12 11
7 14 13 4
7 14 14 86
7 14 15 63
7 14 16 102
7 14 17 94
7 14 18 81
7 14 19 9
7 14 20 35
7 14 21 28
7 14 22 71
7 14 23 20
7 14 24 75
7 14 25 100
7 14 26 43
7 14 27 88
7 14 28 87
7 14 29 17
7 14 30 101
7 14 31 74
7 14 32 52
7 14 33 48
7 14 34 10
7 14 35 33
7 14 36 77
7 15 0 92
7 15 1 62
7 15 2 30
7 15 3 79
7 15 4 45
7 15 5 71
7 15 6 103
7 15 7 61
7 15 8 19
7 15 9 75
7 15 10 23
7 15 11 32
7 15 12 13
7 15 13 65
7 15 14 51
7 15 15 101
7 15 16 93
7 15 17 80
7 15 18 21
7 15 19 3
7 15 20 22
7 15 21 90
7 15 22 34
7 15 23 38
7 15 24 99
7 15 25 95
7 15 26 47
7 15 27 86
7 15 28 15
7 15 29 57
7 15 30 55
7 15 31 81
7 15 32 42
7 15 33 26
7 15 34 35
7 15 35 76
7 15 36 84
7 16 0 101
7 16 1 5
7 16 2 78
7 16 3 50
7 16 4 61
7 16 5 102
7 16 6 90
7 16 7 0
7 16 8 52
7 16 9 26
7 16 10 24
7 16 11 30
7 16 12 84
7 16 13 108
7 16 14 100
7 16 15 44
7 16 16 79
7 16 17 14
7 16 18 17
7 16 19 11
7 16 20 89
7 16 21 32
7 16 22 40
7 16 23 37
7 16 24 94
7 16 25 68
7 16 26 49
7 16 27 21
7 16 28 46
7 16 29 22
7 16 30 80
7 16 31 69
7 16 32 12
7 16 33 28
7 16 34 54
7 16 35 83
7 16 36 91
7 17 0 33
7 17 1 77
7 17 2 59
7 17 3 44
7 17 4 68
7 17 5 89
7 17 6 8
7 17 7 47
7 17 8 29
7 17 9 5
7 17 10 35
7 17 11 83
7 17 12 58
7 17 13 99
7 17 14 63
7 17 15 78
7 17 16 27
7 17 17 3
7 17 18 2
7 17 19 88
7 17 20 17
7 17 21 61
7 17 22 97
7 17 23 93
7 17 24 85
7 17 25 84
7 17 26 6
7 17 27 98
7 17 28 53
7 17 29 79
7 17 30 87
7 17 31 13
7 17 32 22
7 17 33 74
7 17 34 40
7 17 35 55
7 17 36 38
7 18 0 76
7 18 1 75
7 18 2 48
7 18 3 100
7 18 4 88
7 18 5 23
7 18 6 49
7 18 7 5
7 18 8 34
7 18 9 10
7 18 10 66
7 18 11 43
7 18 12 98
7 18 13 90
7 18 14 77
7 18 15 27
7 18 16 18
7 18 17 21
7 18 18 68
7 18 19 29
7 18 20 108
7 18 21 96
7 18 22 70
7 18 23 41
7 18 24 83
7 18 25 9
7 18 26 42
7 18 27 107
7 18 28 78
7 18 29 86
7 18 30 17
7 18 31 6
7 18 32 71
7 18 33 81
7 18 34 72
7 18 35 73
7 18 36 20
7 19 0 42
7 19 1 50
7 19 2 99
7 19 3 52
7 19 4 8
7 19 5 108
7 19 6 29
7 19 7 13
7 19 8 28
7 19 9 81
7 19 10 60
7 19 11 97
7 19 12 89
7 19 13 76
7 19 14 10
7 19 15 4
7 19 16 1
7 19 17 49
7 19 18 5
7 19 19 58
7 19 20 53
7 19 21 54
7 19 22 47
7 19 23 66
7 19 24 35
7 19 25 70
7 19 26 106
7 19 27 77
7 19 28 68
7 19 29 20
7 19 30 0
7 19 31 27
7 19 32 80
7 19 33 45
7 19 34 98
7 19 35 26
7 19 36 72
7 20 0 69
7 20 1 58
7 20 2 45
7 20 3 13
7 20 4 44
7 20 5 16
7 20 6 3
7 20 7 4
7 20 8 80
7 20 9 70
7 20 10 96
7 20 11 88
7 20 12 51
7 20 13 15
7 20 14 9
7 20 15 12
7 20 16 85
7 20 17 2
7 20 18 48
7 20 19 42
7 20 20 90
7 20 21 82
7 20 22 81
7 20 23 10
7 20 24 95
7 20 25 105
7 20 26 76
7 20 27 84
7 20 28 22
7 20 29 25
7 20 30 49
7 20 31 79
7 20 32 87
7 20 33 53
7 20 34 11
7 20 35 74
7 20 36 68
7 21 0 97
7 21 1 85
7 21 2 23
7 21 3 58
7 21 4 21
7 21 5 13
7 21 6 28
7 21 7 79
7 21 8 60
7 21 9 95
7 21 10 71
7 21 11 74
7 21 12 8
7 21 13 36
7 21 14 1
7 21 15 49
7 21 16 0
7 21 17 52
7 21 18 42
7 21 19 89
7 21 20 41
7 21 21 80
7 21 22 31
7 21 23 94
7 21 24 104
7 21 25 53
7 21 26 83
7 21 27 24
7 21 28 35
7 21 29 107
7 21 30 78
7 21 31 86
7 21 32 68
7 21 33 19
7 21 34 50
7 21 35 37
7 21 36 101
7 22 0 63
7 22 1 3
7 22 2 66
7 22 3 33
7 22 4 26
7 22 5 18
7 22 6 78
7 22 7 37
7 22 8 94
7 22 9 54
7 22 10 43
7 22 11 16
7 22 12 14
7 22 13 31
7 22 14 58
7 22 15 5
7 22 16 39
7 22 17 92
7 22 18 88
7 22 19 55
7 22 20 79
7 22 21 20
7 22 22 93
7 22 23 103
7 22 24 74
7 22 25 69
7 22 26 23
7 22 27 36
7 22 28 106
7 22 29 77
7 22 30 61
7 22 31 95
7 22 32 24
7 22 33 32
7 22 34 108
7 22 35 40
7 22 36 96
7 23 0 3
7 23 1 49
7 23 2 20
7 23 3 35
7 23 4 29
7 23 5 77
7 23 6 101
7 23 7 93
7 23 8 85
7 23 9 9
7 23 10 33
7 23 11 11
7 23 12 32
7 23 13 82
7 23 14 15
7 23 15 50
7 23 16 91
7 23 17 48
7 23 18 45
7 23 19 78
7 23 20 10
7 23 21 58
7 23 22 102
7 23 23 73
7 23 24 81
7 23 25 24
7 23 26 36
7 23 27 105
7 23 28 76
7 23 29 84
7 23 30 94
7 23 31 12
7 23 32 59
7 23 33 72
7 23 34 41
7 23 35 69
7 23 36 62
7 24 0 52
7 24 1 2
7 24 2 32
7 24 3 0
7 24 4 76
7 24 5 64
7 24 6 92
7 24 7 51
7 24 8 71
7 24 9 22
7 24 10 17
7 24 11 9
7 24 12 38
7 24 13 10
7 24 14 43
7 24 15 60
7 24 16 69
7 24 17 55
7 24 18 77
7 24 19 35
7 24 20 68
7 24 21 63
7 24 22 23
7 24 23 80
7 24 24 12
7 24 25 34
7 24 26 104
7 24 27 65
7 24 28 83
7 24 29 93
7 24 30 30
7 24 31 107
7 24 32 58
7 24 33 98
7 24 34 46
7 24 35 82
7 24 36 31
7 25 0 12
7 25 1 21
7 25 2 24
7 25 3 54
7 25 4 37
7 25 5 91
7 25 6 61
7 25 7 107
7 25 8 10
7 25 9 20
7 25 10 5
7 25 11 73
7 25 12 1
7 25 13 101
7 25 14 42
7 25 15 85
7 25 16 67
7 25 17 76
7 25 18 28
7 25 19 90
7 25 20 100
7 25 21 60
7 25 22 79
7 25 23 14
7 25 24 4
7 25 25 103
7 25 26 74
7 25 27 62
7 25 28 57
7 25 29 31
7 25 30 106
7 25 31 70
7 25 32 56
7 25 33 65
7 25 34 45
7 25 35 0
7 25 36 50
7 26 0 31
7 26 1 4
7 26 2 74
7 26 3 98
7 26 4 90
7 26 5 82
7 26 6 106
7 26 7 27
7 26 8 30
7 26 9 2
7 26 10 39
7 26 11 14
7 26 12 63
7 26 13 56
7 26 14 47
7 26 15 53
7 26 16 66
7 26 17 20
7 26 18 89
7 26 19 99
7 26 20 107
7 26 21 78
7 26 22 10
7 26 23 0
7 26 24 102
7 26 25 52
7 26 26 81
7 26 27 67
7 26 28 23
7 26 29 105
7 26 30 43
7 26 31 40
7 26 32 92
7 26 33 38
7 26 34 13
7 26 35 101
7 26 36 9
7 27 0 29
7 27 1 45
7 27 2 71
7 27 3 89
7 27 4 51
7 27 5 105
7 27 6 14
7 27 7 19
7 27 8 12
7 27 9 59
7 27 10 20
7 27 11 62
7 27 12 87
7 27 13 48
7 27 14 75
7 27 15 74
7 27 16 21
7 27 17 88
7 27 18 64
7 27 19 106
7 27 20 77
7 27 21 17
7 27 22 2
7 27 23 56
7 27 24 28
7 27 25 80
7 27 26 90
7 27 27 16
7 27 28 104
7 27 29 70
7 27 30 95
7 27 31 91
7 27 32 49
7 27 33 4
7 27 34 67
7 27 35 5
7 27 36 34
7 28 0 5
7 28 1 54
7 28 2 88
7 28 3 65
7 28 4 104
7 28 5 22
7 28 6 16
7 28 7 31
7 28 8 67
7 28 9 11
7 28 10 98
7 28 11 86
7 28 12 82
7 28 13 51
7 28 14 38
7 28 15 2
7 28 16 57
7 28 17 97
7 28 18 105
7 28 19 76
7 28 20 15
7 28 21 27
7 28 22 100
7 28 23 72
7 28 24 79
7 28 25 89
7 28 26 4
7 28 27 103
7 28 28 47
7 28 29 94
7 28 30 46
7 28 31 73
7 28 32 36
7 28 33 39
7 28 34 19
7 28 35 3
7 28 36 18
7 29 0 95
7 29 1 87
7 29 2 55
7 29 3 103
7 29 4 33
7 29 5 25
7 29 6 18
7 29 7 44
7 29 8 11
7 29 9 43
7 29 10 67
7 29 11 56
7 29 12 57
7 29 13 19
7 29 14 27
7 29 15 72
7 29 16 96
7 29 17 104
7 29 18 39
7 29 19 15
7 29 20 28
7 29 21 99
7 29 22 107
7 29 23 78
7 29 24 88
7 29 25 31
7 29 26 102
7 29 27 101
7 29 28 93
7 29 29 46
7 29 30 40
7 29 31 9
7 29 32 98
7 29 33 20
7 29 34 0
7 29 35 35
7 29 36 37
7 30 0 86
7 30 1 65
7 30 2 102
7 30 3 23
7 30 4 1
7 30 5 30
7 30 6 75
7 30 7 28
7 30 8 73
7 30 9 84
7 30 10 38
7 30 11 46
7 30 12 53
7 30 13 32
7 30 14 85
7 30 15 43
7 30 16 103
7 30 17 74
7 30 18 16
7 30 19 27
7 30 20 57
7 30 21 106
7 30 22 77
7 30 23 55
7 30 24 20
7 30 25 59
7 30 26 41
7 30 27 71
7 30 28 72
7 30 29 67
7 30 30 14
7 30 31 39
7 30 32 13
7 30 33 15
7 30 34 6
7 30 35 107
7 30 36 94
7 31 0 45
7 31 1 59
7 31 2 10
7 31 3 11
7 31 4 35
7 31 5 39
7 31 6 1
7 31 7 95
7 31 8 83
7 31 9 40
7 31 10 108
7 31 11 107
7 31 12 3
7 31 13 52
7 31 14 53
7 31 15 102
7 31 16 54
7 31 17 26
7 31 18 29
7 31 19 97
7 31 20 105
7 31 21 76
7 31 22 46
7 31 23 4
7 31 24 100
7 31 25 47
7 31 26 55
7 31 27 87
7 31 28 75
7 31 29 12
7 31 30 57
7 31 31 2
7 31 32 5
7 31 33 36
7 31 34 106
7 31 35 93
7 31 36 85
7 32 0 100
7 32 1 23
7 32 2 1
7 32 3 22
7 32 4 41
7 32 5 6
7 32 6 94
7 32 7 57
7 32 8 44
7 32 9 66
7 32 10 106
7 32 11 25
7 32 12 50
7 32 13 70
7 32 14 48
7 32 15 24
7 32 16 14
7 32 17 31
7 32 18 96
7 32 19 104
7 32 20 72
7 32 21 85
7 32 22 16
7 32 23 99
7 32 24 98
7 32 25 90
7 32 26 86
7 32 27 64
7 32 28 9
7 32 29 95
7 32 30 13
7 32 31 10
7 32 32 4
7 32 33 105
7 32 34 62
7 32 35 84
7 32 36 67
7 33 0 4
7 33 1 17
7 33 2 9
7 33 3 73
7 33 4 28
7 33 5 93
7 33 6 81
7 33 7 64
7 33 8 38
7 33 9 105
7 33 10 31
7 33 11 82
7 33 12 92
7 33 13 100
7 33 14 71
7 33 15 8
7 33 16 34
7 33 17 56
7 33 18 103
7 33 19 74
7 33 20 42
7 33 21 5
7 33 22 39
7 33 23 57
7 33 24 89
7 33 25 51
7 33 26 48
7 33 27 22
7 33 28 94
7 33 29 30
7 33 30 33
7 33 31 24
7 33 32 104
7 33 33 44
7 33 34 83
7 33 35 75
7 33 36 99
7 34 0 9
7 34 1 22
7 34 2 108
7 34 3 6
7 34 4 64
7 34 5 80
7 34 6 54
7 34 7 43
7 34 8 104
7 34 9 18
7 34 10 63
7 34 11 91
7 34 12 99
7 34 13 107
7 34 14 29
7 34 15 1
7 34 16 46
7 34 17 102
7 34 18 70
7 34 19 68
7 34 20 8
7 34 21 97
7 34 22 41
7 34 23 88
7 34 24 84
7 34 25 50
7 34 26 34
7 34 27 93
7 34 28 12
7 34 29 11
7 34 30 24
7 34 31 103
7 34 32 90
7 34 33 82
7 34 34 37
7 34 35 60
7 34 36 16
7 35 0 25
7 35 1 47
7 35 2 14
7 35 3 60
7 35 4 79
7 35 5 75
7 35 6 72
7 35 7 103
7 35 8 9
7 35 9 44
7 35 10 57
7 35 11 61
7 35 12 106
7 35 13 23
7 35 14 2
7 35 15 40
7 35 16 73
7 35 17 29
7 35 18 82
7 35 19 30
7 35 20 96
7 35 21 95
7 35 22 45
7 35 23 83
7 35 24 108
7 35 25 19
7 35 26 54
7 35 27 3
7 35 28 34
7 35 29 0
7 35 30 102
7 35 31 89
7 35 32 81
7 35 33 62
7 35 34 97
7 35 35 21
7 35 36 27
7 36 0 50
7 36 1 32
7 36 2 90
7 36 3 78
7 36 4 71
7 36 5 47
7 36 6 102
7 36 7 21
7 36 8 68
7 36 9 46
7 36 10 97
7 36 11 105
7 36 12 16
7 36 13 25
7 36 14 92
7 36 15 100
7 36 16 72
7 36 17 65
7 36 18 36
7 36 19 51
7 36 20 94
7 36 21 45
7 36 22 52
7 36 23 61
7 36 24 17
7 36 25 55
7 36 26 29
7 36 27 11
7 36 28 30
7 36 29 42
7 36 30 88
7 36 31 80
7 36 32 67
7 36 33 96
7 36 34 1
7 36 35 19
7 36 36 28
8 0 0 90
8 0 1 78
8 0 2 72
8 0 3 48
8 0 4 102
8 0 5 22
8 0 6 69
8 0 7 47
8 0 8 97
8 0 9 105
8 0 10 17
8 0 11 26
8 0 12 92
8 0 13 100
8 0 14 73
8 0 15 66
8 0 16 0
8 0 17 52
8 0 18 94
8 0 19 46
8 0 20 53
8 0 21 62
8 0 22 18
8 0 23 56
8 0 24 30
8 0 25 12
8 0 26 31
8 0 27 43
8 0 28 88
8 0 29 80
8 0 30 68
8 0 31 96
8 0 32 2
8 0 33 20
8 0 34 29
8 0 35 51
8 0 36 33
8 1 0 77
8 1 1 40
8 1 2 55
8 1 3 67
8 1 4 21
8 1 5 71
8 1 6 42
8 1 7 96
8 1 8 104
8 1 9 19
8 1 10 5
8 1 11 91
8 1 12 99
8 1 13 107
8 1 14 38
8 1 15 35
8 1 16 39
8 1 17 93
8 1 18 85
8 1 19 81
8 1 20 45
8 1 21 32
8 1 22 90
8 1 23 24
8 1 24 17
8 1 25 6
8 1 26 100
8 1 27 66
8 1 28 79
8 1 29 108
8 1 30 64
8 1 31 11
8 1 32 4
8 1 33 13
8 1 34 57
8 1 35 3
8 1 36 89
8 2 0 41
8 2 1 101
8 2 2 100
8 2 3 33
8 2 4 51
8 2 5 87
8 2 6 57
8 2 7 103
8 2 8 2
8 2 9 0
8 2 10 56
8 2 11 65
8 2 12 106
8 2 13 59
8 2 14 6
8 2 15 70
8 2 16 73
8 2 17 60
8 2 18 80
8 2 19 63
8 2 20 22
8 2 21 89
8 2 22 24
8 2 23 36
8 2 24 11
8 2 25 99
8 2 26 44
8 2 27 78
8 2 28 37
8 2 29 50
8 2 30 17
8 2 31 34
8 2 32 3
8 2 33 72
8 2 34 16
8 2 35 88
8 2 36 76
8 3 0 71
8 3 1 99
8 3 2 25
8 3 3 59
8 3 4 86
8 3 5 39
8 3 6 102
8 3 7 26
8 3 8 33
8 3 9 65
8 3 10 97
8 3 11 105
8 3 12 46
8 3 13 21
8 3 14 92
8 3 15 72
8 3 16 37
8 3 17 79
8 3 18 57
8 3 19 1
8 3 20 88
8 3 21 4
8 3 22 22
8 3 23 0
8 3 24 62
8 3 25 85
8 3 26 77
8 3 27 52
8 3 28 61
8 3 29 27
8 3 30 12
8 3 31 15
8 3 32 60
8 3 33 30
8 3 34 64
8 3 35 49
8 3 36 108
8 4 0 59
8 4 1 33
8 4 2 75
8 4 3 60
8 4 4 48
8 4 5 67
8 4 6 26
8 4 7 34
8 4 8 57
8 4 9 96
8 4 10 104
8 4 11 47
8 4 12 32
8 4 13 91
8 4 14 90
8 4 15 82
8 4 16 78
8 4 17 37
8 4 18 28
8 4 19 54
8 4 20 1
8 4 21 27
8 4 22 11
8 4 23 97
8 4 24 46
8 4 25 76
8 4 26 56
8 4 27 92
8 4 28 29
8 4 29 21
8 4 30 9
8 4 31 50
8 4 32 15
8 4 33 55
8 4 34 74
8 4 35 41
8 4 36 39
8 5 0 18
8 5 1 69
8 5 2 84
8 5 3 92
8 5 4 100
8 5 5 26
8 5 6 36
8 5 7 87
8 5 8 65
8 5 9 103
8 5 10 53
8 5 11 12
8 5 12 66
8 5 13 89
8 5 14 71
8 5 15 77
8 5 16 64
8 5 17 33
8 5 18 39
8 5 19 3
8 5 20 4
8 5 21 13
8 5 22 96
8 5 23 41
8 5 24 75
8 5 25 38
8 5 26 91
8 5 27 27
8 5 28 23
8 5 29 9
8 5 30 101
8 5 31 1
8 5 32 85
8 5 33 59
8 5 34 70
8 5 35 98
8 5 36 97
8 6 0 38
8 6 1 83
8 6 2 91
8 6 3 99
8 6 4 26
8 6 5 23
8 6 6 86
8 6 7 63
8 6 8 102
8 6 9 75
8 6 10 27
8 6 11 42
8 6 12 88
8 6 13 37
8 6 14 76
8 6 15 101
8 6 16 9
8 6 17 85
8 6 18 14
8 6 19 11
8 6 20 12
8 6 21 44
8 6 22 82
8 6 23 74
8 6 24 47
8 6 25 61
8 6 26 3
8 6 27 28
8 6 28 33
8 6 29 67
8 6 30 29
8 6 31 59
8 6 32 17
8 6 33 50
8 6 34 45
8 6 35 96
8 6 36 7
8 7 0 70
8 7 1 47
8 7 2 61
8 7 3 27
8 7 4 28
8 7 5 66
8 7 6 43
8 7 7 57
8 7 8 56
8 7 9 25
8 7 10 62
8 7 11 51
8 7 12 37
8 7 13 67
8 7 14 46
8 7 15 23
8 7 16 55
8 7 17 34
8 7 18 6
8 7 19 19
8 7 20 54
8 7 21 59
8 7 22 45
8 7 23 68
8 7 24 73
8 7 25 7
8 7 26 20
8 7 27 35
8 7 28 72
8 7 29 1
8 7 30 44
8 7 31 60
8 7 32 53
8 7 33 39
8 7 34 65
8 7 35 0
8 7 36 71
8 8 0 64
8 8 1 97
8 8 2 18
8 8 3 35
8 8 4 84
8 8 5 92
8 8 6 100
8 8 7 52
8 8 8 9
8 8 9 87
8 8 10 45
8 8 11 40
8 8 12 74
8 8 13 68
8 8 14 0
8 8 15 60
8 8 16 34
8 8 17 14
8 8 18 31
8 8 19 66
8 8 20 43
8 8 21 8
8 8 22 101
8 8 23 46
8 8 24 22
8 8 25 2
8 8 26 19
8 8 27 98
8 8 28 16
8 8 29 82
8 8 30 107
8 8 31 53
8 8 32 95
8 8 33 48
8 8 34 7
8 8 35 108
8 8 36 81
8 9 0 96
8 9 1 25
8 9 2 26
8 9 3 83
8 9 4 91
8 9 5 99
8 9 6 58
8 9 7 16
8 9 8 86
8 9 9 85
8 9 10 57
8 9 11 68
8 9 12 98
8 9 13 15
8 9 14 82
8 9 15 18
8 9 16 33
8 9 17 9
8 9 18 92
8 9 19 52
8 9 20 108
8 9 21 49
8 9 22 87
8 9 23 34
8 9 24 10
8 9 25 19
8 9 26 51
8 9 27 30
8 9 28 63
8 9 29 106
8 9 30 56
8 9 31 94
8 9 32 61
8 9 33 28
8 9 34 37
8 9 35 80
8 9 36 62
8 10 0 30
8 10 1 27
8 10 2 60
8 10 3 42
8 10 4 67
8 10 5 108
8 10 6 9
8 10 7 68
8 10 8 51
8 10 9 49
8 10 10 36
8 10 11 72
8 10 12 24
8 10 13 40
8 10 14 20
8 10 15 25
8 10 16 13
8 10 17 91
8 10 18 71
8 10 19 107
8 10 20 44
8 10 21 86
8 10 22 4
8 10 23 5
8 10 24 2
8 10 25 73
8 10 26 7
8 10 27 53
8 10 28 105
8 10 29 101
8 10 30 93
8 10 31 92
8 10 32 26
8 10 33 43
8 10 34 79
8 10 35 87
8 10 36 70
8 11 0 27
8 11 1 81
8 11 2 51
8 11 3 97
8 11 4 68
8 11 5 35
8 11 6 84
8 11 7 56
8 11 8 75
8 11 9 41
8 11 10 63
8 11 11 15
8 11 12 67
8 11 13 7
8 11 14 30
8 11 15 26
8 11 16 66
8 11 17 38
8 11 18 106
8 11 19 98
8 11 20 65
8 11 21 3
8 11 22 12
8 11 23 13
8 11 24 95
8 11 25 20
8 11 26 70
8 11 27 104
8 11 28 53
8 11 29 55
8 11 30 91
8 11 31 4
8 11 32 44
8 11 33 78
8 11 34 86
8 11 35 62
8 11 36 17
8 12 0 80
8 12 1 70
8 12 2 96
8 12 3 39
8 12 4 20
8 12 5 83
8 12 6 82
8 12 7 49
8 12 8 107
8 12 9 95
8 12 10 1
8 12 11 55
8 12 12 7
8 12 13 32
8 12 14 24
8 12 15 40
8 12 16 53
8 12 17 105
8 12 18 46
8 12 19 84
8 12 20 5
8 12 21 26
8 12 22 15
8 12 23 94
8 12 24 25
8 12 25 64
8 12 26 103
8 12 27 67
8 12 28 54
8 12 29 57
8 12 30 21
8 12 31 68
8 12 32 77
8 12 33 62
8 12 34 71
8 12 35 19
8 12 36 27
8 13 0 87
8 13 1 48
8 13 2 56
8 13 3 28
8 13 4 60
8 13 5 72
8 13 6 50
8 13 7 106
8 13 8 94
8 13 9 23
8 13 10 70
8 13 11 1
8 13 12 4
8 13 13 26
8 13 14 63
8 13 15 75
8 13 16 104
8 13 17 61
8 13 18 83
8 13 19 16
8 13 20 31
8 13 21 12
8 13 22 93
8 13 23 15
8 13 24 45
8 13 25 102
8 13 26 98
8 13 27 90
8 13 28 51
8 13 29 32
8 13 30 52
8 13 31 76
8 13 32 84
8 13 33 92
8 13 34 20
8 13 35 27
8 13 36 79
8 14 0 43
8 14 1 58
8 14 2 20
8 14 3 81
8 14 4 42
8 14 5 55
8 14 6 105
8 14 7 93
8 14 8 0
8 14 9 39
8 14 10 13
8 14 11 19
8 14 12 36
8 14 13 87
8 14 14 59
8 14 15 103
8 14 16 95
8 14 17 47
8 14 18 5
8 14 19 17
8 14 20 29
8 14 21 71
8 14 22 31
8 14 23 65
8 14 24 37
8 14 25 44
8 14 26 89
8 14 27 38
8 14 28 10
8 14 29 61
8 14 30 54
8 14 31 83
8 14 32 91
8 14 33 16
8 14 34 14
8 14 35 78
8 14 36 86
8 15 0 45
8 15 1 32
8 15 2 80
8 15 3 54
8 15 4 108
8 15 5 104
8 15 6 66
8 15 7 13
8 15 8 42
8 15 9 3
8 15 10 12
8 15 11 5
8 15 12 86
8 15 13 64
8 15 14 102
8 15 15 94
8 15 16 81
8 15 17 10
8 15 18 36
8 15 19 29
8 15 20 72
8 15 21 21
8 15 22 75
8 15 23 100
8 15 24 44
8 15 25 88
8 15 26 87
8 15 27 18
8 15 28 101
8 15 29 74
8 15 30 53
8 15 31 49
8 15 32 11
8 15 33 34
8 15 34 77
8 15 35 65
8 15 36 69
8 16 0 31
8 16 1 79
8 16 2 46
8 16 3 72
8 16 4 103
8 16 5 62
8 16 6 20
8 16 7 75
8 16 8 24
8 16 9 33
8 16 10 14
8 16 11 66
8 16 12 52
8 16 13 101
8 16 14 93
8 16 15 80
8 16 16 22
8 16 17 4
8 16 18 23
8 16 19 90
8 16 20 35
8 16 21 39
8 16 22 99
8 16 23 95
8 16 24 48
8 16 25 86
8 16 26 16
8 16 27 58
8 16 28 56
8 16 29 81
8 16 30 43
8 16 31 27
8 16 32 36
8 16 33 76
8 16 34 84
8 16 35 92
8 16 36 63
8 17 0 78
8 17 1 51
8 17 2 62
8 17 3 102
8 17 4 90
8 17 5 1
8 17 6 53
8 17 7 27
8 17 8 25
8 17 9 31
8 17 10 84
8 17 11 108
8 17 12 100
8 17 13 45
8 17 14 79
8 17 15 15
8 17 16 18
8 17 17 12
8 17 18 89
8 17 19 33
8 17 20 41
8 17 21 38
8 17 22 94
8 17 23 69
8 17 24 50
8 17 25 22
8 17 26 47
8 17 27 23
8 17 28 80
8 17 29 70
8 17 30 13
8 17 31 29
8 17 32 55
8 17 33 83
8 17 34 91
8 17 35 101
8 17 36 6
8 18 0 60
8 18 1 45
8 18 2 69
8 18 3 89
8 18 4 9
8 18 5 48
8 18 6 30
8 18 7 6
8 18 8 36
8 18 9 83
8 18 10 59
8 18 11 99
8 18 12 64
8 18 13 78
8 18 14 28
8 18 15 4
8 18 16 3
8 18 17 88
8 18 18 18
8 18 19 62
8 18 20 97
8 18 21 93
8 18 22 85
8 18 23 84
8 18 24 7
8 18 25 98
8 18 26 54
8 18 27 79
8 18 28 87
8 18 29 14
8 18 30 23
8 18 31 74
8 18 32 41
8 18 33 56
8 18 34 39
8 18 35 34
8 18 36 77
8 19 0 49
8 19 1 100
8 19 2 88
8 19 3 24
8 19 4 50
8 19 5 6
8 19 6 35
8 19 7 11
8 19 8 67
8 19 9 44
8 19 10 98
8 19 11 90
8 19 12 77
8 19 13 28
8 19 14 19
8 19 15 22
8 19 16 69
8 19 17 30
8 19 18 108
8 19 19 96
8 19 20 71
8 19 21 42
8 19 22 83
8 19 23 10
8 19 24 43
8 19 25 107
8 19 26 78
8 19 27 86
8 19 28 18
8 19 29 7
8 19 30 72
8 19 31 81
8 19 32 73
8 19 33 37
8 19 34 21
8 19 35 76
8 19 36 75
8 20 0 99
8 20 1 53
8 20 2 9
8 20 3 108
8 20 4 30
8 20 5 14
8 20 6 29
8 20 7 81
8 20 8 61
8 20 9 97
8 20 10 89
8 20 11 76
8 20 12 11
8 20 13 5
8 20 14 2
8 20 15 50
8 20 16 6
8 20 17 59
8 20 18 54
8 20 19 55
8 20 20 48
8 20 21 67
8 20 22 36
8 20 23 71
8 20 24 106
8 20 25 77
8 20 26 69
8 20 27 21
8 20 28 1
8 20 29 28
8 20 30 80
8 20 31 46
8 20 32 98
8 20 33 27
8 20 34 73
8 20 35 43
8 20 36 51
8 21 0 46
8 21 1 14
8 21 2 45
8 21 3 17
8 21 4 4
8 21 5 5
8 21 6 80
8 21 7 71
8 21 8 96
8 21 9 88
8 21 10 52
8 21 11 16
8 21 12 10
8 21 13 13
8 21 14 85
8 21 15 3
8 21 16 49
8 21 17 43
8 21 18 90
8 21 19 82
8 21 20 81
8 21 21 11
8 21 22 95
8 21 23 105
8 21 24 76
8 21 25 84
8 21 26 23
8 21 27 26
8 21 28 50
8 21 29 79
8 21 30 87
8 21 31 54
8 21 32 12
8 21 33 74
8 21 34 69
8 21 35 70
8 21 36 59
8 22 0 24
8 22 1 59
8 22 2 22
8 22 3 14
8 22 4 29
8 22 5 79
8 22 6 61
8 22 7 95
8 22 8 72
8 22 9 74
8 22 10 9
8 22 11 0
8 22 12 2
8 22 13 50
8 22 14 1
8 22 15 53
8 22 16 43
8 22 17 89
8 22 18 42
8 22 19 80
8 22 20 32
8 22 21 94
8 22 22 104
8 22 23 54
8 22 24 83
8 22 25 25
8 22 26 36
8 22 27 107
8 22 28 78
8 22 29 86
8 22 30 69
8 22 31 20
8 22 32 51
8 22 33 38
8 22 34 101
8 22 35 97
8 22 36 85
8 23 0 67
8 23 1 34
8 23 2 27
8 23 3 19
8 23 4 78
8 23 5 38
8 23 6 94
8 23 7 55
8 23 8 44
8 23 9 17
8 23 10 15
8 23 11 32
8 23 12 59
8 23 13 6
8 23 14 40
8 23 15 92
8 23 16 88
8 23 17 56
8 23 18 79
8 23 19 21
8 23 20 93
8 23 21 103
8 23 22 74
8 23 23 70
8 23 24 24
8 23 25 0
8 23 26 106
8 23 27 77
8 23 28 62
8 23 29 95
8 23 30 25
8 23 31 33
8 23 32 108
8 23 33 41
8 23 34 96
8 23 35 64
8 23 36 4
8 24 0 21
8 24 1 36
8 24 2 30
8 24 3 77
8 24 4 101
8 24 5 93
8 24 6 85
8 24 7 10
8 24 8 34
8 24 9 12
8 24 10 33
8 24 11 82
8 24 12 16
8 24 13 51
8 24 14 91
8 24 15 49
8 24 16 46
8 24 17 78
8 24 18 11
8 24 19 59
8 24 20 102
8 24 21 37
8 24 22 81
8 24 23 25
8 24 24 0
8 24 25 105
8 24 26 76
8 24 27 84
8 24 28 94
8 24 29 13
8 24 30 60
8 24 31 73
8 24 32 42
8 24 33 70
8 24 34 63
8 24 35 4
8 24 36 50
8 25 0 33
8 25 1 1
8 25 2 76
8 25 3 65
8 25 4 92
8 25 5 52
8 25 6 72
8 25 7 23
8 25 8 18
8 25 9 10
8 25 10 39
8 25 11 11
8 25 12 44
8 25 13 61
8 25 14 70
8 25 15 56
8 25 16 77
8 25 17 36
8 25 18 69
8 25 19 64
8 25 20 24
8 25 21 80
8 25 22 13
8 25 23 35
8 25 24 104
8 25 25 66
8 25 26 83
8 25 27 93
8 25 28 31
8 25 29 107
8 25 30 59
8 25 31 98
8 25 32 47
8 25 33 82
8 25 34 32
8 25 35 53
8 25 36 3
8 26 0 25
8 26 1 55
8 26 2 38
8 26 3 91
8 26 4 62
8 26 5 107
8 26 6 11
8 26 7 21
8 26 8 6
8 26 9 37
8 26 10 2
8 26 11 101
8 26 12 43
8 26 13 85
8 26 14 68
8 26 15 76
8 26 16 29
8 26 17 90
8 26 18 100
8 26 19 61
8 26 20 79
8 26 21 15
8 26 22 5
8 26 23 103
8 26 24 74
8 26 25 63
8 26 26 58
8 26 27 32
8 26 28 106
8 26 29 71
8 26 30 57
8 26 31 66
8 26 32 46
8 26 33 1
8 26 34 51
8 26 35 13
8 26 36 22
8 27 0 74
8 27 1 98
8 27 2 90
8 27 3 82
8 27 4 106
8 27 5 28
8 27 6 31
8 27 7 3
8 27 8 40
8 27 9 15
8 27 10 64
8 27 11 57
8 27 12 48
8 27 13 54
8 27 14 67
8 27 15 21
8 27 16 89
8 27 17 99
8 27 18 107
8 27 19 78
8 27 20 11
8 27 21 1
8 27 22 102
8 27 23 53
8 27 24 81
8 27 25 68
8 27 26 24
8 27 27 105
8 27 28 44
8 27 29 41
8 27 30 92
8 27 31 39
8 27 32 14
8 27 33 101
8 27 34 10
8 27 35 32
8 27 36 5
8 28 0 72
8 28 1 89
8 28 2 52
8 28 3 105
8 28 4 15
8 28 5 20
8 28 6 13
8 28 7 60
8 28 8 21
8 28 9 63
8 28 10 87
8 28 11 49
8 28 12 75
8 28 13 74
8 28 14 22
8 28 15 88
8 28 16 65
8 28 17 106
8 28 18 77
8 28 19 18
8 28 20 3
8 28 21 57
8 28 22 29
8 28 23 80
8 28 24 90
8 28 25 17
8 28 26 104
8 28 27 71
8 28 28 95
8 28 29 91
8 28 30 50
8 28 31 5
8 28 32 68
8 28 33 6
8 28 34 35
8 28 35 30
8 28 36 46
8 29 0 88
8 29 1 66
8 29 2 104
8 29 3 23
8 29 4 17
8 29 5 32
8 29 6 68
8 29 7 12
8 29 8 98
8 29 9 86
8 29 10 82
8 29 11 52
8 29 12 39
8 29 13 3
8 29 14 58
8 29 15 97
8 29 16 105
8 29 17 76
8 29 18 16
8 29 19 28
8 29 20 100
8 29 21 73
8 29 22 79
8 29 23 89
8 29 24 5
8 29 25 103
8 29 26 48
8 29 27 94
8 29 28 47
8 29 29 37
8 29 30 0
8 29 31 40
8 29 32 20
8 29 33 4
8 29 34 19
8 29 35 6
8 29 36 55
8 30 0 56
8 30 1 103
8 30 2 34
8 30 3 26
8 30 4 19
8 30 5 45
8 30 6 12
8 30 7 44
8 30 8 68
8 30 9 57
8 30 10 58
8 30 11 20
8 30 12 28
8 30 13 73
8 30 14 96
8 30 15 104
8 30 16 40
8 30 17 16
8 30 18 29
8 30 19 99
8 30 20 107
8 30 21 78
8 30 22 88
8 30 23 32
8 30 24 102
8 30 25 101
8 30 26 93
8 30 27 47
8 30 28 41
8 30 29 10
8 30 30 98
8 30 31 21
8 30 32 1
8 30 33 36
8 30 34 38
8 30 35 95
8 30 36 87
8 31 0 102
8 31 1 24
8 31 2 2
8 31 3 31
8 31 4 75
8 31 5 29
8 31 6 37
8 31 7 84
8 31 8 39
8 31 9 47
8 31 10 54
8 31 11 33
8 31 12 85
8 31 13 44
8 31 14 103
8 31 15 74
8 31 16 17
8 31 17 28
8 31 18 58
8 31 19 106
8 31 20 77
8 31 21 56
8 31 22 21
8 31 23 60
8 31 24 42
8 31 25 72
8 31 26 73
8 31 27 68
8 31 28 15
8 31 29 40
8 31 30 14
8 31 31 16
8 31 32 7
8 31 33 107
8 31 34 94
8 31 35 86
8 31 36 66
8 32 0 11
8 32 1 12
8 32 2 36
8 32 3 40
8 32 4 2
8 32 5 95
8 32 6 83
8 32 7 41
8 32 8 108
8 32 9 107
8 32 10 4
8 32 11 53
8 32 12 54
8 32 13 102
8 32 14 55
8 32 15 27
8 32 16 30
8 32 17 97
8 32 18 105
8 32 19 76
8 32 20 47
8 32 21 5
8 32 22 100
8 32 23 48
8 32 24 56
8 32 25 87
8 32 26 75
8 32 27 13
8 32 28 58
8 32 29 3
8 32 30 6
8 32 31 0
8 32 32 106
8 32 33 93
8 32 34 85
8 32 35 46
8 32 36 60
8 33 0 2
8 33 1 23
8 33 2 42
8 33 3 7
8 33 4 94
8 33 5 58
8 33 6 45
8 33 7 67
8 33 8 106
8 33 9 26
8 33 10 51
8 33 11 71
8 33 12 49
8 33 13 25
8 33 14 15
8 33 15 32
8 33 16 96
8 33 17 104
8 33 18 73
8 33 19 85
8 33 20 17
8 33 21 99
8 33 22 98
8 33 23 90
8 33 24 86
8 33 25 65
8 33 26 10
8 33 27 95
8 33 28 14
8 33 29 11
8 33 30 5
8 33 31 105
8 33 32 63
8 33 33 84
8 33 34 68
8 33 35 100
8 33 36 24
8 34 0 10
8 34 1 37
8 34 2 29
8 34 3 93
8 34 4 81
8 34 5 65
8 34 6 39
8 34 7 105
8 34 8 32
8 34 9 82
8 34 10 92
8 34 11 100
8 34 12 72
8 34 13 9
8 34 14 35
8 34 15 57
8 34 16 103
8 34 17 74
8 34 18 43
8 34 19 6
8 34 20 40
8 34 21 58
8 34 22 89
8 34 23 52
8 34 24 49
8 34 25 23
8 34 26 94
8 34 27 31
8 34 28 34
8 34 29 25
8 34 30 104
8 34 31 45
8 34 32 83
8 34 33 75
8 34 34 99
8 34 35 5
8 34 36 18
8 35 0 108
8 35 1 7
8 35 2 65
8 35 3 80
8 35 4 55
8 35 5 44
8 35 6 104
8 35 7 19
8 35 8 64
8 35 9 91
8 35 10 99
8 35 11 107
8 35 12 30
8 35 13 2
8 35 14 47
8 35 15 102
8 35 16 71
8 35 17 69
8 35 18 9
8 35 19 97
8 35 20 42
8 35 21 88
8 35 22 84
8 35 23 51
8 35 24 35
8 35 25 93
8 35 26 13
8 35 27 12
8 35 28 25
8 35 29 103
8 35 30 90
8 35 31 82
8 35 32 38
8 35 33 61
8 35 34 17
8 35 35 10
8 35 36 23
8 36 0 15
8 36 1 61
8 36 2 79
8 36 3 75
8 36 4 73
8 36 5 103
8 36 6 10
8 36 7 45
8 36 8 58
8 36 9 62
8 36 10 106
8 36 11 24
8 36 12 3
8 36 13 41
8 36 14 37
8 36 15 30
8 36 16 82
8 36 17 31
8 36 18 96
8 36 19 95
8 36 20 46
8 36 21 83
8 36 22 108
8 36 23 20
8 36 24 55
8 36 25 4
8 36 26 35
8 36 27 1
8 36 28 102
8 36 29 89
8 36 30 81
8 36 31 63
8 36 32 97
8 36 33 22
8 36 34 28
8 36 35 26
8 36 36 48
9 0 0 79
9 0 1 75
9 0 2 37
9 0 3 103
9 0 4 11
9 0 5 46
9 0 6 59
9 0 7 63
9 0 8 106
9 0 9 25
9 0 10 4
9 0 11 42
9 0 12 38
9 0 13 31
9 0 14 82
9 0 15 32
9 0 16 96
9 0 17 95
9 0 18 47
9 0 19 83
9 0 20 108
9 0 21 21
9 0 22 56
9 0 23 5
9 0 24 36
9 0 25 2
9 0 26 102
9 0 27 89
9 0 28 81
9 0 29 64
9 0 30 97
9 0 31 23
9 0 32 29
9 0 33 27
9 0 34 49
9 0 35 16
9 0 36 62
9 1 0 73
9 1 1 49
9 1 2 102
9 1 3 23
9 1 4 70
9 1 5 48
9 1 6 97
9 1 7 105
9 1 8 18
9 1 9 27
9 1 10 92
9 1 11 100
9 1 12 37
9 1 13 67
9 1 14 1
9 1 15 53
9 1 16 94
9 1 17 47
9 1 18 54
9 1 19 63
9 1 20 19
9 1 21 57
9 1 22 31
9 1 23 13
9 1 24 32
9 1 25 44
9 1 26 88
9 1 27 80
9 1 28 69
9 1 29 96
9 1 30 3
9 1 31 21
9 1 32 30
9 1 33 52
9 1 34 34
9 1 35 90
9 1 36 78
9 2 0 56
9 2 1 68
9 2 2 22
9 2 3 72
9 2 4 43
9 2 5 96
9 2 6 104
9 2 7 20
9 2 8 6
9 2 9 91
9 2 10 99
9 2 11 107
9 2 12 39
9 2 13 36
9 2 14 40
9 2 15 93
9 2 16 85
9 2 17 81
9 2 18 46
9 2 19 33
9 2 20 90
9 2 21 25
9 2 22 18
9 2 23 7
9 2 24 100
9 2 25 67
9 2 26 79
9 2 27 108
9 2 28 65
9 2 29 12
9 2 30 5
9 2 31 14
9 2 32 58
9 2 33 4
9 2 34 89
9 2 35 77
9 2 36 41
9 3 0 100
9 3 1 34
9 3 2 52
9 3 3 87
9 3 4 58
9 3 5 103
9 3 6 3
9 3 7 1
9 3 8 57
9 3 9 66
9 3 10 106
9 3 11 60
9 3 12 7
9 3 13 71
9 3 14 37
9 3 15 61
9 3 16 80
9 3 17 64
9 3 18 23
9 3 19 89
9 3 20 25
9 3 21 0
9 3 22 12
9 3 23 99
9 3 24 45
9 3 25 78
9 3 26 38
9 3 27 51
9 3 28 18
9 3 29 35
9 3 30 4
9 3 31 73
9 3 32 17
9 3 33 88
9 3 34 76
9 3 35 42
9 3 36 101
9 4 0 26
9 4 1 60
9 4 2 86
9 4 3 40
9 4 4 102
9 4 5 27
9 4 6 34
9 4 7 66
9 4 8 97
9 4 9 105
9 4 10 47
9 4 11 22
9 4 12 92
9 4 13 73
9 4 14 38
9 4 15 79
9 4 16 58
9 4 17 2
9 4 18 88
9 4 19 5
9 4 20 23
9 4 21 1
9 4 22 63
9 4 23 85
9 4 24 77
9 4 25 53
9 4 26 62
9 4 27 28
9 4 28 13
9 4 29 16
9 4 30 61
9 4 31 31
9 4 32 65
9 4 33 50
9 4 34 108
9 4 35 72
9 4 36 99
9 5 0 75
9 5 1 61
9 5 2 49
9 5 3 68
9 5 4 27
9 5 5 35
9 5 6 58
9 5 7 96
9 5 8 104
9 5 9 48
9 5 10 33
9 5 11 91
9 5 12 90
9 5 13 82
9 5 14 78
9 5 15 38
9 5 16 29
9 5 17 55
9 5 18 2
9 5 19 28
9 5 20 12
9 5 21 97
9 5 22 47
9 5 23 76
9 5 24 57
9 5 25 92
9 5 26 30
9 5 27 22
9 5 28 10
9 5 29 51
9 5 30 16
9 5 31 56
9 5 32 74
9 5 33 42
9 5 34 40
9 5 35 60
9 5 36 34
9 6 0 84
9 6 1 92
9 6 2 100
9 6 3 27
9 6 4 0
9 6 5 87
9 6 6 66
9 6 7 103
9 6 8 54
9 6 9 13
9 6 10 67
9 6 11 89
9 6 12 72
9 6 13 77
9 6 14 65
9 6 15 34
9 6 16 40
9 6 17 4
9 6 18 5
9 6 19 14
9 6 20 96
9 6 21 42
9 6 22 75
9 6 23 39
9 6 24 91
9 6 25 28
9 6 26 24
9 6 27 10
9 6 28 101
9 6 29 2
9 6 30 85
9 6 31 60
9 6 32 71
9 6 33 98
9 6 34 97
9 6 35 19
9 6 36 70
9 7 0 91
9 7 1 99
9 7 2 27
9 7 3 24
9 7 4 86
9 7 5 64
9 7 6 102
9 7 7 75
9 7 8 28
9 7 9 43
9 7 10 88
9 7 11 38
9 7 12 76
9 7 13 101
9 7 14 10
9 7 15 85
9 7 16 15
9 7 17 12
9 7 18 13
9 7 19 45
9 7 20 82
9 7 21 74
9 7 22 48
9 7 23 62
9 7 24 4
9 7 25 29
9 7 26 34
9 7 27 68
9 7 28 30
9 7 29 60
9 7 30 18
9 7 31 51
9 7 32 46
9 7 33 96
9 7 34 8
9 7 35 39
9 7 36 83
9 8 0 62
9 8 1 28
9 8 2 29
9 8 3 67
9 8 4 44
9 8 5 58
9 8 6 57
9 8 7 26
9 8 8 63
9 8 9 52
9 8 10 38
9 8 11 68
9 8 12 47
9 8 13 24
9 8 14 56
9 8 15 35
9 8 16 7
9 8 17 20
9 8 18 55
9 8 19 60
9 8 20 46
9 8 21 69
9 8 22 37
9 8 23 8
9 8 24 21
9 8 25 36
9 8 26 73
9 8 27 2
9 8 28 45
9 8 29 61
9 8 30 54
9 8 31 40
9 8 32 66
9 8 33 1
9 8 34 72
9 8 35 71
9 8 36 48
9 9 0 19
9 9 1 36
9 9 2 84
9 9 3 92
9 9 4 100
9 9 5 53
9 9 6 10
9 9 7 87
9 9 8 46
9 9 9 41
9 9 10 74
9 9 11 69
9 9 12 1
9 9 13 61
9 9 14 35
9 9 15 15
9 9 16 32
9 9 17 67
9 9 18 44
9 9 19 9
9 9 20 101
9 9 21 47
9 9 22 23
9 9 23 3
9 9 24 20
9 9 25 98
9 9 26 17
9 9 27 82
9 9 28 107
9 9 29 54
9 9 30 95
9 9 31 49
9 9 32 8
9 9 33 108
9 9 34 81
9 9 35 65
9 9 36 97
9 10 0 27
9 10 1 83
9 10 2 91
9 10 3 99
9 10 4 59
9 10 5 17
9 10 6 86
9 10 7 85
9 10 8 58
9 10 9 69
9 10 10 98
9 10 11 16
9 10 12 82
9 10 13 19
9 10 14 34
9 10 15 10
9 10 16 92
9 10 17 53
9 10 18 108
9 10 19 50
9 10 20 87
9 10 21 35
9 10 22 11
9 10 23 20
9 10 24 52
9 10 25 31
9 10 26 64
9 10 27 106
9 10 28 57
9 10 29 94
9 10 30 62
9 10 31 29
9 10 32 38
9 10 33 80
9 10 34 63
9 10 35 96
9 10 36 26
9 11 0 61
9 11 1 43
9 11 2 68
9 11 3 108
9 11 4 10
9 11 5 69
9 11 6 52
9 11 7 50
9 11 8 0
9 11 9 73
9 11 10 25
9 11 11 41
9 11 12 21
9 11 13 26
9 11 14 14
9 11 15 91
9 11 16 72
9 11 17 107
9 11 18 45
9 11 19 86
9 11 20 5
9 11 21 6
9 11 22 3
9 11 23 37
9 11 24 8
9 11 25 54
9 11 26 105
9 11 27 101
9 11 28 93
9 11 29 92
9 11 30 27
9 11 31 44
9 11 32 79
9 11 33 87
9 11 34 71
9 11 35 31
9 11 36 28
9 12 0 52
9 12 1 97
9 12 2 69
9 12 3 36
9 12 4 84
9 12 5 57
9 12 6 75
9 12 7 42
9 12 8 64
9 12 9 16
9 12 10 68
9 12 11 8
9 12 12 31
9 12 13 27
9 12 14 67
9 12 15 39
9 12 16 106
9 12 17 98
9 12 18 66
9 12 19 4
9 12 20 13
9 12 21 14
9 12 22 95
9 12 23 21
9 12 24 71
9 12 25 104
9 12 26 54
9 12 27 56
9 12 28 91
9 12 29 5
9 12 30 45
9 12 31 78
9 12 32 86
9 12 33 63
9 12 34 18
9 12 35 28
9 12 36 81
9 13 0 96
9 13 1 40
9 13 2 21
9 13 3 83
9 13 4 82
9 13 5 50
9 13 6 107
9 13 7 95
9 13 8 2
9 13 9 56
9 13 10 8
9 13 11 33
9 13 12 25
9 13 13 41
9 13 14 54
9 13 15 105
9 13 16 47
9 13 17 84
9 13 18 6
9 13 19 27
9 13 20 16
9 13 21 94
9 13 22 26
9 13 23 65
9 13 24 103
9 13 25 68
9 13 26 55
9 13 27 58
9 13 28 22
9 13 29 69
9 13 30 77
9 13 31 63
9 13 32 72
9 13 33 20
9 13 34 28
9 13 35 80
9 13 36 71
9 14 0 57
9 14 1 29
9 14 2 61
9 14 3 73
9 14 4 51
9 14 5 106
9 14 6 94
9 14 7 24
9 14 8 71
9 14 9 2
9 14 10 5
9 14 11 27
9 14 12 64
9 14 13 75
9 14 14 104
9 14 15 62
9 14 16 83
9 14 17 17
9 14 18 32
9 14 19 13
9 14 20 93
9 14 21 16
9 14 22 46
9 14 23 102
9 14 24 98
9 14 25 90
9 14 26 52
9 14 27 33
9 14 28 53
9 14 29 76
9 14 30 84
9 14 31 92
9 14 32 21
9 14 33 28
9 14 34 79
9 14 35 87
9 14 36 49
9 15 0 21
9 15 1 81
9 15 2 43
9 15 3 56
9 15 4 105
9 15 5 93
9 15 6 1
9 15 7 40
9 15 8 14
9 15 9 20
9 15 10 0
9 15 11 87
9 15 12 60
9 15 13 103
9 15 14 95
9 15 15 48
9 15 16 6
9 15 17 18
9 15 18 30
9 15 19 72
9 15 20 32
9 15 21 66
9 15 22 38
9 15 23 45
9 15 24 89
9 15 25 39
9 15 26 11
9 15 27 62
9 15 28 55
9 15 29 83
9 15 30 91
9 15 31 17
9 15 32 15
9 15 33 78
9 15 34 86
9 15 35 44
9 15 36 59
9 16 0 80
9 16 1 55
9 16 2 108
9 16 3 104
9 16 4 67
9 16 5 14
9 16 6 43
9 16 7 4
9 16 8 13
9 16 9 6
9 16 10 86
9 16 11 65
9 16 12 102
9 16 13 94
9 16 14 81
9 16 15 11
9 16 16 0
9 16 17 30
9 16 18 73
9 16 19 22
9 16 20 75
9 16 21 100
9 16 22 45
9 16 23 88
9 16 24 87
9 16 25 19
9 16 26 101
9 16 27 74
9 16 28 54
9 16 29 50
9 16 30 12
9 16 31 35
9 16 32 77
9 16 33 66
9 16 34 70
9 16 35 46
9 16 36 33
9 17 0 47
9 17 1 73
9 17 2 103
9 17 3 63
9 17 4 21
9 17 5 75
9 17 6 25
9 17 7 34
9 17 8 15
9 17 9 67
9 17 10 53
9 17 11 101
9 17 12 93
9 17 13 80
9 17 14 23
9 17 15 5
9 17 16 24
9 17 17 90
9 17 18 36
9 17 19 40
9 17 20 99
9 17 21 95
9 17 22 49
9 17 23 86
9 17 24 17
9 17 25 59
9 17 26 57
9 17 27 81
9 17 28 44
9 17 29 28
9 17 30 0
9 17 31 76
9 17 32 84
9 17 33 92
9 17 34 64
9 17 35 32
9 17 36 79
9 18 0 63
9 18 1 102
9 18 2 90
9 18 3 2
9 18 4 54
9 18 5 28
9 18 6 26
9 18 7 32
9 18 8 84
9 18 9 108
9 18 10 100
9 18 11 46
9 18 12 79
9 18 13 16
9 18 14 19
9 18 15 13
9 18 16 89
9 18 17 34
9 18 18 42
9 18 19 39
9 18 20 94
9 18 21 70
9 18 22 51
9 18 23 23
9 18 24 48
9 18 25 24
9 18 26 80
9 18 27 71
9 18 28 14
9 18 29 30
9 18 30 56
9 18 31 83
9 18 32 91
9 18 33 101
9 18 34 7
9 18 35 78
9 18 36 52
9 19 0 70
9 19 1 89
9 19 2 10
9 19 3 49
9 19 4 31
9 19 5 7
9 19 6 0
9 19 7 83
9 19 8 60
9 19 9 99
9 19 10 65
9 19 11 78
9 19 12 29
9 19 13 5
9 19 14 4
9 19 15 88
9 19 16 19
9 19 17 63
9 19 18 97
9 19 19 93
9 19 20 85
9 19 21 84
9 19 22 8
9 19 23 98
9 19 24 55
9 19 25 79
9 19 26 87
9 19 27 15
9 19 28 24
9 19 29 74
9 19 30 42
9 19 31 57
9 19 32 40
9 19 33 35
9 19 34 77
9 19 35 61
9 19 36 46
9 20 0 88
9 20 1 25
9 20 2 51
9 20 3 7
9 20 4 36
9 20 5 12
9 20 6 68
9 20 7 45
9 20 8 98
9 20 9 90
9 20 10 77
9 20 11 29
9 20 12 20
9 20 13 23
9 20 14 70
9 20 15 31
9 20 16 108
9 20 17 96
9 20 18 72
9 20 19 43
9 20 20 83
9 20 21 11
9 20 22 44
9 20 23 107
9 20 24 78
9 20 25 86
9 20 26 19
9 20 27 8
9 20 28 73
9 20 29 81
9 20 30 37
9 20 31 38
9 20 32 22
9 20 33 76
9 20 34 75
9 20 35 50
9 20 36 100
9 21 0 10
9 21 1 108
9 21 2 31
9 21 3 15
9 21 4 30
9 21 5 81
9 21 6 62
9 21 7 97
9 21 8 89
9 21 9 76
9 21 10 12
9 21 11 6
9 21 12 3
9 21 13 51
9 21 14 7
9 21 15 60
9 21 16 55
9 21 17 56
9 21 18 49
9 21 19 68
9 21 20 0
9 21 21 72
9 21 22 106
9 21 23 77
9 21 24 70
9 21 25 22
9 21 26 2
9 21 27 29
9 21 28 80
9 21 29 47
9 21 30 98
9 21 31 28
9 21 32 37
9 21 33 44
9 21 34 52
9 21 35 99
9 21 36 54
9 22 0 46
9 22 1 18
9 22 2 5
9 22 3 6
9 22 4 80
9 22 5 72
9 22 6 96
9 22 7 88
9 22 8 53
9 22 9 17
9 22 10 11
9 22 11 14
9 22 12 85
9 22 13 4
9 22 14 50
9 22 15 44
9 22 16 90
9 22 17 82
9 22 18 81
9 22 19 12
9 22 20 95
9 22 21 105
9 22 22 76
9 22 23 84
9 22 24 24
9 22 25 27
9 22 26 51
9 22 27 79
9 22 28 87
9 22 29 55
9 22 30 13
9 22 31 74
9 22 32 70
9 22 33 71
9 22 34 60
9 22 35 47
9 22 36 15
9 23 0 23
9 23 1 15
9 23 2 30
9 23 3 79
9 23 4 62
9 23 5 95
9 23 6 73
9 23 7 74
9 23 8 10
9 23 9 1
9 23 10 3
9 23 11 51
9 23 12 2
9 23 13 54
9 23 14 44
9 23 15 89
9 23 16 43
9 23 17 80
9 23 18 33
9 23 19 94
9 23 20 104
9 23 21 55
9 23 22 83
9 23 23 26
9 23 24 0
9 23 25 107
9 23 26 78
9 23 27 86
9 23 28 70
9 23 29 21
9 23 30 52
9 23 31 39
9 23 32 101
9 23 33 97
9 23 34 85
9 23 35 25
9 23 36 60
9 24 0 28
9 24 1 20
9 24 2 78
9 24 3 39
9 24 4 94
9 24 5 56
9 24 6 45
9 24 7 18
9 24 8 16
9 24 9 33
9 24 10 60
9 24 11 7
9 24 12 41
9 24 13 92
9 24 14 88
9 24 15 57
9 24 16 79
9 24 17 22
9 24 18 93
9 24 19 103
9 24 20 74
9 24 21 71
9 24 22 25
9 24 23 1
9 24 24 106
9 24 25 77
9 24 26 63
9 24 27 95
9 24 28 26
9 24 29 34
9 24 30 108
9 24 31 42
9 24 32 96
9 24 33 65
9 24 34 5
9 24 35 68
9 24 36 35
9 25 0 31
9 25 1 77
9 25 2 101
9 25 3 93
9 25 4 85
9 25 5 11
9 25 6 35
9 25 7 13
9 25 8 34
9 25 9 82
9 25 10 17
9 25 11 52
9 25 12 91
9 25 13 50
9 25 14 47
9 25 15 78
9 25 16 12
9 25 17 60
9 25 18 102
9 25 19 38
9 25 20 81
9 25 21 26
9 25 22 1
9 25 23 105
9 25 24 76
9 25 25 84
9 25 26 94
9 25 27 14
9 25 28 61
9 25 29 37
9 25 30 43
9 25 31 71
9 25 32 64
9 25 33 5
9 25 34 51
9 25 35 22
9 25 36 0
9 26 0 76
9 26 1 66
9 26 2 92
9 26 3 53
9 26 4 73
9 26 5 24
9 26 6 19
9 26 7 11
9 26 8 40
9 26 9 12
9 26 10 45
9 26 11 62
9 26 12 71
9 26 13 57
9 26 14 77
9 26 15 0
9 26 16 70
9 26 17 65
9 26 18 25
9 26 19 80
9 26 20 14
9 26 21 36
9 26 22 104
9 26 23 67
9 26 24 83
9 26 25 93
9 26 26 32
9 26 27 107
9 26 28 60
9 26 29 98
9 26 30 48
9 26 31 82
9 26 32 33
9 26 33 54
9 26 34 4
9 26 35 34
9 26 36 2
9 27 0 39
9 27 1 91
9 27 2 63
9 27 3 107
9 27 4 12
9 27 5 22
9 27 6 7
9 27 7 38
9 27 8 3
9 27 9 101
9 27 10 44
9 27 11 85
9 27 12 69
9 27 13 76
9 27 14 30
9 27 15 90
9 27 16 100
9 27 17 62
9 27 18 79
9 27 19 16
9 27 20 6
9 27 21 103
9 27 22 74
9 27 23 64
9 27 24 59
9 27 25 33
9 27 26 106
9 27 27 72
9 27 28 58
9 27 29 67
9 27 30 47
9 27 31 2
9 27 32 52
9 27 33 14
9 27 34 23
9 27 35 26
9 27 36 56
9 28 0 90
9 28 1 82
9 28 2 106
9 28 3 29
9 28 4 32
9 28 5 4
9 28 6 41
9 28 7 16
9 28 8 65
9 28 9 58
9 28 10 49
9 28 11 55
9 28 12 68
9 28 13 22
9 28 14 89
9 28 15 99
9 28 16 107
9 28 17 78
9 28 18 12
9 28 19 2
9 28 20 102
9 28 21 54
9 28 22 81
9 28 23 69
9 28 24 25
9 28 25 105
9 28 26 45
9 28 27 42
9 28 28 92
9 28 29 40
9 28 30 15
9 28 31 101
9 28 32 11
9 28 33 33
9 28 34 6
9 28 35 74
9 28 36 98
9 29 0 53
9 29 1 105
9 29 2 16
9 29 3 21
9 29 4 14
9 29 5 61
9 29 6 22
9 29 7 64
9 29 8 87
9 29 9 50
9 29 10 75
9 29 11 74
9 29 12 23
9 29 13 88
9 29 14 66
9 29 15 106
9 29 16 77
9 29 17 19
9 29 18 4
9 29 19 58
9 29 20 30
9 29 21 80
9 29 22 90
9 29 23 18
9 29 24 104
9 29 25 72
9 29 26 95
9 29 27 91
9 29 28 51
9 29 29 6
9 29 30 69
9 29 31 7
9 29 32 36
9 29 33 31
9 29 34 47
9 29 35 73
9 29 36 89
9 30 0 104
9 30 1 24
9 30 2 18
9 30 3 33
9 30 4 69
9 30 5 13
9 30 6 98
9 30 7 86
9 30 8 82
9 30 9 53
9 30 10 40
9 30 11 4
9 30 12 59
9 30 13 97
9 30 14 105
9 30 15 76
9 30 16 17
9 30 17 29
9 30 18 100
9 30 19 37
9 30 20 79
9 30 21 89
9 30 22 6
9 30 23 103
9 30 24 49
9 30 25 94
9 30 26 48
9 30 27 38
9 30 28 1
9 30 29 41
9 30 30 21
9 30 31 5
9 30 32 20
9 30 33 7
9 30 34 56
9 30 35 88
9 30 36 67
9 31 0 35
9 31 1 27
9 31 2 20
9 31 3 46
9 31 4 13
9 31 5 45
9 31 6 69
9 31 7 58
9 31 8 59
9 31 9 21
9 31 10 29
9 31 11 37
9 31 12 96
9 31 13 104
9 31 14 41
9 31 15 17
9 31 16 30
9 31 17 99
9 31 18 107
9 31 19 78
9 31 20 88
9 31 21 33
9 31 22 102
9 31 23 101
9 31 24 93
9 31 25 48
9 31 26 42
9 31 27 11
9 31 28 98
9 31 29 22
9 31 30 2
9 31 31 0
9 31 32 39
9 31 33 95
9 31 34 87
9 31 35 57
9 31 36 103
9 32 0 3
9 32 1 32
9 32 2 75
9 32 3 30
9 32 4 38
9 32 5 84
9 32 6 40
9 32 7 48
9 32 8 55
9 32 9 34
9 32 10 85
9 32 11 45
9 32 12 103
9 32 13 74
9 32 14 18
9 32 15 29
9 32 16 59
9 32 17 106
9 32 18 77
9 32 19 57
9 32 20 22
9 32 21 61
9 32 22 43
9 32 23 73
9 32 24 37
9 32 25 69
9 32 26 16
9 32 27 41
9 32 28 15
9 32 29 17
9 32 30 8
9 32 31 107
9 32 32 94
9 32 33 86
9 32 34 67
9 32 35 102
9 32 36 25
9 33 0 0
9 33 1 41
9 33 2 3
9 33 3 95
9 33 4 83
9 33 5 42
9 33 6 108
9 33 7 107
9 33 8 5
9 33 9 54
9 33 10 55
9 33 11 102
9 33 12 56
9 33 13 28
9 33 14 31
9 33 15 97
9 33 16 105
9 33 17 76
9 33 18 48
9 33 19 6
9 33 20 100
9 33 21 49
9 33 22 57
9 33 23 87
9 33 24 75
9 33 25 14
9 33 26 59
9 33 27 4
9 33 28 7
9 33 29 1
9 33 30 106
9 33 31 93
9 33 32 85
9 33 33 47
9 33 34 61
9 33 35 12
9 33 36 13
9 34 0 43
9 34 1 8
9 34 2 94
9 34 3 59
9 34 4 46
9 34 5 68
9 34 6 106
9 34 7 27
9 34 8 52
9 34 9 72
9 34 10 50
9 34 11 26
9 34 12 16
9 34 13 33
9 34 14 96
9 34 15 104
9 34 16 37
9 34 17 85
9 34 18 18
9 34 19 99
9 34 20 98
9 34 21 90
9 34 22 86
9 34 23 66
9 34 24 11
9 34 25 95
9 34 26 15
9 34 27 12
9 34 28 6
9 34 29 105
9 34 30 64
9 34 31 84
9 34 32 69
9 34 33 100
9 34 34 25
9 34 35 3
9 34 36 24
9 35 0 30
9 35 1 93
9 35 2 81
9 35 3 66
9 35 4 40
9 35 5 105
9 35 6 33
9 35 7 82
9 35 8 92
9 35 9 100
9 35 10 73
9 35 11 10
9 35 12 36
9 35 13 58
9 35 14 103
9 35 15 74
9 35 16 44
9 35 17 7
9 35 18 41
9 35 19 59
9 35 20 89
9 35 21 53
9 35 22 50
9 35 23 24
9 35 24 94
9 35 25 32
9 35 26 35
9 35 27 26
9 35 28 104
9 35 29 46
9 35 30 83
9 35 31 75
9 35 32 99
9 35 33 6
9 35 34 19
9 35 35 11
9 35 36 38
9 36 0 66
9 36 1 80
9 36 2 56
9 36 3 45
9 36 4 104
9 36 5 20
9 36 6 65
9 36 7 91
9 36 8 99
9 36 9 107
9 36 10 31
9 36 11 3
9 36 12 48
9 36 13 102
9 36 14 72
9 36 15 70
9 36 16 10
9 36 17 97
9 36 18 43
9 36 19 88
9 36 20 84
9 36 21 52
9 36 22 36
9 36 23 93
9 36 24 14
9 36 25 13
9 36 26 26
9 36 27 103
9 36 28 90
9 36 29 82
9 36 30 39
9 36 31 62
9 36 32 18
9 36 33 11
9 36 34 24
9 36 35 108
9 36 36 8
10 0 0 57
10 0 1 46
10 0 2 104
10 0 3 21
10 0 4 66
10 0 5 91
10 0 6 99
10 0 7 107
10 0 8 32
10 0 9 4
10 0 10 49
10 0 11 102
10 0 12 73
10 0 13 71
10 0 14 11
10 0 15 97
10 0 16 44
10 0 17 88
10 0 18 84
10 0 19 53
10 0 20 0
10 0 21 93
10 0 22 15
10 0 23 14
10 0 24 27
10 0 25 103
10 0 26 90
10 0 27 82
10 0 28 40
10 0 29 63
10 0 30 19
10 0 31 12
10 0 32 25
10 0 33 108
10 0 34 9
10 0 35 67
10 0 36 80
10 1 0 38
10 1 1 103
10 1 2 12
10 1 3 47
10 1 4 60
10 1 5 64
10 1 6 106
10 1 7 26
10 1 8 5
10 1 9 43
10 1 10 39
10 1 11 32
10 1 12 82
10 1 13 33
10 1 14 96
10 1 15 95
10 1 16 48
10 1 17 83
10 1 18 108
10 1 19 22
10 1 20 57
10 1 21 6
10 1 22 0
10 1 23 3
10 1 24 102
10 1 25 89
10 1 26 81
10 1 27 65
10 1 28 97
10 1 29 24
10 1 30 30
10 1 31 28
10 1 32 50
10 1 33 17
10 1 34 63
10 1 35 79
10 1 36 75
10 2 0 102
10 2 1 24
10 2 2 71
10 2 3 49
10 2 4 97
10 2 5 105
10 2 6 19
10 2 7 28
10 2 8 92
10 2 9 100
10 2 10 38
10 2 11 68
10 2 12 2
10 2 13 54
10 2 14 94
10 2 15 48
10 2 16 55
10 2 17 64
10 2 18 20
10 2 19 58
10 2 20 32
10 2 21 14
10 2 22 33
10 2 23 45
10 2 24 88
10 2 25 80
10 2 26 70
10 2 27 96
10 2 28 4
10 2 29 22
10 2 30 31
10 2 31 53
10 2 32 35
10 2 33 90
10 2 34 78
10 2 35 37
10 2 36 50
10 3 0 23
10 3 1 73
10 3 2 44
10 3 3 96
10 3 4 104
10 3 5 21
10 3 6 7
10 3 7 91
10 3 8 99
10 3 9 107
10 3 10 40
10 3 11 0
10 3 12 41
10 3 13 93
10 3 14 85
10 3 15 81
10 3 16 47
10 3 17 34
10 3 18 90
10 3 19 26
10 3 20 19
10 3 21 8
10 3 22 100
10 3 23 68
10 3 24 79
10 3 25 108
10 3 26 66
10 3 27 13
10 3 28 6
10 3 29 15
10 3 30 59
10 3 31 5
10 3 32 89
10 3 33 77
10 3 34 42
10 3 35 57
10 3 36 69
10 4 0 53
10 4 1 87
10 4 2 59
10 4 3 103
10 4 4 4
10 4 5 2
10 4 6 58
10 4 7 67
10 4 8 106
10 4 9 61
10 4 10 8
10 4 11 72
10 4 12 38
10 4 13 62
10 4 14 80
10 4 15 65
10 4 16 24
10 4 17 89
10 4 18 26
10 4 19 1
10 4 20 13
10 4 21 99
10 4 22 46
10 4 23 78
10 4 24 39
10 4 25 52
10 4 26 19
10 4 27 36
10 4 28 5
10 4 29 37
10 4 30 18
10 4 31 88
10 4 32 76
10 4 33 43
10 4 34 101
10 4 35 100
10 4 36 35
10 5 0 86
10 5 1 41
10 5 2 102
10 5 3 28
10 5 4 35
10 5 5 67
10 5 6 97
10 5 7 105
10 5 8 48
10 5 9 23
10 5 10 92
10 5 11 37
10 5 12 39
10 5 13 79
10 5 14 59
10 5 15 3
10 5 16 88
10 5 17 6
10 5 18 24
10 5 19 2
10 5 20 64
10 5 21 85
10 5 22 77
10 5 23 54
10 5 24 63
10 5 25 29
10 5 26 14
10 5 27 17
10 5 28 62
10 5 29 32
10 5 30 66
10 5 31 51
10 5 32 108
10 5 33 73
10 5 34 99
10 5 35 27
10 5 36 61
10 6 0 50
10 6 1 69
10 6 2 28
10 6 3 36
10 6 4 59
10 6 5 96
10 6 6 104
10 6 7 49
10 6 8 34
10 6 9 91
10 6 10 90
10 6 11 82
10 6 12 78
10 6 13 39
10 6 14 30
10 6 15 56
10 6 16 3
10 6 17 29
10 6 18 13
10 6 19 97
10 6 20 48
10 6 21 76
10 6 22 58
10 6 23 92
10 6 24 31
10 6 25 23
10 6 26 11
10 6 27 52
10 6 28 17
10 6 29 57
10 6 30 74
10 6 31 43
10 6 32 41
10 6 33 61
10 6 34 35
10 6 35 75
10 6 36 62
10 7 0 100
10 7 1 28
10 7 2 1
10 7 3 87
10 7 4 67
10 7 5 103
10 7 6 55
10 7 7 14
10 7 8 68
10 7 9 89
10 7 10 73
10 7 11 77
10 7 12 66
10 7 13 35
10 7 14 41
10 7 15 5
10 7 16 6
10 7 17 15
10 7 18 96
10 7 19 43
10 7 20 75
10 7 21 40
10 7 22 91
10 7 23 29
10 7 24 25
10 7 25 11
10 7 26 101
10 7 27 3
10 7 28 85
10 7 29 61
10 7 30 72
10 7 31 98
10 7 32 97
10 7 33 20
10 7 34 71
10 7 35 84
10 7 36 92
10 8 0 28
10 8 1 25
10 8 2 86
10 8 3 65
10 8 4 102
10 8 5 75
10 8 6 29
10 8 7 44
10 8 8 88
10 8 9 39
10 8 10 76
10 8 11 101
10 8 12 11
10 8 13 85
10 8 14 16
10 8 15 13
10 8 16 14
10 8 17 46
10 8 18 82
10 8 19 74
10 8 20 49
10 8 21 63
10 8 22 5
10 8 23 30
10 8 24 35
10 8 25 69
10 8 26 31
10 8 27 61
10 8 28 19
10 8 29 52
10 8 30 47
10 8 31 96
10 8 32 9
10 8 33 40
10 8 34 83
10 8 35 91
10 8 36 99
10 9 0 30
10 9 1 68
10 9 2 45
10 9 3 59
10 9 4 58
10 9 5 27
10 9 6 64
10 9 7 53
10 9 8 39
10 9 9 69
10 9 10 48
10 9 11 25
10 9 12 57
10 9 13 36
10 9 14 8
10 9 15 21
10 9 16 56
10 9 17 61
10 9 18 47
10 9 19 70
10 9 20 38
10 9 21 9
10 9 22 22
10 9 23 0
10 9 24 37
10 9 25 3
10 9 26 46
10 9 27 62
10 9 28 55
10 9 29 41
10 9 30 67
10 9 31 2
10 9 32 73
10 9 33 72
10 9 34 49
10 9 35 63
10 9 36 29
10 10 0 84
10 10 1 92
10 10 2 100
10 10 3 54
10 10 4 11
10 10 5 87
10 10 6 47
10 10 7 42
10 10 8 74
10 10 9 70
10 10 10 2
10 10 11 62
10 10 12 36
10 10 13 16
10 10 14 33
10 10 15 68
10 10 16 45
10 10 17 10
10 10 18 101
10 10 19 48
10 10 20 24
10 10 21 4
10 10 22 21
10 10 23 98
10 10 24 18
10 10 25 82
10 10 26 107
10 10 27 55
10 10 28 95
10 10 29 50
10 10 30 9
10 10 31 108
10 10 32 81
10 10 33 66
10 10 34 97
10 10 35 20
10 10 36 0
10 11 0 91
10 11 1 99
10 11 2 60
10 11 3 18
10 11 4 86
10 11 5 85
10 11 6 59
10 11 7 70
10 11 8 98
10 11 9 17
10 11 10 82
10 11 11 20
10 11 12 35
10 11 13 11
10 11 14 92
10 11 15 54
10 11 16 108
10 11 17 51
10 11 18 87
10 11 19 36
10 11 20 12
10 11 21 21
10 11 22 53
10 11 23 32
10 11 24 65
10 11 25 106
10 11 26 58
10 11 27 94
10 11 28 63
10 11 29 30
10 11 30 39
10 11 31 80
10 11 32 64
10 11 33 96
10 11 34 27
10 11 35 28
10 11 36 83
10 12 0 69
10 12 1 108
10 12 2 11
10 12 3 70
10 12 4 53
10 12 5 51
10 12 6 1
10 12 7 37
10 12 8 26
10 12 9 42
10 12 10 22
10 12 11 27
10 12 12 15
10 12 13 91
10 12 14 73
10 12 15 107
10 12 16 46
10 12 17 86
10 12 18 6
10 12 19 7
10 12 20 4
10 12 21 38
10 12 22 9
10 12 23 55
10 12 24 105
10 12 25 101
10 12 26 93
10 12 27 92
10 12 28 28
10 12 29 45
10 12 30 79
10 12 31 87
10 12 32 72
10 12 33 32
10 12 34 29
10 12 35 62
10 12 36 44
10 13 0 70
10 13 1 0
10 13 2 84
10 13 3 58
10 13 4 75
10 13 5 43
10 13 6 65
10 13 7 17
10 13 8 69
10 13 9 9
10 13 10 32
10 13 11 28
10 13 12 68
10 13 13 40
10 13 14 106
10 13 15 98
10 13 16 67
10 13 17 5
10 13 18 14
10 13 19 15
10 13 20 95
10 13 21 22
10 13 22 72
10 13 23 104
10 13 24 55
10 13 25 57
10 13 26 91
10 13 27 6
10 13 28 46
10 13 29 78
10 13 30 86
10 13 31 64
10 13 32 19
10 13 33 29
10 13 34 81
10 13 35 53
10 13 36 97
10 14 0 22
10 14 1 83
10 14 2 82
10 14 3 51
10 14 4 107
10 14 5 95
10 14 6 3
10 14 7 57
10 14 8 9
10 14 9 34
10 14 10 26
10 14 11 42
10 14 12 55
10 14 13 105
10 14 14 48
10 14 15 84
10 14 16 7
10 14 17 28
10 14 18 17
10 14 19 94
10 14 20 27
10 14 21 66
10 14 22 103
10 14 23 69
10 14 24 56
10 14 25 59
10 14 26 23
10 14 27 70
10 14 28 77
10 14 29 64
10 14 30 73
10 14 31 21
10 14 32 29
10 14 33 80
10 14 34 72
10 14 35 96
10 14 36 41
10 15 0 62
10 15 1 37
10 15 2 52
10 15 3 106
10 15 4 94
10 15 5 25
10 15 6 72
10 15 7 3
10 15 8 6
10 15 9 28
10 15 10 65
10 15 11 75
10 15 12 104
10 15 13 63
10 15 14 83
10 15 15 18
10 15 16 33
10 15 17 14
10 15 18 93
10 15 19 17
10 15 20 47
10 15 21 102
10 15 22 98
10 15 23 90
10 15 24 53
10 15 25 34
10 15 26 54
10 15 27 76
10 15 28 84
10 15 29 92
10 15 30 22
10 15 31 29
10 15 32 79
10 15 33 87
10 15 34 50
10 15 35 58
10 15 36 30
10 16 0 44
10 16 1 57
10 16 2 105
10 16 3 93
10 16 4 2
10 16 5 41
10 16 6 15
10 16 7 21
10 16 8 1
10 16 9 87
10 16 10 61
10 16 11 103
10 16 12 95
10 16 13 49
10 16 14 7
10 16 15 19
10 16 16 31
10 16 17 73
10 16 18 33
10 16 19 67
10 16 20 39
10 16 21 46
10 16 22 89
10 16 23 40
10 16 24 12
10 16 25 63
10 16 26 56
10 16 27 83
10 16 28 91
10 16 29 18
10 16 30 16
10 16 31 78
10 16 32 86
10 16 33 45
10 16 34 60
10 16 35 22
10 16 36 81
10 17 0 108
10 17 1 104
10 17 2 68
10 17 3 15
10 17 4 44
10 17 5 5
10 17 6 14
10 17 7 7
10 17 8 86
10 17 9 66
10 17 10 102
10 17 11 94
10 17 12 81
10 17 13 12
10 17 14 1
10 17 15 31
10 17 16 37
10 17 17 23
10 17 18 75
10 17 19 100
10 17 20 46
10 17 21 88
10 17 22 87
10 17 23 20
10 17 24 101
10 17 25 74
10 17 26 55
10 17 27 51
10 17 28 13
10 17 29 36
10 17 30 77
10 17 31 67
10 17 32 71
10 17 33 47
10 17 34 34
10 17 35 80
10 17 36 56
10 18 0 103
10 18 1 64
10 18 2 22
10 18 3 75
10 18 4 26
10 18 5 35
10 18 6 16
10 18 7 68
10 18 8 54
10 18 9 101
10 18 10 93
10 18 11 80
10 18 12 24
10 18 13 6
10 18 14 25
10 18 15 90
10 18 16 0
10 18 17 41
10 18 18 99
10 18 19 95
10 18 20 50
10 18 21 86
10 18 22 18
10 18 23 60
10 18 24 58
10 18 25 81
10 18 26 45
10 18 27 29
10 18 28 1
10 18 29 76
10 18 30 84
10 18 31 92
10 18 32 65
10 18 33 33
10 18 34 79
10 18 35 48
10 18 36 37
10 19 0 90
10 19 1 3
10 19 2 55
10 19 3 29
10 19 4 27
10 19 5 33
10 19 6 84
10 19 7 108
10 19 8 100
10 19 9 47
10 19 10 79
10 19 11 17
10 19 12 20
10 19 13 14
10 19 14 89
10 19 15 35
10 19 16 43
10 19 17 40
10 19 18 94
10 19 19 71
10 19 20 52
10 19 21 24
10 19 22 49
10 19 23 25
10 19 24 80
10 19 25 72
10 19 26 15
10 19 27 31
10 19 28 57
10 19 29 83
10 19 30 91
10 19 31 101
10 19 32 8
10 19 33 78
10 19 34 53
10 19 35 64
10 19 36 102
10 20 0 11
10 20 1 50
10 20 2 32
10 20 3 8
10 20 4 1
10 20 5 83
10 20 6 61
10 20 7 99
10 20 8 66
10 20 9 78
10 20 10 30
10 20 11 6
10 20 12 5
10 20 13 88
10 20 14 20
10 20 15 64
10 20 16 97
10 20 17 93
10 20 18 85
10 20 19 84
10 20 20 9
10 20 21 98
10 20 22 56
10 20 23 79
10 20 24 87
10 20 25 16
10 20 26 25
10 20 27 74
10 20 28 43
10 20 29 58
10 20 30 41
10 20 31 36
10 20 32 77
10 20 33 62
10 20 34 47
10 20 35 71
10 20 36 89
10 21 0 52
10 21 1 8
10 21 2 0
10 21 3 13
10 21 4 69
10 21 5 46
10 21 6 98
10 21 7 90
10 21 8 77
10 21 9 30
10 21 10 21
10 21 11 24
10 21 12 71
10 21 13 32
10 21 14 108
10 21 15 96
10 21 16 73
10 21 17 44
10 21 18 83
10 21 19 12
10 21 20 45
10 21 21 107
10 21 22 78
10 21 23 86
10 21 24 20
10 21 25 9
10 21 26 37
10 21 27 81
10 21 28 38
10 21 29 39
10 21 30 23
10 21 31 76
10 21 32 75
10 21 33 51
10 21 34 100
10 21 35 88
10 21 36 26
10 22 0 32
10 22 1 16
10 22 2 31
10 22 3 81
10 22 4 63
10 22 5 97
10 22 6 89
10 22 7 76
10 22 8 13
10 22 9 7
10 22 10 4
10 22 11 52
10 22 12 8
10 22 13 61
10 22 14 56
10 22 15 57
10 22 16 50
10 22 17 69
10 22 18 1
10 22 19 73
10 22 20 106
10 22 21 77
10 22 22 71
10 22 23 23
10 22 24 3
10 22 25 30
10 22 26 80
10 22 27 48
10 22 28 98
10 22 29 29
10 22 30 38
10 22 31 45
10 22 32 53
10 22 33 99
10 22 34 55
10 22 35 11
10 22 36 108
10 23 0 6
10 23 1 7
10 23 2 80
10 23 3 73
10 23 4 96
10 23 5 88
10 23 6 54
10 23 7 18
10 23 8 12
10 23 9 15
10 23 10 85
10 23 11 5
10 23 12 51
10 23 13 45
10 23 14 90
10 23 15 82
10 23 16 81
10 23 17 13
10 23 18 95
10 23 19 105
10 23 20 76
10 23 21 84
10 23 22 25
10 23 23 28
10 23 24 52
10 23 25 79
10 23 26 87
10 23 27 56
10 23 28 14
10 23 29 74
10 23 30 71
10 23 31 72
10 23 32 61
10 23 33 48
10 23 34 16
10 23 35 47
10 23 36 19
10 24 0 31
10 24 1 79
10 24 2 63
10 24 3 95
10 24 4 37
10 24 5 74
10 24 6 11
10 24 7 2
10 24 8 4
10 24 9 52
10 24 10 3
10 24 11 55
10 24 12 45
10 24 13 89
10 24 14 44
10 24 15 80
10 24 16 34
10 24 17 94
10 24 18 104
10 24 19 56
10 24 20 83
10 24 21 27
10 24 22 1
10 24 23 107
10 24 24 78
10 24 25 86
10 24 26 71
10 24 27 22
10 24 28 53
10 24 29 40
10 24 30 101
10 24 31 97
10 24 32 85
10 24 33 26
10 24 34 61
10 24 35 24
10 24 36 16
10 25 0 78
10 25 1 40
10 25 2 94
10 25 3 57
10 25 4 46
10 25 5 19
10 25 6 17
10 25 7 34
10 25 8 61
10 25 9 8
10 25 10 42
10 25 11 92
10 25 12 88
10 25 13 58
10 25 14 79
10 25 15 23
10 25 16 93
10 25 17 103
10 25 18 74
10 25 19 72
10 25 20 26
10 25 21 2
10 25 22 106
10 25 23 77
10 25 24 64
10 25 25 95
10 25 26 27
10 25 27 35
10 25 28 108
10 25 29 43
10 25 30 96
10 25 31 66
10 25 32 6
10 25 33 69
10 25 34 36
10 25 35 29
10 25 36 21
10 26 0 101
10 26 1 93
10 26 2 85
10 26 3 12
10 26 4 36
10 26 5 14
10 26 6 35
10 26 7 82
10 26 8 18
10 26 9 53
10 26 10 91
10 26 11 51
10 26 12 48
10 26 13 78
10 26 14 13
10 26 15 61
10 26 16 102
10 26 17 39
10 26 18 81
10 26 19 27
10 26 20 2
10 26 21 105
10 26 22 76
10 26 23 84
10 26 24 94
10 26 25 15
10 26 26 62
10 26 27 38
10 26 28 44
10 26 29 72
10 26 30 65
10 26 31 6
10 26 32 52
10 26 33 23
10 26 34 1
10 26 35 32
10 26 36 77
10 27 0 92
10 27 1 54
10 27 2 37
10 27 3 25
10 27 4 20
10 27 5 12
10 27 6 41
10 27 7 13
10 27 8 46
10 27 9 63
10 27 10 72
10 27 11 58
10 27 12 77
10 27 13 1
10 27 14 71
10 27 15 66
10 27 16 26
10 27 17 80
10 27 18 15
10 27 19 0
10 27 20 104
10 27 21 68
10 27 22 83
10 27 23 93
10 27 24 33
10 27 25 107
10 27 26 61
10 27 27 98
10 27 28 49
10 27 29 82
10 27 30 34
10 27 31 55
10 27 32 5
10 27 33 35
10 27 34 3
10 27 35 76
10 27 36 67
10 28 0 64
10 28 1 107
10 28 2 13
10 28 3 23
10 28 4 8
10 28 5 39
10 28 6 4
10 28 7 101
10 28 8 45
10 28 9 85
10 28 10 70
10 28 11 76
10 28 12 31
10 28 13 90
10 28 14 100
10 28 15 63
10 28 16 79
10 28 17 17
10 28 18 7
10 28 19 103
10 28 20 74
10 28 21 65
10 28 22 60
10 28 23 34
10 28 24 106
10 28 25 73
10 28 26 59
10 28 27 68
10 28 28 48
10 28 29 3
10 28 30 53
10 28 31 15
10 28 32 24
10 28 33 27
10 28 34 57
10 28 35 40
10 28 36 91
10 29 0 106
10 29 1 30
10 29 2 33
10 29 3 5
10 29 4 42
10 29 5 17
10 29 6 66
10 29 7 59
10 29 8 50
10 29 9 56
10 29 10 69
10 29 11 23
10 29 12 89
10 29 13 99
10 29 14 107
10 29 15 78
10 29 16 13
10 29 17 3
10 29 18 102
10 29 19 55
10 29 20 81
10 29 21 70
10 29 22 26
10 29 23 105
10 29 24 46
10 29 25 43
10 29 26 92
10 29 27 41
10 29 28 16
10 29 29 101
10 29 30 12
10 29 31 34
10 29 32 7
10 29 33 74
10 29 34 98
10 29 35 90
10 29 36 82
10 30 0 17
10 30 1 22
10 30 2 15
10 30 3 62
10 30 4 23
10 30 5 65
10 30 6 87
10 30 7 51
10 30 8 75
10 30 9 74
10 30 10 24
10 30 11 88
10 30 12 67
10 30 13 106
10 30 14 77
10 30 15 20
10 30 16 5
10 30 17 59
10 30 18 31
10 30 19 80
10 30 20 90
10 30 21 19
10 30 22 104
10 30 23 73
10 30 24 95
10 30 25 91
10 30 26 52
10 30 27 7
10 30 28 70
10 30 29 8
10 30 30 0
10 30 31 32
10 30 32 48
10 30 33 37
10 30 34 89
10 30 35 54
10 30 36 105
10 31 0 19
10 31 1 34
10 31 2 70
10 31 3 14
10 31 4 98
10 31 5 86
10 31 6 82
10 31 7 54
10 31 8 41
10 31 9 5
10 31 10 60
10 31 11 97
10 31 12 105
10 31 13 76
10 31 14 18
10 31 15 30
10 31 16 100
10 31 17 38
10 31 18 79
10 31 19 89
10 31 20 7
10 31 21 103
10 31 22 50
10 31 23 94
10 31 24 49
10 31 25 39
10 31 26 2
10 31 27 42
10 31 28 22
10 31 29 6
10 31 30 21
10 31 31 8
10 31 32 57
10 31 33 88
10 31 34 68
10 31 35 104
10 31 36 25
10 32 0 21
10 32 1 47
10 32 2 14
10 32 3 46
10 32 4 70
10 32 5 59
10 32 6 60
10 32 7 22
10 32 8 30
10 32 9 38
10 32 10 96
10 32 11 104
10 32 12 42
10 32 13 18
10 32 14 31
10 32 15 99
10 32 16 107
10 32 17 78
10 32 18 88
10 32 19 34
10 32 20 102
10 32 21 101
10 32 22 93
10 32 23 49
10 32 24 43
10 32 25 12
10 32 26 98
10 32 27 23
10 32 28 3
10 32 29 1
10 32 30 40
10 32 31 95
10 32 32 87
10 32 33 58
10 32 34 103
10 32 35 36
10 32 36 28
10 33 0 75
10 33 1 31
10 33 2 39
10 33 3 84
10 33 4 41
10 33 5 49
10 33 6 56
10 33 7 35
10 33 8 85
10 33 9 46
10 33 10 103
10 33 11 74
10 33 12 19
10 33 13 30
10 33 14 60
10 33 15 106
10 33 16 77
10 33 17 58
10 33 18 23
10 33 19 62
10 33 20 44
10 33 21 37
10 33 22 38
10 33 23 70
10 33 24 17
10 33 25 42
10 33 26 16
10 33 27 18
10 33 28 9
10 33 29 107
10 33 30 94
10 33 31 86
10 33 32 68
10 33 33 102
10 33 34 26
10 33 35 4
10 33 36 33
10 34 0 4
10 34 1 95
10 34 2 83
10 34 3 43
10 34 4 108
10 34 5 107
10 34 6 6
10 34 7 55
10 34 8 56
10 34 9 102
10 34 10 57
10 34 11 29
10 34 12 32
10 34 13 97
10 34 14 105
10 34 15 76
10 34 16 49
10 34 17 7
10 34 18 100
10 34 19 50
10 34 20 58
10 34 21 87
10 34 22 75
10 34 23 15
10 34 24 60
10 34 25 5
10 34 26 8
10 34 27 2
10 34 28 106
10 34 29 93
10 34 30 85
10 34 31 48
10 34 32 62
10 34 33 13
10 34 34 14
10 34 35 1
10 34 36 42
10 35 0 94
10 35 1 60
10 35 2 47
10 35 3 69
10 35 4 106
10 35 5 28
10 35 6 53
10 35 7 73
10 35 8 51
10 35 9 27
10 35 10 17
10 35 11 34
10 35 12 96
10 35 13 104
10 35 14 38
10 35 15 85
10 35 16 19
10 35 17 99
10 35 18 98
10 35 19 90
10 35 20 86
10 35 21 67
10 35 22 12
10 35 23 95
10 35 24 16
10 35 25 13
10 35 26 7
10 35 27 105
10 35 28 65
10 35 29 84
10 35 30 70
10 35 31 100
10 35 32 26
10 35 33 4
10 35 34 25
10 35 35 44
10 35 36 9
10 36 0 81
10 36 1 67
10 36 2 41
10 36 3 105
10 36 4 34
10 36 5 82
10 36 6 92
10 36 7 100
10 36 8 37
10 36 9 11
10 36 10 0
10 36 11 59
10 36 12 103
10 36 13 74
10 36 14 45
10 36 15 8
10 36 16 42
10 36 17 60
10 36 18 89
10 36 19 54
10 36 20 51
10 36 21 25
10 36 22 94
10 36 23 33
10 36 24 36
10 36 25 27
10 36 26 104
10 36 27 47
10 36 28 83
10 36 29 75
10 36 30 99
10 36 31 7
10 36 32 20
10 36 33 12
10 36 34 39
10 36 35 31
10 36 36 93
11 0 0 42
11 0 1 105
11 0 2 35
11 0 3 82
11 0 4 92
11 0 5 100
11 0 6 38
11 0 7 12
11 0 8 1
11 0 9 60
11 0 10 103
11 0 11 74
11 0 12 46
11 0 13 9
11 0 14 43
11 0 15 61
11 0 16 89
11 0 17 55
11 0 18 52
11 0 19 26
11 0 20 94
11 0 21 34
11 0 22 0
11 0 23 28
11 0 24 104
11 0 25 48
11 0 26 83
11 0 27 75
11 0 28 99
11 0 29 8
11 0 30 21
11 0 31 13
11 0 32 40
11 0 33 32
11 0 34 93
11 0 35 81
11 0 36 68
11 1 0 104
11 1 1 22
11 1 2 67
11 1 3 91
11 1 4 99
11 1 5 107
11 1 6 33
11 1 7 5
11 1 8 50
11 1 9 102
11 1 10 37
11 1 11 72
11 1 12 12
11 1 13 97
11 1 14 45
11 1 15 88
11 1 16 84
11 1 17 54
11 1 18 1
11 1 19 93
11 1 20 16
11 1 21 15
11 1 22 28
11 1 23 103
11 1 24 90
11 1 25 82
11 1 26 41
11 1 27 64
11 1 28 20
11 1 29 13
11 1 30 26
11 1 31 108
11 1 32 10
11 1 33 68
11 1 34 80
11 1 35 58
11 1 36 47
11 2 0 13
11 2 1 48
11 2 2 61
11 2 3 65
11 2 4 106
11 2 5 27
11 2 6 6
11 2 7 44
11 2 8 40
11 2 9 33
11 2 10 82
11 2 11 34
11 2 12 96
11 2 13 95
11 2 14 49
11 2 15 83
11 2 16 108
11 2 17 23
11 2 18 58
11 2 19 7
11 2 20 1
11 2 21 4
11 2 22 102
11 2 23 89
11 2 24 81
11 2 25 66
11 2 26 97
11 2 27 25
11 2 28 31
11 2 29 29
11 2 30 51
11 2 31 18
11 2 32 64
11 2 33 79
11 2 34 75
11 2 35 39
11 2 36 103
11 3 0 72
11 3 1 50
11 3 2 97
11 3 3 105
11 3 4 20
11 3 5 29
11 3 6 92
11 3 7 100
11 3 8 39
11 3 9 69
11 3 10 3
11 3 11 55
11 3 12 94
11 3 13 49
11 3 14 56
11 3 15 65
11 3 16 21
11 3 17 59
11 3 18 33
11 3 19 15
11 3 20 34
11 3 21 46
11 3 22 88
11 3 23 80
11 3 24 71
11 3 25 96
11 3 26 5
11 3 27 23
11 3 28 32
11 3 29 54
11 3 30 36
11 3 31 90
11 3 32 78
11 3 33 38
11 3 34 51
11 3 35 102
11 3 36 25
11 4 0 45
11 4 1 96
11 4 2 104
11 4 3 22
11 4 4 8
11 4 5 91
11 4 6 99
11 4 7 107
11 4 8 41
11 4 9 1
11 4 10 42
11 4 11 93
11 4 12 85
11 4 13 81
11 4 14 48
11 4 15 35
11 4 16 90
11 4 17 27
11 4 18 20
11 4 19 9
11 4 20 100
11 4 21 69
11 4 22 79
11 4 23 108
11 4 24 67
11 4 25 14
11 4 26 7
11 4 27 16
11 4 28 60
11 4 29 6
11 4 30 89
11 4 31 77
11 4 32 43
11 4 33 58
11 4 34 70
11 4 35 24
11 4 36 37
11 5 0 60
11 5 1 103
11 5 2 5
11 5 3 3
11 5 4 59
11 5 5 68
11 5 6 106
11 5 7 62
11 5 8 9
11 5 9 73
11 5 10 39
11 5 11 63
11 5 12 80
11 5 13 66
11 5 14 25
11 5 15 89
11 5 16 27
11 5 17 2
11 5 18 14
11 5 19 99
11 5 20 47
11 5 21 78
11 5 22 40
11 5 23 53
11 5 24 20
11 5 25 0
11 5 26 6
11 5 27 38
11 5 28 19
11 5 29 88
11 5 30 76
11 5 31 44
11 5 32 101
11 5 33 100
11 5 34 36
11 5 35 54
11 5 36 87
11 6 0 102
11 6 1 29
11 6 2 36
11 6 3 68
11 6 4 97
11 6 5 105
11 6 6 49
11 6 7 24
11 6 8 92
11 6 9 38
11 6 10 40
11 6 11 79
11 6 12 60
11 6 13 4
11 6 14 88
11 6 15 7
11 6 16 25
11 6 17 3
11 6 18 65
11 6 19 85
11 6 20 77
11 6 21 55
11 6 22 64
11 6 23 30
11 6 24 15
11 6 25 18
11 6 26 63
11 6 27 33
11 6 28 67
11 6 29 52
11 6 30 108
11 6 31 37
11 6 32 99
11 6 33 28
11 6 34 62
11 6 35 86
11 6 36 42
11 7 0 29
11 7 1 0
11 7 2 60
11 7 3 96
11 7 4 104
11 7 5 50
11 7 6 35
11 7 7 91
11 7 8 90
11 7 9 82
11 7 10 78
11 7 11 40
11 7 12 31
11 7 13 57
11 7 14 4
11 7 15 30
11 7 16 14
11 7 17 97
11 7 18 49
11 7 19 76
11 7 20 59
11 7 21 92
11 7 22 32
11 7 23 24
11 7 24 12
11 7 25 53
11 7 26 18
11 7 27 58
11 7 28 74
11 7 29 44
11 7 30 42
11 7 31 62
11 7 32 36
11 7 33 75
11 7 34 63
11 7 35 51
11 7 36 70
11 8 0 2
11 8 1 87
11 8 2 68
11 8 3 103
11 8 4 56
11 8 5 15
11 8 6 69
11 8 7 89
11 8 8 37
11 8 9 77
11 8 10 67
11 8 11 36
11 8 12 42
11 8 13 6
11 8 14 7
11 8 15 16
11 8 16 96
11 8 17 44
11 8 18 75
11 8 19 41
11 8 20 91
11 8 21 30
11 8 22 26
11 8 23 12
11 8 24 101
11 8 25 4
11 8 26 85
11 8 27 62
11 8 28 73
11 8 29 98
11 8 30 97
11 8 31 21
11 8 32 72
11 8 33 84
11 8 34 92
11 8 35 100
11 8 36 29
11 9 0 86
11 9 1 66
11 9 2 102
11 9 3 75
11 9 4 30
11 9 5 45
11 9 6 88
11 9 7 40
11 9 8 76
11 9 9 101
11 9 10 12
11 9 11 85
11 9 12 17
11 9 13 14
11 9 14 15
11 9 15 47
11 9 16 82
11 9 17 74
11 9 18 50
11 9 19 64
11 9 20 6
11 9 21 31
11 9 22 36
11 9 23 70
11 9 24 32
11 9 25 62
11 9 26 20
11 9 27 53
11 9 28 48
11 9 29 96
11 9 30 10
11 9 31 41
11 9 32 83
11 9 33 91
11 9 34 99
11 9 35 29
11 9 36 26
11 10 0 46
11 10 1 60
11 10 2 59
11 10 3 28
11 10 4 65
11 10 5 54
11 10 6 40
11 10 7 70
11 10 8 49
11 10 9 26
11 10 10 58
11 10 11 0
11 10 12 9
11 10 13 22
11 10 14 57
11 10 15 62
11 10 16 48
11 10 17 71
11 10 18 39
11 10 19 10
11 10 20 23
11 10 21 1
11 10 22 38
11 10 23 4
11 10 24 47
11 10 25 63
11 10 26 56
11 10 27 42
11 10 28 68
11 10 29 3
11 10 30 37
11 10 31 73
11 10 32 50
11 10 33 64
11 10 34 30
11 10 35 31
11 10 36 69
11 11 0 100
11 11 1 55
11 11 2 12
11 11 3 87
11 11 4 48
11 11 5 43
11 11 6 74
11 11 7 71
11 11 8 3
11 11 9 63
11 11 10 0
11 11 11 17
11 11 12 34
11 11 13 69
11 11 14 46
11 11 15 11
11 11 16 101
11 11 17 49
11 11 18 25
11 11 19 5
11 11 20 22
11 11 21 98
11 11 22 19
11 11 23 82
11 11 24 107
11 11 25 56
11 11 26 95
11 11 27 51
11 11 28 10
11 11 29 108
11 11 30 81
11 11 31 67
11 11 32 97
11 11 33 21
11 11 34 1
11 11 35 84
11 11 36 92
11 12 0 61
11 12 1 19
11 12 2 86
11 12 3 85
11 12 4 60
11 12 5 71
11 12 6 98
11 12 7 18
11 12 8 82
11 12 9 21
11 12 10 36
11 12 11 12
11 12 12 92
11 12 13 55
11 12 14 108
11 12 15 52
11 12 16 87
11 12 17 0
11 12 18 13
11 12 19 22
11 12 20 54
11 12 21 33
11 12 22 66
11 12 23 106
11 12 24 59
11 12 25 94
11 12 26 64
11 12 27 31
11 12 28 40
11 12 29 80
11 12 30 65
11 12 31 96
11 12 32 28
11 12 33 29
11 12 34 83
11 12 35 91
11 12 36 99
11 13 0 12
11 13 1 71
11 13 2 54
11 13 3 52
11 13 4 2
11 13 5 38
11 13 6 27
11 13 7 43
11 13 8 23
11 13 9 28
11 13 10 16
11 13 11 91
11 13 12 37
11 13 13 107
11 13 14 47
11 13 15 86
11 13 16 7
11 13 17 8
11 13 18 5
11 13 19 39
11 13 20 10
11 13 21 56
11 13 22 105
11 13 23 101
11 13 24 93
11 13 25 92
11 13 26 29
11 13 27 46
11 13 28 79
11 13 29 87
11 13 30 73
11 13 31 33
11 13 32 30
11 13 33 63
11 13 34 45
11 13 35 70
11 13 36 108
11 14 0 84
11 14 1 59
11 14 2 75
11 14 3 44
11 14 4 66
11 14 5 18
11 14 6 70
11 14 7 10
11 14 8 33
11 14 9 29
11 14 10 69
11 14 11 41
11 14 12 106
11 14 13 98
11 14 14 68
11 14 15 6
11 14 16 15
11 14 17 16
11 14 18 95
11 14 19 23
11 14 20 73
11 14 21 104
11 14 22 56
11 14 23 58
11 14 24 91
11 14 25 7
11 14 26 47
11 14 27 78
11 14 28 86
11 14 29 65
11 14 30 20
11 14 31 30
11 14 32 81
11 14 33 54
11 14 34 97
11 14 35 71
11 14 36 1
11 15 0 82
11 15 1 52
11 15 2 107
11 15 3 95
11 15 4 4
11 15 5 58
11 15 6 10
11 15 7 35
11 15 8 27
11 15 9 43
11 15 10 56
11 15 11 105
11 15 12 49
11 15 13 84
11 15 14 8
11 15 15 29
11 15 16 18
11 15 17 94
11 15 18 28
11 15 19 67
11 15 20 103
11 15 21 70
11 15 22 57
11 15 23 60
11 15 24 24
11 15 25 71
11 15 26 77
11 15 27 65
11 15 28 37
11 15 29 22
11 15 30 30
11 15 31 80
11 15 32 73
11 15 33 96
11 15 34 42
11 15 35 23
11 15 36 83
11 16 0 53
11 16 1 106
11 16 2 94
11 16 3 26
11 16 4 73
11 16 5 4
11 16 6 7
11 16 7 29
11 16 8 66
11 16 9 75
11 16 10 104
11 16 11 64
11 16 12 83
11 16 13 19
11 16 14 34
11 16 15 15
11 16 16 93
11 16 17 18
11 16 18 48
11 16 19 102
11 16 20 98
11 16 21 90
11 16 22 54
11 16 23 35
11 16 24 55
11 16 25 76
11 16 26 84
11 16 27 92
11 16 28 23
11 16 29 30
11 16 30 79
11 16 31 87
11 16 32 51
11 16 33 59
11 16 34 31
11 16 35 63
11 16 36 38
11 17 0 105
11 17 1 93
11 17 2 3
11 17 3 42
11 17 4 16
11 17 5 22
11 17 6 2
11 17 7 87
11 17 8 62
11 17 9 103
11 17 10 95
11 17 11 50
11 17 12 8
11 17 13 20
11 17 14 32
11 17 15 37
11 17 16 34
11 17 17 68
11 17 18 40
11 17 19 47
11 17 20 89
11 17 21 41
11 17 22 13
11 17 23 64
11 17 24 57
11 17 25 83
11 17 26 91
11 17 27 19
11 17 28 17
11 17 29 78
11 17 30 86
11 17 31 46
11 17 32 61
11 17 33 23
11 17 34 81
11 17 35 45
11 17 36 58
11 18 0 69
11 18 1 16
11 18 2 45
11 18 3 6
11 18 4 15
11 18 5 8
11 18 6 86
11 18 7 67
11 18 8 102
11 18 9 94
11 18 10 81
11 18 11 13
11 18 12 2
11 18 13 32
11 18 14 38
11 18 15 24
11 18 16 75
11 18 17 100
11 18 18 47
11 18 19 88
11 18 20 87
11 18 21 21
11 18 22 101
11 18 23 74
11 18 24 56
11 18 25 52
11 18 26 14
11 18 27 0
11 18 28 77
11 18 29 68
11 18 30 72
11 18 31 48
11 18 32 35
11 18 33 80
11 18 34 57
11 18 35 108
11 18 36 104
11 19 0 23
11 19 1 75
11 19 2 27
11 19 3 36
11 19 4 17
11 19 5 69
11 19 6 55
11 19 7 101
11 19 8 93
11 19 9 80
11 19 10 25
11 19 11 7
11 19 12 26
11 19 13 90
11 19 14 1
11 19 15 42
11 19 16 99
11 19 17 95
11 19 18 51
11 19 19 86
11 19 20 19
11 19 21 61
11 19 22 59
11 19 23 81
11 19 24 46
11 19 25 30
11 19 26 2
11 19 27 76
11 19 28 84
11 19 29 92
11 19 30 66
11 19 31 34
11 19 32 79
11 19 33 49
11 19 34 38
11 19 35 103
11 19 36 65
11 20 0 56
11 20 1 30
11 20 2 28
11 20 3 34
11 20 4 84
11 20 5 108
11 20 6 100
11 20 7 48
11 20 8 79
11 20 9 18
11 20 10 21
11 20 11 15
11 20 12 89
11 20 13 36
11 20 14 44
11 20 15 41
11 20 16 94
11 20 17 72
11 20 18 53
11 20 19 25
11 20 20 50
11 20 21 26
11 20 22 80
11 20 23 73
11 20 24 16
11 20 25 32
11 20 26 58
11 20 27 83
11 20 28 91
11 20 29 101
11 20 30 9
11 20 31 78
11 20 32 54
11 20 33 65
11 20 34 102
11 20 35 90
11 20 36 4
11 21 0 33
11 21 1 9
11 21 2 2
11 21 3 83
11 21 4 62
11 21 5 99
11 21 6 67
11 21 7 78
11 21 8 31
11 21 9 7
11 21 10 6
11 21 11 88
11 21 12 21
11 21 13 65
11 21 14 97
11 21 15 93
11 21 16 85
11 21 17 84
11 21 18 10
11 21 19 98
11 21 20 57
11 21 21 79
11 21 22 87
11 21 23 17
11 21 24 26
11 21 25 74
11 21 26 44
11 21 27 59
11 21 28 42
11 21 29 0
11 21 30 77
11 21 31 63
11 21 32 48
11 21 33 72
11 21 34 89
11 21 35 12
11 21 36 51
11 22 0 1
11 22 1 14
11 22 2 70
11 22 3 47
11 22 4 98
11 22 5 90
11 22 6 77
11 22 7 31
11 22 8 22
11 22 9 25
11 22 10 72
11 22 11 33
11 22 12 108
11 22 13 96
11 22 14 37
11 22 15 45
11 22 16 83
11 22 17 13
11 22 18 46
11 22 19 107
11 22 20 78
11 22 21 86
11 22 22 21
11 22 23 10
11 22 24 38
11 22 25 81
11 22 26 39
11 22 27 40
11 22 28 24
11 22 29 76
11 22 30 75
11 22 31 52
11 22 32 100
11 22 33 88
11 22 34 27
11 22 35 53
11 22 36 9
11 23 0 32
11 23 1 81
11 23 2 64
11 23 3 97
11 23 4 89
11 23 5 76
11 23 6 14
11 23 7 8
11 23 8 5
11 23 9 53
11 23 10 9
11 23 11 62
11 23 12 57
11 23 13 58
11 23 14 51
11 23 15 70
11 23 16 2
11 23 17 37
11 23 18 106
11 23 19 77
11 23 20 72
11 23 21 24
11 23 22 4
11 23 23 31
11 23 24 80
11 23 25 49
11 23 26 98
11 23 27 30
11 23 28 39
11 23 29 46
11 23 30 54
11 23 31 99
11 23 32 56
11 23 33 12
11 23 34 108
11 23 35 33
11 23 36 17
11 24 0 80
11 24 1 37
11 24 2 96
11 24 3 88
11 24 4 55
11 24 5 19
11 24 6 13
11 24 7 16
11 24 8 85
11 24 9 6
11 24 10 52
11 24 11 46
11 24 12 90
11 24 13 82
11 24 14 81
11 24 15 14
11 24 16 95
11 24 17 105
11 24 18 76
11 24 19 84
11 24 20 26
11 24 21 29
11 24 22 53
11 24 23 79
11 24 24 87
11 24 25 57
11 24 26 15
11 24 27 74
11 24 28 72
11 24 29 73
11 24 30 62
11 24 31 49
11 24 32 17
11 24 33 48
11 24 34 20
11 24 35 7
11 24 36 8
11 25 0 64
11 25 1 95
11 25 2 38
11 25 3 74
11 25 4 12
11 25 5 3
11 25 6 5
11 25 7 53
11 25 8 4
11 25 9 56
11 25 10 46
11 25 11 89
11 25 12 45
11 25 13 80
11 25 14 35
11 25 15 94
11 25 16 104
11 25 17 57
11 25 18 83
11 25 19 28
11 25 20 2
11 25 21 107
11 25 22 78
11 25 23 86
11 25 24 72
11 25 25 23
11 25 26 54
11 25 27 41
11 25 28 101
11 25 29 97
11 25 30 85
11 25 31 27
11 25 32 62
11 25 33 25
11 25 34 17
11 25 35 32
11 25 36 79
11 26 0 94
11 26 1 58
11 26 2 47
11 26 3 20
11 26 4 18
11 26 5 35
11 26 6 62
11 26 7 9
11 26 8 43
11 26 9 92
11 26 10 88
11 26 11 59
11 26 12 79
11 26 13 24
11 26 14 93
11 26 15 103
11 26 16 74
11 26 17 73
11 26 18 27
11 26 19 3
11 26 20 106
11 26 21 77
11 26 22 65
11 26 23 95
11 26 24 28
11 26 25 36
11 26 26 108
11 26 27 44
11 26 28 96
11 26 29 67
11 26 30 7
11 26 31 70
11 26 32 0
11 26 33 30
11 26 34 22
11 26 35 78
11 26 36 41
11 27 0 85
11 27 1 13
11 27 2 0
11 27 3 15
11 27 4 36
11 27 5 82
11 27 6 19
11 27 7 54
11 27 8 91
11 27 9 52
11 27 10 49
11 27 11 78
11 27 12 14
11 27 13 62
11 27 14 102
11 27 15 40
11 27 16 81
11 27 17 28
11 27 18 3
11 27 19 105
11 27 20 76
11 27 21 84
11 27 22 94
11 27 23 16
11 27 24 63
11 27 25 39
11 27 26 45
11 27 27 73
11 27 28 66
11 27 29 7
11 27 30 53
11 27 31 24
11 27 32 2
11 27 33 33
11 27 34 77
11 27 35 101
11 27 36 93
11 28 0 38
11 28 1 26
11 28 2 21
11 28 3 13
11 28 4 42
11 28 5 14
11 28 6 47
11 28 7 64
11 28 8 73
11 28 9 59
11 28 10 77
11 28 11 2
11 28 12 72
11 28 13 67
11 28 14 27
11 28 15 80
11 28 16 16
11 28 17 1
11 28 18 104
11 28 19 69
11 28 20 83
11 28 21 93
11 28 22 34
11 28 23 107
11 28 24 62
11 28 25 98
11 28 26 50
11 28 27 82
11 28 28 35
11 28 29 56
11 28 30 6
11 28 31 36
11 28 32 4
11 28 33 76
11 28 34 68
11 28 35 92
11 28 36 55
11 29 0 14
11 29 1 24
11 29 2 9
11 29 3 40
11 29 4 5
11 29 5 101
11 29 6 46
11 29 7 85
11 29 8 71
11 29 9 76
11 29 10 32
11 29 11 90
11 29 12 100
11 29 13 64
11 29 14 79
11 29 15 18
11 29 16 8
11 29 17 103
11 29 18 74
11 29 19 66
11 29 20 61
11 29 21 35
11 29 22 106
11 29 23 37
11 29 24 60
11 29 25 69
11 29 26 49
11 29 27 4
11 29 28 54
11 29 29 16
11 29 30 25
11 29 31 28
11 29 32 58
11 29 33 41
11 29 34 91
11 29 35 65
11 29 36 107
11 30 0 34
11 30 1 6
11 30 2 43
11 30 3 18
11 30 4 67
11 30 5 60
11 30 6 51
11 30 7 57
11 30 8 70
11 30 9 24
11 30 10 89
11 30 11 99
11 30 12 107
11 30 13 78
11 30 14 14
11 30 15 4
11 30 16 102
11 30 17 56
11 30 18 81
11 30 19 71
11 30 20 27
11 30 21 105
11 30 22 47
11 30 23 44
11 30 24 92
11 30 25 42
11 30 26 17
11 30 27 101
11 30 28 13
11 30 29 35
11 30 30 8
11 30 31 74
11 30 32 98
11 30 33 90
11 30 34 82
11 30 35 106
11 30 36 31
11 31 0 16
11 31 1 63
11 31 2 24
11 31 3 66
11 31 4 87
11 31 5 52
11 31 6 75
11 31 7 74
11 31 8 25
11 31 9 88
11 31 10 68
11 31 11 106
11 31 12 77
11 31 13 21
11 31 14 6
11 31 15 60
11 31 16 32
11 31 17 80
11 31 18 90
11 31 19 20
11 31 20 104
11 31 21 37
11 31 22 95
11 31 23 91
11 31 24 53
11 31 25 8
11 31 26 71
11 31 27 9
11 31 28 1
11 31 29 33
11 31 30 49
11 31 31 38
11 31 32 89
11 31 33 55
11 31 34 105
11 31 35 18
11 31 36 23
11 32 0 71
11 32 1 15
11 32 2 98
11 32 3 86
11 32 4 82
11 32 5 55
11 32 6 42
11 32 7 6
11 32 8 61
11 32 9 97
11 32 10 105
11 32 11 76
11 32 12 19
11 32 13 31
11 32 14 100
11 32 15 39
11 32 16 79
11 32 17 89
11 32 18 8
11 32 19 103
11 32 20 51
11 32 21 94
11 32 22 50
11 32 23 40
11 32 24 3
11 32 25 43
11 32 26 23
11 32 27 7
11 32 28 22
11 32 29 9
11 32 30 58
11 32 31 88
11 32 32 69
11 32 33 104
11 32 34 26
11 32 35 20
11 32 36 35
11 33 0 15
11 33 1 47
11 33 2 71
11 33 3 60
11 33 4 61
11 33 5 23
11 33 6 31
11 33 7 39
11 33 8 96
11 33 9 104
11 33 10 43
11 33 11 19
11 33 12 32
11 33 13 99
11 33 14 107
11 33 15 78
11 33 16 88
11 33 17 35
11 33 18 102
11 33 19 101
11 33 20 93
11 33 21 50
11 33 22 44
11 33 23 13
11 33 24 98
11 33 25 24
11 33 26 4
11 33 27 2
11 33 28 41
11 33 29 95
11 33 30 87
11 33 31 59
11 33 32 103
11 33 33 0
11 33 34 29
11 33 35 22
11 33 36 48
11 34 0 40
11 34 1 84
11 34 2 42
11 34 3 50
11 34 4 57
11 34 5 36
11 34 6 85
11 34 7 47
11 34 8 103
11 34 9 74
11 34 10 20
11 34 11 31
11 34 12 61
11 34 13 106
11 34 14 77
11 34 15 59
11 34 16 24
11 34 17 63
11 34 18 45
11 34 19 38
11 34 20 39
11 34 21 71
11 34 22 18
11 34 23 43
11 34 24 17
11 34 25 19
11 34 26 10
11 34 27 107
11 34 28 94
11 34 29 86
11 34 30 69
11 34 31 102
11 34 32 27
11 34 33 5
11 34 34 34
11 34 35 75
11 34 36 32
11 35 0 83
11 35 1 44
11 35 2 108
11 35 3 107
11 35 4 7
11 35 5 56
11 35 6 57
11 35 7 102
11 35 8 58
11 35 9 30
11 35 10 33
11 35 11 97
11 35 12 105
11 35 13 76
11 35 14 50
11 35 15 8
11 35 16 100
11 35 17 51
11 35 18 59
11 35 19 87
11 35 20 75
11 35 21 16
11 35 22 61
11 35 23 6
11 35 24 9
11 35 25 3
11 35 26 106
11 35 27 93
11 35 28 85
11 35 29 49
11 35 30 63
11 35 31 14
11 35 32 15
11 35 33 2
11 35 34 43
11 35 35 5
11 35 36 95
11 36 0 48
11 36 1 70
11 36 2 106
11 36 3 29
11 36 4 54
11 36 5 37
11 36 6 52
11 36 7 28
11 36 8 18
11 36 9 35
11 36 10 96
11 36 11 104
11 36 12 39
11 36 13 85
11 36 14 20
11 36 15 99
11 36 16 98
11 36 17 90
11 36 18 86
11 36 19 68
11 36 20 13
11 36 21 95
11 36 22 17
11 36 23 14
11 36 24 8
11 36 25 105
11 36 26 66
11 36 27 84
11 36 28 71
11 36 29 100
11 36 30 27
11 36 31 5
11 36 32 26
11 36 33 45
11 36 34 10
11 36 35 94
11 36 36 61
12 0 0 106
12 0 1 30
12 0 2 55
12 0 3 38
12 0 4 53
12 0 5 29
12 0 6 19
12 0 7 36
12 0 8 96
12 0 9 104
12 0 10 40
12 0 11 85
12 0 12 21
12 0 13 99
12 0 14 98
12 0 15 90
12 0 16 86
12 0 17 69
12 0 18 14
12 0 19 95
12 0 20 18
12 0 21 15
12 0 22 9
12 0 23 105
12 0 24 67
12 0 25 84
12 0 26 72
12 0 27 100
12 0 28 28
12 0 29 6
12 0 30 27
12 0 31 46
12 0 32 11
12 0 33 94
12 0 34 62
12 0 35 49
12 0 36 71
12 1 0 36
12 1 1 82
12 1 2 92
12 1 3 100
12 1 4 39
12 1 5 13
12 1 6 2
12 1 7 61
12 1 8 103
12 1 9 74
12 1 10 47
12 1 11 10
12 1 12 44
12 1 13 62
12 1 14 89
12 1 15 56
12 1 16 53
12 1 17 27
12 1 18 94
12 1 19 35
12 1 20 1
12 1 21 29
12 1 22 104
12 1 23 49
12 1 24 83
12 1 25 75
12 1 26 99
12 1 27 9
12 1 28 22
12 1 29 14
12 1 30 41
12 1 31 33
12 1 32 93
12 1 33 81
12 1 34 69
12 1 35 43
12 1 36 105
12 2 0 68
12 2 1 91
12 2 2 99
12 2 3 107
12 2 4 34
12 2 5 6
12 2 6 51
12 2 7 102
12 2 8 38
12 2 9 73
12 2 10 13
12 2 11 97
12 2 12 46
12 2 13 88
12 2 14 84
12 2 15 55
12 2 16 2
12 2 17 93
12 2 18 17
12 2 19 16
12 2 20 29
12 2 21 103
12 2 22 90
12 2 23 82
12 2 24 42
12 2 25 65
12 2 26 21
12 2 27 14
12 2 28 27
12 2 29 108
12 2 30 11
12 2 31 69
12 2 32 80
12 2 33 59
12 2 34 48
12 2 35 104
12 2 36 23
12 3 0 62
12 3 1 66
12 3 2 106
12 3 3 28
12 3 4 7
12 3 5 45
12 3 6 41
12 3 7 34
12 3 8 82
12 3 9 35
12 3 10 96
12 3 11 95
12 3 12 50
12 3 13 83
12 3 14 108
12 3 15 24
12 3 16 59
12 3 17 8
12 3 18 2
12 3 19 5
12 3 20 102
12 3 21 89
12 3 22 81
12 3 23 67
12 3 24 97
12 3 25 26
12 3 26 32
12 3 27 30
12 3 28 52
12 3 29 19
12 3 30 65
12 3 31 79
12 3 32 75
12 3 33 40
12 3 34 103
12 3 35 14
12 3 36 49
12 4 0 97
12 4 1 105
12 4 2 21
12 4 3 30
12 4 4 92
12 4 5 100
12 4 6 40
12 4 7 70
12 4 8 4
12 4 9 56
12 4 10 94
12 4 11 50
12 4 12 57
12 4 13 66
12 4 14 22
12 4 15 60
12 4 16 34
12 4 17 16
12 4 18 35
12 4 19 47
12 4 20 88
12 4 21 80
12 4 22 72
12 4 23 96
12 4 24 6
12 4 25 24
12 4 26 33
12 4 27 55
12 4 28 0
12 4 29 90
12 4 30 78
12 4 31 39
12 4 32 52
12 4 33 102
12 4 34 26
12 4 35 73
12 4 36 51
12 5 0 104
12 5 1 23
12 5 2 9
12 5 3 91
12 5 4 99
12 5 5 107
12 5 6 42
12 5 7 2
12 5 8 43
12 5 9 93
12 5 10 85
12 5 11 81
12 5 12 49
12 5 13 36
12 5 14 90
12 5 15 28
12 5 16 21
12 5 17 10
12 5 18 100
12 5 19 70
12 5 20 79
12 5 21 108
12 5 22 68
12 5 23 15
12 5 24 8
12 5 25 17
12 5 26 61
12 5 27 7
12 5 28 89
12 5 29 77
12 5 30 44
12 5 31 59
12 5 32 71
12 5 33 25
12 5 34 38
12 5 35 46
12 5 36 96
12 6 0 6
12 6 1 4
12 6 2 60
12 6 3 69
12 6 4 106
12 6 5 63
12 6 6 10
12 6 7 37
12 6 8 40
12 6 9 64
12 6 10 80
12 6 11 67
12 6 12 26
12 6 13 89
12 6 14 28
12 6 15 3
12 6 16 15
12 6 17 99
12 6 18 48
12 6 19 78
12 6 20 41
12 6 21 54
12 6 22 21
12 6 23 1
12 6 24 7
12 6 25 39
12 6 26 20
12 6 27 88
12 6 28 76
12 6 29 45
12 6 30 101
12 6 31 100
12 6 32 0
12 6 33 55
12 6 34 87
12 6 35 61
12 6 36 103
12 7 0 0
12 7 1 69
12 7 2 97
12 7 3 105
12 7 4 50
12 7 5 25
12 7 6 92
12 7 7 39
12 7 8 41
12 7 9 79
12 7 10 61
12 7 11 5
12 7 12 88
12 7 13 8
12 7 14 26
12 7 15 4
12 7 16 66
12 7 17 85
12 7 18 77
12 7 19 56
12 7 20 65
12 7 21 31
12 7 22 16
12 7 23 19
12 7 24 64
12 7 25 34
12 7 26 68
12 7 27 53
12 7 28 108
12 7 29 38
12 7 30 99
12 7 31 29
12 7 32 63
12 7 33 86
12 7 34 43
12 7 35 102
12 7 36 30
12 8 0 61
12 8 1 96
12 8 2 104
12 8 3 51
12 8 4 36
12 8 5 91
12 8 6 90
12 8 7 82
12 8 8 78
12 8 9 41
12 8 10 32
12 8 11 58
12 8 12 5
12 8 13 31
12 8 14 15
12 8 15 97
12 8 16 50
12 8 17 76
12 8 18 60
12 8 19 92
12 8 20 33
12 8 21 25
12 8 22 13
12 8 23 54
12 8 24 19
12 8 25 59
12 8 26 74
12 8 27 45
12 8 28 43
12 8 29 63
12 8 30 0
12 8 31 75
12 8 32 64
12 8 33 52
12 8 34 71
12 8 35 30
12 8 36 1
12 9 0 69
12 9 1 103
12 9 2 57
12 9 3 16
12 9 4 70
12 9 5 89
12 9 6 38
12 9 7 77
12 9 8 68
12 9 9 0
12 9 10 43
12 9 11 7
12 9 12 8
12 9 13 17
12 9 14 96
12 9 15 45
12 9 16 75
12 9 17 42
12 9 18 91
12 9 19 31
12 9 20 27
12 9 21 13
12 9 22 101
12 9 23 5
12 9 24 85
12 9 25 63
12 9 26 37
12 9 27 98
12 9 28 97
12 9 29 22
12 9 30 73
12 9 31 84
12 9 32 92
12 9 33 100
12 9 34 30
12 9 35 3
12 9 36 87
12 10 0 102
12 10 1 75
12 10 2 31
12 10 3 46
12 10 4 88
12 10 5 41
12 10 6 76
12 10 7 101
12 10 8 13
12 10 9 85
12 10 10 18
12 10 11 15
12 10 12 16
12 10 13 48
12 10 14 82
12 10 15 74
12 10 16 51
12 10 17 65
12 10 18 7
12 10 19 32
12 10 20 0
12 10 21 71
12 10 22 33
12 10 23 63
12 10 24 21
12 10 25 54
12 10 26 49
12 10 27 96
12 10 28 11
12 10 29 42
12 10 30 83
12 10 31 91
12 10 32 99
12 10 33 30
12 10 34 27
12 10 35 86
12 10 36 67
12 11 0 60
12 11 1 29
12 11 2 66
12 11 3 55
12 11 4 41
12 11 5 71
12 11 6 50
12 11 7 27
12 11 8 59
12 11 9 1
12 11 10 10
12 11 11 23
12 11 12 58
12 11 13 63
12 11 14 49
12 11 15 72
12 11 16 40
12 11 17 11
12 11 18 24
12 11 19 2
12 11 20 39
12 11 21 5
12 11 22 48
12 11 23 64
12 11 24 57
12 11 25 43
12 11 26 69
12 11 27 4
12 11 28 38
12 11 29 37
12 11 30 51
12 11 31 65
12 11 32 31
12 11 33 32
12 11 34 70
12 11 35 47
12 11 36 61
12 12 0 13
12 12 1 87
12 12 2 49
12 12 3 44
12 12 4 74
12 12 5 72
12 12 6 4
12 12 7 64
12 12 8 1
12 12 9 18
12 12 10 35
12 12 11 70
12 12 12 47
12 12 13 12
12 12 14 101
12 12 15 50
12 12 16 26
12 12 17 6
12 12 18 23
12 12 19 98
12 12 20 20
12 12 21 82
12 12 22 107
12 12 23 57
12 12 24 95
12 12 25 52
12 12 26 11
12 12 27 108
12 12 28 81
12 12 29 68
12 12 30 97
12 12 31 22
12 12 32 2
12 12 33 84
12 12 34 92
12 12 35 100
12 12 36 56
12 13 0 86
12 13 1 85
12 13 2 61
12 13 3 72
12 13 4 98
12 13 5 19
12 13 6 82
12 13 7 22
12 13 8 0
12 13 9 13
12 13 10 92
12 13 11 56
12 13 12 108
12 13 13 53
12 13 14 87
12 13 15 1
12 13 16 14
12 13 17 23
12 13 18 55
12 13 19 34
12 13 20 67
12 13 21 106
12 13 22 60
12 13 23 94
12 13 24 65
12 13 25 32
12 13 26 41
12 13 27 80
12 13 28 66
12 13 29 96
12 13 30 29
12 13 31 30
12 13 32 83
12 13 33 91
12 13 34 99
12 13 35 62
12 13 36 20
12 14 0 55
12 14 1 53
12 14 2 3
12 14 3 39
12 14 4 28
12 14 5 44
12 14 6 24
12 14 7 29
12 14 8 17
12 14 9 91
12 14 10 38
12 14 11 107
12 14 12 48
12 14 13 86
12 14 14 8
12 14 15 9
12 14 16 6
12 14 17 40
12 14 18 11
12 14 19 57
12 14 20 105
12 14 21 101
12 14 22 93
12 14 23 92
12 14 24 30
12 14 25 47
12 14 26 79
12 14 27 87
12 14 28 37
12 14 29 34
12 14 30 31
12 14 31 64
12 14 32 46
12 14 33 71
12 14 34 108
12 14 35 13
12 14 36 72
12 15 0 75
12 15 1 45
12 15 2 67
12 15 3 19
12 15 4 71
12 15 5 11
12 15 6 34
12 15 7 30
12 15 8 70
12 15 9 42
12 15 10 106
12 15 11 98
12 15 12 69
12 15 13 7
12 15 14 16
12 15 15 17
12 15 16 95
12 15 17 24
12 15 18 37
12 15 19 104
12 15 20 57
12 15 21 59
12 15 22 91
12 15 23 8
12 15 24 48
12 15 25 78
12 15 26 86
12 15 27 66
12 15 28 21
12 15 29 31
12 15 30 81
12 15 31 55
12 15 32 97
12 15 33 72
12 15 34 2
12 15 35 84
12 15 36 60
12 16 0 107
12 16 1 95
12 16 2 5
12 16 3 59
12 16 4 11
12 16 5 36
12 16 6 28
12 16 7 44
12 16 8 57
12 16 9 105
12 16 10 50
12 16 11 84
12 16 12 9
12 16 13 30
12 16 14 19
12 16 15 94
12 16 16 29
12 16 17 68
12 16 18 103
12 16 19 71
12 16 20 58
12 16 21 61
12 16 22 25
12 16 23 72
12 16 24 77
12 16 25 66
12 16 26 38
12 16 27 23
12 16 28 31
12 16 29 80
12 16 30 37
12 16 31 96
12 16 32 43
12 16 33 24
12 16 34 83
12 16 35 82
12 16 36 53
12 17 0 94
12 17 1 27
12 17 2 37
12 17 3 5
12 17 4 8
12 17 5 30
12 17 6 67
12 17 7 75
12 17 8 104
12 17 9 65
12 17 10 83
12 17 11 20
12 17 12 35
12 17 13 16
12 17 14 93
12 17 15 19
12 17 16 49
12 17 17 102
12 17 18 98
12 17 19 90
12 17 20 55
12 17 21 36
12 17 22 56
12 17 23 76
12 17 24 84
12 17 25 92
12 17 26 24
12 17 27 31
12 17 28 79
12 17 29 87
12 17 30 52
12 17 31 60
12 17 32 32
12 17 33 64
12 17 34 39
12 17 35 54
12 17 36 106
12 18 0 4
12 18 1 43
12 18 2 17
12 18 3 23
12 18 4 3
12 18 5 87
12 18 6 63
12 18 7 103
12 18 8 95
12 18 9 51
12 18 10 9
12 18 11 21
12 18 12 33
12 18 13 38
12 18 14 35
12 18 15 69
12 18 16 41
12 18 17 48
12 18 18 89
12 18 19 42
12 18 20 14
12 18 21 65
12 18 22 58
12 18 23 83
12 18 24 91
12 18 25 20
12 18 26 18
12 18 27 78
12 18 28 86
12 18 29 47
12 18 30 62
12 18 31 24
12 18 32 81
12 18 33 46
12 18 34 59
12 18 35 105
12 18 36 93
12 19 0 46
12 19 1 7
12 19 2 16
12 19 3 9
12 19 4 86
12 19 5 68
12 19 6 102
12 19 7 94
12 19 8 81
12 19 9 14
12 19 10 3
12 19 11 33
12 19 12 39
12 19 13 25
12 19 14 75
12 19 15 100
12 19 16 48
12 19 17 88
12 19 18 87
12 19 19 22
12 19 20 101
12 19 21 74
12 19 22 57
12 19 23 53
12 19 24 15
12 19 25 1
12 19 26 77
12 19 27 69
12 19 28 73
12 19 29 49
12 19 30 36
12 19 31 80
12 19 32 58
12 19 33 108
12 19 34 104
12 19 35 70
12 19 36 17
12 20 0 28
12 20 1 0
12 20 2 18
12 20 3 70
12 20 4 56
12 20 5 101
12 20 6 93
12 20 7 80
12 20 8 26
12 20 9 8
12 20 10 27
12 20 11 90
12 20 12 2
12 20 13 43
12 20 14 99
12 20 15 95
12 20 16 52
12 20 17 86
12 20 18 20
12 20 19 62
12 20 20 60
12 20 21 81
12 20 22 47
12 20 23 31
12 20 24 3
12 20 25 76
12 20 26 84
12 20 27 92
12 20 28 67
12 20 29 35
12 20 30 79
12 20 31 50
12 20 32 39
12 20 33 103
12 20 34 66
12 20 35 24
12 20 36 75
12 21 0 29
12 21 1 35
12 21 2 84
12 21 3 108
12 21 4 100
12 21 5 49
12 21 6 79
12 21 7 19
12 21 8 22
12 21 9 16
12 21 10 89
12 21 11 0
12 21 12 45
12 21 13 42
12 21 14 94
12 21 15 73
12 21 16 54
12 21 17 26
12 21 18 51
12 21 19 27
12 21 20 80
12 21 21 37
12 21 22 17
12 21 23 33
12 21 24 59
12 21 25 83
12 21 26 91
12 21 27 101
12 21 28 10
12 21 29 78
12 21 30 55
12 21 31 66
12 21 32 102
12 21 33 90
12 21 34 5
12 21 35 57
12 21 36 31
12 22 0 3
12 22 1 83
12 22 2 63
12 22 3 99
12 22 4 68
12 22 5 78
12 22 6 32
12 22 7 8
12 22 8 7
12 22 9 88
12 22 10 22
12 22 11 66
12 22 12 97
12 22 13 93
12 22 14 85
12 22 15 84
12 22 16 11
12 22 17 98
12 22 18 58
12 22 19 79
12 22 20 87
12 22 21 18
12 22 22 27
12 22 23 74
12 22 24 45
12 22 25 60
12 22 26 43
12 22 27 1
12 22 28 77
12 22 29 64
12 22 30 49
12 22 31 73
12 22 32 89
12 22 33 13
12 22 34 52
12 22 35 34
12 22 36 10
12 23 0 71
12 23 1 48
12 23 2 98
12 23 3 90
12 23 4 77
12 23 5 32
12 23 6 23
12 23 7 26
12 23 8 73
12 23 9 34
12 23 10 108
12 23 11 96
12 23 12 38
12 23 13 46
12 23 14 83
12 23 15 14
12 23 16 47
12 23 17 107
12 23 18 78
12 23 19 86
12 23 20 22
12 23 21 11
12 23 22 39
12 23 23 81
12 23 24 40
12 23 25 41
12 23 26 25
12 23 27 76
12 23 28 75
12 23 29 53
12 23 30 100
12 23 31 88
12 23 32 28
12 23 33 54
12 23 34 10
12 23 35 2
12 23 36 15
12 24 0 65
12 24 1 97
12 24 2 89
12 24 3 76
12 24 4 15
12 24 5 9
12 24 6 6
12 24 7 54
12 24 8 10
12 24 9 63
12 24 10 58
12 24 11 59
12 24 12 52
12 24 13 71
12 24 14 3
12 24 15 38
12 24 16 106
12 24 17 77
12 24 18 73
12 24 19 25
12 24 20 5
12 24 21 32
12 24 22 80
12 24 23 50
12 24 24 98
12 24 25 31
12 24 26 40
12 24 27 47
12 24 28 55
12 24 29 99
12 24 30 57
12 24 31 13
12 24 32 108
12 24 33 34
12 24 34 18
12 24 35 33
12 24 36 81
12 25 0 96
12 25 1 88
12 25 2 56
12 25 3 20
12 25 4 14
12 25 5 17
12 25 6 85
12 25 7 7
12 25 8 53
12 25 9 47
12 25 10 90
12 25 11 82
12 25 12 81
12 25 13 15
12 25 14 95
12 25 15 105
12 25 16 76
12 25 17 84
12 25 18 27
12 25 19 30
12 25 20 54
12 25 21 79
12 25 22 87
12 25 23 58
12 25 24 16
12 25 25 74
12 25 26 73
12 25 27 37
12 25 28 63
12 25 29 50
12 25 30 18
12 25 31 49
12 25 32 21
12 25 33 8
12 25 34 9
12 25 35 80
12 25 36 38
12 26 0 39
12 26 1 74
12 26 2 13
12 26 3 4
12 26 4 6
12 26 5 54
12 26 6 5
12 26 7 57
12 26 8 47
12 26 9 89
12 26 10 46
12 26 11 80
12 26 12 36
12 26 13 94
12 26 14 104
12 26 15 58
12 26 16 83
12 26 17 29
12 26 18 3
12 26 19 107
12 26 20 78
12 26 21 86
12 26 22 73
12 26 23 24
12 26 24 55
12 26 25 42
12 26 26 101
12 26 27 97
12 26 28 85
12 26 29 28
12 26 30 63
12 26 31 26
12 26 32 18
12 26 33 33
12 26 34 79
12 26 35 65
12 26 36 95
12 27 0 48
12 27 1 21
12 27 2 19
12 27 3 36
12 27 4 63
12 27 5 10
12 27 6 44
12 27 7 92
12 27 8 88
12 27 9 60
12 27 10 79
12 27 11 25
12 27 12 93
12 27 13 103
12 27 14 74
12 27 15 37
12 27 16 28
12 27 17 4
12 27 18 106
12 27 19 77
12 27 20 66
12 27 21 95
12 27 22 29
12 27 23 0
12 27 24 108
12 27 25 45
12 27 26 96
12 27 27 68
12 27 28 8
12 27 29 71
12 27 30 1
12 27 31 31
12 27 32 23
12 27 33 78
12 27 34 42
12 27 35 94
12 27 36 59
12 28 0 1
12 28 1 16
12 28 2 0
12 28 3 82
12 28 4 20
12 28 5 55
12 28 6 91
12 28 7 53
12 28 8 50
12 28 9 78
12 28 10 15
12 28 11 63
12 28 12 102
12 28 13 41
12 28 14 81
12 28 15 29
12 28 16 4
12 28 17 105
12 28 18 76
12 28 19 84
12 28 20 94
12 28 21 17
12 28 22 64
12 28 23 40
12 28 24 46
12 28 25 37
12 28 26 67
12 28 27 8
12 28 28 54
12 28 29 25
12 28 30 3
12 28 31 34
12 28 32 77
12 28 33 101
12 28 34 93
12 28 35 85
12 28 36 14
12 29 0 22
12 29 1 14
12 29 2 43
12 29 3 15
12 29 4 48
12 29 5 65
12 29 6 37
12 29 7 60
12 29 8 77
12 29 9 3
12 29 10 73
12 29 11 68
12 29 12 28
12 29 13 80
12 29 14 17
12 29 15 2
12 29 16 104
12 29 17 70
12 29 18 83
12 29 19 93
12 29 20 35
12 29 21 107
12 29 22 63
12 29 23 98
12 29 24 51
12 29 25 82
12 29 26 36
12 29 27 57
12 29 28 7
12 29 29 0
12 29 30 5
12 29 31 76
12 29 32 69
12 29 33 92
12 29 34 56
12 29 35 39
12 29 36 27
12 30 0 10
12 30 1 41
12 30 2 6
12 30 3 101
12 30 4 47
12 30 5 85
12 30 6 72
12 30 7 76
12 30 8 33
12 30 9 90
12 30 10 100
12 30 11 65
12 30 12 79
12 30 13 19
12 30 14 9
12 30 15 103
12 30 16 74
12 30 17 67
12 30 18 62
12 30 19 36
12 30 20 106
12 30 21 38
12 30 22 61
12 30 23 70
12 30 24 50
12 30 25 5
12 30 26 55
12 30 27 17
12 30 28 26
12 30 29 29
12 30 30 59
12 30 31 42
12 30 32 91
12 30 33 66
12 30 34 107
12 30 35 15
12 30 36 25
12 31 0 44
12 31 1 19
12 31 2 68
12 31 3 61
12 31 4 52
12 31 5 58
12 31 6 71
12 31 7 25
12 31 8 89
12 31 9 99
12 31 10 107
12 31 11 78
12 31 12 15
12 31 13 5
12 31 14 102
12 31 15 57
12 31 16 81
12 31 17 72
12 31 18 28
12 31 19 105
12 31 20 48
12 31 21 45
12 31 22 92
12 31 23 43
12 31 24 18
12 31 25 101
12 31 26 14
12 31 27 36
12 31 28 9
12 31 29 74
12 31 30 98
12 31 31 90
12 31 32 82
12 31 33 106
12 31 34 32
12 31 35 35
12 31 36 7
12 32 0 25
12 32 1 67
12 32 2 87
12 32 3 53
12 32 4 75
12 32 5 74
12 32 6 26
12 32 7 88
12 32 8 69
12 32 9 106
12 32 10 77
12 32 11 22
12 32 12 7
12 32 13 61
12 32 14 33
12 32 15 80
12 32 16 90
12 32 17 21
12 32 18 104
12 32 19 38
12 32 20 95
12 32 21 91
12 32 22 54
12 32 23 9
12 32 24 72
12 32 25 10
12 32 26 2
12 32 27 34
12 32 28 50
12 32 29 39
12 32 30 89
12 32 31 56
12 32 32 105
12 32 33 19
12 32 34 24
12 32 35 17
12 32 36 64
12 33 0 98
12 33 1 86
12 33 2 82
12 33 3 56
12 33 4 43
12 33 5 7
12 33 6 62
12 33 7 97
12 33 8 105
12 33 9 76
12 33 10 20
12 33 11 32
12 33 12 100
12 33 13 40
12 33 14 79
12 33 15 89
12 33 16 9
12 33 17 103
12 33 18 52
12 33 19 94
12 33 20 51
12 33 21 41
12 33 22 4
12 33 23 44
12 33 24 24
12 33 25 8
12 33 26 23
12 33 27 10
12 33 28 59
12 33 29 88
12 33 30 70
12 33 31 104
12 33 32 27
12 33 33 21
12 33 34 36
12 33 35 72
12 33 36 16
12 34 0 72
12 34 1 61
12 34 2 62
12 34 3 24
12 34 4 32
12 34 5 40
12 34 6 96
12 34 7 104
12 34 8 44
12 34 9 20
12 34 10 33
12 34 11 99
12 34 12 107
12 34 13 78
12 34 14 88
12 34 15 36
12 34 16 102
12 34 17 101
12 34 18 93
12 34 19 51
12 34 20 45
12 34 21 14
12 34 22 98
12 34 23 25
12 34 24 5
12 34 25 3
12 34 26 42
12 34 27 95
12 34 28 87
12 34 29 60
12 34 30 103
12 34 31 1
12 34 32 30
12 34 33 23
12 34 34 49
12 34 35 16
12 34 36 48
12 35 0 43
12 35 1 51
12 35 2 58
12 35 3 0
12 35 4 85
12 35 5 48
12 35 6 103
12 35 7 74
12 35 8 21
12 35 9 32
12 35 10 62
12 35 11 106
12 35 12 77
12 35 13 60
12 35 14 25
12 35 15 64
12 35 16 46
12 35 17 39
12 35 18 40
12 35 19 72
12 35 20 19
12 35 21 44
12 35 22 18
12 35 23 20
12 35 24 11
12 35 25 107
12 35 26 94
12 35 27 86
12 35 28 70
12 35 29 102
12 35 30 28
12 35 31 6
12 35 32 35
12 35 33 75
12 35 34 33
12 35 35 41
12 35 36 84
12 36 0 108
12 36 1 107
12 36 2 8
12 36 3 57
12 36 4 58
12 36 5 102
12 36 6 59
12 36 7 31
12 36 8 34
12 36 9 97
12 36 10 105
12 36 11 76
12 36 12 51
12 36 13 9
12 36 14 100
12 36 15 52
12 36 16 60
12 36 17 87
12 36 18 75
12 36 19 17
12 36 20 62
12 36 21 7
12 36 22 10
12 36 23 4
12 36 24 106
12 36 25 93
12 36 26 85
12 36 27 50
12 36 28 64
12 36 29 15
12 36 30 16
12 36 31 3
12 36 32 44
12 36 33 6
12 36 34 95
12 36 35 83
12 36 36 45
13 0 0 9
13 0 1 58
13 0 2 59
13 0 3 102
13 0 4 60
13 0 5 32
13 0 6 35
13 0 7 97
13 0 8 105
13 0 9 76
13 0 10 52
13 0 11 10
13 0 12 100
13 0 13 53
13 0 14 61
13 0 15 87
13 0 16 75
13 0 17 18
13 0 18 63
13 0 19 8
13 0 20 11
13 0 21 5
13 0 22 106
13 0 23 93
13 0 24 85
13 0 25 51
13 0 26 65
13 0 27 16
13 0 28 17
13 0 29 4
13 0 30 45
13 0 31 7
13 0 32 95
13 0 33 83
13 0 34 46
13 0 35 108
13 0 36 107
13 1 0 56
13 1 1 39
13 1 2 54
13 1 3 30
13 1 4 20
13 1 5 0
13 1 6 96
13 1 7 104
13 1 8 41
13 1 9 85
13 1 10 22
13 1 11 99
13 1 12 98
13 1 13 90
13 1 14 86
13 1 15 70
13 1 16 15
13 1 17 95
13 1 18 19
13 1 19 16
13 1 20 10
13 1 21 105
13 1 22 68
13 1 23 84
13 1 24 73
13 1 25 100
13 1 26 29
13 1 27 7
13 1 28 28
13 1 29 47
13 1 30 12
13 1 31 94
13 1 32 63
13 1 33 50
13 1 34 72
13 1 35 106
13 1 36 31
13 2 0 92
13 2 1 100
13 2 2 40
13 2 3 14
13 2 4 3
13 2 5 62
13 2 6 103
13 2 7 74
13 2 8 48
13 2 9 11
13 2 10 45
13 2 11 63
13 2 12 89
13 2 13 57
13 2 14 54
13 2 15 28
13 2 16 94
13 2 17 36
13 2 18 2
13 2 19 30
13 2 20 104
13 2 21 50
13 2 22 83
13 2 23 75
13 2 24 99
13 2 25 10
13 2 26 23
13 2 27 15
13 2 28 42
13 2 29 34
13 2 30 93
13 2 31 81
13 2 32 70
13 2 33 44
13 2 34 105
13 2 35 0
13 2 36 82
13 3 0 99
13 3 1 107
13 3 2 35
13 3 3 7
13 3 4 52
13 3 5 102
13 3 6 39
13 3 7 37
13 3 8 14
13 3 9 97
13 3 10 47
13 3 11 88
13 3 12 84
13 3 13 56
13 3 14 3
13 3 15 93
13 3 16 18
13 3 17 17
13 3 18 30
13 3 19 103
13 3 20 90
13 3 21 82
13 3 22 43
13 3 23 66
13 3 24 22
13 3 25 15
13 3 26 28
13 3 27 108
13 3 28 12
13 3 29 70
13 3 30 80
13 3 31 60
13 3 32 49
13 3 33 104
13 3 34 24
13 3 35 69
13 3 36 91
13 4 0 106
13 4 1 29
13 4 2 8
13 4 3 46
13 4 4 42
13 4 5 35
13 4 6 82
13 4 7 36
13 4 8 96
13 4 9 95
13 4 10 51
13 4 11 83
13 4 12 108
13 4 13 25
13 4 14 60
13 4 15 9
13 4 16 3
13 4 17 6
13 4 18 102
13 4 19 89
13 4 20 81
13 4 21 68
13 4 22 97
13 4 23 27
13 4 24 33
13 4 25 31
13 4 26 53
13 4 27 20
13 4 28 66
13 4 29 79
13 4 30 75
13 4 31 41
13 4 32 103
13 4 33 15
13 4 34 50
13 4 35 63
13 4 36 67
13 5 0 22
13 5 1 31
13 5 2 92
13 5 3 100
13 5 4 41
13 5 5 71
13 5 6 5
13 5 7 57
13 5 8 94
13 5 9 51
13 5 10 58
13 5 11 67
13 5 12 23
13 5 13 61
13 5 14 35
13 5 15 17
13 5 16 36
13 5 17 48
13 5 18 88
13 5 19 80
13 5 20 73
13 5 21 96
13 5 22 7
13 5 23 25
13 5 24 34
13 5 25 56
13 5 26 1
13 5 27 90
13 5 28 78
13 5 29 40
13 5 30 53
13 5 31 102
13 5 32 27
13 5 33 37
13 5 34 52
13 5 35 97
13 5 36 105
13 6 0 10
13 6 1 91
13 6 2 99
13 6 3 107
13 6 4 43
13 6 5 3
13 6 6 44
13 6 7 93
13 6 8 85
13 6 9 81
13 6 10 50
13 6 11 0
13 6 12 90
13 6 13 29
13 6 14 22
13 6 15 11
13 6 16 100
13 6 17 71
13 6 18 79
13 6 19 108
13 6 20 69
13 6 21 16
13 6 22 9
13 6 23 18
13 6 24 62
13 6 25 8
13 6 26 89
13 6 27 77
13 6 28 45
13 6 29 60
13 6 30 72
13 6 31 26
13 6 32 39
13 6 33 47
13 6 34 96
13 6 35 104
13 6 36 24
13 7 0 61
13 7 1 70
13 7 2 106
13 7 3 64
13 7 4 11
13 7 5 38
13 7 6 41
13 7 7 65
13 7 8 80
13 7 9 68
13 7 10 27
13 7 11 89
13 7 12 29
13 7 13 4
13 7 14 16
13 7 15 99
13 7 16 49
13 7 17 78
13 7 18 42
13 7 19 55
13 7 20 22
13 7 21 2
13 7 22 8
13 7 23 40
13 7 24 21
13 7 25 88
13 7 26 76
13 7 27 46
13 7 28 101
13 7 29 100
13 7 30 1
13 7 31 56
13 7 32 87
13 7 33 62
13 7 34 103
13 7 35 7
13 7 36 5
13 8 0 97
13 8 1 105
13 8 2 51
13 8 3 26
13 8 4 92
13 8 5 40
13 8 6 42
13 8 7 79
13 8 8 62
13 8 9 6
13 8 10 88
13 8 11 9
13 8 12 27
13 8 13 5
13 8 14 67
13 8 15 85
13 8 16 77
13 8 17 57
13 8 18 66
13 8 19 32
13 8 20 17
13 8 21 20
13 8 22 65
13 8 23 35
13 8 24 69
13 8 25 54
13 8 26 108
13 8 27 39
13 8 28 99
13 8 29 30
13 8 30 64
13 8 31 86
13 8 32 44
13 8 33 102
13 8 34 31
13 8 35 1
13 8 36 70
13 9 0 104
13 9 1 52
13 9 2 0
13 9 3 91
13 9 4 90
13 9 5 82
13 9 6 78
13 9 7 42
13 9 8 33
13 9 9 59
13 9 10 6
13 9 11 32
13 9 12 16
13 9 13 97
13 9 14 51
13 9 15 76
13 9 16 61
13 9 17 92
13 9 18 34
13 9 19 26
13 9 20 14
13 9 21 55
13 9 22 20
13 9 23 60
13 9 24 74
13 9 25 46
13 9 26 44
13 9 27 64
13 9 28 1
13 9 29 75
13 9 30 65
13 9 31 53
13 9 32 72
13 9 33 31
13 9 34 2
13 9 35 62
13 9 36 96
13 10 0 58
13 10 1 17
13 10 2 71
13 10 3 89
13 10 4 39
13 10 5 77
13 10 6 69
13 10 7 1
13 10 8 44
13 10 9 8
13 10 10 9
13 10 11 18
13 10 12 96
13 10 13 46
13 10 14 75
13 10 15 43
13 10 16 91
13 10 17 32
13 10 18 28
13 10 19 14
13 10 20 101
13 10 21 6
13 10 22 85
13 10 23 64
13 10 24 38
13 10 25 98
13 10 26 97
13 10 27 23
13 10 28 37
13 10 29 84
13 10 30 92
13 10 31 100
13 10 32 31
13 10 33 4
13 10 34 87
13 10 35 70
13 10 36 103
13 11 0 32
13 11 1 47
13 11 2 88
13 11 3 42
13 11 4 76
13 11 5 101
13 11 6 14
13 11 7 85
13 11 8 19
13 11 9 16
13 11 10 17
13 11 11 49
13 11 12 82
13 11 13 74
13 11 14 52
13 11 15 66
13 11 16 8
13 11 17 33
13 11 18 1
13 11 19 72
13 11 20 34
13 11 21 64
13 11 22 22
13 11 23 55
13 11 24 50
13 11 25 96
13 11 26 12
13 11 27 43
13 11 28 83
13 11 29 91
13 11 30 99
13 11 31 31
13 11 32 28
13 11 33 86
13 11 34 68
13 11 35 102
13 11 36 75
13 12 0 67
13 12 1 56
13 12 2 42
13 12 3 72
13 12 4 51
13 12 5 28
13 12 6 60
13 12 7 2
13 12 8 11
13 12 9 24
13 12 10 59
13 12 11 64
13 12 12 50
13 12 13 73
13 12 14 41
13 12 15 12
13 12 16 25
13 12 17 3
13 12 18 40
13 12 19 6
13 12 20 49
13 12 21 65
13 12 22 58
13 12 23 44
13 12 24 70
13 12 25 5
13 12 26 39
13 12 27 38
13 12 28 52
13 12 29 66
13 12 30 32
13 12 31 33
13 12 32 71
13 12 33 48
13 12 34 62
13 12 35 61
13 12 36 30
13 13 0 50
13 13 1 45
13 13 2 74
13 13 3 73
13 13 4 5
13 13 5 65
13 13 6 2
13 13 7 19
13 13 8 36
13 13 9 71
13 13 10 48
13 13 11 13
13 13 12 101
13 13 13 51
13 13 14 27
13 13 15 7
13 13 16 24
13 13 17 98
13 13 18 21
13 13 19 82
13 13 20 107
13 13 21 58
13 13 22 95
13 13 23 53
13 13 24 12
13 13 25 108
13 13 26 81
13 13 27 69
13 13 28 97
13 13 29 23
13 13 30 3
13 13 31 84
13 13 32 92
13 13 33 100
13 13 34 57
13 13 35 14
13 13 36 87
13 14 0 62
13 14 1 73
13 14 2 98
13 14 3 20
13 14 4 82
13 14 5 23
13 14 6 1
13 14 7 14
13 14 8 92
13 14 9 57
13 14 10 108
13 14 11 54
13 14 12 87
13 14 13 2
13 14 14 15
13 14 15 24
13 14 16 56
13 14 17 35
13 14 18 68
13 14 19 106
13 14 20 61
13 14 21 94
13 14 22 66
13 14 23 33
13 14 24 42
13 14 25 80
13 14 26 67
13 14 27 96
13 14 28 30
13 14 29 31
13 14 30 83
13 14 31 91
13 14 32 99
13 14 33 63
13 14 34 21
13 14 35 86
13 14 36 85
13 15 0 4
13 15 1 40
13 15 2 29
13 15 3 45
13 15 4 25
13 15 5 30
13 15 6 18
13 15 7 91
13 15 8 39
13 15 9 107
13 15 10 49
13 15 11 86
13 15 12 9
13 15 13 10
13 15 14 7
13 15 15 41
13 15 16 12
13 15 17 58
13 15 18 105
13 15 19 101
13 15 20 93
13 15 21 92
13 15 22 31
13 15 23 48
13 15 24 79
13 15 25 87
13 15 26 38
13 15 27 35
13 15 28 32
13 15 29 65
13 15 30 47
13 15 31 72
13 15 32 108
13 15 33 14
13 15 34 73
13 15 35 56
13 15 36 54
13 16 0 68
13 16 1 20
13 16 2 72
13 16 3 12
13 16 4 35
13 16 5 31
13 16 6 71
13 16 7 43
13 16 8 106
13 16 9 98
13 16 10 70
13 16 11 8
13 16 12 17
13 16 13 18
13 16 14 95
13 16 15 25
13 16 16 38
13 16 17 104
13 16 18 58
13 16 19 60
13 16 20 91
13 16 21 9
13 16 22 49
13 16 23 78
13 16 24 86
13 16 25 67
13 16 26 22
13 16 27 32
13 16 28 81
13 16 29 56
13 16 30 97
13 16 31 73
13 16 32 3
13 16 33 84
13 16 34 61
13 16 35 75
13 16 36 46
13 17 0 6
13 17 1 60
13 17 2 12
13 17 3 0
13 17 4 29
13 17 5 45
13 17 6 58
13 17 7 105
13 17 8 51
13 17 9 84
13 17 10 10
13 17 11 31
13 17 12 20
13 17 13 94
13 17 14 30
13 17 15 69
13 17 16 103
13 17 17 72
13 17 18 59
13 17 19 62
13 17 20 26
13 17 21 73
13 17 22 77
13 17 23 67
13 17 24 39
13 17 25 24
13 17 26 32
13 17 27 80
13 17 28 38
13 17 29 96
13 17 30 44
13 17 31 25
13 17 32 83
13 17 33 82
13 17 34 54
13 17 35 107
13 17 36 95
13 18 0 38
13 18 1 6
13 18 2 9
13 18 3 31
13 18 4 68
13 18 5 75
13 18 6 104
13 18 7 66
13 18 8 83
13 18 9 21
13 18 10 36
13 18 11 17
13 18 12 93
13 18 13 20
13 18 14 50
13 18 15 102
13 18 16 98
13 18 17 90
13 18 18 56
13 18 19 0
13 18 20 57
13 18 21 76
13 18 22 84
13 18 23 92
13 18 24 25
13 18 25 32
13 18 26 79
13 18 27 87
13 18 28 53
13 18 29 61
13 18 30 33
13 18 31 65
13 18 32 40
13 18 33 55
13 18 34 106
13 18 35 94
13 18 36 28
13 19 0 18
13 19 1 24
13 19 2 4
13 19 3 87
13 19 4 64
13 19 5 103
13 19 6 95
13 19 7 52
13 19 8 10
13 19 9 22
13 19 10 34
13 19 11 39
13 19 12 36
13 19 13 70
13 19 14 42
13 19 15 49
13 19 16 89
13 19 17 43
13 19 18 15
13 19 19 66
13 19 20 59
13 19 21 83
13 19 22 91
13 19 23 21
13 19 24 19
13 19 25 78
13 19 26 86
13 19 27 48
13 19 28 63
13 19 29 25
13 19 30 81
13 19 31 47
13 19 32 60
13 19 33 105
13 19 34 93
13 19 35 5
13 19 36 44
13 20 0 17
13 20 1 10
13 20 2 86
13 20 3 69
13 20 4 102
13 20 5 94
13 20 6 81
13 20 7 15
13 20 8 4
13 20 9 34
13 20 10 40
13 20 11 26
13 20 12 75
13 20 13 100
13 20 14 49
13 20 15 88
13 20 16 87
13 20 17 23
13 20 18 101
13 20 19 74
13 20 20 58
13 20 21 54
13 20 22 16
13 20 23 2
13 20 24 77
13 20 25 70
13 20 26 37
13 20 27 50
13 20 28 0
13 20 29 80
13 20 30 59
13 20 31 108
13 20 32 104
13 20 33 71
13 20 34 18
13 20 35 47
13 20 36 8
13 21 0 19
13 21 1 71
13 21 2 57
13 21 3 101
13 21 4 93
13 21 5 80
13 21 6 27
13 21 7 9
13 21 8 28
13 21 9 90
13 21 10 3
13 21 11 44
13 21 12 99
13 21 13 95
13 21 14 53
13 21 15 86
13 21 16 21
13 21 17 63
13 21 18 61
13 21 19 81
13 21 20 48
13 21 21 32
13 21 22 4
13 21 23 76
13 21 24 84
13 21 25 92
13 21 26 68
13 21 27 36
13 21 28 79
13 21 29 51
13 21 30 40
13 21 31 103
13 21 32 67
13 21 33 25
13 21 34 75
13 21 35 29
13 21 36 1
13 22 0 84
13 22 1 108
13 22 2 100
13 22 3 50
13 22 4 79
13 22 5 20
13 22 6 23
13 22 7 17
13 22 8 89
13 22 9 1
13 22 10 46
13 22 11 43
13 22 12 94
13 22 13 37
13 22 14 55
13 22 15 27
13 22 16 52
13 22 17 28
13 22 18 80
13 22 19 38
13 22 20 18
13 22 21 34
13 22 22 60
13 22 23 83
13 22 24 91
13 22 25 101
13 22 26 11
13 22 27 78
13 22 28 56
13 22 29 67
13 22 30 102
13 22 31 90
13 22 32 6
13 22 33 58
13 22 34 32
13 22 35 30
13 22 36 36
13 23 0 64
13 23 1 99
13 23 2 69
13 23 3 78
13 23 4 33
13 23 5 9
13 23 6 8
13 23 7 88
13 23 8 23
13 23 9 67
13 23 10 97
13 23 11 93
13 23 12 85
13 23 13 84
13 23 14 12
13 23 15 98
13 23 16 59
13 23 17 79
13 23 18 87
13 23 19 19
13 23 20 28
13 23 21 74
13 23 22 46
13 23 23 61
13 23 24 44
13 23 25 2
13 23 26 77
13 23 27 65
13 23 28 50
13 23 29 37
13 23 30 89
13 23 31 14
13 23 32 53
13 23 33 35
13 23 34 11
13 23 35 4
13 23 36 83
13 24 0 98
13 24 1 90
13 24 2 77
13 24 3 33
13 24 4 24
13 24 5 27
13 24 6 37
13 24 7 35
13 24 8 108
13 24 9 96
13 24 10 39
13 24 11 47
13 24 12 83
13 24 13 15
13 24 14 48
13 24 15 107
13 24 16 78
13 24 17 86
13 24 18 23
13 24 19 12
13 24 20 40
13 24 21 81
13 24 22 41
13 24 23 42
13 24 24 26
13 24 25 76
13 24 26 75
13 24 27 54
13 24 28 100
13 24 29 88
13 24 30 29
13 24 31 55
13 24 32 11
13 24 33 3
13 24 34 16
13 24 35 72
13 24 36 49
13 25 0 89
13 25 1 76
13 25 2 16
13 25 3 10
13 25 4 7
13 25 5 55
13 25 6 11
13 25 7 64
13 25 8 59
13 25 9 60
13 25 10 53
13 25 11 72
13 25 12 4
13 25 13 39
13 25 14 106
13 25 15 77
13 25 16 37
13 25 17 26
13 25 18 6
13 25 19 33
13 25 20 80
13 25 21 51
13 25 22 98
13 25 23 32
13 25 24 41
13 25 25 48
13 25 26 56
13 25 27 99
13 25 28 58
13 25 29 14
13 25 30 108
13 25 31 35
13 25 32 19
13 25 33 34
13 25 34 81
13 25 35 66
13 25 36 97
13 26 0 57
13 26 1 21
13 26 2 15
13 26 3 18
13 26 4 85
13 26 5 8
13 26 6 54
13 26 7 48
13 26 8 90
13 26 9 82
13 26 10 81
13 26 11 16
13 26 12 95
13 26 13 105
13 26 14 76
13 26 15 84
13 26 16 28
13 26 17 31
13 26 18 55
13 26 19 79
13 26 20 87
13 26 21 59
13 26 22 17
13 26 23 74
13 26 24 37
13 26 25 38
13 26 26 64
13 26 27 51
13 26 28 19
13 26 29 50
13 26 30 22
13 26 31 9
13 26 32 10
13 26 33 80
13 26 34 39
13 26 35 96
13 26 36 88
13 27 0 14
13 27 1 5
13 27 2 7
13 27 3 55
13 27 4 6
13 27 5 58
13 27 6 48
13 27 7 89
13 27 8 47
13 27 9 80
13 27 10 0
13 27 11 94
13 27 12 104
13 27 13 59
13 27 14 83
13 27 15 30
13 27 16 4
13 27 17 107
13 27 18 78
13 27 19 86
13 27 20 37
13 27 21 25
13 27 22 56
13 27 23 43
13 27 24 101
13 27 25 97
13 27 26 85
13 27 27 29
13 27 28 64
13 27 29 27
13 27 30 19
13 27 31 34
13 27 32 79
13 27 33 66
13 27 34 95
13 27 35 40
13 27 36 74
13 28 0 20
13 28 1 0
13 28 2 64
13 28 3 11
13 28 4 45
13 28 5 92
13 28 6 88
13 28 7 61
13 28 8 79
13 28 9 26
13 28 10 93
13 28 11 103
13 28 12 74
13 28 13 38
13 28 14 29
13 28 15 5
13 28 16 106
13 28 17 77
13 28 18 67
13 28 19 95
13 28 20 30
13 28 21 1
13 28 22 108
13 28 23 46
13 28 24 96
13 28 25 69
13 28 26 9
13 28 27 72
13 28 28 2
13 28 29 32
13 28 30 24
13 28 31 78
13 28 32 43
13 28 33 94
13 28 34 60
13 28 35 49
13 28 36 22
13 29 0 1
13 29 1 82
13 29 2 21
13 29 3 56
13 29 4 91
13 29 5 54
13 29 6 51
13 29 7 78
13 29 8 16
13 29 9 64
13 29 10 102
13 29 11 42
13 29 12 81
13 29 13 30
13 29 14 5
13 29 15 105
13 29 16 76
13 29 17 84
13 29 18 94
13 29 19 18
13 29 20 65
13 29 21 41
13 29 22 47
13 29 23 38
13 29 24 68
13 29 25 9
13 29 26 55
13 29 27 26
13 29 28 4
13 29 29 35
13 29 30 77
13 29 31 101
13 29 32 93
13 29 33 85
13 29 34 15
13 29 35 2
13 29 36 17
13 30 0 44
13 30 1 16
13 30 2 49
13 30 3 66
13 30 4 38
13 30 5 61
13 30 6 77
13 30 7 4
13 30 8 37
13 30 9 69
13 30 10 29
13 30 11 80
13 30 12 18
13 30 13 3
13 30 14 104
13 30 15 71
13 30 16 83
13 30 17 93
13 30 18 36
13 30 19 107
13 30 20 64
13 30 21 98
13 30 22 52
13 30 23 82
13 30 24 0
13 30 25 58
13 30 26 8
13 30 27 1
13 30 28 6
13 30 29 76
13 30 30 70
13 30 31 92
13 30 32 57
13 30 33 40
13 30 34 28
13 30 35 23
13 30 36 15
13 31 0 7
13 31 1 101
13 31 2 48
13 31 3 85
13 31 4 73
13 31 5 76
13 31 6 34
13 31 7 90
13 31 8 100
13 31 9 66
13 31 10 79
13 31 11 20
13 31 12 10
13 31 13 103
13 31 14 74
13 31 15 68
13 31 16 63
13 31 17 0
13 31 18 106
13 31 19 39
13 31 20 62
13 31 21 71
13 31 22 51
13 31 23 6
13 31 24 56
13 31 25 18
13 31 26 27
13 31 27 30
13 31 28 60
13 31 29 43
13 31 30 91
13 31 31 67
13 31 32 107
13 31 33 16
13 31 34 26
13 31 35 11
13 31 36 42
13 32 0 69
13 32 1 62
13 32 2 53
13 32 3 59
13 32 4 72
13 32 5 26
13 32 6 89
13 32 7 99
13 32 8 107
13 32 9 78
13 32 10 16
13 32 11 6
13 32 12 102
13 32 13 58
13 32 14 81
13 32 15 73
13 32 16 29
13 32 17 105
13 32 18 49
13 32 19 46
13 32 20 92
13 32 21 44
13 32 22 19
13 32 23 101
13 32 24 15
13 32 25 0
13 32 26 10
13 32 27 74
13 32 28 98
13 32 29 90
13 32 30 82
13 32 31 106
13 32 32 33
13 32 33 36
13 32 34 8
13 32 35 45
13 32 36 20
13 33 0 87
13 33 1 54
13 33 2 75
13 33 3 74
13 33 4 27
13 33 5 88
13 33 6 70
13 33 7 106
13 33 8 77
13 33 9 23
13 33 10 8
13 33 11 62
13 33 12 34
13 33 13 80
13 33 14 90
13 33 15 22
13 33 16 104
13 33 17 39
13 33 18 95
13 33 19 91
13 33 20 55
13 33 21 10
13 33 22 73
13 33 23 11
13 33 24 3
13 33 25 35
13 33 26 51
13 33 27 40
13 33 28 89
13 33 29 57
13 33 30 105
13 33 31 20
13 33 32 25
13 33 33 18
13 33 34 65
13 33 35 26
13 33 36 68
13 34 0 82
13 34 1 57
13 34 2 44
13 34 3 8
13 34 4 63
13 34 5 97
13 34 6 105
13 34 7 76
13 34 8 21
13 34 9 33
13 34 10 100
13 34 11 41
13 34 12 79
13 34 13 89
13 34 14 10
13 34 15 103
13 34 16 53
13 34 17 94
13 34 18 52
13 34 19 42
13 34 20 5
13 34 21 45
13 34 22 25
13 34 23 9
13 34 24 24
13 34 25 11
13 34 26 60
13 34 27 88
13 34 28 71
13 34 29 104
13 34 30 28
13 34 31 22
13 34 32 0
13 34 33 73
13 34 34 17
13 34 35 98
13 34 36 86
13 35 0 63
13 35 1 25
13 35 2 33
13 35 3 41
13 35 4 96
13 35 5 104
13 35 6 45
13 35 7 21
13 35 8 34
13 35 9 99
13 35 10 107
13 35 11 78
13 35 12 88
13 35 13 0
13 35 14 102
13 35 15 101
13 35 16 93
13 35 17 52
13 35 18 46
13 35 19 15
13 35 20 98
13 35 21 26
13 35 22 6
13 35 23 4
13 35 24 43
13 35 25 95
13 35 26 87
13 35 27 61
13 35 28 103
13 35 29 2
13 35 30 31
13 35 31 24
13 35 32 50
13 35 33 17
13 35 34 49
13 35 35 73
13 35 36 62
13 36 0 59
13 36 1 1
13 36 2 85
13 36 3 49
13 36 4 103
13 36 5 74
13 36 6 22
13 36 7 33
13 36 8 63
13 36 9 106
13 36 10 77
13 36 11 61
13 36 12 26
13 36 13 65
13 36 14 47
13 36 15 40
13 36 16 41
13 36 17 73
13 36 18 20
13 36 19 45
13 36 20 19
13 36 21 21
13 36 22 12
13 36 23 107
13 36 24 94
13 36 25 86
13 36 26 71
13 36 27 102
13 36 28 29
13 36 29 7
13 36 30 36
13 36 31 75
13 36 32 34
13 36 33 42
13 36 34 84
13 36 35 44
13 36 36 52
14 0 0 85
14 0 1 50
14 0 2 103
14 0 3 74
14 0 4 23
14 0 5 34
14 0 6 64
14 0 7 106
14 0 8 77
14 0 9 62
14 0 10 27
14 0 11 66
14 0 12 48
14 0 13 41
14 0 14 42
14 0 15 37
14 0 16 21
14 0 17 46
14 0 18 20
14 0 19 22
14 0 20 13
14 0 21 107
14 0 22 94
14 0 23 86
14 0 24 72
14 0 25 102
14 0 26 30
14 0 27 8
14 0 28 0
14 0 29 75
14 0 30 35
14 0 31 43
14 0 32 84
14 0 33 45
14 0 34 53
14 0 35 60
14 0 36 2
14 1 0 60
14 1 1 102
14 1 2 61
14 1 3 33
14 1 4 36
14 1 5 97
14 1 6 105
14 1 7 76
14 1 8 53
14 1 9 11
14 1 10 100
14 1 11 54
14 1 12 62
14 1 13 87
14 1 14 75
14 1 15 19
14 1 16 64
14 1 17 9
14 1 18 12
14 1 19 6
14 1 20 106
14 1 21 93
14 1 22 85
14 1 23 52
14 1 24 66
14 1 25 17
14 1 26 18
14 1 27 5
14 1 28 46
14 1 29 8
14 1 30 95
14 1 31 83
14 1 32 47
14 1 33 108
14 1 34 107
14 1 35 10
14 1 36 59
14 2 0 55
14 2 1 31
14 2 2 21
14 2 3 1
14 2 4 96
14 2 5 104
14 2 6 42
14 2 7 85
14 2 8 23
14 2 9 99
14 2 10 98
14 2 11 90
14 2 12 86
14 2 13 71
14 2 14 16
14 2 15 95
14 2 16 20
14 2 17 17
14 2 18 11
14 2 19 105
14 2 20 69
14 2 21 84
14 2 22 37
14 2 23 100
14 2 24 30
14 2 25 8
14 2 26 29
14 2 27 48
14 2 28 13
14 2 29 94
14 2 30 64
14 2 31 51
14 2 32 73
14 2 33 106
14 2 34 32
14 2 35 57
14 2 36 40
14 3 0 41
14 3 1 15
14 3 2 4
14 3 3 63
14 3 4 103
14 3 5 74
14 3 6 49
14 3 7 12
14 3 8 46
14 3 9 64
14 3 10 89
14 3 11 58
14 3 12 55
14 3 13 29
14 3 14 94
14 3 15 0
14 3 16 3
14 3 17 31
14 3 18 104
14 3 19 51
14 3 20 83
14 3 21 75
14 3 22 99
14 3 23 11
14 3 24 24
14 3 25 16
14 3 26 43
14 3 27 35
14 3 28 93
14 3 29 81
14 3 30 71
14 3 31 45
14 3 32 105
14 3 33 1
14 3 34 82
14 3 35 92
14 3 36 100
14 4 0 36
14 4 1 8
14 4 2 53
14 4 3 102
14 4 4 40
14 4 5 38
14 4 6 15
14 4 7 97
14 4 8 48
14 4 9 88
14 4 10 84
14 4 11 57
14 4 12 4
14 4 13 93
14 4 14 19
14 4 15 18
14 4 16 31
14 4 17 103
14 4 18 90
14 4 19 82
14 4 20 44
14 4 21 67
14 4 22 23
14 4 23 16
14 4 24 29
14 4 25 108
14 4 26 13
14 4 27 71
14 4 28 80
14 4 29 61
14 4 30 50
14 4 31 104
14 4 32 25
14 4 33 70
14 4 34 91
14 4 35 99
14 4 36 107
14 5 0 9
14 5 1 47
14 5 2 43
14 5 3 36
14 5 4 82
14 5 5 0
14 5 6 96
14 5 7 95
14 5 8 52
14 5 9 83
14 5 10 108
14 5 11 26
14 5 12 61
14 5 13 10
14 5 14 4
14 5 15 7
14 5 16 102
14 5 17 89
14 5 18 81
14 5 19 69
14 5 20 97
14 5 21 28
14 5 22 34
14 5 23 32
14 5 24 54
14 5 25 21
14 5 26 67
14 5 27 79
14 5 28 75
14 5 29 42
14 5 30 103
14 5 31 16
14 5 32 51
14 5 33 64
14 5 34 68
14 5 35 106
14 5 36 30
14 6 0 92
14 6 1 100
14 6 2 42
14 6 3 72
14 6 4 6
14 6 5 58
14 6 6 94
14 6 7 52
14 6 8 59
14 6 9 68
14 6 10 24
14 6 11 62
14 6 12 36
14 6 13 18
14 6 14 0
14 6 15 49
14 6 16 88
14 6 17 80
14 6 18 37
14 6 19 96
14 6 20 8
14 6 21 26
14 6 22 35
14 6 23 57
14 6 24 2
14 6 25 90
14 6 26 78
14 6 27 41
14 6 28 54
14 6 29 102
14 6 30 28
14 6 31 38
14 6 32 53
14 6 33 97
14 6 34 105
14 6 35 23
14 6 36 32
14 7 0 99
14 7 1 107
14 7 2 44
14 7 3 4
14 7 4 45
14 7 5 93
14 7 6 85
14 7 7 81
14 7 8 51
14 7 9 1
14 7 10 90
14 7 11 30
14 7 12 23
14 7 13 12
14 7 14 100
14 7 15 72
14 7 16 79
14 7 17 108
14 7 18 70
14 7 19 17
14 7 20 10
14 7 21 19
14 7 22 63
14 7 23 9
14 7 24 89
14 7 25 77
14 7 26 46
14 7 27 61
14 7 28 73
14 7 29 27
14 7 30 40
14 7 31 48
14 7 32 96
14 7 33 104
14 7 34 25
14 7 35 11
14 7 36 91
14 8 0 106
14 8 1 65
14 8 2 12
14 8 3 39
14 8 4 42
14 8 5 66
14 8 6 80
14 8 7 69
14 8 8 28
14 8 9 89
14 8 10 30
14 8 11 5
14 8 12 17
14 8 13 99
14 8 14 50
14 8 15 78
14 8 16 43
14 8 17 56
14 8 18 23
14 8 19 3
14 8 20 9
14 8 21 41
14 8 22 22
14 8 23 88
14 8 24 76
14 8 25 47
14 8 26 101
14 8 27 100
14 8 28 2
14 8 29 57
14 8 30 87
14 8 31 63
14 8 32 103
14 8 33 8
14 8 34 6
14 8 35 62
14 8 36 71
14 9 0 52
14 9 1 27
14 9 2 92
14 9 3 41
14 9 4 43
14 9 5 79
14 9 6 63
14 9 7 7
14 9 8 88
14 9 9 10
14 9 10 28
14 9 11 6
14 9 12 68
14 9 13 85
14 9 14 77
14 9 15 58
14 9 16 67
14 9 17 33
14 9 18 18
14 9 19 21
14 9 20 66
14 9 21 36
14 9 22 70
14 9 23 55
14 9 24 108
14 9 25 40
14 9 26 99
14 9 27 31
14 9 28 65
14 9 29 86
14 9 30 45
14 9 31 102
14 9 32 32
14 9 33 2
14 9 34 71
14 9 35 97
14 9 36 105
14 10 0 1
14 10 1 91
14 10 2 90
14 10 3 82
14 10 4 78
14 10 5 43
14 10 6 34
14 10 7 60
14 10 8 7
14 10 9 33
14 10 10 17
14 10 11 97
14 10 12 52
14 10 13 76
14 10 14 62
14 10 15 92
14 10 16 35
14 10 17 27
14 10 18 15
14 10 19 56
14 10 20 21
14 10 21 61
14 10 22 74
14 10 23 47
14 10 24 45
14 10 25 65
14 10 26 2
14 10 27 75
14 10 28 66
14 10 29 54
14 10 30 73
14 10 31 32
14 10 32 3
14 10 33 63
14 10 34 96
14 10 35 104
14 10 36 53
14 11 0 72
14 11 1 89
14 11 2 40
14 11 3 77
14 11 4 70
14 11 5 2
14 11 6 45
14 11 7 9
14 11 8 10
14 11 9 19
14 11 10 96
14 11 11 47
14 11 12 75
14 11 13 44
14 11 14 91
14 11 15 33
14 11 16 29
14 11 17 15
14 11 18 101
14 11 19 7
14 11 20 85
14 11 21 65
14 11 22 39
14 11 23 98
14 11 24 97
14 11 25 24
14 11 26 38
14 11 27 84
14 11 28 92
14 11 29 100
14 11 30 32
14 11 31 5
14 11 32 87
14 11 33 71
14 11 34 103
14 11 35 59
14 11 36 18
14 12 0 88
14 12 1 43
14 12 2 76
14 12 3 101
14 12 4 15
14 12 5 85
14 12 6 20
14 12 7 17
14 12 8 18
14 12 9 50
14 12 10 82
14 12 11 74
14 12 12 53
14 12 13 67
14 12 14 9
14 12 15 34
14 12 16 2
14 12 17 73
14 12 18 35
14 12 19 65
14 12 20 23
14 12 21 56
14 12 22 51
14 12 23 96
14 12 24 13
14 12 25 44
14 12 26 83
14 12 27 91
14 12 28 99
14 12 29 32
14 12 30 29
14 12 31 86
14 12 32 69
14 12 33 102
14 12 34 75
14 12 35 33
14 12 36 48
14 13 0 43
14 13 1 73
14 13 2 52
14 13 3 29
14 13 4 61
14 13 5 3
14 13 6 12
14 13 7 25
14 13 8 60
14 13 9 65
14 13 10 51
14 13 11 37
14 13 12 42
14 13 13 13
14 13 14 26
14 13 15 4
14 13 16 41
14 13 17 7
14 13 18 50
14 13 19 66
14 13 20 59
14 13 21 45
14 13 22 71
14 13 23 6
14 13 24 40
14 13 25 39
14 13 26 53
14 13 27 67
14 13 28 33
14 13 29 34
14 13 30 72
14 13 31 49
14 13 32 63
14 13 33 62
14 13 34 31
14 13 35 68
14 13 36 57
14 14 0 74
14 14 1 37
14 14 2 6
14 14 3 66
14 14 4 3
14 14 5 20
14 14 6 0
14 14 7 72
14 14 8 49
14 14 9 14
14 14 10 101
14 14 11 52
14 14 12 28
14 14 13 8
14 14 14 25
14 14 15 98
14 14 16 22
14 14 17 82
14 14 18 107
14 14 19 59
14 14 20 95
14 14 21 54
14 14 22 13
14 14 23 108
14 14 24 81
14 14 25 70
14 14 26 97
14 14 27 24
14 14 28 4
14 14 29 84
14 14 30 92
14 14 31 100
14 14 32 58
14 14 33 15
14 14 34 87
14 14 35 51
14 14 36 46
14 15 0 98
14 15 1 21
14 15 2 82
14 15 3 24
14 15 4 2
14 15 5 15
14 15 6 92
14 15 7 58
14 15 8 108
14 15 9 55
14 15 10 87
14 15 11 3
14 15 12 16
14 15 13 25
14 15 14 57
14 15 15 36
14 15 16 69
14 15 17 106
14 15 18 62
14 15 19 94
14 15 20 67
14 15 21 34
14 15 22 43
14 15 23 80
14 15 24 68
14 15 25 96
14 15 26 31
14 15 27 32
14 15 28 83
14 15 29 91
14 15 30 99
14 15 31 64
14 15 32 22
14 15 33 86
14 15 34 85
14 15 35 63
14 15 36 37
14 16 0 30
14 16 1 46
14 16 2 26
14 16 3 31
14 16 4 19
14 16 5 91
14 16 6 40
14 16 7 107
14 16 8 50
14 16 9 86
14 16 10 10
14 16 11 11
14 16 12 8
14 16 13 42
14 16 14 13
14 16 15 59
14 16 16 105
14 16 17 101
14 16 18 93
14 16 19 92
14 16 20 32
14 16 21 49
14 16 22 79
14 16 23 87
14 16 24 39
14 16 25 36
14 16 26 33
14 16 27 66
14 16 28 48
14 16 29 73
14 16 30 108
14 16 31 15
14 16 32 37
14 16 33 57
14 16 34 55
14 16 35 5
14 16 36 41
14 17 0 73
14 17 1 13
14 17 2 36
14 17 3 32
14 17 4 72
14 17 5 44
14 17 6 106
14 17 7 98
14 17 8 71
14 17 9 9
14 17 10 18
14 17 11 19
14 17 12 95
14 17 13 26
14 17 14 39
14 17 15 104
14 17 16 59
14 17 17 61
14 17 18 91
14 17 19 10
14 17 20 50
14 17 21 78
14 17 22 86
14 17 23 68
14 17 24 23
14 17 25 33
14 17 26 81
14 17 27 57
14 17 28 97
14 17 29 37
14 17 30 4
14 17 31 84
14 17 32 62
14 17 33 75
14 17 34 47
14 17 35 69
14 17 36 21
14 18 0 13
14 18 1 1
14 18 2 30
14 18 3 46
14 18 4 59
14 18 5 105
14 18 6 52
14 18 7 84
14 18 8 11
14 18 9 32
14 18 10 21
14 18 11 94
14 18 12 31
14 18 13 70
14 18 14 103
14 18 15 73
14 18 16 60
14 18 17 63
14 18 18 27
14 18 19 37
14 18 20 77
14 18 21 68
14 18 22 40
14 18 23 25
14 18 24 33
14 18 25 80
14 18 26 39
14 18 27 96
14 18 28 45
14 18 29 26
14 18 30 83
14 18 31 82
14 18 32 55
14 18 33 107
14 18 34 95
14 18 35 7
14 18 36 61
14 19 0 10
14 19 1 32
14 19 2 69
14 19 3 75
14 19 4 104
14 19 5 67
14 19 6 83
14 19 7 22
14 19 8 0
14 19 9 18
14 19 10 93
14 19 11 21
14 19 12 51
14 19 13 102
14 19 14 98
14 19 15 90
14 19 16 57
14 19 17 1
14 19 18 58
14 19 19 76
14 19 20 84
14 19 21 92
14 19 22 26
14 19 23 33
14 19 24 79
14 19 25 87
14 19 26 54
14 19 27 62
14 19 28 34
14 19 29 66
14 19 30 41
14 19 31 56
14 19 32 106
14 19 33 94
14 19 34 29
14 19 35 39
14 19 36 7
14 20 0 5
14 20 1 87
14 20 2 65
14 20 3 103
14 20 4 95
14 20 5 53
14 20 6 11
14 20 7 23
14 20 8 35
14 20 9 40
14 20 10 0
14 20 11 71
14 20 12 43
14 20 13 50
14 20 14 89
14 20 15 44
14 20 16 16
14 20 17 67
14 20 18 60
14 20 19 83
14 20 20 91
14 20 21 22
14 20 22 20
14 20 23 78
14 20 24 86
14 20 25 49
14 20 26 64
14 20 27 26
14 20 28 81
14 20 29 48
14 20 30 61
14 20 31 105
14 20 32 93
14 20 33 6
14 20 34 45
14 20 35 19
14 20 36 25
14 21 0 86
14 21 1 70
14 21 2 102
14 21 3 94
14 21 4 81
14 21 5 16
14 21 6 5
14 21 7 35
14 21 8 41
14 21 9 27
14 21 10 75
14 21 11 100
14 21 12 50
14 21 13 88
14 21 14 87
14 21 15 24
14 21 16 101
14 21 17 74
14 21 18 59
14 21 19 55
14 21 20 17
14 21 21 3
14 21 22 77
14 21 23 71
14 21 24 38
14 21 25 51
14 21 26 1
14 21 27 80
14 21 28 60
14 21 29 108
14 21 30 104
14 21 31 72
14 21 32 19
14 21 33 48
14 21 34 9
14 21 35 18
14 21 36 11
14 22 0 58
14 22 1 101
14 22 2 93
14 22 3 80
14 22 4 28
14 22 5 10
14 22 6 29
14 22 7 90
14 22 8 4
14 22 9 45
14 22 10 99
14 22 11 95
14 22 12 54
14 22 13 86
14 22 14 22
14 22 15 64
14 22 16 62
14 22 17 81
14 22 18 49
14 22 19 33
14 22 20 5
14 22 21 76
14 22 22 84
14 22 23 92
14 22 24 69
14 22 25 0
14 22 26 79
14 22 27 52
14 22 28 41
14 22 29 103
14 22 30 68
14 22 31 26
14 22 32 75
14 22 33 30
14 22 34 2
14 22 35 20
14 22 36 72
14 23 0 100
14 23 1 51
14 23 2 79
14 23 3 21
14 23 4 24
14 23 5 18
14 23 6 89
14 23 7 2
14 23 8 47
14 23 9 44
14 23 10 94
14 23 11 38
14 23 12 56
14 23 13 28
14 23 14 53
14 23 15 29
14 23 16 80
14 23 17 39
14 23 18 19
14 23 19 35
14 23 20 61
14 23 21 83
14 23 22 91
14 23 23 101
14 23 24 12
14 23 25 78
14 23 26 57
14 23 27 68
14 23 28 102
14 23 29 90
14 23 30 7
14 23 31 59
14 23 32 33
14 23 33 31
14 23 34 0
14 23 35 84
14 23 36 108
14 24 0 70
14 24 1 78
14 24 2 34
14 24 3 10
14 24 4 9
14 24 5 88
14 24 6 24
14 24 7 68
14 24 8 97
14 24 9 93
14 24 10 85
14 24 11 84
14 24 12 13
14 24 13 98
14 24 14 60
14 24 15 79
14 24 16 87
14 24 17 20
14 24 18 29
14 24 19 74
14 24 20 47
14 24 21 62
14 24 22 45
14 24 23 3
14 24 24 77
14 24 25 66
14 24 26 51
14 24 27 38
14 24 28 89
14 24 29 15
14 24 30 54
14 24 31 36
14 24 32 12
14 24 33 5
14 24 34 83
14 24 35 65
14 24 36 99
14 25 0 77
14 25 1 34
14 25 2 25
14 25 3 28
14 25 4 38
14 25 5 36
14 25 6 108
14 25 7 96
14 25 8 40
14 25 9 48
14 25 10 83
14 25 11 16
14 25 12 49
14 25 13 107
14 25 14 78
14 25 15 86
14 25 16 24
14 25 17 13
14 25 18 41
14 25 19 81
14 25 20 42
14 25 21 43
14 25 22 27
14 25 23 76
14 25 24 75
14 25 25 55
14 25 26 100
14 25 27 88
14 25 28 30
14 25 29 56
14 25 30 12
14 25 31 4
14 25 32 17
14 25 33 73
14 25 34 50
14 25 35 98
14 25 36 90
14 26 0 17
14 26 1 11
14 26 2 8
14 26 3 56
14 26 4 12
14 26 5 65
14 26 6 60
14 26 7 61
14 26 8 54
14 26 9 73
14 26 10 5
14 26 11 40
14 26 12 106
14 26 13 77
14 26 14 38
14 26 15 27
14 26 16 7
14 26 17 34
14 26 18 80
14 26 19 52
14 26 20 98
14 26 21 33
14 26 22 42
14 26 23 49
14 26 24 57
14 26 25 99
14 26 26 59
14 26 27 15
14 26 28 108
14 26 29 36
14 26 30 20
14 26 31 35
14 26 32 81
14 26 33 67
14 26 34 97
14 26 35 89
14 26 36 76
14 27 0 16
14 27 1 19
14 27 2 85
14 27 3 9
14 27 4 55
14 27 5 49
14 27 6 90
14 27 7 82
14 27 8 81
14 27 9 17
14 27 10 95
14 27 11 105
14 27 12 76
14 27 13 84
14 27 14 29
14 27 15 32
14 27 16 56
14 27 17 79
14 27 18 87
14 27 19 60
14 27 20 18
14 27 21 74
14 27 22 38
14 27 23 39
14 27 24 65
14 27 25 52
14 27 26 20
14 27 27 51
14 27 28 23
14 27 29 10
14 27 30 11
14 27 31 80
14 27 32 40
14 27 33 96
14 27 34 88
14 27 35 58
14 27 36 22
14 28 0 8
14 28 1 56
14 28 2 7
14 28 3 59
14 28 4 49
14 28 5 89
14 28 6 48
14 28 7 80
14 28 8 1
14 28 9 94
14 28 10 104
14 28 11 60
14 28 12 83
14 28 13 31
14 28 14 5
14 28 15 107
14 28 16 78
14 28 17 86
14 28 18 38
14 28 19 26
14 28 20 57
14 28 21 44
14 28 22 101
14 28 23 97
14 28 24 85
14 28 25 30
14 28 26 65
14 28 27 28
14 28 28 20
14 28 29 35
14 28 30 79
14 28 31 67
14 28 32 95
14 28 33 41
14 28 34 74
14 28 35 15
14 28 36 6
14 29 0 65
14 29 1 12
14 29 2 46
14 29 3 92
14 29 4 88
14 29 5 62
14 29 6 79
14 29 7 27
14 29 8 93
14 29 9 103
14 29 10 74
14 29 11 39
14 29 12 30
14 29 13 6
14 29 14 106
14 29 15 77
14 29 16 68
14 29 17 95
14 29 18 31
14 29 19 2
14 29 20 108
14 29 21 47
14 29 22 96
14 29 23 70
14 29 24 10
14 29 25 73
14 29 26 3
14 29 27 33
14 29 28 25
14 29 29 78
14 29 30 44
14 29 31 94
14 29 32 61
14 29 33 50
14 29 34 23
14 29 35 21
14 29 36 1
14 30 0 22
14 30 1 57
14 30 2 91
14 30 3 55
14 30 4 52
14 30 5 78
14 30 6 17
14 30 7 65
14 30 8 102
14 30 9 43
14 30 10 81
14 30 11 31
14 30 12 6
14 30 13 105
14 30 14 76
14 30 15 84
14 30 16 94
14 30 17 19
14 30 18 66
14 30 19 42
14 30 20 48
14 30 21 39
14 30 22 69
14 30 23 10
14 30 24 56
14 30 25 27
14 30 26 5
14 30 27 36
14 30 28 77
14 30 29 101
14 30 30 93
14 30 31 85
14 30 32 16
14 30 33 3
14 30 34 18
14 30 35 2
14 30 36 82
14 31 0 50
14 31 1 67
14 31 2 39
14 31 3 62
14 31 4 77
14 31 5 5
14 31 6 38
14 31 7 70
14 31 8 30
14 31 9 80
14 31 10 19
14 31 11 4
14 31 12 104
14 31 13 72
14 31 14 83
14 31 15 93
14 31 16 0
14 31 17 107
14 31 18 65
14 31 19 98
14 31 20 53
14 31 21 82
14 31 22 1
14 31 23 59
14 31 24 9
14 31 25 2
14 31 26 7
14 31 27 76
14 31 28 71
14 31 29 92
14 31 30 58
14 31 31 41
14 31 32 29
14 31 33 24
14 31 34 16
14 31 35 45
14 31 36 17
14 32 0 49
14 32 1 85
14 32 2 37
14 32 3 76
14 32 4 35
14 32 5 90
14 32 6 100
14 32 7 67
14 32 8 79
14 32 9 21
14 32 10 11
14 32 11 103
14 32 12 74
14 32 13 69
14 32 14 64
14 32 15 1
14 32 16 106
14 32 17 40
14 32 18 63
14 32 19 72
14 32 20 52
14 32 21 7
14 32 22 57
14 32 23 19
14 32 24 28
14 32 25 31
14 32 26 61
14 32 27 44
14 32 28 91
14 32 29 68
14 32 30 107
14 32 31 17
14 32 32 27
14 32 33 12
14 32 34 43
14 32 35 8
14 32 36 101
14 33 0 54
14 33 1 60
14 33 2 73
14 33 3 27
14 33 4 89
14 33 5 99
14 33 6 107
14 33 7 78
14 33 8 17
14 33 9 7
14 33 10 102
14 33 11 59
14 33 12 81
14 33 13 37
14 33 14 30
14 33 15 105
14 33 16 50
14 33 17 47
14 33 18 92
14 33 19 45
14 33 20 20
14 33 21 101
14 33 22 16
14 33 23 1
14 33 24 11
14 33 25 74
14 33 26 98
14 33 27 90
14 33 28 82
14 33 29 106
14 33 30 34
14 33 31 0
14 33 32 9
14 33 33 46
14 33 34 21
14 33 35 70
14 33 36 63
14 34 0 75
14 34 1 74
14 34 2 28
14 34 3 88
14 34 4 71
14 34 5 106
14 34 6 77
14 34 7 24
14 34 8 9
14 34 9 63
14 34 10 35
14 34 11 80
14 34 12 90
14 34 13 23
14 34 14 104
14 34 15 40
14 34 16 95
14 34 17 91
14 34 18 56
14 34 19 11
14 34 20 37
14 34 21 12
14 34 22 4
14 34 23 36
14 34 24 52
14 34 25 41
14 34 26 89
14 34 27 58
14 34 28 105
14 34 29 21
14 34 30 26
14 34 31 19
14 34 32 66
14 34 33 27
14 34 34 69
14 34 35 87
14 34 36 55
14 35 0 45
14 35 1 9
14 35 2 64
14 35 3 97
14 35 4 105
14 35 5 76
14 35 6 22
14 35 7 34
14 35 8 100
14 35 9 42
14 35 10 79
14 35 11 89
14 35 12 11
14 35 13 103
14 35 14 54
14 35 15 94
14 35 16 53
14 35 17 43
14 35 18 6
14 35 19 46
14 35 20 26
14 35 21 10
14 35 22 25
14 35 23 12
14 35 24 61
14 35 25 88
14 35 26 72
14 35 27 104
14 35 28 29
14 35 29 23
14 35 30 1
14 35 31 37
14 35 32 18
14 35 33 98
14 35 34 86
14 35 35 82
14 35 36 58
14 36 0 34
14 36 1 42
14 36 2 96
14 36 3 104
14 36 4 46
14 36 5 22
14 36 6 35
14 36 7 99
14 36 8 107
14 36 9 78
14 36 10 88
14 36 11 1
14 36 12 102
14 36 13 101
14 36 14 93
14 36 15 53
14 36 16 47
14 36 17 16
14 36 18 98
14 36 19 27
14 36 20 7
14 36 21 5
14 36 22 44
14 36 23 95
14 36 24 87
14 36 25 62
14 36 26 103
14 36 27 3
14 36 28 32
14 36 29 25
14 36 30 51
14 36 31 18
14 36 32 50
14 36 33 37
14 36 34 63
14 36 35 64
14 36 36 26
15 0 0 96
15 0 1 104
15 0 2 47
15 0 3 23
15 0 4 36
15 0 5 99
15 0 6 107
15 0 7 78
15 0 8 88
15 0 9 2
15 0 10 102
15 0 11 101
15 0 12 93
15 0 13 54
15 0 14 48
15 0 15 17
15 0 16 98
15 0 17 28
15 0 18 8
15 0 19 6
15 0 20 45
15 0 21 95
15 0 22 87
15 0 23 63
15 0 24 103
15 0 25 4
15 0 26 33
15 0 27 26
15 0 28 52
15 0 29 19
15 0 30 51
15 0 31 38
15 0 32 64
15 0 33 65
15 0 34 27
15 0 35 35
15 0 36 43
15 1 0 103
15 1 1 74
15 1 2 24
15 1 3 35
15 1 4 65
15 1 5 106
15 1 6 77
15 1 7 63
15 1 8 28
15 1 9 67
15 1 10 49
15 1 11 42
15 1 12 43
15 1 13 38
15 1 14 22
15 1 15 47
15 1 16 21
15 1 17 23
15 1 18 14
15 1 19 107
15 1 20 94
15 1 21 86
15 1 22 73
15 1 23 102
15 1 24 31
15 1 25 9
15 1 26 1
15 1 27 75
15 1 28 36
15 1 29 44
15 1 30 84
15 1 31 46
15 1 32 54
15 1 33 61
15 1 34 3
15 1 35 85
15 1 36 51
15 2 0 62
15 2 1 34
15 2 2 0
15 2 3 97
15 2 4 105
15 2 5 76
15 2 6 54
15 2 7 12
15 2 8 100
15 2 9 55
15 2 10 63
15 2 11 87
15 2 12 75
15 2 13 20
15 2 14 65
15 2 15 10
15 2 16 13
15 2 17 7
15 2 18 106
15 2 19 93
15 2 20 85
15 2 21 53
15 2 22 67
15 2 23 18
15 2 24 19
15 2 25 6
15 2 26 47
15 2 27 9
15 2 28 95
15 2 29 83
15 2 30 48
15 2 31 108
15 2 32 107
15 2 33 11
15 2 34 60
15 2 35 61
15 2 36 102
15 3 0 22
15 3 1 2
15 3 2 96
15 3 3 104
15 3 4 43
15 3 5 85
15 3 6 24
15 3 7 99
15 3 8 98
15 3 9 90
15 3 10 86
15 3 11 72
15 3 12 17
15 3 13 95
15 3 14 21
15 3 15 18
15 3 16 12
15 3 17 105
15 3 18 70
15 3 19 84
15 3 20 38
15 3 21 100
15 3 22 31
15 3 23 9
15 3 24 30
15 3 25 49
15 3 26 14
15 3 27 94
15 3 28 65
15 3 29 52
15 3 30 37
15 3 31 106
15 3 32 33
15 3 33 58
15 3 34 41
15 3 35 56
15 3 36 32
15 4 0 5
15 4 1 64
15 4 2 103
15 4 3 74
15 4 4 50
15 4 5 13
15 4 6 47
15 4 7 65
15 4 8 89
15 4 9 59
15 4 10 56
15 4 11 30
15 4 12 94
15 4 13 1
15 4 14 4
15 4 15 32
15 4 16 104
15 4 17 52
15 4 18 83
15 4 19 75
15 4 20 99
15 4 21 12
15 4 22 25
15 4 23 17
15 4 24 44
15 4 25 36
15 4 26 93
15 4 27 81
15 4 28 72
15 4 29 46
15 4 30 105
15 4 31 2
15 4 32 82
15 4 33 92
15 4 34 100
15 4 35 42
15 4 36 16
15 5 0 54
15 5 1 102
15 5 2 41
15 5 3 39
15 5 4 16
15 5 5 97
15 5 6 49
15 5 7 88
15 5 8 84
15 5 9 58
15 5 10 5
15 5 11 93
15 5 12 20
15 5 13 19
15 5 14 32
15 5 15 103
15 5 16 90
15 5 17 82
15 5 18 45
15 5 19 68
15 5 20 24
15 5 21 17
15 5 22 30
15 5 23 108
15 5 24 14
15 5 25 72
15 5 26 80
15 5 27 62
15 5 28 51
15 5 29 104
15 5 30 26
15 5 31 71
15 5 32 91
15 5 33 99
15 5 34 107
15 5 35 0
15 5 36 9
15 6 0 44
15 6 1 0
15 6 2 82
15 6 3 1
15 6 4 96
15 6 5 95
15 6 6 53
15 6 7 83
15 6 8 108
15 6 9 27
15 6 10 62
15 6 11 11
15 6 12 5
15 6 13 8
15 6 14 102
15 6 15 89
15 6 16 81
15 6 17 70
15 6 18 97
15 6 19 29
15 6 20 35
15 6 21 33
15 6 22 55
15 6 23 22
15 6 24 68
15 6 25 79
15 6 26 75
15 6 27 43
15 6 28 103
15 6 29 17
15 6 30 52
15 6 31 65
15 6 32 69
15 6 33 106
15 6 34 31
15 6 35 10
15 6 36 48
15 7 0 43
15 7 1 73
15 7 2 7
15 7 3 59
15 7 4 94
15 7 5 53
15 7 6 60
15 7 7 69
15 7 8 25
15 7 9 63
15 7 10 0
15 7 11 19
15 7 12 1
15 7 13 50
15 7 14 88
15 7 15 80
15 7 16 38
15 7 17 96
15 7 18 9
15 7 19 27
15 7 20 36
15 7 21 58
15 7 22 3
15 7 23 90
15 7 24 78
15 7 25 42
15 7 26 55
15 7 27 102
15 7 28 29
15 7 29 39
15 7 30 54
15 7 31 97
15 7 32 105
15 7 33 24
15 7 34 33
15 7 35 92
15 7 36 100
15 8 0 45
15 8 1 5
15 8 2 46
15 8 3 93
15 8 4 85
15 8 5 81
15 8 6 52
15 8 7 2
15 8 8 90
15 8 9 31
15 8 10 24
15 8 11 13
15 8 12 100
15 8 13 73
15 8 14 79
15 8 15 108
15 8 16 71
15 8 17 18
15 8 18 11
15 8 19 20
15 8 20 64
15 8 21 10
15 8 22 89
15 8 23 77
15 8 24 47
15 8 25 62
15 8 26 37
15 8 27 28
15 8 28 41
15 8 29 49
15 8 30 96
15 8 31 104
15 8 32 26
15 8 33 12
15 8 34 91
15 8 35 99
15 8 36 107
15 9 0 13
15 9 1 40
15 9 2 43
15 9 3 67
15 9 4 80
15 9 5 70
15 9 6 29
15 9 7 89
15 9 8 31
15 9 9 6
15 9 10 18
15 9 11 99
15 9 12 51
15 9 13 78
15 9 14 44
15 9 15 57
15 9 16 24
15 9 17 4
15 9 18 10
15 9 19 42
15 9 20 23
15 9 21 88
15 9 22 76
15 9 23 48
15 9 24 101
15 9 25 100
15 9 26 3
15 9 27 58
15 9 28 87
15 9 29 64
15 9 30 103
15 9 31 9
15 9 32 7
15 9 33 63
15 9 34 72
15 9 35 106
15 9 36 66
15 10 0 92
15 10 1 42
15 10 2 44
15 10 3 79
15 10 4 64
15 10 5 8
15 10 6 88
15 10 7 11
15 10 8 29
15 10 9 7
15 10 10 69
15 10 11 85
15 10 12 77
15 10 13 59
15 10 14 68
15 10 15 34
15 10 16 19
15 10 17 22
15 10 18 67
15 10 19 0
15 10 20 71
15 10 21 56
15 10 22 108
15 10 23 41
15 10 24 99
15 10 25 32
15 10 26 66
15 10 27 86
15 10 28 46
15 10 29 102
15 10 30 33
15 10 31 3
15 10 32 72
15 10 33 97
15 10 34 105
15 10 35 53
15 10 36 28
15 11 0 90
15 11 1 82
15 11 2 78
15 11 3 44
15 11 4 35
15 11 5 61
15 11 6 8
15 11 7 34
15 11 8 18
15 11 9 97
15 11 10 53
15 11 11 76
15 11 12 63
15 11 13 92
15 11 14 36
15 11 15 28
15 11 16 16
15 11 17 57
15 11 18 22
15 11 19 62
15 11 20 74
15 11 21 48
15 11 22 46
15 11 23 66
15 11 24 3
15 11 25 75
15 11 26 67
15 11 27 55
15 11 28 37
15 11 29 33
15 11 30 4
15 11 31 64
15 11 32 96
15 11 33 104
15 11 34 54
15 11 35 2
15 11 36 91
15 12 0 41
15 12 1 77
15 12 2 71
15 12 3 3
15 12 4 46
15 12 5 10
15 12 6 11
15 12 7 20
15 12 8 96
15 12 9 48
15 12 10 75
15 12 11 45
15 12 12 91
15 12 13 34
15 12 14 30
15 12 15 16
15 12 16 101
15 12 17 8
15 12 18 85
15 12 19 66
15 12 20 40
15 12 21 98
15 12 22 97
15 12 23 25
15 12 24 39
15 12 25 84
15 12 26 92
15 12 27 100
15 12 28 33
15 12 29 6
15 12 30 87
15 12 31 72
15 12 32 103
15 12 33 60
15 12 34 19
15 12 35 73
15 12 36 89
15 13 0 76
15 13 1 101
15 13 2 16
15 13 3 85
15 13 4 21
15 13 5 18
15 13 6 19
15 13 7 51
15 13 8 82
15 13 9 74
15 13 10 54
15 13 11 68
15 13 12 10
15 13 13 35
15 13 14 3
15 13 15 37
15 13 16 36
15 13 17 66
15 13 18 24
15 13 19 57
15 13 20 52
15 13 21 96
15 13 22 14
15 13 23 45
15 13 24 83
15 13 25 91
15 13 26 99
15 13 27 33
15 13 28 30
15 13 29 86
15 13 30 70
15 13 31 102
15 13 32 75
15 13 33 34
15 13 34 49
15 13 35 88
15 13 36 44
15 14 0 53
15 14 1 30
15 14 2 62
15 14 3 4
15 14 4 13
15 14 5 26
15 14 6 61
15 14 7 66
15 14 8 52
15 14 9 38
15 14 10 43
15 14 11 14
15 14 12 27
15 14 13 5
15 14 14 42
15 14 15 8
15 14 16 51
15 14 17 67
15 14 18 60
15 14 19 46
15 14 20 72
15 14 21 7
15 14 22 41
15 14 23 40
15 14 24 54
15 14 25 68
15 14 26 34
15 14 27 35
15 14 28 73
15 14 29 50
15 14 30 64
15 14 31 63
15 14 32 32
15 14 33 69
15 14 34 58
15 14 35 44
15 14 36 37
15 15 0 7
15 15 1 67
15 15 2 4
15 15 3 21
15 15 4 1
15 15 5 73
15 15 6 50
15 15 7 15
15 15 8 101
15 15 9 53
15 15 10 29
15 15 11 9
15 15 12 26
15 15 13 98
15 15 14 23
15 15 15 82
15 15 16 107
15 15 17 60
15 15 18 95
15 15 19 55
15 15 20 14
15 15 21 108
15 15 22 81
15 15 23 71
15 15 24 97
15 15 25 25
15 15 26 5
15 15 27 84
15 15 28 92
15 15 29 100
15 15 30 59
15 15 31 16
15 15 32 87
15 15 33 52
15 15 34 47
15 15 35 74
15 15 36 38
15 16 0 82
15 16 1 25
15 16 2 3
15 16 3 16
15 16 4 92
15 16 5 59
15 16 6 108
15 16 7 56
15 16 8 87
15 16 9 4
15 16 10 17
15 16 11 26
15 16 12 58
15 16 13 0
15 16 14 70
15 16 15 106
15 16 16 63
15 16 17 94
15 16 18 68
15 16 19 35
15 16 20 44
15 16 21 80
15 16 22 69
15 16 23 96
15 16 24 32
15 16 25 33
15 16 26 83
15 16 27 91
15 16 28 99
15 16 29 65
15 16 30 23
15 16 31 86
15 16 32 85
15 16 33 64
15 16 34 38
15 16 35 98
15 16 36 22
15 17 0 27
15 17 1 32
15 17 2 20
15 17 3 91
15 17 4 41
15 17 5 107
15 17 6 51
15 17 7 86
15 17 8 11
15 17 9 12
15 17 10 9
15 17 11 43
15 17 12 14
15 17 13 60
15 17 14 105
15 17 15 101
15 17 16 93
15 17 17 92
15 17 18 33
15 17 19 50
15 17 20 79
15 17 21 87
15 17 22 40
15 17 23 0
15 17 24 34
15 17 25 67
15 17 26 49
15 17 27 37
15 17 28 108
15 17 29 16
15 17 30 38
15 17 31 58
15 17 32 56
15 17 33 6
15 17 34 42
15 17 35 31
15 17 36 47
15 18 0 0
15 18 1 33
15 18 2 73
15 18 3 45
15 18 4 106
15 18 5 98
15 18 6 72
15 18 7 10
15 18 8 19
15 18 9 20
15 18 10 95
15 18 11 27
15 18 12 40
15 18 13 104
15 18 14 60
15 18 15 62
15 18 16 91
15 18 17 11
15 18 18 51
15 18 19 78
15 18 20 86
15 18 21 69
15 18 22 24
15 18 23 34
15 18 24 81
15 18 25 58
15 18 26 97
15 18 27 38
15 18 28 5
15 18 29 84
15 18 30 63
15 18 31 75
15 18 32 48
15 18 33 70
15 18 34 22
15 18 35 37
15 18 36 14
15 19 0 31
15 19 1 47
15 19 2 60
15 19 3 105
15 19 4 53
15 19 5 84
15 19 6 12
15 19 7 33
15 19 8 22
15 19 9 94
15 19 10 32
15 19 11 71
15 19 12 103
15 19 13 37
15 19 14 61
15 19 15 64
15 19 16 28
15 19 17 38
15 19 18 77
15 19 19 69
15 19 20 41
15 19 21 26
15 19 22 34
15 19 23 80
15 19 24 40
15 19 25 96
15 19 26 46
15 19 27 27
15 19 28 83
15 19 29 82
15 19 30 56
15 19 31 107
15 19 32 95
15 19 33 8
15 19 34 62
15 19 35 14
15 19 36 2
15 20 0 70
15 20 1 75
15 20 2 104
15 20 3 68
15 20 4 83
15 20 5 23
15 20 6 1
15 20 7 19
15 20 8 93
15 20 9 22
15 20 10 52
15 20 11 102
15 20 12 98
15 20 13 90
15 20 14 58
15 20 15 2
15 20 16 59
15 20 17 76
15 20 18 84
15 20 19 92
15 20 20 27
15 20 21 34
15 20 22 79
15 20 23 87
15 20 24 55
15 20 25 63
15 20 26 35
15 20 27 67
15 20 28 42
15 20 29 57
15 20 30 106
15 20 31 94
15 20 32 30
15 20 33 40
15 20 34 8
15 20 35 11
15 20 36 33
15 21 0 66
15 21 1 103
15 21 2 95
15 21 3 54
15 21 4 12
15 21 5 24
15 21 6 36
15 21 7 41
15 21 8 1
15 21 9 72
15 21 10 44
15 21 11 51
15 21 12 89
15 21 13 45
15 21 14 17
15 21 15 68
15 21 16 61
15 21 17 83
15 21 18 91
15 21 19 23
15 21 20 21
15 21 21 78
15 21 22 86
15 21 23 50
15 21 24 65
15 21 25 27
15 21 26 81
15 21 27 49
15 21 28 62
15 21 29 105
15 21 30 93
15 21 31 7
15 21 32 46
15 21 33 20
15 21 34 26
15 21 35 6
15 21 36 87
15 22 0 102
15 22 1 94
15 22 2 81
15 22 3 17
15 22 4 6
15 22 5 36
15 22 6 42
15 22 7 28
15 22 8 75
15 22 9 100
15 22 10 51
15 22 11 88
15 22 12 87
15 22 13 25
15 22 14 101
15 22 15 74
15 22 16 60
15 22 17 56
15 22 18 18
15 22 19 4
15 22 20 77
15 22 21 72
15 22 22 39
15 22 23 52
15 22 24 2
15 22 25 80
15 22 26 61
15 22 27 108
15 22 28 104
15 22 29 73
15 22 30 20
15 22 31 49
15 22 32 10
15 22 33 19
15 22 34 12
15 22 35 86
15 22 36 71
15 23 0 93
15 23 1 80
15 23 2 29
15 23 3 11
15 23 4 30
15 23 5 90
15 23 6 5
15 23 7 46
15 23 8 99
15 23 9 95
15 23 10 55
15 23 11 86
15 23 12 23
15 23 13 65
15 23 14 63
15 23 15 81
15 23 16 50
15 23 17 34
15 23 18 6
15 23 19 76
15 23 20 84
15 23 21 92
15 23 22 70
15 23 23 1
15 23 24 79
15 23 25 53
15 23 26 42
15 23 27 103
15 23 28 69
15 23 29 27
15 23 30 75
15 23 31 31
15 23 32 3
15 23 33 21
15 23 34 73
15 23 35 59
15 23 36 101
15 24 0 79
15 24 1 22
15 24 2 25
15 24 3 19
15 24 4 89
15 24 5 3
15 24 6 48
15 24 7 45
15 24 8 94
15 24 9 39
15 24 10 57
15 24 11 29
15 24 12 54
15 24 13 30
15 24 14 80
15 24 15 40
15 24 16 20
15 24 17 36
15 24 18 62
15 24 19 83
15 24 20 91
15 24 21 101
15 24 22 13
15 24 23 78
15 24 24 58
15 24 25 69
15 24 26 102
15 24 27 90
15 24 28 8
15 24 29 60
15 24 30 34
15 24 31 32
15 24 32 1
15 24 33 84
15 24 34 108
15 24 35 100
15 24 36 52
15 25 0 35
15 25 1 11
15 25 2 10
15 25 3 88
15 25 4 25
15 25 5 69
15 25 6 97
15 25 7 93
15 25 8 85
15 25 9 84
15 25 10 14
15 25 11 98
15 25 12 61
15 25 13 79
15 25 14 87
15 25 15 21
15 25 16 30
15 25 17 74
15 25 18 48
15 25 19 63
15 25 20 46
15 25 21 4
15 25 22 77
15 25 23 67
15 25 24 52
15 25 25 39
15 25 26 89
15 25 27 16
15 25 28 55
15 25 29 0
15 25 30 13
15 25 31 6
15 25 32 83
15 25 33 66
15 25 34 99
15 25 35 71
15 25 36 78
15 26 0 26
15 26 1 29
15 26 2 39
15 26 3 0
15 26 4 108
15 26 5 96
15 26 6 41
15 26 7 49
15 26 8 83
15 26 9 17
15 26 10 50
15 26 11 107
15 26 12 78
15 26 13 86
15 26 14 25
15 26 15 14
15 26 16 42
15 26 17 81
15 26 18 43
15 26 19 44
15 26 20 28
15 26 21 76
15 26 22 75
15 26 23 56
15 26 24 100
15 26 25 88
15 26 26 31
15 26 27 57
15 26 28 13
15 26 29 5
15 26 30 18
15 26 31 37
15 26 32 51
15 26 33 98
15 26 34 90
15 26 35 77
15 26 36 35
15 27 0 9
15 27 1 57
15 27 2 13
15 27 3 66
15 27 4 61
15 27 5 62
15 27 6 55
15 27 7 37
15 27 8 6
15 27 9 41
15 27 10 106
15 27 11 77
15 27 12 39
15 27 13 28
15 27 14 8
15 27 15 35
15 27 16 80
15 27 17 53
15 27 18 98
15 27 19 34
15 27 20 43
15 27 21 50
15 27 22 58
15 27 23 99
15 27 24 60
15 27 25 16
15 27 26 108
15 27 27 0
15 27 28 21
15 27 29 36
15 27 30 81
15 27 31 68
15 27 32 97
15 27 33 89
15 27 34 76
15 27 35 18
15 27 36 12
15 28 0 85
15 28 1 10
15 28 2 56
15 28 3 50
15 28 4 90
15 28 5 82
15 28 6 81
15 28 7 18
15 28 8 95
15 28 9 105
15 28 10 76
15 28 11 84
15 28 12 30
15 28 13 33
15 28 14 57
15 28 15 79
15 28 16 87
15 28 17 61
15 28 18 19
15 28 19 74
15 28 20 39
15 28 21 40
15 28 22 66
15 28 23 53
15 28 24 21
15 28 25 52
15 28 26 24
15 28 27 11
15 28 28 12
15 28 29 80
15 28 30 41
15 28 31 96
15 28 32 88
15 28 33 59
15 28 34 23
15 28 35 17
15 28 36 20
15 29 0 8
15 29 1 60
15 29 2 50
15 29 3 89
15 29 4 49
15 29 5 80
15 29 6 2
15 29 7 94
15 29 8 104
15 29 9 61
15 29 10 83
15 29 11 32
15 29 12 6
15 29 13 107
15 29 14 78
15 29 15 86
15 29 16 39
15 29 17 27
15 29 18 58
15 29 19 45
15 29 20 101
15 29 21 97
15 29 22 85
15 29 23 31
15 29 24 66
15 29 25 29
15 29 26 21
15 29 27 36
15 29 28 79
15 29 29 68
15 29 30 95
15 29 31 42
15 29 32 74
15 29 33 16
15 29 34 7
15 29 35 9
15 29 36 57
15 30 0 47
15 30 1 92
15 30 2 88
15 30 3 63
15 30 4 79
15 30 5 28
15 30 6 93
15 30 7 103
15 30 8 74
15 30 9 40
15 30 10 31
15 30 11 7
15 30 12 106
15 30 13 77
15 30 14 69
15 30 15 95
15 30 16 32
15 30 17 3
15 30 18 108
15 30 19 48
15 30 20 96
15 30 21 71
15 30 22 11
15 30 23 37
15 30 24 4
15 30 25 34
15 30 26 26
15 30 27 78
15 30 28 45
15 30 29 94
15 30 30 62
15 30 31 51
15 30 32 24
15 30 33 22
15 30 34 2
15 30 35 66
15 30 36 13
15 31 0 91
15 31 1 56
15 31 2 53
15 31 3 78
15 31 4 18
15 31 5 66
15 31 6 102
15 31 7 44
15 31 8 81
15 31 9 32
15 31 10 7
15 31 11 105
15 31 12 76
15 31 13 84
15 31 14 94
15 31 15 20
15 31 16 67
15 31 17 43
15 31 18 49
15 31 19 40
15 31 20 70
15 31 21 11
15 31 22 57
15 31 23 28
15 31 24 6
15 31 25 0
15 31 26 77
15 31 27 101
15 31 28 93
15 31 29 85
15 31 30 17
15 31 31 4
15 31 32 19
15 31 33 3
15 31 34 82
15 31 35 23
15 31 36 58
15 32 0 40
15 32 1 63
15 32 2 77
15 32 3 6
15 32 4 39
15 32 5 71
15 32 6 31
15 32 7 80
15 32 8 20
15 32 9 5
15 32 10 104
15 32 11 73
15 32 12 83
15 32 13 93
15 32 14 1
15 32 15 107
15 32 16 66
15 32 17 98
15 32 18 54
15 32 19 82
15 32 20 2
15 32 21 60
15 32 22 10
15 32 23 3
15 32 24 8
15 32 25 76
15 32 26 72
15 32 27 92
15 32 28 59
15 32 29 42
15 32 30 30
15 32 31 25
15 32 32 17
15 32 33 46
15 32 34 18
15 32 35 51
15 32 36 68
15 33 0 38
15 33 1 76
15 33 2 36
15 33 3 90
15 33 4 100
15 33 5 68
15 33 6 79
15 33 7 22
15 33 8 12
15 33 9 103
15 33 10 74
15 33 11 70
15 33 12 65
15 33 13 2
15 33 14 106
15 33 15 41
15 33 16 64
15 33 17 73
15 33 18 53
15 33 19 8
15 33 20 58
15 33 21 20
15 33 22 29
15 33 23 32
15 33 24 62
15 33 25 45
15 33 26 91
15 33 27 69
15 33 28 107
15 33 29 18
15 33 30 28
15 33 31 13
15 33 32 44
15 33 33 9
15 33 34 101
15 33 35 50
15 33 36 85
15 34 0 37
15 34 1 28
15 34 2 89
15 34 3 99
15 34 4 107
15 34 5 78
15 34 6 18
15 34 7 8
15 34 8 102
15 34 9 60
15 34 10 81
15 34 11 38
15 34 12 31
15 34 13 105
15 34 14 51
15 34 15 48
15 34 16 92
15 34 17 46
15 34 18 21
15 34 19 101
15 34 20 17
15 34 21 2
15 34 22 12
15 34 23 74
15 34 24 98
15 34 25 90
15 34 26 82
15 34 27 106
15 34 28 35
15 34 29 1
15 34 30 10
15 34 31 47
15 34 32 22
15 34 33 71
15 34 34 64
15 34 35 55
15 34 36 61
15 35 0 29
15 35 1 88
15 35 2 72
15 35 3 106
15 35 4 77
15 35 5 25
15 35 6 10
15 35 7 64
15 35 8 36
15 35 9 80
15 35 10 90
15 35 11 24
15 35 12 104
15 35 13 41
15 35 14 95
15 35 15 91
15 35 16 57
15 35 17 12
15 35 18 38
15 35 19 13
15 35 20 5
15 35 21 0
15 35 22 53
15 35 23 42
15 35 24 89
15 35 25 59
15 35 26 105
15 35 27 22
15 35 28 27
15 35 29 20
15 35 30 67
15 35 31 28
15 35 32 70
15 35 33 87
15 35 34 56
15 35 35 75
15 35 36 74
15 36 0 65
15 36 1 97
15 36 2 105
15 36 3 76
15 36 4 23
15 36 5 35
15 36 6 100
15 36 7 43
15 36 8 79
15 36 9 89
15 36 10 12
15 36 11 103
15 36 12 55
15 36 13 94
15 36 14 54
15 36 15 44
15 36 16 7
15 36 17 47
15 36 18 27
15 36 19 11
15 36 20 26
15 36 21 13
15 36 22 62
15 36 23 88
15 36 24 73
15 36 25 104
15 36 26 30
15 36 27 24
15 36 28 2
15 36 29 38
15 36 30 19
15 36 31 98
15 36 32 86
15 36 33 82
15 36 34 59
15 36 35 46
15 36 36 10
16 0 0 105
16 0 1 76
16 0 2 24
16 0 3 36
16 0 4 100
16 0 5 44
16 0 6 79
16 0 7 89
16 0 8 13
16 0 9 103
16 0 10 56
16 0 11 94
16 0 12 55
16 0 13 45
16 0 14 8
16 0 15 48
16 0 16 28
16 0 17 12
16 0 18 27
16 0 19 14
16 0 20 63
16 0 21 88
16 0 22 37
16 0 23 104
16 0 24 31
16 0 25 25
16 0 26 3
16 0 27 39
16 0 28 20
16 0 29 98
16 0 30 86
16 0 31 82
16 0 32 60
16 0 33 47
16 0 34 11
16 0 35 66
16 0 36 97
16 1 0 48
16 1 1 24
16 1 2 0
16 1 3 99
16 1 4 107
16 1 5 78
16 1 6 88
16 1 7 3
16 1 8 102
16 1 9 101
16 1 10 93
16 1 11 55
16 1 12 49
16 1 13 18
16 1 14 98
16 1 15 29
16 1 16 9
16 1 17 7
16 1 18 46
16 1 19 95
16 1 20 87
16 1 21 64
16 1 22 103
16 1 23 5
16 1 24 34
16 1 25 27
16 1 26 53
16 1 27 20
16 1 28 52
16 1 29 39
16 1 30 65
16 1 31 66
16 1 32 28
16 1 33 36
16 1 34 44
16 1 35 96
16 1 36 104
16 2 0 25
16 2 1 36
16 2 2 66
16 2 3 106
16 2 4 77
16 2 5 64
16 2 6 29
16 2 7 68
16 2 8 50
16 2 9 43
16 2 10 44
16 2 11 39
16 2 12 23
16 2 13 48
16 2 14 22
16 2 15 24
16 2 16 15
16 2 17 107
16 2 18 94
16 2 19 86
16 2 20 37
16 2 21 102
16 2 22 32
16 2 23 10
16 2 24 2
16 2 25 75
16 2 26 0
16 2 27 45
16 2 28 84
16 2 29 47
16 2 30 55
16 2 31 62
16 2 32 4
16 2 33 85
16 2 34 52
16 2 35 103
16 2 36 74
16 3 0 1
16 3 1 97
16 3 2 105
16 3 3 76
16 3 4 55
16 3 5 13
16 3 6 100
16 3 7 56
16 3 8 64
16 3 9 87
16 3 10 75
16 3 11 21
16 3 12 66
16 3 13 11
16 3 14 14
16 3 15 8
16 3 16 106
16 3 17 93
16 3 18 85
16 3 19 54
16 3 20 68
16 3 21 19
16 3 22 20
16 3 23 7
16 3 24 48
16 3 25 10
16 3 26 95
16 3 27 83
16 3 28 49
16 3 29 108
16 3 30 107
16 3 31 12
16 3 32 61
16 3 33 62
16 3 34 102
16 3 35 63
16 3 36 35
16 4 0 96
16 4 1 104
16 4 2 44
16 4 3 85
16 4 4 25
16 4 5 99
16 4 6 98
16 4 7 90
16 4 8 86
16 4 9 73
16 4 10 18
16 4 11 95
16 4 12 22
16 4 13 19
16 4 14 13
16 4 15 105
16 4 16 71
16 4 17 84
16 4 18 39
16 4 19 100
16 4 20 32
16 4 21 10
16 4 22 31
16 4 23 50
16 4 24 15
16 4 25 94
16 4 26 66
16 4 27 53
16 4 28 38
16 4 29 106
16 4 30 34
16 4 31 59
16 4 32 42
16 4 33 57
16 4 34 33
16 4 35 23
16 4 36 3
16 5 0 103
16 5 1 74
16 5 2 51
16 5 3 14
16 5 4 48
16 5 5 66
16 5 6 89
16 5 7 60
16 5 8 57
16 5 9 31
16 5 10 94
16 5 11 2
16 5 12 5
16 5 13 33
16 5 14 104
16 5 15 53
16 5 16 83
16 5 17 75
16 5 18 99
16 5 19 13
16 5 20 26
16 5 21 18
16 5 22 45
16 5 23 0
16 5 24 93
16 5 25 81
16 5 26 73
16 5 27 47
16 5 28 105
16 5 29 3
16 5 30 82
16 5 31 92
16 5 32 100
16 5 33 43
16 5 34 17
16 5 35 6
16 5 36 65
16 6 0 42
16 6 1 40
16 6 2 17
16 6 3 97
16 6 4 50
16 6 5 88
16 6 6 84
16 6 7 59
16 6 8 6
16 6 9 93
16 6 10 21
16 6 11 20
16 6 12 33
16 6 13 103
16 6 14 90
16 6 15 82
16 6 16 46
16 6 17 69
16 6 18 25
16 6 19 18
16 6 20 31
16 6 21 108
16 6 22 15
16 6 23 73
16 6 24 80
16 6 25 63
16 6 26 52
16 6 27 104
16 6 28 27
16 6 29 72
16 6 30 91
16 6 31 99
16 6 32 107
16 6 33 1
16 6 34 10
16 6 35 55
16 6 36 102
16 7 0 82
16 7 1 2
16 7 2 96
16 7 3 95
16 7 4 54
16 7 5 83
16 7 6 108
16 7 7 28
16 7 8 63
16 7 9 12
16 7 10 6
16 7 11 9
16 7 12 102
16 7 13 89
16 7 14 81
16 7 15 71
16 7 16 97
16 7 17 30
16 7 18 36
16 7 19 34
16 7 20 56
16 7 21 23
16 7 22 69
16 7 23 79
16 7 24 75
16 7 25 44
16 7 26 103
16 7 27 18
16 7 28 53
16 7 29 66
16 7 30 70
16 7 31 106
16 7 32 32
16 7 33 11
16 7 34 49
16 7 35 45
16 7 36 1
16 8 0 8
16 8 1 60
16 8 2 94
16 8 3 54
16 8 4 61
16 8 5 70
16 8 6 26
16 8 7 64
16 8 8 1
16 8 9 20
16 8 10 2
16 8 11 51
16 8 12 88
16 8 13 80
16 8 14 39
16 8 15 96
16 8 16 10
16 8 17 28
16 8 18 0
16 8 19 59
16 8 20 4
16 8 21 90
16 8 22 78
16 8 23 43
16 8 24 56
16 8 25 102
16 8 26 30
16 8 27 40
16 8 28 55
16 8 29 97
16 8 30 105
16 8 31 25
16 8 32 34
16 8 33 92
16 8 34 100
16 8 35 44
16 8 36 37
16 9 0 47
16 9 1 93
16 9 2 85
16 9 3 81
16 9 4 53
16 9 5 3
16 9 6 90
16 9 7 32
16 9 8 25
16 9 9 14
16 9 10 100
16 9 11 37
16 9 12 79
16 9 13 108
16 9 14 72
16 9 15 19
16 9 16 12
16 9 17 21
16 9 18 65
16 9 19 11
16 9 20 89
16 9 21 77
16 9 22 48
16 9 23 63
16 9 24 38
16 9 25 29
16 9 26 42
16 9 27 50
16 9 28 96
16 9 29 104
16 9 30 27
16 9 31 13
16 9 32 91
16 9 33 99
16 9 34 107
16 9 35 46
16 9 36 6
16 10 0 44
16 10 1 68
16 10 2 80
16 10 3 71
16 10 4 30
16 10 5 89
16 10 6 32
16 10 7 7
16 10 8 19
16 10 9 99
16 10 10 52
16 10 11 78
16 10 12 45
16 10 13 58
16 10 14 25
16 10 15 5
16 10 16 11
16 10 17 43
16 10 18 24
16 10 19 88
16 10 20 76
16 10 21 49
16 10 22 101
16 10 23 100
16 10 24 4
16 10 25 59
16 10 26 87
16 10 27 65
16 10 28 103
16 10 29 10
16 10 30 8
16 10 31 64
16 10 32 73
16 10 33 106
16 10 34 67
16 10 35 14
16 10 36 41
16 11 0 45
16 11 1 79
16 11 2 65
16 11 3 9
16 11 4 88
16 11 5 12
16 11 6 30
16 11 7 8
16 11 8 70
16 11 9 85
16 11 10 77
16 11 11 60
16 11 12 69
16 11 13 35
16 11 14 20
16 11 15 23
16 11 16 68
16 11 17 1
16 11 18 72
16 11 19 57
16 11 20 108
16 11 21 42
16 11 22 99
16 11 23 33
16 11 24 67
16 11 25 86
16 11 26 47
16 11 27 102
16 11 28 34
16 11 29 4
16 11 30 73
16 11 31 97
16 11 32 105
16 11 33 54
16 11 34 29
16 11 35 92
16 11 36 43
16 12 0 78
16 12 1 45
16 12 2 36
16 12 3 62
16 12 4 9
16 12 5 35
16 12 6 19
16 12 7 97
16 12 8 54
16 12 9 76
16 12 10 64
16 12 11 92
16 12 12 0
16 12 13 29
16 12 14 17
16 12 15 58
16 12 16 23
16 12 17 63
16 12 18 74
16 12 19 49
16 12 20 47
16 12 21 67
16 12 22 4
16 12 23 75
16 12 24 68
16 12 25 56
16 12 26 38
16 12 27 34
16 12 28 5
16 12 29 65
16 12 30 96
16 12 31 104
16 12 32 55
16 12 33 3
16 12 34 91
16 12 35 90
16 12 36 82
16 13 0 72
16 13 1 4
16 13 2 47
16 13 3 11
16 13 4 12
16 13 5 21
16 13 6 96
16 13 7 49
16 13 8 75
16 13 9 46
16 13 10 91
16 13 11 35
16 13 12 31
16 13 13 17
16 13 14 101
16 13 15 9
16 13 16 85
16 13 17 67
16 13 18 41
16 13 19 98
16 13 20 97
16 13 21 26
16 13 22 40
16 13 23 84
16 13 24 92
16 13 25 100
16 13 26 34
16 13 27 7
16 13 28 87
16 13 29 73
16 13 30 103
16 13 31 61
16 13 32 20
16 13 33 37
16 13 34 89
16 13 35 42
16 13 36 77
16 14 0 17
16 14 1 85
16 14 2 22
16 14 3 19
16 14 4 20
16 14 5 52
16 14 6 82
16 14 7 74
16 14 8 55
16 14 9 69
16 14 10 11
16 14 11 36
16 14 12 4
16 14 13 38
16 14 14 0
16 14 15 67
16 14 16 25
16 14 17 58
16 14 18 53
16 14 19 96
16 14 20 15
16 14 21 46
16 14 22 83
16 14 23 91
16 14 24 99
16 14 25 34
16 14 26 31
16 14 27 86
16 14 28 71
16 14 29 102
16 14 30 75
16 14 31 35
16 14 32 50
16 14 33 88
16 14 34 45
16 14 35 76
16 14 36 101
16 15 0 63
16 15 1 5
16 15 2 14
16 15 3 27
16 15 4 62
16 15 5 67
16 15 6 53
16 15 7 39
16 15 8 44
16 15 9 15
16 15 10 28
16 15 11 6
16 15 12 43
16 15 13 9
16 15 14 52
16 15 15 68
16 15 16 61
16 15 17 47
16 15 18 73
16 15 19 8
16 15 20 42
16 15 21 41
16 15 22 55
16 15 23 69
16 15 24 35
16 15 25 36
16 15 26 37
16 15 27 51
16 15 28 65
16 15 29 64
16 15 30 33
16 15 31 70
16 15 32 59
16 15 33 45
16 15 34 38
16 15 35 54
16 15 36 31
16 16 0 5
16 16 1 22
16 16 2 2
16 16 3 37
16 16 4 51
16 16 5 16
16 16 6 101
16 16 7 54
16 16 8 30
16 16 9 10
16 16 10 27
16 16 11 98
16 16 12 24
16 16 13 82
16 16 14 107
16 16 15 61
16 16 16 95
16 16 17 56
16 16 18 15
16 16 19 108
16 16 20 81
16 16 21 72
16 16 22 97
16 16 23 26
16 16 24 6
16 16 25 84
16 16 26 92
16 16 27 100
16 16 28 60
16 16 29 17
16 16 30 87
16 16 31 53
16 16 32 48
16 16 33 74
16 16 34 39
16 16 35 8
16 16 36 68
16 17 0 4
16 17 1 17
16 17 2 92
16 17 3 60
16 17 4 108
16 17 5 57
16 17 6 87
16 17 7 5
16 17 8 18
16 17 9 27
16 17 10 59
16 17 11 1
16 17 12 71
16 17 13 106
16 17 14 64
16 17 15 94
16 17 16 69
16 17 17 36
16 17 18 45
16 17 19 80
16 17 20 70
16 17 21 96
16 17 22 33
16 17 23 34
16 17 24 83
16 17 25 91
16 17 26 99
16 17 27 66
16 17 28 24
16 17 29 86
16 17 30 85
16 17 31 65
16 17 32 39
16 17 33 98
16 17 34 23
16 17 35 82
16 17 36 26
16 18 0 21
16 18 1 91
16 18 2 42
16 18 3 107
16 18 4 52
16 18 5 86
16 18 6 12
16 18 7 13
16 18 8 10
16 18 9 44
16 18 10 15
16 18 11 61
16 18 12 105
16 18 13 101
16 18 14 93
16 18 15 92
16 18 16 34
16 18 17 51
16 18 18 79
16 18 19 87
16 18 20 41
16 18 21 1
16 18 22 35
16 18 23 68
16 18 24 50
16 18 25 38
16 18 26 108
16 18 27 17
16 18 28 39
16 18 29 59
16 18 30 57
16 18 31 7
16 18 32 43
16 18 33 32
16 18 34 48
16 18 35 28
16 18 36 33
16 19 0 37
16 19 1 46
16 19 2 106
16 19 3 98
16 19 4 73
16 19 5 11
16 19 6 20
16 19 7 21
16 19 8 95
16 19 9 28
16 19 10 41
16 19 11 104
16 19 12 61
16 19 13 63
16 19 14 91
16 19 15 12
16 19 16 52
16 19 17 78
16 19 18 86
16 19 19 70
16 19 20 25
16 19 21 35
16 19 22 81
16 19 23 59
16 19 24 97
16 19 25 39
16 19 26 6
16 19 27 84
16 19 28 64
16 19 29 75
16 19 30 49
16 19 31 71
16 19 32 23
16 19 33 38
16 19 34 15
16 19 35 1
16 19 36 34
16 20 0 61
16 20 1 105
16 20 2 54
16 20 3 84
16 20 4 13
16 20 5 34
16 20 6 23
16 20 7 94
16 20 8 33
16 20 9 72
16 20 10 103
16 20 11 38
16 20 12 62
16 20 13 65
16 20 14 29
16 20 15 39
16 20 16 77
16 20 17 70
16 20 18 42
16 20 19 27
16 20 20 35
16 20 21 80
16 20 22 41
16 20 23 96
16 20 24 47
16 20 25 28
16 20 26 83
16 20 27 82
16 20 28 57
16 20 29 107
16 20 30 95
16 20 31 9
16 20 32 63
16 20 33 15
16 20 34 3
16 20 35 32
16 20 36 48
16 21 0 104
16 21 1 69
16 21 2 83
16 21 3 24
16 21 4 2
16 21 5 20
16 21 6 93
16 21 7 23
16 21 8 53
16 21 9 102
16 21 10 98
16 21 11 90
16 21 12 59
16 21 13 3
16 21 14 60
16 21 15 76
16 21 16 84
16 21 17 92
16 21 18 28
16 21 19 35
16 21 20 79
16 21 21 87
16 21 22 56
16 21 23 64
16 21 24 36
16 21 25 68
16 21 26 43
16 21 27 58
16 21 28 106
16 21 29 94
16 21 30 31
16 21 31 41
16 21 32 9
16 21 33 12
16 21 34 34
16 21 35 71
16 21 36 75
16 22 0 95
16 22 1 55
16 22 2 13
16 22 3 25
16 22 4 0
16 22 5 42
16 22 6 2
16 22 7 73
16 22 8 45
16 22 9 52
16 22 10 89
16 22 11 46
16 22 12 18
16 22 13 69
16 22 14 62
16 22 15 83
16 22 16 91
16 22 17 24
16 22 18 22
16 22 19 78
16 22 20 86
16 22 21 51
16 22 22 66
16 22 23 28
16 22 24 81
16 22 25 50
16 22 26 63
16 22 27 105
16 22 28 93
16 22 29 8
16 22 30 47
16 22 31 21
16 22 32 27
16 22 33 7
16 22 34 87
16 22 35 67
16 22 36 103
16 23 0 81
16 23 1 18
16 23 2 7
16 23 3 0
16 23 4 43
16 23 5 29
16 23 6 75
16 23 7 100
16 23 8 52
16 23 9 88
16 23 10 87
16 23 11 26
16 23 12 101
16 23 13 74
16 23 14 61
16 23 15 57
16 23 16 19
16 23 17 5
16 23 18 77
16 23 19 73
16 23 20 40
16 23 21 53
16 23 22 3
16 23 23 80
16 23 24 62
16 23 25 108
16 23 26 104
16 23 27 37
16 23 28 21
16 23 29 50
16 23 30 11
16 23 31 20
16 23 32 13
16 23 33 86
16 23 34 72
16 23 35 102
16 23 36 94
16 24 0 30
16 24 1 12
16 24 2 31
16 24 3 90
16 24 4 6
16 24 5 47
16 24 6 99
16 24 7 95
16 24 8 56
16 24 9 86
16 24 10 24
16 24 11 66
16 24 12 64
16 24 13 81
16 24 14 51
16 24 15 35
16 24 16 7
16 24 17 76
16 24 18 84
16 24 19 92
16 24 20 71
16 24 21 2
16 24 22 79
16 24 23 54
16 24 24 43
16 24 25 103
16 24 26 70
16 24 27 28
16 24 28 75
16 24 29 32
16 24 30 4
16 24 31 22
16 24 32 37
16 24 33 60
16 24 34 101
16 24 35 93
16 24 36 80
16 25 0 26
16 25 1 20
16 25 2 89
16 25 3 4
16 25 4 49
16 25 5 46
16 25 6 94
16 25 7 40
16 25 8 58
16 25 9 30
16 25 10 55
16 25 11 31
16 25 12 80
16 25 13 41
16 25 14 21
16 25 15 0
16 25 16 63
16 25 17 83
16 25 18 91
16 25 19 101
16 25 20 14
16 25 21 78
16 25 22 59
16 25 23 70
16 25 24 102
16 25 25 90
16 25 26 9
16 25 27 61
16 25 28 35
16 25 29 33
16 25 30 2
16 25 31 84
16 25 32 108
16 25 33 100
16 25 34 53
16 25 35 79
16 25 36 23
16 26 0 11
16 26 1 88
16 26 2 26
16 26 3 70
16 26 4 97
16 26 5 93
16 26 6 85
16 26 7 84
16 26 8 15
16 26 9 98
16 26 10 62
16 26 11 79
16 26 12 87
16 26 13 22
16 26 14 31
16 26 15 74
16 26 16 49
16 26 17 64
16 26 18 47
16 26 19 5
16 26 20 77
16 26 21 68
16 26 22 53
16 26 23 40
16 26 24 89
16 26 25 17
16 26 26 56
16 26 27 1
16 26 28 14
16 26 29 7
16 26 30 83
16 26 31 67
16 26 32 99
16 26 33 72
16 26 34 78
16 26 35 36
16 26 36 12
16 27 0 40
16 27 1 1
16 27 2 108
16 27 3 96
16 27 4 42
16 27 5 50
16 27 6 83
16 27 7 18
16 27 8 51
16 27 9 107
16 27 10 78
16 27 11 86
16 27 12 26
16 27 13 15
16 27 14 43
16 27 15 81
16 27 16 44
16 27 17 45
16 27 18 29
16 27 19 76
16 27 20 75
16 27 21 57
16 27 22 100
16 27 23 88
16 27 24 32
16 27 25 58
16 27 26 14
16 27 27 6
16 27 28 19
16 27 29 38
16 27 30 52
16 27 31 98
16 27 32 90
16 27 33 77
16 27 34 36
16 27 35 27
16 27 36 30
16 28 0 14
16 28 1 67
16 28 2 62
16 28 3 63
16 28 4 56
16 28 5 38
16 28 6 7
16 28 7 42
16 28 8 106
16 28 9 77
16 28 10 40
16 28 11 29
16 28 12 9
16 28 13 36
16 28 14 80
16 28 15 54
16 28 16 98
16 28 17 35
16 28 18 44
16 28 19 51
16 28 20 59
16 28 21 99
16 28 22 61
16 28 23 17
16 28 24 108
16 28 25 1
16 28 26 22
16 28 27 0
16 28 28 81
16 28 29 69
16 28 30 97
16 28 31 89
16 28 32 76
16 28 33 19
16 28 34 13
16 28 35 10
16 28 36 58
16 29 0 57
16 29 1 51
16 29 2 90
16 29 3 82
16 29 4 81
16 29 5 19
16 29 6 95
16 29 7 105
16 29 8 76
16 29 9 84
16 29 10 31
16 29 11 34
16 29 12 58
16 29 13 79
16 29 14 87
16 29 15 62
16 29 16 20
16 29 17 74
16 29 18 40
16 29 19 41
16 29 20 67
16 29 21 54
16 29 22 22
16 29 23 53
16 29 24 25
16 29 25 12
16 29 26 13
16 29 27 80
16 29 28 42
16 29 29 96
16 29 30 88
16 29 31 60
16 29 32 24
16 29 33 18
16 29 34 21
16 29 35 85
16 29 36 11
16 30 0 51
16 30 1 89
16 30 2 50
16 30 3 80
16 30 4 3
16 30 5 94
16 30 6 104
16 30 7 62
16 30 8 83
16 30 9 33
16 30 10 7
16 30 11 107
16 30 12 78
16 30 13 86
16 30 14 40
16 30 15 28
16 30 16 59
16 30 17 46
16 30 18 101
16 30 19 97
16 30 20 85
16 30 21 32
16 30 22 67
16 30 23 30
16 30 24 22
16 30 25 0
16 30 26 79
16 30 27 69
16 30 28 95
16 30 29 43
16 30 30 74
16 30 31 17
16 30 32 8
16 30 33 10
16 30 34 58
16 30 35 9
16 30 36 61
16 31 0 88
16 31 1 64
16 31 2 79
16 31 3 29
16 31 4 93
16 31 5 103
16 31 6 74
16 31 7 41
16 31 8 32
16 31 9 8
16 31 10 106
16 31 11 77
16 31 12 70
16 31 13 95
16 31 14 33
16 31 15 4
16 31 16 108
16 31 17 49
16 31 18 96
16 31 19 72
16 31 20 12
16 31 21 38
16 31 22 5
16 31 23 35
16 31 24 27
16 31 25 78
16 31 26 46
16 31 27 94
16 31 28 63
16 31 29 52
16 31 30 25
16 31 31 23
16 31 32 3
16 31 33 67
16 31 34 14
16 31 35 48
16 31 36 92
16 32 0 54
16 32 1 78
16 32 2 19
16 32 3 67
16 32 4 102
16 32 5 45
16 32 6 81
16 32 7 33
16 32 8 8
16 32 9 105
16 32 10 76
16 32 11 84
16 32 12 94
16 32 13 21
16 32 14 68
16 32 15 44
16 32 16 50
16 32 17 41
16 32 18 71
16 32 19 12
16 32 20 58
16 32 21 29
16 32 22 7
16 32 23 1
16 32 24 77
16 32 25 101
16 32 26 93
16 32 27 85
16 32 28 18
16 32 29 5
16 32 30 20
16 32 31 4
16 32 32 82
16 32 33 24
16 32 34 59
16 32 35 91
16 32 36 57
16 33 0 77
16 33 1 7
16 33 2 40
16 33 3 72
16 33 4 32
16 33 5 80
16 33 6 21
16 33 7 6
16 33 8 104
16 33 9 37
16 33 10 83
16 33 11 93
16 33 12 2
16 33 13 107
16 33 14 67
16 33 15 98
16 33 16 55
16 33 17 82
16 33 18 3
16 33 19 61
16 33 20 11
16 33 21 4
16 33 22 9
16 33 23 76
16 33 24 73
16 33 25 92
16 33 26 60
16 33 27 43
16 33 28 31
16 33 29 26
16 33 30 18
16 33 31 47
16 33 32 19
16 33 33 52
16 33 34 69
16 33 35 41
16 33 36 64
16 34 0 0
16 34 1 90
16 34 2 100
16 34 3 69
16 34 4 79
16 34 5 23
16 34 6 13
16 34 7 103
16 34 8 74
16 34 9 71
16 34 10 66
16 34 11 3
16 34 12 106
16 34 13 42
16 34 14 65
16 34 15 37
16 34 16 54
16 34 17 9
16 34 18 59
16 34 19 21
16 34 20 30
16 34 21 33
16 34 22 63
16 34 23 46
16 34 24 91
16 34 25 70
16 34 26 107
16 34 27 19
16 34 28 29
16 34 29 14
16 34 30 45
16 34 31 10
16 34 32 101
16 34 33 51
16 34 34 85
16 34 35 39
16 34 36 76
16 35 0 89
16 35 1 99
16 35 2 107
16 35 3 78
16 35 4 19
16 35 5 9
16 35 6 102
16 35 7 61
16 35 8 81
16 35 9 39
16 35 10 32
16 35 11 105
16 35 12 52
16 35 13 49
16 35 14 92
16 35 15 47
16 35 16 22
16 35 17 101
16 35 18 18
16 35 19 3
16 35 20 13
16 35 21 74
16 35 22 98
16 35 23 90
16 35 24 82
16 35 25 106
16 35 26 36
16 35 27 2
16 35 28 11
16 35 29 48
16 35 30 23
16 35 31 72
16 35 32 65
16 35 33 56
16 35 34 62
16 35 35 38
16 35 36 29
16 36 0 73
16 36 1 106
16 36 2 77
16 36 3 26
16 36 4 11
16 36 5 65
16 36 6 0
16 36 7 80
16 36 8 90
16 36 9 25
16 36 10 104
16 36 11 42
16 36 12 95
16 36 13 91
16 36 14 58
16 36 15 13
16 36 16 39
16 36 17 14
16 36 18 6
16 36 19 1
16 36 20 54
16 36 21 43
16 36 22 89
16 36 23 60
16 36 24 105
16 36 25 23
16 36 26 28
16 36 27 21
16 36 28 68
16 36 29 29
16 36 30 71
16 36 31 87
16 36 32 57
16 36 33 75
16 36 34 74
16 36 35 30
16 36 36 88
17 0 0 77
17 0 1 27
17 0 2 12
17 0 3 66
17 0 4 1
17 0 5 80
17 0 6 90
17 0 7 26
17 0 8 104
17 0 9 43
17 0 10 95
17 0 11 91
17 0 12 59
17 0 13 14
17 0 14 40
17 0 15 15
17 0 16 7
17 0 17 2
17 0 18 55
17 0 19 44
17 0 20 89
17 0 21 61
17 0 22 105
17 0 23 24
17 0 24 29
17 0 25 22
17 0 26 69
17 0 27 30
17 0 28 72
17 0 29 87
17 0 30 58
17 0 31 75
17 0 32 74
17 0 33 31
17 0 34 88
17 0 35 37
17 0 36 106
17 1 0 25
17 1 1 0
17 1 2 100
17 1 3 45
17 1 4 79
17 1 5 89
17 1 6 14
17 1 7 103
17 1 8 57
17 1 9 94
17 1 10 56
17 1 11 46
17 1 12 9
17 1 13 49
17 1 14 29
17 1 15 13
17 1 16 28
17 1 17 15
17 1 18 64
17 1 19 88
17 1 20 38
17 1 21 104
17 1 22 32
17 1 23 26
17 1 24 4
17 1 25 40
17 1 26 21
17 1 27 98
17 1 28 86
17 1 29 82
17 1 30 61
17 1 31 48
17 1 32 12
17 1 33 67
17 1 34 97
17 1 35 105
17 1 36 76
17 2 0 1
17 2 1 99
17 2 2 107
17 2 3 78
17 2 4 88
17 2 5 4
17 2 6 102
17 2 7 101
17 2 8 93
17 2 9 56
17 2 10 50
17 2 11 19
17 2 12 98
17 2 13 30
17 2 14 10
17 2 15 8
17 2 16 47
17 2 17 95
17 2 18 87
17 2 19 65
17 2 20 103
17 2 21 6
17 2 22 35
17 2 23 28
17 2 24 54
17 2 25 21
17 2 26 53
17 2 27 40
17 2 28 66
17 2 29 67
17 2 30 29
17 2 31 0
17 2 32 45
17 2 33 96
17 2 34 104
17 2 35 49
17 2 36 25
17 3 0 67
17 3 1 106
17 3 2 77
17 3 3 65
17 3 4 30
17 3 5 69
17 3 6 51
17 3 7 44
17 3 8 45
17 3 9 40
17 3 10 24
17 3 11 49
17 3 12 23
17 3 13 25
17 3 14 16
17 3 15 107
17 3 16 94
17 3 17 86
17 3 18 38
17 3 19 102
17 3 20 33
17 3 21 11
17 3 22 3
17 3 23 75
17 3 24 1
17 3 25 46
17 3 26 84
17 3 27 48
17 3 28 56
17 3 29 63
17 3 30 5
17 3 31 85
17 3 32 53
17 3 33 103
17 3 34 74
17 3 35 26
17 3 36 0
17 4 0 105
17 4 1 76
17 4 2 56
17 4 3 14
17 4 4 100
17 4 5 57
17 4 6 65
17 4 7 87
17 4 8 75
17 4 9 22
17 4 10 67
17 4 11 12
17 4 12 15
17 4 13 9
17 4 14 106
17 4 15 93
17 4 16 85
17 4 17 55
17 4 18 69
17 4 19 20
17 4 20 21
17 4 21 8
17 4 22 49
17 4 23 11
17 4 24 95
17 4 25 83
17 4 26 50
17 4 27 108
17 4 28 107
17 4 29 13
17 4 30 62
17 4 31 63
17 4 32 102
17 4 33 64
17 4 34 36
17 4 35 2
17 4 36 97
17 5 0 45
17 5 1 85
17 5 2 26
17 5 3 99
17 5 4 98
17 5 5 90
17 5 6 86
17 5 7 37
17 5 8 19
17 5 9 95
17 5 10 23
17 5 11 20
17 5 12 14
17 5 13 105
17 5 14 72
17 5 15 84
17 5 16 40
17 5 17 100
17 5 18 33
17 5 19 11
17 5 20 32
17 5 21 51
17 5 22 16
17 5 23 94
17 5 24 67
17 5 25 54
17 5 26 39
17 5 27 106
17 5 28 35
17 5 29 60
17 5 30 43
17 5 31 58
17 5 32 34
17 5 33 24
17 5 34 4
17 5 35 96
17 5 36 104
17 6 0 52
17 6 1 15
17 6 2 49
17 6 3 67
17 6 4 89
17 6 5 61
17 6 6 58
17 6 7 32
17 6 8 94
17 6 9 3
17 6 10 6
17 6 11 34
17 6 12 104
17 6 13 54
17 6 14 83
17 6 15 75
17 6 16 99
17 6 17 14
17 6 18 27
17 6 19 19
17 6 20 46
17 6 21 1
17 6 22 93
17 6 23 81
17 6 24 37
17 6 25 48
17 6 26 105
17 6 27 4
17 6 28 82
17 6 29 92
17 6 30 100
17 6 31 44
17 6 32 18
17 6 33 7
17 6 34 66
17 6 35 103
17 6 36 74
17 7 0 18
17 7 1 97
17 7 2 51
17 7 3 88
17 7 4 84
17 7 5 60
17 7 6 7
17 7 7 93
17 7 8 22
17 7 9 21
17 7 10 34
17 7 11 103
17 7 12 90
17 7 13 82
17 7 14 47
17 7 15 70
17 7 16 26
17 7 17 19
17 7 18 32
17 7 19 108
17 7 20 16
17 7 21 37
17 7 22 80
17 7 23 64
17 7 24 53
17 7 25 104
17 7 26 28
17 7 27 73
17 7 28 91
17 7 29 99
17 7 30 107
17 7 31 2
17 7 32 11
17 7 33 56
17 7 34 102
17 7 35 43
17 7 36 41
17 8 0 96
17 8 1 95
17 8 2 55
17 8 3 83
17 8 4 108
17 8 5 29
17 8 6 64
17 8 7 13
17 8 8 7
17 8 9 10
17 8 10 102
17 8 11 89
17 8 12 81
17 8 13 72
17 8 14 97
17 8 15 31
17 8 16 0
17 8 17 35
17 8 18 57
17 8 19 24
17 8 20 70
17 8 21 79
17 8 22 75
17 8 23 45
17 8 24 103
17 8 25 19
17 8 26 54
17 8 27 67
17 8 28 71
17 8 29 106
17 8 30 33
17 8 31 12
17 8 32 50
17 8 33 46
17 8 34 2
17 8 35 82
17 8 36 3
17 9 0 94
17 9 1 55
17 9 2 62
17 9 3 71
17 9 4 27
17 9 5 65
17 9 6 2
17 9 7 21
17 9 8 3
17 9 9 52
17 9 10 88
17 9 11 80
17 9 12 40
17 9 13 96
17 9 14 11
17 9 15 29
17 9 16 1
17 9 17 60
17 9 18 5
17 9 19 90
17 9 20 78
17 9 21 44
17 9 22 57
17 9 23 102
17 9 24 31
17 9 25 41
17 9 26 56
17 9 27 97
17 9 28 105
17 9 29 26
17 9 30 35
17 9 31 92
17 9 32 100
17 9 33 45
17 9 34 38
17 9 35 9
17 9 36 61
17 10 0 85
17 10 1 81
17 10 2 54
17 10 3 4
17 10 4 90
17 10 5 33
17 10 6 26
17 10 7 15
17 10 8 100
17 10 9 38
17 10 10 79
17 10 11 108
17 10 12 73
17 10 13 20
17 10 14 13
17 10 15 22
17 10 16 66
17 10 17 12
17 10 18 89
17 10 19 77
17 10 20 49
17 10 21 64
17 10 22 39
17 10 23 30
17 10 24 43
17 10 25 51
17 10 26 96
17 10 27 104
17 10 28 28
17 10 29 14
17 10 30 91
17 10 31 99
17 10 32 107
17 10 33 47
17 10 34 7
17 10 35 48
17 10 36 93
17 11 0 80
17 11 1 72
17 11 2 31
17 11 3 89
17 11 4 33
17 11 5 8
17 11 6 20
17 11 7 99
17 11 8 53
17 11 9 78
17 11 10 46
17 11 11 59
17 11 12 26
17 11 13 6
17 11 14 12
17 11 15 44
17 11 16 25
17 11 17 88
17 11 18 76
17 11 19 50
17 11 20 101
17 11 21 100
17 11 22 5
17 11 23 60
17 11 24 87
17 11 25 66
17 11 26 103
17 11 27 11
17 11 28 9
17 11 29 65
17 11 30 37
17 11 31 106
17 11 32 68
17 11 33 15
17 11 34 42
17 11 35 45
17 11 36 69
17 12 0 66
17 12 1 10
17 12 2 88
17 12 3 13
17 12 4 31
17 12 5 9
17 12 6 71
17 12 7 85
17 12 8 77
17 12 9 61
17 12 10 70
17 12 11 36
17 12 12 21
17 12 13 24
17 12 14 69
17 12 15 2
17 12 16 73
17 12 17 58
17 12 18 108
17 12 19 43
17 12 20 99
17 12 21 34
17 12 22 68
17 12 23 86
17 12 24 48
17 12 25 102
17 12 26 35
17 12 27 5
17 12 28 37
17 12 29 97
17 12 30 105
17 12 31 55
17 12 32 30
17 12 33 92
17 12 34 44
17 12 35 46
17 12 36 79
17 13 0 0
17 13 1 63
17 13 2 10
17 13 3 36
17 13 4 20
17 13 5 97
17 13 6 55
17 13 7 76
17 13 8 65
17 13 9 92
17 13 10 1
17 13 11 30
17 13 12 18
17 13 13 59
17 13 14 24
17 13 15 64
17 13 16 74
17 13 17 50
17 13 18 48
17 13 19 68
17 13 20 5
17 13 21 75
17 13 22 69
17 13 23 57
17 13 24 39
17 13 25 35
17 13 26 6
17 13 27 66
17 13 28 96
17 13 29 104
17 13 30 56
17 13 31 4
17 13 32 91
17 13 33 90
17 13 34 82
17 13 35 78
17 13 36 46
17 14 0 48
17 14 1 12
17 14 2 13
17 14 3 22
17 14 4 96
17 14 5 50
17 14 6 75
17 14 7 47
17 14 8 91
17 14 9 36
17 14 10 32
17 14 11 18
17 14 12 101
17 14 13 10
17 14 14 85
17 14 15 68
17 14 16 42
17 14 17 98
17 14 18 97
17 14 19 27
17 14 20 41
17 14 21 84
17 14 22 92
17 14 23 100
17 14 24 35
17 14 25 8
17 14 26 87
17 14 27 37
17 14 28 103
17 14 29 62
17 14 30 21
17 14 31 38
17 14 32 89
17 14 33 43
17 14 34 77
17 14 35 73
17 14 36 5
17 15 0 23
17 15 1 20
17 15 2 21
17 15 3 53
17 15 4 82
17 15 5 74
17 15 6 56
17 15 7 70
17 15 8 12
17 15 9 0
17 15 10 5
17 15 11 39
17 15 12 1
17 15 13 68
17 15 14 26
17 15 15 59
17 15 16 54
17 15 17 96
17 15 18 16
17 15 19 47
17 15 20 83
17 15 21 91
17 15 22 99
17 15 23 35
17 15 24 32
17 15 25 86
17 15 26 72
17 15 27 102
17 15 28 75
17 15 29 36
17 15 30 51
17 15 31 88
17 15 32 46
17 15 33 76
17 15 34 101
17 15 35 18
17 15 36 85
17 16 0 15
17 16 1 28
17 16 2 63
17 16 3 68
17 16 4 54
17 16 5 40
17 16 6 45
17 16 7 16
17 16 8 29
17 16 9 7
17 16 10 44
17 16 11 10
17 16 12 53
17 16 13 69
17 16 14 62
17 16 15 48
17 16 16 37
17 16 17 9
17 16 18 43
17 16 19 42
17 16 20 56
17 16 21 70
17 16 22 36
17 16 23 0
17 16 24 38
17 16 25 52
17 16 26 66
17 16 27 65
17 16 28 34
17 16 29 71
17 16 30 60
17 16 31 46
17 16 32 39
17 16 33 55
17 16 34 32
17 16 35 64
17 16 36 6
17 17 0 3
17 17 1 38
17 17 2 52
17 17 3 17
17 17 4 101
17 17 5 55
17 17 6 31
17 17 7 11
17 17 8 28
17 17 9 98
17 17 10 25
17 17 11 82
17 17 12 107
17 17 13 62
17 17 14 95
17 17 15 57
17 17 16 16
17 17 17 108
17 17 18 81
17 17 19 73
17 17 20 97
17 17 21 27
17 17 22 7
17 17 23 84
17 17 24 92
17 17 25 100
17 17 26 61
17 17 27 18
17 17 28 87
17 17 29 54
17 17 30 49
17 17 31 74
17 17 32 40
17 17 33 9
17 17 34 69
17 17 35 6
17 17 36 23
17 18 0 92
17 18 1 61
17 18 2 108
17 18 3 58
17 18 4 87
17 18 5 6
17 18 6 19
17 18 7 28
17 18 8 60
17 18 9 2
17 18 10 72
17 18 11 106
17 18 12 65
17 18 13 94
17 18 14 70
17 18 15 0
17 18 16 46
17 18 17 80
17 18 18 71
17 18 19 96
17 18 20 34
17 18 21 35
17 18 22 83
17 18 23 91
17 18 24 99
17 18 25 67
17 18 26 25
17 18 27 86
17 18 28 85
17 18 29 66
17 18 30 40
17 18 31 98
17 18 32 24
17 18 33 82
17 18 34 27
17 18 35 5
17 18 36 18
17 19 0 43
17 19 1 107
17 19 2 53
17 19 3 86
17 19 4 13
17 19 5 14
17 19 6 11
17 19 7 45
17 19 8 16
17 19 9 62
17 19 10 105
17 19 11 101
17 19 12 93
17 19 13 92
17 19 14 35
17 19 15 52
17 19 16 79
17 19 17 87
17 19 18 42
17 19 19 2
17 19 20 36
17 19 21 69
17 19 22 51
17 19 23 39
17 19 24 108
17 19 25 18
17 19 26 40
17 19 27 60
17 19 28 58
17 19 29 8
17 19 30 44
17 19 31 33
17 19 32 49
17 19 33 29
17 19 34 34
17 19 35 22
17 19 36 91
17 20 0 106
17 20 1 98
17 20 2 37
17 20 3 12
17 20 4 21
17 20 5 22
17 20 6 95
17 20 7 29
17 20 8 42
17 20 9 104
17 20 10 62
17 20 11 64
17 20 12 91
17 20 13 13
17 20 14 53
17 20 15 78
17 20 16 86
17 20 17 71
17 20 18 26
17 20 19 36
17 20 20 81
17 20 21 60
17 20 22 97
17 20 23 40
17 20 24 7
17 20 25 84
17 20 26 65
17 20 27 75
17 20 28 50
17 20 29 72
17 20 30 24
17 20 31 39
17 20 32 16
17 20 33 2
17 20 34 35
17 20 35 38
17 20 36 47
17 21 0 55
17 21 1 84
17 21 2 14
17 21 3 35
17 21 4 24
17 21 5 94
17 21 6 34
17 21 7 73
17 21 8 103
17 21 9 39
17 21 10 63
17 21 11 66
17 21 12 30
17 21 13 40
17 21 14 77
17 21 15 71
17 21 16 43
17 21 17 28
17 21 18 36
17 21 19 80
17 21 20 42
17 21 21 96
17 21 22 48
17 21 23 29
17 21 24 83
17 21 25 82
17 21 26 58
17 21 27 107
17 21 28 95
17 21 29 10
17 21 30 64
17 21 31 16
17 21 32 4
17 21 33 33
17 21 34 49
17 21 35 62
17 21 36 105
17 22 0 83
17 22 1 25
17 22 2 3
17 22 3 21
17 22 4 93
17 22 5 24
17 22 6 54
17 22 7 102
17 22 8 98
17 22 9 90
17 22 10 60
17 22 11 4
17 22 12 61
17 22 13 76
17 22 14 84
17 22 15 92
17 22 16 29
17 22 17 36
17 22 18 79
17 22 19 87
17 22 20 57
17 22 21 65
17 22 22 0
17 22 23 69
17 22 24 44
17 22 25 59
17 22 26 106
17 22 27 94
17 22 28 32
17 22 29 42
17 22 30 10
17 22 31 13
17 22 32 35
17 22 33 72
17 22 34 75
17 22 35 104
17 22 36 70
17 23 0 14
17 23 1 26
17 23 2 1
17 23 3 43
17 23 4 3
17 23 5 37
17 23 6 46
17 23 7 53
17 23 8 89
17 23 9 47
17 23 10 19
17 23 11 70
17 23 12 63
17 23 13 83
17 23 14 91
17 23 15 25
17 23 16 23
17 23 17 78
17 23 18 86
17 23 19 52
17 23 20 67
17 23 21 29
17 23 22 81
17 23 23 51
17 23 24 64
17 23 25 105
17 23 26 93
17 23 27 9
17 23 28 48
17 23 29 22
17 23 30 28
17 23 31 8
17 23 32 87
17 23 33 68
17 23 34 103
17 23 35 95
17 23 36 56
17 24 0 8
17 24 1 1
17 24 2 44
17 24 3 30
17 24 4 75
17 24 5 100
17 24 6 53
17 24 7 88
17 24 8 87
17 24 9 27
17 24 10 101
17 24 11 74
17 24 12 62
17 24 13 58
17 24 14 20
17 24 15 6
17 24 16 77
17 24 17 37
17 24 18 41
17 24 19 54
17 24 20 4
17 24 21 80
17 24 22 63
17 24 23 108
17 24 24 104
17 24 25 38
17 24 26 22
17 24 27 51
17 24 28 12
17 24 29 21
17 24 30 14
17 24 31 86
17 24 32 73
17 24 33 102
17 24 34 94
17 24 35 81
17 24 36 19
17 25 0 32
17 25 1 90
17 25 2 7
17 25 3 48
17 25 4 99
17 25 5 95
17 25 6 57
17 25 7 86
17 25 8 25
17 25 9 67
17 25 10 65
17 25 11 81
17 25 12 52
17 25 13 36
17 25 14 8
17 25 15 76
17 25 16 84
17 25 17 92
17 25 18 72
17 25 19 3
17 25 20 79
17 25 21 55
17 25 22 44
17 25 23 103
17 25 24 71
17 25 25 29
17 25 26 75
17 25 27 33
17 25 28 5
17 25 29 23
17 25 30 38
17 25 31 61
17 25 32 101
17 25 33 93
17 25 34 80
17 25 35 31
17 25 36 13
17 26 0 89
17 26 1 5
17 26 2 50
17 26 3 47
17 26 4 94
17 26 5 41
17 26 6 59
17 26 7 31
17 26 8 56
17 26 9 32
17 26 10 80
17 26 11 42
17 26 12 22
17 26 13 1
17 26 14 64
17 26 15 83
17 26 16 91
17 26 17 101
17 26 18 15
17 26 19 78
17 26 20 60
17 26 21 71
17 26 22 102
17 26 23 90
17 26 24 10
17 26 25 62
17 26 26 36
17 26 27 34
17 26 28 3
17 26 29 84
17 26 30 108
17 26 31 100
17 26 32 54
17 26 33 79
17 26 34 24
17 26 35 27
17 26 36 21
17 27 0 27
17 27 1 71
17 27 2 97
17 27 3 93
17 27 4 85
17 27 5 84
17 27 6 16
17 27 7 98
17 27 8 63
17 27 9 79
17 27 10 87
17 27 11 23
17 27 12 32
17 27 13 74
17 27 14 50
17 27 15 65
17 27 16 48
17 27 17 6
17 27 18 77
17 27 19 69
17 27 20 54
17 27 21 41
17 27 22 89
17 27 23 18
17 27 24 57
17 27 25 2
17 27 26 15
17 27 27 8
17 27 28 83
17 27 29 68
17 27 30 99
17 27 31 73
17 27 32 78
17 27 33 0
17 27 34 13
17 27 35 12
17 27 36 88
17 28 0 108
17 28 1 96
17 28 2 43
17 28 3 51
17 28 4 83
17 28 5 19
17 28 6 52
17 28 7 107
17 28 8 78
17 28 9 86
17 28 10 27
17 28 11 16
17 28 12 44
17 28 13 81
17 28 14 45
17 28 15 46
17 28 16 30
17 28 17 76
17 28 18 75
17 28 19 58
17 28 20 100
17 28 21 88
17 28 22 33
17 28 23 59
17 28 24 15
17 28 25 7
17 28 26 20
17 28 27 39
17 28 28 53
17 28 29 98
17 28 30 90
17 28 31 77
17 28 32 0
17 28 33 28
17 28 34 31
17 28 35 41
17 28 36 2
17 29 0 63
17 29 1 64
17 29 2 57
17 29 3 39
17 29 4 8
17 29 5 43
17 29 6 106
17 29 7 77
17 29 8 41
17 29 9 30
17 29 10 10
17 29 11 0
17 29 12 80
17 29 13 55
17 29 14 98
17 29 15 36
17 29 16 45
17 29 17 52
17 29 18 60
17 29 19 99
17 29 20 62
17 29 21 18
17 29 22 108
17 29 23 2
17 29 24 23
17 29 25 1
17 29 26 81
17 29 27 70
17 29 28 97
17 29 29 89
17 29 30 76
17 29 31 20
17 29 32 14
17 29 33 11
17 29 34 59
17 29 35 15
17 29 36 68
17 30 0 90
17 30 1 82
17 30 2 81
17 30 3 20
17 30 4 95
17 30 5 105
17 30 6 76
17 30 7 84
17 30 8 32
17 30 9 35
17 30 10 59
17 30 11 79
17 30 12 87
17 30 13 63
17 30 14 21
17 30 15 74
17 30 16 41
17 30 17 42
17 30 18 68
17 30 19 55
17 30 20 23
17 30 21 54
17 30 22 26
17 30 23 13
17 30 24 14
17 30 25 80
17 30 26 43
17 30 27 96
17 30 28 88
17 30 29 61
17 30 30 25
17 30 31 19
17 30 32 22
17 30 33 85
17 30 34 12
17 30 35 58
17 30 36 52
17 31 0 51
17 31 1 80
17 31 2 4
17 31 3 94
17 31 4 104
17 31 5 63
17 31 6 83
17 31 7 34
17 31 8 8
17 31 9 107
17 31 10 78
17 31 11 86
17 31 12 41
17 31 13 29
17 31 14 60
17 31 15 47
17 31 16 101
17 31 17 97
17 31 18 85
17 31 19 33
17 31 20 68
17 31 21 31
17 31 22 23
17 31 23 1
17 31 24 79
17 31 25 70
17 31 26 95
17 31 27 44
17 31 28 74
17 31 29 18
17 31 30 9
17 31 31 11
17 31 32 59
17 31 33 10
17 31 34 62
17 31 35 52
17 31 36 89
17 32 0 79
17 32 1 30
17 32 2 93
17 32 3 103
17 32 4 74
17 32 5 42
17 32 6 33
17 32 7 9
17 32 8 106
17 32 9 77
17 32 10 71
17 32 11 95
17 32 12 34
17 32 13 5
17 32 14 108
17 32 15 50
17 32 16 96
17 32 17 73
17 32 18 13
17 32 19 39
17 32 20 6
17 32 21 36
17 32 22 28
17 32 23 78
17 32 24 47
17 32 25 94
17 32 26 64
17 32 27 53
17 32 28 26
17 32 29 24
17 32 30 4
17 32 31 68
17 32 32 15
17 32 33 49
17 32 34 92
17 32 35 88
17 32 36 65
17 33 0 20
17 33 1 68
17 33 2 102
17 33 3 46
17 33 4 81
17 33 5 34
17 33 6 9
17 33 7 105
17 33 8 76
17 33 9 84
17 33 10 94
17 33 11 22
17 33 12 69
17 33 13 45
17 33 14 51
17 33 15 42
17 33 16 72
17 33 17 13
17 33 18 59
17 33 19 30
17 33 20 8
17 33 21 2
17 33 22 77
17 33 23 101
17 33 24 93
17 33 25 85
17 33 26 19
17 33 27 6
17 33 28 21
17 33 29 5
17 33 30 82
17 33 31 25
17 33 32 60
17 33 33 91
17 33 34 58
17 33 35 55
17 33 36 78
17 34 0 41
17 34 1 73
17 34 2 33
17 34 3 80
17 34 4 22
17 34 5 7
17 34 6 104
17 34 7 38
17 34 8 83
17 34 9 93
17 34 10 3
17 34 11 107
17 34 12 68
17 34 13 98
17 34 14 56
17 34 15 82
17 34 16 4
17 34 17 62
17 34 18 12
17 34 19 5
17 34 20 10
17 34 21 76
17 34 22 37
17 34 23 92
17 34 24 61
17 34 25 44
17 34 26 32
17 34 27 27
17 34 28 19
17 34 29 48
17 34 30 20
17 34 31 53
17 34 32 70
17 34 33 42
17 34 34 65
17 34 35 77
17 34 36 8
17 35 0 100
17 35 1 70
17 35 2 79
17 35 3 24
17 35 4 14
17 35 5 103
17 35 6 74
17 35 7 72
17 35 8 67
17 35 9 4
17 35 10 106
17 35 11 43
17 35 12 66
17 35 13 38
17 35 14 55
17 35 15 10
17 35 16 60
17 35 17 22
17 35 18 31
17 35 19 34
17 35 20 64
17 35 21 47
17 35 22 91
17 35 23 71
17 35 24 107
17 35 25 20
17 35 26 30
17 35 27 15
17 35 28 46
17 35 29 11
17 35 30 101
17 35 31 52
17 35 32 85
17 35 33 40
17 35 34 76
17 35 35 1
17 35 36 90
17 36 0 107
17 36 1 78
17 36 2 20
17 36 3 10
17 36 4 102
17 36 5 62
17 36 6 81
17 36 7 40
17 36 8 33
17 36 9 105
17 36 10 53
17 36 11 50
17 36 12 92
17 36 13 48
17 36 14 23
17 36 15 101
17 36 16 19
17 36 17 4
17 36 18 14
17 36 19 74
17 36 20 98
17 36 21 90
17 36 22 82
17 36 23 106
17 36 24 0
17 36 25 3
17 36 26 12
17 36 27 49
17 36 28 24
17 36 29 73
17 36 30 66
17 36 31 57
17 36 32 63
17 36 33 39
17 36 34 30
17 36 35 89
17 36 36 99
18 0 0 21
18 0 1 11
18 0 2 102
18 0 3 63
18 0 4 81
18 0 5 41
18 0 6 34
18 0 7 105
18 0 8 54
18 0 9 51
18 0 10 92
18 0 11 49
18 0 12 24
18 0 13 101
18 0 14 20
18 0 15 5
18 0 16 15
18 0 17 74
18 0 18 98
18 0 19 90
18 0 20 82
18 0 21 106
18 0 22 1
18 0 23 4
18 0 24 13
18 0 25 50
18 0 26 25
18 0 27 37
18 0 28 67
18 0 29 58
18 0 30 64
18 0 31 40
18 0 32 31
18 0 33 89
18 0 34 99
18 0 35 107
18 0 36 78
18 1 0 13
18 1 1 67
18 1 2 2
18 1 3 80
18 1 4 90
18 1 5 27
18 1 6 104
18 1 7 44
18 1 8 95
18 1 9 91
18 1 10 60
18 1 11 15
18 1 12 41
18 1 13 16
18 1 14 8
18 1 15 3
18 1 16 56
18 1 17 45
18 1 18 89
18 1 19 62
18 1 20 105
18 1 21 25
18 1 22 30
18 1 23 23
18 1 24 70
18 1 25 31
18 1 26 73
18 1 27 87
18 1 28 59
18 1 29 75
18 1 30 74
18 1 31 32
18 1 32 88
18 1 33 38
18 1 34 106
18 1 35 77
18 1 36 28
18 2 0 100
18 2 1 46
18 2 2 79
18 2 3 89
18 2 4 15
18 2 5 103
18 2 6 58
18 2 7 94
18 2 8 57
18 2 9 47
18 2 10 10
18 2 11 50
18 2 12 30
18 2 13 14
18 2 14 29
18 2 15 16
18 2 16 65
18 2 17 88
18 2 18 39
18 2 19 104
18 2 20 33
18 2 21 27
18 2 22 5
18 2 23 41
18 2 24 22
18 2 25 98
18 2 26 86
18 2 27 82
18 2 28 62
18 2 29 49
18 2 30 13
18 2 31 68
18 2 32 97
18 2 33 105
18 2 34 76
18 2 35 26
18 2 36 1
18 3 0 107
18 3 1 78
18 3 2 88
18 3 3 5
18 3 4 102
18 3 5 101
18 3 6 93
18 3 7 57
18 3 8 51
18 3 9 20
18 3 10 98
18 3 11 31
18 3 12 11
18 3 13 9
18 3 14 48
18 3 15 95
18 3 16 87
18 3 17 66
18 3 18 103
18 3 19 7
18 3 20 36
18 3 21 29
18 3 22 55
18 3 23 22
18 3 24 54
18 3 25 41
18 3 26 67
18 3 27 68
18 3 28 30
18 3 29 1
18 3 30 46
18 3 31 96
18 3 32 104
18 3 33 50
18 3 34 26
18 3 35 2
18 3 36 99
18 4 0 77
18 4 1 66
18 4 2 31
18 4 3 70
18 4 4 52
18 4 5 45
18 4 6 46
18 4 7 41
18 4 8 25
18 4 9 50
18 4 10 24
18 4 11 26
18 4 12 17
18 4 13 107
18 4 14 94
18 4 15 86
18 4 16 39
18 4 17 102
18 4 18 34
18 4 19 12
18 4 20 4
18 4 21 75
18 4 22 2
18 4 23 47
18 4 24 84
18 4 25 49
18 4 26 57
18 4 27 64
18 4 28 6
18 4 29 85
18 4 30 54
18 4 31 103
18 4 32 74
18 4 33 27
18 4 34 1
18 4 35 68
18 4 36 106
18 5 0 57
18 5 1 15
18 5 2 100
18 5 3 58
18 5 4 66
18 5 5 87
18 5 6 75
18 5 7 23
18 5 8 68
18 5 9 13
18 5 10 16
18 5 11 10
18 5 12 106
18 5 13 93
18 5 14 85
18 5 15 56
18 5 16 70
18 5 17 21
18 5 18 22
18 5 19 9
18 5 20 50
18 5 21 12
18 5 22 95
18 5 23 83
18 5 24 51
18 5 25 108
18 5 26 107
18 5 27 14
18 5 28 63
18 5 29 64
18 5 30 102
18 5 31 65
18 5 32 0
18 5 33 3
18 5 34 97
18 5 35 105
18 5 36 76
18 6 0 27
18 6 1 99
18 6 2 98
18 6 3 90
18 6 4 86
18 6 5 38
18 6 6 20
18 6 7 95
18 6 8 24
18 6 9 21
18 6 10 15
18 6 11 105
18 6 12 73
18 6 13 84
18 6 14 41
18 6 15 100
18 6 16 34
18 6 17 12
18 6 18 33
18 6 19 52
18 6 20 17
18 6 21 94
18 6 22 68
18 6 23 55
18 6 24 40
18 6 25 106
18 6 26 36
18 6 27 61
18 6 28 44
18 6 29 59
18 6 30 35
18 6 31 25
18 6 32 5
18 6 33 96
18 6 34 104
18 6 35 46
18 6 36 85
18 7 0 50
18 7 1 68
18 7 2 89
18 7 3 62
18 7 4 59
18 7 5 33
18 7 6 94
18 7 7 4
18 7 8 7
18 7 9 35
18 7 10 104
18 7 11 55
18 7 12 83
18 7 13 75
18 7 14 99
18 7 15 15
18 7 16 28
18 7 17 20
18 7 18 47
18 7 19 2
18 7 20 93
18 7 21 81
18 7 22 38
18 7 23 49
18 7 24 105
18 7 25 5
18 7 26 82
18 7 27 92
18 7 28 100
18 7 29 45
18 7 30 19
18 7 31 8
18 7 32 67
18 7 33 103
18 7 34 74
18 7 35 53
18 7 36 16
18 8 0 52
18 8 1 88
18 8 2 84
18 8 3 61
18 8 4 8
18 8 5 93
18 8 6 23
18 8 7 22
18 8 8 35
18 8 9 103
18 8 10 90
18 8 11 82
18 8 12 48
18 8 13 71
18 8 14 27
18 8 15 20
18 8 16 33
18 8 17 108
18 8 18 17
18 8 19 38
18 8 20 80
18 8 21 65
18 8 22 54
18 8 23 104
18 8 24 29
18 8 25 37
18 8 26 91
18 8 27 99
18 8 28 107
18 8 29 3
18 8 30 12
18 8 31 57
18 8 32 102
18 8 33 44
18 8 34 42
18 8 35 19
18 8 36 97
18 9 0 56
18 9 1 83
18 9 2 108
18 9 3 30
18 9 4 65
18 9 5 14
18 9 6 8
18 9 7 11
18 9 8 102
18 9 9 89
18 9 10 81
18 9 11 73
18 9 12 97
18 9 13 32
18 9 14 1
18 9 15 36
18 9 16 58
18 9 17 25
18 9 18 71
18 9 19 79
18 9 20 75
18 9 21 46
18 9 22 103
18 9 23 20
18 9 24 55
18 9 25 68
18 9 26 72
18 9 27 106
18 9 28 34
18 9 29 13
18 9 30 51
18 9 31 47
18 9 32 3
18 9 33 82
18 9 34 4
18 9 35 96
18 9 36 95
18 10 0 63
18 10 1 72
18 10 2 28
18 10 3 66
18 10 4 3
18 10 5 22
18 10 6 4
18 10 7 53
18 10 8 88
18 10 9 80
18 10 10 41
18 10 11 96
18 10 12 12
18 10 13 30
18 10 14 2
18 10 15 61
18 10 16 6
18 10 17 90
18 10 18 78
18 10 19 45
18 10 20 58
18 10 21 102
18 10 22 32
18 10 23 42
18 10 24 57
18 10 25 97
18 10 26 105
18 10 27 27
18 10 28 36
18 10 29 92
18 10 30 100
18 10 31 46
18 10 32 39
18 10 33 10
18 10 34 62
18 10 35 94
18 10 36 56
18 11 0 55
18 11 1 5
18 11 2 90
18 11 3 34
18 11 4 27
18 11 5 16
18 11 6 100
18 11 7 39
18 11 8 79
18 11 9 108
18 11 10 37
18 11 11 21
18 11 12 14
18 11 13 23
18 11 14 67
18 11 15 13
18 11 16 89
18 11 17 77
18 11 18 50
18 11 19 65
18 11 20 40
18 11 21 31
18 11 22 44
18 11 23 52
18 11 24 96
18 11 25 104
18 11 26 29
18 11 27 15
18 11 28 91
18 11 29 99
18 11 30 107
18 11 31 48
18 11 32 8
18 11 33 49
18 11 34 93
18 11 35 85
18 11 36 81
18 12 0 32
18 12 1 89
18 12 2 34
18 12 3 9
18 12 4 21
18 12 5 99
18 12 6 54
18 12 7 78
18 12 8 47
18 12 9 60
18 12 10 27
18 12 11 7
18 12 12 13
18 12 13 45
18 12 14 26
18 12 15 88
18 12 16 76
18 12 17 51
18 12 18 101
18 12 19 100
18 12 20 6
18 12 21 61
18 12 22 87
18 12 23 67
18 12 24 103
18 12 25 12
18 12 26 10
18 12 27 66
18 12 28 38
18 12 29 106
18 12 30 69
18 12 31 16
18 12 32 43
18 12 33 46
18 12 34 70
18 12 35 80
18 12 36 73
18 13 0 88
18 13 1 14
18 13 2 32
18 13 3 10
18 13 4 72
18 13 5 85
18 13 6 77
18 13 7 62
18 13 8 71
18 13 9 0
18 13 10 22
18 13 11 25
18 13 12 70
18 13 13 3
18 13 14 37
18 13 15 59
18 13 16 108
18 13 17 44
18 13 18 99
18 13 19 35
18 13 20 69
18 13 21 86
18 13 22 49
18 13 23 102
18 13 24 36
18 13 25 6
18 13 26 38
18 13 27 97
18 13 28 105
18 13 29 56
18 13 30 31
18 13 31 92
18 13 32 45
18 13 33 47
18 13 34 79
18 13 35 67
18 13 36 11
18 14 0 11
18 14 1 0
18 14 2 21
18 14 3 97
18 14 4 56
18 14 5 76
18 14 6 66
18 14 7 92
18 14 8 2
18 14 9 31
18 14 10 19
18 14 11 60
18 14 12 25
18 14 13 65
18 14 14 74
18 14 15 51
18 14 16 49
18 14 17 69
18 14 18 6
18 14 19 75
18 14 20 70
18 14 21 58
18 14 22 40
18 14 23 36
18 14 24 7
18 14 25 67
18 14 26 96
18 14 27 104
18 14 28 57
18 14 29 5
18 14 30 91
18 14 31 90
18 14 32 82
18 14 33 78
18 14 34 47
18 14 35 1
18 14 36 64
18 15 0 14
18 15 1 23
18 15 2 96
18 15 3 51
18 15 4 75
18 15 5 48
18 15 6 91
18 15 7 0
18 15 8 33
18 15 9 19
18 15 10 101
18 15 11 11
18 15 12 85
18 15 13 69
18 15 14 43
18 15 15 98
18 15 16 97
18 15 17 28
18 15 18 42
18 15 19 84
18 15 20 92
18 15 21 100
18 15 22 36
18 15 23 9
18 15 24 87
18 15 25 38
18 15 26 103
18 15 27 63
18 15 28 22
18 15 29 39
18 15 30 89
18 15 31 44
18 15 32 77
18 15 33 37
18 15 34 6
18 15 35 49
18 15 36 13
18 16 0 22
18 16 1 54
18 16 2 82
18 16 3 74
18 16 4 57
18 16 5 71
18 16 6 13
18 16 7 1
18 16 8 6
18 16 9 40
18 16 10 2
18 16 11 69
18 16 12 27
18 16 13 60
18 16 14 55
18 16 15 96
18 16 16 17
18 16 17 48
18 16 18 83
18 16 19 91
18 16 20 99
18 16 21 36
18 16 22 33
18 16 23 86
18 16 24 73
18 16 25 102
18 16 26 75
18 16 27 0
18 16 28 52
18 16 29 88
18 16 30 47
18 16 31 76
18 16 32 101
18 16 33 19
18 16 34 85
18 16 35 24
18 16 36 21
18 17 0 64
18 17 1 69
18 17 2 55
18 17 3 41
18 17 4 46
18 17 5 17
18 17 6 30
18 17 7 8
18 17 8 45
18 17 9 11
18 17 10 54
18 17 11 70
18 17 12 63
18 17 13 49
18 17 14 38
18 17 15 10
18 17 16 44
18 17 17 43
18 17 18 57
18 17 19 71
18 17 20 0
18 17 21 1
18 17 22 39
18 17 23 53
18 17 24 67
18 17 25 66
18 17 26 35
18 17 27 72
18 17 28 61
18 17 29 47
18 17 30 40
18 17 31 56
18 17 32 33
18 17 33 65
18 17 34 7
18 17 35 16
18 17 36 29
18 18 0 53
18 18 1 18
18 18 2 101
18 18 3 56
18 18 4 32
18 18 5 12
18 18 6 29
18 18 7 98
18 18 8 26
18 18 9 82
18 18 10 107
18 18 11 63
18 18 12 95
18 18 13 58
18 18 14 17
18 18 15 108
18 18 16 81
18 18 17 37
18 18 18 97
18 18 19 28
18 18 20 8
18 18 21 84
18 18 22 92
18 18 23 100
18 18 24 62
18 18 25 19
18 18 26 87
18 18 27 55
18 18 28 50
18 18 29 74
18 18 30 41
18 18 31 10
18 18 32 70
18 18 33 7
18 18 34 24
18 18 35 4
18 18 36 39
18 19 0 108
18 19 1 59
18 19 2 87
18 19 3 7
18 19 4 20
18 19 5 29
18 19 6 61
18 19 7 3
18 19 8 73
18 19 9 106
18 19 10 66
18 19 11 94
18 19 12 71
18 19 13 1
18 19 14 47
18 19 15 80
18 19 16 72
18 19 17 96
18 19 18 35
18 19 19 36
18 19 20 83
18 19 21 91
18 19 22 99
18 19 23 68
18 19 24 26
18 19 25 86
18 19 26 85
18 19 27 67
18 19 28 41
18 19 29 98
18 19 30 25
18 19 31 82
18 19 32 28
18 19 33 6
18 19 34 19
18 19 35 92
18 19 36 62
18 20 0 54
18 20 1 86
18 20 2 14
18 20 3 15
18 20 4 12
18 20 5 46
18 20 6 17
18 20 7 63
18 20 8 105
18 20 9 101
18 20 10 93
18 20 11 92
18 20 12 36
18 20 13 53
18 20 14 79
18 20 15 87
18 20 16 43
18 20 17 3
18 20 18 0
18 20 19 70
18 20 20 52
18 20 21 40
18 20 22 108
18 20 23 19
18 20 24 41
18 20 25 61
18 20 26 59
18 20 27 9
18 20 28 45
18 20 29 34
18 20 30 50
18 20 31 30
18 20 32 35
18 20 33 23
18 20 34 91
18 20 35 44
18 20 36 107
18 21 0 38
18 21 1 13
18 21 2 22
18 21 3 23
18 21 4 95
18 21 5 30
18 21 6 43
18 21 7 104
18 21 8 63
18 21 9 65
18 21 10 91
18 21 11 14
18 21 12 54
18 21 13 78
18 21 14 86
18 21 15 72
18 21 16 27
18 21 17 0
18 21 18 81
18 21 19 61
18 21 20 97
18 21 21 41
18 21 22 8
18 21 23 84
18 21 24 66
18 21 25 75
18 21 26 51
18 21 27 73
18 21 28 25
18 21 29 40
18 21 30 17
18 21 31 3
18 21 32 36
18 21 33 39
18 21 34 48
18 21 35 106
18 21 36 98
18 22 0 15
18 22 1 36
18 22 2 25
18 22 3 94
18 22 4 35
18 22 5 37
18 22 6 103
18 22 7 40
18 22 8 64
18 22 9 67
18 22 10 31
18 22 11 41
18 22 12 77
18 22 13 72
18 22 14 44
18 22 15 29
18 22 16 0
18 22 17 80
18 22 18 43
18 22 19 96
18 22 20 49
18 22 21 30
18 22 22 83
18 22 23 82
18 22 24 59
18 22 25 107
18 22 26 95
18 22 27 11
18 22 28 65
18 22 29 17
18 22 30 5
18 22 31 34
18 22 32 50
18 22 33 63
18 22 34 105
18 22 35 56
18 22 36 84
18 23 0 4
18 23 1 22
18 23 2 93
18 23 3 25
18 23 4 55
18 23 5 102
18 23 6 98
18 23 7 90
18 23 8 61
18 23 9 5
18 23 10 62
18 23 11 76
18 23 12 84
18 23 13 92
18 23 14 30
18 23 15 0
18 23 16 79
18 23 17 87
18 23 18 58
18 23 19 66
18 23 20 1
18 23 21 70
18 23 22 45
18 23 23 60
18 23 24 106
18 23 25 94
18 23 26 33
18 23 27 43
18 23 28 11
18 23 29 14
18 23 30 36
18 23 31 73
18 23 32 75
18 23 33 104
18 23 34 71
18 23 35 83
18 23 36 26
18 24 0 2
18 24 1 44
18 24 2 4
18 24 3 38
18 24 4 47
18 24 5 54
18 24 6 89
18 24 7 48
18 24 8 20
18 24 9 71
18 24 10 64
18 24 11 83
18 24 12 91
18 24 13 26
18 24 14 24
18 24 15 78
18 24 16 86
18 24 17 53
18 24 18 68
18 24 19 30
18 24 20 81
18 24 21 52
18 24 22 65
18 24 23 105
18 24 24 93
18 24 25 10
18 24 26 49
18 24 27 23
18 24 28 29
18 24 29 9
18 24 30 87
18 24 31 69
18 24 32 103
18 24 33 95
18 24 34 57
18 24 35 15
18 24 36 27
18 25 0 45
18 25 1 31
18 25 2 75
18 25 3 100
18 25 4 54
18 25 5 88
18 25 6 87
18 25 7 28
18 25 8 101
18 25 9 74
18 25 10 63
18 25 11 59
18 25 12 21
18 25 13 7
18 25 14 77
18 25 15 38
18 25 16 42
18 25 17 55
18 25 18 5
18 25 19 80
18 25 20 64
18 25 21 108
18 25 22 104
18 25 23 39
18 25 24 23
18 25 25 52
18 25 26 13
18 25 27 22
18 25 28 15
18 25 29 86
18 25 30 37
18 25 31 102
18 25 32 94
18 25 33 81
18 25 34 20
18 25 35 9
18 25 36 2
18 26 0 8
18 26 1 49
18 26 2 99
18 26 3 95
18 26 4 58
18 26 5 86
18 26 6 26
18 26 7 68
18 26 8 66
18 26 9 81
18 26 10 53
18 26 11 0
18 26 12 9
18 26 13 76
18 26 14 84
18 26 15 92
18 26 16 73
18 26 17 4
18 26 18 79
18 26 19 56
18 26 20 45
18 26 21 103
18 26 22 72
18 26 23 30
18 26 24 75
18 26 25 34
18 26 26 6
18 26 27 24
18 26 28 39
18 26 29 62
18 26 30 101
18 26 31 93
18 26 32 80
18 26 33 32
18 26 34 14
18 26 35 33
18 26 36 90
18 27 0 51
18 27 1 48
18 27 2 94
18 27 3 42
18 27 4 60
18 27 5 32
18 27 6 57
18 27 7 33
18 27 8 80
18 27 9 43
18 27 10 23
18 27 11 2
18 27 12 65
18 27 13 83
18 27 14 91
18 27 15 101
18 27 16 16
18 27 17 78
18 27 18 61
18 27 19 72
18 27 20 102
18 27 21 90
18 27 22 11
18 27 23 63
18 27 24 0
18 27 25 35
18 27 26 4
18 27 27 84
18 27 28 108
18 27 29 100
18 27 30 55
18 27 31 79
18 27 32 25
18 27 33 28
18 27 34 22
18 27 35 89
18 27 36 6
18 28 0 97
18 28 1 93
18 28 2 85
18 28 3 84
18 28 4 17
18 28 5 98
18 28 6 64
18 28 7 79
18 28 8 87
18 28 9 24
18 28 10 33
18 28 11 74
18 28 12 51
18 28 13 66
18 28 14 49
18 28 15 7
18 28 16 77
18 28 17 70
18 28 18 55
18 28 19 42
18 28 20 89
18 28 21 19
18 28 22 58
18 28 23 3
18 28 24 16
18 28 25 9
18 28 26 83
18 28 27 69
18 28 28 99
18 28 29 37
18 28 30 78
18 28 31 1
18 28 32 14
18 28 33 13
18 28 34 88
18 28 35 28
18 28 36 72
18 29 0 44
18 29 1 52
18 29 2 83
18 29 3 20
18 29 4 53
18 29 5 107
18 29 6 78
18 29 7 86
18 29 8 28
18 29 9 17
18 29 10 45
18 29 11 81
18 29 12 46
18 29 13 47
18 29 14 31
18 29 15 76
18 29 16 75
18 29 17 59
18 29 18 100
18 29 19 88
18 29 20 34
18 29 21 60
18 29 22 16
18 29 23 8
18 29 24 21
18 29 25 40
18 29 26 54
18 29 27 98
18 29 28 90
18 29 29 77
18 29 30 1
18 29 31 29
18 29 32 32
18 29 33 42
18 29 34 3
18 29 35 108
18 29 36 96
18 30 0 58
18 30 1 40
18 30 2 9
18 30 3 44
18 30 4 106
18 30 5 77
18 30 6 42
18 30 7 31
18 30 8 11
18 30 9 1
18 30 10 80
18 30 11 56
18 30 12 98
18 30 13 0
18 30 14 46
18 30 15 53
18 30 16 61
18 30 17 99
18 30 18 63
18 30 19 19
18 30 20 108
18 30 21 3
18 30 22 24
18 30 23 2
18 30 24 81
18 30 25 71
18 30 26 97
18 30 27 89
18 30 28 76
18 30 29 21
18 30 30 15
18 30 31 12
18 30 32 60
18 30 33 16
18 30 34 69
18 30 35 64
18 30 36 65
18 31 0 81
18 31 1 21
18 31 2 95
18 31 3 105
18 31 4 76
18 31 5 84
18 31 6 33
18 31 7 36
18 31 8 60
18 31 9 79
18 31 10 87
18 31 11 64
18 31 12 22
18 31 13 74
18 31 14 42
18 31 15 43
18 31 16 69
18 31 17 56
18 31 18 24
18 31 19 55
18 31 20 27
18 31 21 14
18 31 22 15
18 31 23 80
18 31 24 44
18 31 25 96
18 31 26 88
18 31 27 62
18 31 28 26
18 31 29 20
18 31 30 23
18 31 31 85
18 31 32 13
18 31 33 59
18 31 34 53
18 31 35 90
18 31 36 82
18 32 0 5
18 32 1 94
18 32 2 104
18 32 3 64
18 32 4 83
18 32 5 35
18 32 6 9
18 32 7 107
18 32 8 78
18 32 9 86
18 32 10 42
18 32 11 30
18 32 12 61
18 32 13 48
18 32 14 101
18 32 15 97
18 32 16 85
18 32 17 34
18 32 18 69
18 32 19 32
18 32 20 24
18 32 21 2
18 32 22 79
18 32 23 71
18 32 24 95
18 32 25 45
18 32 26 74
18 32 27 19
18 32 28 10
18 32 29 12
18 32 30 60
18 32 31 11
18 32 32 63
18 32 33 53
18 32 34 89
18 32 35 52
18 32 36 80
18 33 0 93
18 33 1 103
18 33 2 74
18 33 3 43
18 33 4 34
18 33 5 10
18 33 6 106
18 33 7 77
18 33 8 72
18 33 9 95
18 33 10 35
18 33 11 6
18 33 12 108
18 33 13 51
18 33 14 96
18 33 15 37
18 33 16 14
18 33 17 40
18 33 18 7
18 33 19 0
18 33 20 29
18 33 21 78
18 33 22 48
18 33 23 94
18 33 24 65
18 33 25 54
18 33 26 27
18 33 27 25
18 33 28 5
18 33 29 69
18 33 30 16
18 33 31 50
18 33 32 92
18 33 33 88
18 33 34 66
18 33 35 79
18 33 36 31
18 34 0 102
18 34 1 47
18 34 2 81
18 34 3 35
18 34 4 10
18 34 5 105
18 34 6 76
18 34 7 84
18 34 8 94
18 34 9 23
18 34 10 70
18 34 11 46
18 34 12 52
18 34 13 43
18 34 14 73
18 34 15 14
18 34 16 60
18 34 17 31
18 34 18 9
18 34 19 3
18 34 20 77
18 34 21 101
18 34 22 93
18 34 23 85
18 34 24 20
18 34 25 7
18 34 26 22
18 34 27 6
18 34 28 82
18 34 29 26
18 34 30 61
18 34 31 91
18 34 32 59
18 34 33 56
18 34 34 78
18 34 35 21
18 34 36 69
18 35 0 34
18 35 1 80
18 35 2 23
18 35 3 8
18 35 4 104
18 35 5 39
18 35 6 83
18 35 7 93
18 35 8 4
18 35 9 107
18 35 10 69
18 35 11 98
18 35 12 57
18 35 13 82
18 35 14 5
18 35 15 63
18 35 16 13
18 35 17 6
18 35 18 11
18 35 19 76
18 35 20 38
18 35 21 92
18 35 22 62
18 35 23 45
18 35 24 33
18 35 25 28
18 35 26 20
18 35 27 49
18 35 28 21
18 35 29 54
18 35 30 71
18 35 31 43
18 35 32 66
18 35 33 77
18 35 34 9
18 35 35 42
18 35 36 37
18 36 0 79
18 36 1 25
18 36 2 15
18 36 3 103
18 36 4 74
18 36 5 73
18 36 6 68
18 36 7 5
18 36 8 106
18 36 9 44
18 36 10 67
18 36 11 39
18 36 12 56
18 36 13 11
18 36 14 61
18 36 15 23
18 36 16 32
18 36 17 35
18 36 18 65
18 36 19 48
18 36 20 91
18 36 21 72
18 36 22 107
18 36 23 21
18 36 24 31
18 36 25 16
18 36 26 47
18 36 27 12
18 36 28 101
18 36 29 53
18 36 30 85
18 36 31 41
18 36 32 76
18 36 33 2
18 36 34 90
18 36 35 100
18 36 36 71
19 0 0 16
19 0 1 103
19 0 2 74
19 0 3 37
19 0 4 69
19 0 5 6
19 0 6 106
19 0 7 45
19 0 8 68
19 0 9 40
19 0 10 57
19 0 11 12
19 0 12 62
19 0 13 24
19 0 14 33
19 0 15 36
19 0 16 66
19 0 17 49
19 0 18 91
19 0 19 73
19 0 20 107
19 0 21 22
19 0 22 32
19 0 23 17
19 0 24 48
19 0 25 13
19 0 26 101
19 0 27 54
19 0 28 85
19 0 29 42
19 0 30 76
19 0 31 3
19 0 32 90
19 0 33 100
19 0 34 72
19 0 35 79
19 0 36 26
19 1 0 102
19 1 1 64
19 1 2 81
19 1 3 42
19 1 4 35
19 1 5 105
19 1 6 55
19 1 7 52
19 1 8 92
19 1 9 50
19 1 10 25
19 1 11 101
19 1 12 21
19 1 13 6
19 1 14 16
19 1 15 74
19 1 16 98
19 1 17 90
19 1 18 82
19 1 19 106
19 1 20 2
19 1 21 5
19 1 22 14
19 1 23 51
19 1 24 26
19 1 25 38
19 1 26 68
19 1 27 59
19 1 28 65
19 1 29 41
19 1 30 32
19 1 31 89
19 1 32 99
19 1 33 107
19 1 34 78
19 1 35 22
19 1 36 12
19 2 0 3
19 2 1 80
19 2 2 90
19 2 3 28
19 2 4 104
19 2 5 45
19 2 6 95
19 2 7 91
19 2 8 61
19 2 9 16
19 2 10 42
19 2 11 17
19 2 12 9
19 2 13 4
19 2 14 57
19 2 15 46
19 2 16 89
19 2 17 63
19 2 18 105
19 2 19 26
19 2 20 31
19 2 21 24
19 2 22 71
19 2 23 32
19 2 24 37
19 2 25 87
19 2 26 60
19 2 27 75
19 2 28 74
19 2 29 33
19 2 30 88
19 2 31 39
19 2 32 106
19 2 33 77
19 2 34 29
19 2 35 14
19 2 36 68
19 3 0 79
19 3 1 89
19 3 2 16
19 3 3 103
19 3 4 59
19 3 5 94
19 3 6 58
19 3 7 48
19 3 8 11
19 3 9 51
19 3 10 31
19 3 11 15
19 3 12 30
19 3 13 17
19 3 14 66
19 3 15 88
19 3 16 40
19 3 17 104
19 3 18 34
19 3 19 28
19 3 20 6
19 3 21 42
19 3 22 23
19 3 23 98
19 3 24 86
19 3 25 82
19 3 26 63
19 3 27 50
19 3 28 14
19 3 29 69
19 3 30 97
19 3 31 105
19 3 32 76
19 3 33 27
19 3 34 2
19 3 35 100
19 3 36 47
19 4 0 88
19 4 1 6
19 4 2 102
19 4 3 101
19 4 4 93
19 4 5 58
19 4 6 52
19 4 7 21
19 4 8 98
19 4 9 32
19 4 10 12
19 4 11 10
19 4 12 49
19 4 13 95
19 4 14 87
19 4 15 67
19 4 16 103
19 4 17 8
19 4 18 0
19 4 19 30
19 4 20 56
19 4 21 23
19 4 22 55
19 4 23 42
19 4 24 68
19 4 25 69
19 4 26 31
19 4 27 2
19 4 28 47
19 4 29 96
19 4 30 104
19 4 31 51
19 4 32 27
19 4 33 3
19 4 34 99
19 4 35 107
19 4 36 78
19 5 0 32
19 5 1 71
19 5 2 53
19 5 3 46
19 5 4 47
19 5 5 42
19 5 6 26
19 5 7 51
19 5 8 25
19 5 9 27
19 5 10 18
19 5 11 107
19 5 12 94
19 5 13 86
19 5 14 40
19 5 15 102
19 5 16 35
19 5 17 13
19 5 18 5
19 5 19 75
19 5 20 3
19 5 21 48
19 5 22 84
19 5 23 50
19 5 24 58
19 5 25 65
19 5 26 7
19 5 27 85
19 5 28 55
19 5 29 103
19 5 30 74
19 5 31 28
19 5 32 2
19 5 33 69
19 5 34 106
19 5 35 77
19 5 36 67
19 6 0 100
19 6 1 59
19 6 2 67
19 6 3 87
19 6 4 75
19 6 5 24
19 6 6 69
19 6 7 14
19 6 8 17
19 6 9 11
19 6 10 106
19 6 11 93
19 6 12 85
19 6 13 57
19 6 14 71
19 6 15 22
19 6 16 23
19 6 17 10
19 6 18 51
19 6 19 13
19 6 20 95
19 6 21 83
19 6 22 52
19 6 23 108
19 6 24 107
19 6 25 15
19 6 26 64
19 6 27 65
19 6 28 102
19 6 29 66
19 6 30 1
19 6 31 4
19 6 32 97
19 6 33 105
19 6 34 76
19 6 35 58
19 6 36 16
19 7 0 98
19 7 1 90
19 7 2 86
19 7 3 39
19 7 4 21
19 7 5 95
19 7 6 25
19 7 7 22
19 7 8 16
19 7 9 105
19 7 10 37
19 7 11 84
19 7 12 42
19 7 13 100
19 7 14 35
19 7 15 13
19 7 16 34
19 7 17 53
19 7 18 18
19 7 19 94
19 7 20 69
19 7 21 56
19 7 22 41
19 7 23 106
19 7 24 0
19 7 25 62
19 7 26 45
19 7 27 60
19 7 28 36
19 7 29 26
19 7 30 6
19 7 31 96
19 7 32 104
19 7 33 47
19 7 34 85
19 7 35 28
19 7 36 99
19 8 0 89
19 8 1 63
19 8 2 60
19 8 3 34
19 8 4 94
19 8 5 5
19 8 6 8
19 8 7 36
19 8 8 104
19 8 9 56
19 8 10 83
19 8 11 75
19 8 12 99
19 8 13 16
19 8 14 29
19 8 15 21
19 8 16 48
19 8 17 3
19 8 18 93
19 8 19 81
19 8 20 39
19 8 21 50
19 8 22 105
19 8 23 6
19 8 24 82
19 8 25 92
19 8 26 100
19 8 27 46
19 8 28 20
19 8 29 9
19 8 30 68
19 8 31 103
19 8 32 74
19 8 33 54
19 8 34 17
19 8 35 51
19 8 36 69
19 9 0 84
19 9 1 62
19 9 2 9
19 9 3 93
19 9 4 24
19 9 5 23
19 9 6 36
19 9 7 103
19 9 8 90
19 9 9 82
19 9 10 49
19 9 11 72
19 9 12 28
19 9 13 21
19 9 14 34
19 9 15 108
19 9 16 18
19 9 17 39
19 9 18 80
19 9 19 66
19 9 20 55
19 9 21 104
19 9 22 30
19 9 23 38
19 9 24 91
19 9 25 99
19 9 26 107
19 9 27 4
19 9 28 13
19 9 29 58
19 9 30 102
19 9 31 45
19 9 32 43
19 9 33 20
19 9 34 97
19 9 35 53
19 9 36 88
19 10 0 108
19 10 1 31
19 10 2 66
19 10 3 15
19 10 4 9
19 10 5 12
19 10 6 102
19 10 7 89
19 10 8 81
19 10 9 37
19 10 10 97
19 10 11 33
19 10 12 2
19 10 13 0
19 10 14 59
19 10 15 26
19 10 16 72
19 10 17 79
19 10 18 75
19 10 19 47
19 10 20 103
19 10 21 21
19 10 22 56
19 10 23 69
19 10 24 73
19 10 25 106
19 10 26 35
19 10 27 14
19 10 28 52
19 10 29 48
19 10 30 4
19 10 31 82
19 10 32 5
19 10 33 96
19 10 34 95
19 10 35 57
19 10 36 83
19 11 0 29
19 11 1 67
19 11 2 4
19 11 3 23
19 11 4 5
19 11 5 54
19 11 6 88
19 11 7 80
19 11 8 42
19 11 9 96
19 11 10 13
19 11 11 31
19 11 12 3
19 11 13 62
19 11 14 7
19 11 15 90
19 11 16 78
19 11 17 46
19 11 18 59
19 11 19 102
19 11 20 33
19 11 21 43
19 11 22 58
19 11 23 97
19 11 24 105
19 11 25 28
19 11 26 0
19 11 27 92
19 11 28 100
19 11 29 47
19 11 30 40
19 11 31 11
19 11 32 63
19 11 33 94
19 11 34 57
19 11 35 64
19 11 36 73
19 12 0 90
19 12 1 35
19 12 2 28
19 12 3 17
19 12 4 100
19 12 5 40
19 12 6 79
19 12 7 108
19 12 8 38
19 12 9 22
19 12 10 15
19 12 11 24
19 12 12 68
19 12 13 14
19 12 14 89
19 12 15 77
19 12 16 51
19 12 17 66
19 12 18 41
19 12 19 32
19 12 20 45
19 12 21 53
19 12 22 96
19 12 23 104
19 12 24 30
19 12 25 16
19 12 26 91
19 12 27 99
19 12 28 107
19 12 29 49
19 12 30 9
19 12 31 50
19 12 32 93
19 12 33 85
19 12 34 81
19 12 35 56
19 12 36 6
19 13 0 35
19 13 1 10
19 13 2 22
19 13 3 99
19 13 4 55
19 13 5 78
19 13 6 48
19 13 7 61
19 13 8 28
19 13 9 8
19 13 10 14
19 13 11 46
19 13 12 27
19 13 13 88
19 13 14 76
19 13 15 52
19 13 16 101
19 13 17 100
19 13 18 7
19 13 19 62
19 13 20 87
19 13 21 68
19 13 22 103
19 13 23 13
19 13 24 11
19 13 25 67
19 13 26 39
19 13 27 106
19 13 28 70
19 13 29 17
19 13 30 44
19 13 31 47
19 13 32 71
19 13 33 80
19 13 34 37
19 13 35 33
19 13 36 89
19 14 0 33
19 14 1 11
19 14 2 73
19 14 3 85
19 14 4 77
19 14 5 63
19 14 6 72
19 14 7 1
19 14 8 23
19 14 9 26
19 14 10 71
19 14 11 4
19 14 12 38
19 14 13 60
19 14 14 108
19 14 15 45
19 14 16 99
19 14 17 36
19 14 18 70
19 14 19 86
19 14 20 50
19 14 21 102
19 14 22 0
19 14 23 7
19 14 24 39
19 14 25 97
19 14 26 105
19 14 27 57
19 14 28 32
19 14 29 92
19 14 30 46
19 14 31 48
19 14 32 79
19 14 33 68
19 14 34 12
19 14 35 88
19 14 36 15
19 15 0 22
19 15 1 97
19 15 2 57
19 15 3 76
19 15 4 67
19 15 5 92
19 15 6 3
19 15 7 32
19 15 8 20
19 15 9 61
19 15 10 26
19 15 11 66
19 15 12 74
19 15 13 52
19 15 14 50
19 15 15 70
19 15 16 7
19 15 17 75
19 15 18 71
19 15 19 59
19 15 20 41
19 15 21 0
19 15 22 8
19 15 23 68
19 15 24 96
19 15 25 104
19 15 26 58
19 15 27 6
19 15 28 91
19 15 29 90
19 15 30 82
19 15 31 78
19 15 32 48
19 15 33 2
19 15 34 65
19 15 35 12
19 15 36 1
19 16 0 96
19 16 1 52
19 16 2 75
19 16 3 49
19 16 4 91
19 16 5 1
19 16 6 34
19 16 7 20
19 16 8 101
19 16 9 12
19 16 10 85
19 16 11 70
19 16 12 44
19 16 13 98
19 16 14 97
19 16 15 29
19 16 16 43
19 16 17 84
19 16 18 92
19 16 19 100
19 16 20 0
19 16 21 10
19 16 22 87
19 16 23 39
19 16 24 103
19 16 25 64
19 16 26 23
19 16 27 40
19 16 28 89
19 16 29 45
19 16 30 77
19 16 31 38
19 16 32 7
19 16 33 50
19 16 34 14
19 16 35 15
19 16 36 24
19 17 0 82
19 17 1 74
19 17 2 58
19 17 3 72
19 17 4 14
19 17 5 2
19 17 6 7
19 17 7 41
19 17 8 3
19 17 9 70
19 17 10 28
19 17 11 61
19 17 12 56
19 17 13 96
19 17 14 18
19 17 15 49
19 17 16 83
19 17 17 91
19 17 18 99
19 17 19 0
19 17 20 34
19 17 21 86
19 17 22 37
19 17 23 102
19 17 24 75
19 17 25 1
19 17 26 53
19 17 27 88
19 17 28 48
19 17 29 76
19 17 30 101
19 17 31 20
19 17 32 85
19 17 33 25
19 17 34 22
19 17 35 23
19 17 36 55
19 18 0 56
19 18 1 42
19 18 2 47
19 18 3 18
19 18 4 31
19 18 5 9
19 18 6 46
19 18 7 12
19 18 8 55
19 18 9 71
19 18 10 64
19 18 11 50
19 18 12 39
19 18 13 11
19 18 14 45
19 18 15 44
19 18 16 58
19 18 17 72
19 18 18 1
19 18 19 2
19 18 20 40
19 18 21 54
19 18 22 68
19 18 23 67
19 18 24 36
19 18 25 73
19 18 26 62
19 18 27 48
19 18 28 41
19 18 29 57
19 18 30 34
19 18 31 66
19 18 32 8
19 18 33 17
19 18 34 30
19 18 35 65
19 18 36 70
19 19 0 101
19 19 1 57
19 19 2 33
19 19 3 13
19 19 4 30
19 19 5 98
19 19 6 27
19 19 7 82
19 19 8 107
19 19 9 64
19 19 10 95
19 19 11 59
19 19 12 18
19 19 13 108
19 19 14 81
19 19 15 38
19 19 16 97
19 19 17 29
19 19 18 9
19 19 19 84
19 19 20 92
19 19 21 100
19 19 22 63
19 19 23 20
19 19 24 87
19 19 25 56
19 19 26 51
19 19 27 74
19 19 28 42
19 19 29 11
19 19 30 71
19 19 31 8
19 19 32 25
19 19 33 5
19 19 34 40
19 19 35 54
19 19 36 19
19 20 0 87
19 20 1 8
19 20 2 21
19 20 3 30
19 20 4 62
19 20 5 4
19 20 6 37
19 20 7 106
19 20 8 67
19 20 9 94
19 20 10 72
19 20 11 2
19 20 12 48
19 20 13 80
19 20 14 73
19 20 15 96
19 20 16 36
19 20 17 0
19 20 18 83
19 20 19 91
19 20 20 99
19 20 21 69
19 20 22 27
19 20 23 86
19 20 24 85
19 20 25 68
19 20 26 42
19 20 27 98
19 20 28 26
19 20 29 82
19 20 30 29
19 20 31 7
19 20 32 20
19 20 33 92
19 20 34 63
19 20 35 108
19 20 36 60
19 21 0 15
19 21 1 16
19 21 2 13
19 21 3 47
19 21 4 18
19 21 5 64
19 21 6 105
19 21 7 101
19 21 8 93
19 21 9 92
19 21 10 0
19 21 11 54
19 21 12 79
19 21 13 87
19 21 14 44
19 21 15 4
19 21 16 1
19 21 17 71
19 21 18 53
19 21 19 41
19 21 20 108
19 21 21 20
19 21 22 42
19 21 23 62
19 21 24 60
19 21 25 10
19 21 26 46
19 21 27 35
19 21 28 51
19 21 29 31
19 21 30 36
19 21 31 24
19 21 32 91
19 21 33 45
19 21 34 107
19 21 35 55
19 21 36 86
19 22 0 23
19 22 1 24
19 22 2 95
19 22 3 31
19 22 4 44
19 22 5 104
19 22 6 64
19 22 7 66
19 22 8 91
19 22 9 15
19 22 10 55
19 22 11 78
19 22 12 86
19 22 13 73
19 22 14 28
19 22 15 1
19 22 16 81
19 22 17 62
19 22 18 97
19 22 19 42
19 22 20 9
19 22 21 84
19 22 22 67
19 22 23 75
19 22 24 52
19 22 25 37
19 22 26 26
19 22 27 41
19 22 28 18
19 22 29 4
19 22 30 0
19 22 31 40
19 22 32 49
19 22 33 106
19 22 34 98
19 22 35 39
19 22 36 14
19 23 0 26
19 23 1 94
19 23 2 36
19 23 3 38
19 23 4 103
19 23 5 41
19 23 6 65
19 23 7 68
19 23 8 32
19 23 9 42
19 23 10 77
19 23 11 73
19 23 12 45
19 23 13 30
19 23 14 1
19 23 15 80
19 23 16 44
19 23 17 96
19 23 18 50
19 23 19 31
19 23 20 83
19 23 21 82
19 23 22 60
19 23 23 107
19 23 24 95
19 23 25 12
19 23 26 66
19 23 27 18
19 23 28 6
19 23 29 35
19 23 30 51
19 23 31 64
19 23 32 105
19 23 33 57
19 23 34 84
19 23 35 16
19 23 36 0
19 24 0 93
19 24 1 26
19 24 2 56
19 24 3 102
19 24 4 98
19 24 5 90
19 24 6 62
19 24 7 6
19 24 8 63
19 24 9 76
19 24 10 84
19 24 11 92
19 24 12 31
19 24 13 1
19 24 14 79
19 24 15 87
19 24 16 59
19 24 17 67
19 24 18 2
19 24 19 71
19 24 20 46
19 24 21 61
19 24 22 106
19 24 23 94
19 24 24 34
19 24 25 44
19 24 26 12
19 24 27 15
19 24 28 0
19 24 29 37
19 24 30 75
19 24 31 104
19 24 32 72
19 24 33 83
19 24 34 27
19 24 35 5
19 24 36 23
19 25 0 5
19 25 1 39
19 25 2 48
19 25 3 55
19 25 4 89
19 25 5 49
19 25 6 21
19 25 7 72
19 25 8 65
19 25 9 83
19 25 10 91
19 25 11 27
19 25 12 25
19 25 13 78
19 25 14 86
19 25 15 54
19 25 16 69
19 25 17 31
19 25 18 81
19 25 19 53
19 25 20 66
19 25 21 105
19 25 22 93
19 25 23 11
19 25 24 50
19 25 25 24
19 25 26 30
19 25 27 10
19 25 28 87
19 25 29 70
19 25 30 103
19 25 31 95
19 25 32 58
19 25 33 16
19 25 34 28
19 25 35 3
19 25 36 45
19 26 0 75
19 26 1 100
19 26 2 55
19 26 3 88
19 26 4 87
19 26 5 29
19 26 6 101
19 26 7 74
19 26 8 64
19 26 9 60
19 26 10 22
19 26 11 8
19 26 12 77
19 26 13 39
19 26 14 43
19 26 15 56
19 26 16 6
19 26 17 80
19 26 18 65
19 26 19 108
19 26 20 104
19 26 21 40
19 26 22 24
19 26 23 53
19 26 24 14
19 26 25 23
19 26 26 16
19 26 27 86
19 26 28 38
19 26 29 102
19 26 30 94
19 26 31 81
19 26 32 21
19 26 33 10
19 26 34 3
19 26 35 46
19 26 36 32
19 27 0 99
19 27 1 95
19 27 2 59
19 27 3 86
19 27 4 27
19 27 5 69
19 27 6 67
19 27 7 81
19 27 8 54
19 27 9 1
19 27 10 10
19 27 11 76
19 27 12 84
19 27 13 92
19 27 14 37
19 27 15 5
19 27 16 79
19 27 17 57
19 27 18 46
19 27 19 103
19 27 20 73
19 27 21 31
19 27 22 75
19 27 23 35
19 27 24 7
19 27 25 25
19 27 26 40
19 27 27 63
19 27 28 101
19 27 29 93
19 27 30 80
19 27 31 33
19 27 32 15
19 27 33 34
19 27 34 90
19 27 35 9
19 27 36 50
19 28 0 94
19 28 1 43
19 28 2 61
19 28 3 33
19 28 4 58
19 28 5 34
19 28 6 80
19 28 7 44
19 28 8 24
19 28 9 3
19 28 10 66
19 28 11 83
19 28 12 91
19 28 13 101
19 28 14 17
19 28 15 78
19 28 16 62
19 28 17 73
19 28 18 102
19 28 19 90
19 28 20 12
19 28 21 64
19 28 22 1
19 28 23 36
19 28 24 5
19 28 25 84
19 28 26 108
19 28 27 100
19 28 28 56
19 28 29 79
19 28 30 26
19 28 31 29
19 28 32 23
19 28 33 89
19 28 34 7
19 28 35 52
19 28 36 49
19 29 0 85
19 29 1 84
19 29 2 18
19 29 3 98
19 29 4 65
19 29 5 79
19 29 6 87
19 29 7 25
19 29 8 34
19 29 9 74
19 29 10 52
19 29 11 67
19 29 12 50
19 29 13 8
19 29 14 77
19 29 15 71
19 29 16 56
19 29 17 43
19 29 18 89
19 29 19 20
19 29 20 59
19 29 21 4
19 29 22 17
19 29 23 10
19 29 24 83
19 29 25 70
19 29 26 99
19 29 27 38
19 29 28 78
19 29 29 2
19 29 30 15
19 29 31 14
19 29 32 88
19 29 33 29
19 29 34 73
19 29 35 97
19 29 36 93
19 30 0 83
19 30 1 21
19 30 2 54
19 30 3 107
19 30 4 78
19 30 5 86
19 30 6 29
19 30 7 18
19 30 8 46
19 30 9 81
19 30 10 47
19 30 11 48
19 30 12 32
19 30 13 76
19 30 14 75
19 30 15 60
19 30 16 100
19 30 17 88
19 30 18 35
19 30 19 61
19 30 20 17
19 30 21 9
19 30 22 22
19 30 23 41
19 30 24 55
19 30 25 98
19 30 26 90
19 30 27 77
19 30 28 2
19 30 29 30
19 30 30 33
19 30 31 43
19 30 32 4
19 30 33 108
19 30 34 96
19 30 35 45
19 30 36 53
19 31 0 10
19 31 1 45
19 31 2 106
19 31 3 77
19 31 4 43
19 31 5 32
19 31 6 12
19 31 7 2
19 31 8 80
19 31 9 57
19 31 10 98
19 31 11 1
19 31 12 47
19 31 13 54
19 31 14 62
19 31 15 99
19 31 16 64
19 31 17 20
19 31 18 108
19 31 19 4
19 31 20 25
19 31 21 3
19 31 22 81
19 31 23 72
19 31 24 97
19 31 25 89
19 31 26 76
19 31 27 22
19 31 28 16
19 31 29 13
19 31 30 61
19 31 31 17
19 31 32 70
19 31 33 65
19 31 34 66
19 31 35 59
19 31 36 41
19 32 0 95
19 32 1 105
19 32 2 76
19 32 3 84
19 32 4 34
19 32 5 0
19 32 6 61
19 32 7 79
19 32 8 87
19 32 9 65
19 32 10 23
19 32 11 74
19 32 12 43
19 32 13 44
19 32 14 70
19 32 15 57
19 32 16 25
19 32 17 56
19 32 18 28
19 32 19 15
19 32 20 16
19 32 21 80
19 32 22 45
19 32 23 96
19 32 24 88
19 32 25 63
19 32 26 27
19 32 27 21
19 32 28 24
19 32 29 85
19 32 30 14
19 32 31 60
19 32 32 54
19 32 33 90
19 32 34 82
19 32 35 81
19 32 36 22
19 33 0 104
19 33 1 65
19 33 2 83
19 33 3 36
19 33 4 10
19 33 5 107
19 33 6 78
19 33 7 86
19 33 8 43
19 33 9 31
19 33 10 62
19 33 11 49
19 33 12 101
19 33 13 97
19 33 14 85
19 33 15 35
19 33 16 70
19 33 17 33
19 33 18 25
19 33 19 3
19 33 20 79
19 33 21 72
19 33 22 95
19 33 23 46
19 33 24 74
19 33 25 20
19 33 26 11
19 33 27 13
19 33 28 61
19 33 29 12
19 33 30 64
19 33 31 54
19 33 32 89
19 33 33 53
19 33 34 80
19 33 35 6
19 33 36 94
19 34 0 74
19 34 1 44
19 34 2 35
19 34 3 11
19 34 4 106
19 34 5 77
19 34 6 73
19 34 7 95
19 34 8 36
19 34 9 7
19 34 10 108
19 34 11 52
19 34 12 96
19 34 13 38
19 34 14 15
19 34 15 41
19 34 16 8
19 34 17 1
19 34 18 30
19 34 19 78
19 34 20 49
19 34 21 94
19 34 22 66
19 34 23 55
19 34 24 28
19 34 25 26
19 34 26 6
19 34 27 70
19 34 28 17
19 34 29 51
19 34 30 92
19 34 31 88
19 34 32 67
19 34 33 79
19 34 34 32
19 34 35 93
19 34 36 103
19 35 0 81
19 35 1 36
19 35 2 11
19 35 3 105
19 35 4 76
19 35 5 84
19 35 6 94
19 35 7 24
19 35 8 71
19 35 9 47
19 35 10 53
19 35 11 44
19 35 12 37
19 35 13 15
19 35 14 61
19 35 15 32
19 35 16 10
19 35 17 4
19 35 18 77
19 35 19 101
19 35 20 93
19 35 21 85
19 35 22 21
19 35 23 8
19 35 24 23
19 35 25 7
19 35 26 82
19 35 27 27
19 35 28 62
19 35 29 91
19 35 30 60
19 35 31 57
19 35 32 78
19 35 33 22
19 35 34 70
19 35 35 102
19 35 36 48
19 36 0 24
19 36 1 9
19 36 2 104
19 36 3 40
19 36 4 83
19 36 5 93
19 36 6 5
19 36 7 107
19 36 8 70
19 36 9 98
19 36 10 58
19 36 11 82
19 36 12 6
19 36 13 64
19 36 14 14
19 36 15 7
19 36 16 12
19 36 17 76
19 36 18 39
19 36 19 92
19 36 20 63
19 36 21 46
19 36 22 34
19 36 23 29
19 36 24 21
19 36 25 50
19 36 26 22
19 36 27 55
19 36 28 72
19 36 29 44
19 36 30 67
19 36 31 77
19 36 32 10
19 36 33 43
19 36 34 38
19 36 35 35
19 36 36 80
20 0 0 104
20 0 1 41
20 0 2 83
20 0 3 93
20 0 4 6
20 0 5 107
20 0 6 71
20 0 7 98
20 0 8 59
20 0 9 82
20 0 10 7
20 0 11 65
20 0 12 15
20 0 13 8
20 0 14 13
20 0 15 76
20 0 16 40
20 0 17 92
20 0 18 64
20 0 19 47
20 0 20 35
20 0 21 30
20 0 22 22
20 0 23 51
20 0 24 23
20 0 25 56
20 0 26 73
20 0 27 45
20 0 28 68
20 0 29 77
20 0 30 11
20 0 31 44
20 0 32 39
20 0 33 36
20 0 34 80
20 0 35 25
20 0 36 10
20 1 0 74
20 1 1 38
20 1 2 70
20 1 3 7
20 1 4 106
20 1 5 46
20 1 6 69
20 1 7 41
20 1 8 58
20 1 9 13
20 1 10 63
20 1 11 25
20 1 12 34
20 1 13 0
20 1 14 67
20 1 15 50
20 1 16 91
20 1 17 37
20 1 18 107
20 1 19 23
20 1 20 33
20 1 21 18
20 1 22 49
20 1 23 14
20 1 24 101
20 1 25 55
20 1 26 85
20 1 27 43
20 1 28 76
20 1 29 4
20 1 30 90
20 1 31 100
20 1 32 73
20 1 33 79
20 1 34 27
20 1 35 17
20 1 36 103
20 2 0 81
20 2 1 43
20 2 2 36
20 2 3 105
20 2 4 56
20 2 5 53
20 2 6 92
20 2 7 51
20 2 8 26
20 2 9 101
20 2 10 22
20 2 11 7
20 2 12 17
20 2 13 74
20 2 14 98
20 2 15 90
20 2 16 82
20 2 17 106
20 2 18 3
20 2 19 6
20 2 20 15
20 2 21 52
20 2 22 27
20 2 23 39
20 2 24 69
20 2 25 60
20 2 26 66
20 2 27 42
20 2 28 33
20 2 29 89
20 2 30 99
20 2 31 107
20 2 32 78
20 2 33 23
20 2 34 13
20 2 35 102
20 2 36 65
20 3 0 90
20 3 1 29
20 3 2 104
20 3 3 46
20 3 4 95
20 3 5 91
20 3 6 62
20 3 7 17
20 3 8 43
20 3 9 18
20 3 10 10
20 3 11 5
20 3 12 58
20 3 13 47
20 3 14 89
20 3 15 64
20 3 16 105
20 3 17 27
20 3 18 32
20 3 19 25
20 3 20 72
20 3 21 33
20 3 22 38
20 3 23 87
20 3 24 61
20 3 25 75
20 3 26 74
20 3 27 34
20 3 28 88
20 3 29 40
20 3 30 106
20 3 31 77
20 3 32 30
20 3 33 15
20 3 34 69
20 3 35 4
20 3 36 80
20 4 0 17
20 4 1 103
20 4 2 60
20 4 3 94
20 4 4 59
20 4 5 49
20 4 6 12
20 4 7 52
20 4 8 32
20 4 9 16
20 4 10 31
20 4 11 18
20 4 12 67
20 4 13 88
20 4 14 41
20 4 15 104
20 4 16 35
20 4 17 29
20 4 18 7
20 4 19 43
20 4 20 24
20 4 21 98
20 4 22 86
20 4 23 82
20 4 24 64
20 4 25 51
20 4 26 15
20 4 27 70
20 4 28 97
20 4 29 105
20 4 30 76
20 4 31 28
20 4 32 3
20 4 33 100
20 4 34 48
20 4 35 79
20 4 36 89
20 5 0 102
20 5 1 101
20 5 2 93
20 5 3 59
20 5 4 53
20 5 5 22
20 5 6 98
20 5 7 33
20 5 8 13
20 5 9 11
20 5 10 50
20 5 11 95
20 5 12 87
20 5 13 68
20 5 14 103
20 5 15 9
20 5 16 1
20 5 17 31
20 5 18 57
20 5 19 24
20 5 20 56
20 5 21 43
20 5 22 69
20 5 23 70
20 5 24 32
20 5 25 3
20 5 26 48
20 5 27 96
20 5 28 104
20 5 29 52
20 5 30 28
20 5 31 4
20 5 32 99
20 5 33 107
20 5 34 78
20 5 35 88
20 5 36 7
20 6 0 54
20 6 1 47
20 6 2 48
20 6 3 43
20 6 4 27
20 6 5 52
20 6 6 26
20 6 7 28
20 6 8 19
20 6 9 107
20 6 10 94
20 6 11 86
20 6 12 41
20 6 13 102
20 6 14 36
20 6 15 14
20 6 16 6
20 6 17 75
20 6 18 4
20 6 19 49
20 6 20 84
20 6 21 51
20 6 22 59
20 6 23 66
20 6 24 8
20 6 25 85
20 6 26 56
20 6 27 103
20 6 28 74
20 6 29 29
20 6 30 3
20 6 31 70
20 6 32 106
20 6 33 77
20 6 34 68
20 6 35 33
20 6 36 72
20 7 0 68
20 7 1 87
20 7 2 75
20 7 3 25
20 7 4 70
20 7 5 15
20 7 6 18
20 7 7 12
20 7 8 106
20 7 9 93
20 7 10 85
20 7 11 58
20 7 12 72
20 7 13 23
20 7 14 24
20 7 15 11
20 7 16 52
20 7 17 14
20 7 18 95
20 7 19 83
20 7 20 53
20 7 21 108
20 7 22 107
20 7 23 16
20 7 24 65
20 7 25 66
20 7 26 102
20 7 27 67
20 7 28 2
20 7 29 5
20 7 30 97
20 7 31 105
20 7 32 76
20 7 33 59
20 7 34 17
20 7 35 100
20 7 36 60
20 8 0 86
20 8 1 40
20 8 2 22
20 8 3 95
20 8 4 26
20 8 5 23
20 8 6 17
20 8 7 105
20 8 8 38
20 8 9 84
20 8 10 43
20 8 11 100
20 8 12 36
20 8 13 14
20 8 14 35
20 8 15 54
20 8 16 19
20 8 17 94
20 8 18 70
20 8 19 57
20 8 20 42
20 8 21 106
20 8 22 1
20 8 23 63
20 8 24 46
20 8 25 61
20 8 26 0
20 8 27 27
20 8 28 7
20 8 29 96
20 8 30 104
20 8 31 48
20 8 32 85
20 8 33 29
20 8 34 99
20 8 35 98
20 8 36 90
20 9 0 61
20 9 1 35
20 9 2 94
20 9 3 6
20 9 4 9
20 9 5 0
20 9 6 104
20 9 7 57
20 9 8 83
20 9 9 75
20 9 10 99
20 9 11 17
20 9 12 30
20 9 13 22
20 9 14 49
20 9 15 4
20 9 16 93
20 9 17 81
20 9 18 40
20 9 19 51
20 9 20 105
20 9 21 7
20 9 22 82
20 9 23 92
20 9 24 100
20 9 25 47
20 9 26 21
20 9 27 10
20 9 28 69
20 9 29 103
20 9 30 74
20 9 31 55
20 9 32 18
20 9 33 52
20 9 34 70
20 9 35 89
20 9 36 64
20 10 0 10
20 10 1 93
20 10 2 25
20 10 3 24
20 10 4 0
20 10 5 103
20 10 6 90
20 10 7 82
20 10 8 50
20 10 9 73
20 10 10 29
20 10 11 22
20 10 12 35
20 10 13 108
20 10 14 19
20 10 15 40
20 10 16 80
20 10 17 67
20 10 18 56
20 10 19 104
20 10 20 31
20 10 21 39
20 10 22 91
20 10 23 99
20 10 24 107
20 10 25 5
20 10 26 14
20 10 27 59
20 10 28 102
20 10 29 46
20 10 30 44
20 10 31 21
20 10 32 97
20 10 33 54
20 10 34 88
20 10 35 84
20 10 36 63
20 11 0 67
20 11 1 16
20 11 2 10
20 11 3 13
20 11 4 102
20 11 5 89
20 11 6 81
20 11 7 38
20 11 8 97
20 11 9 34
20 11 10 3
20 11 11 1
20 11 12 60
20 11 13 27
20 11 14 73
20 11 15 79
20 11 16 75
20 11 17 48
20 11 18 103
20 11 19 22
20 11 20 57
20 11 21 70
20 11 22 37
20 11 23 106
20 11 24 36
20 11 25 15
20 11 26 53
20 11 27 49
20 11 28 5
20 11 29 82
20 11 30 6
20 11 31 96
20 11 32 95
20 11 33 58
20 11 34 83
20 11 35 108
20 11 36 32
20 12 0 5
20 12 1 24
20 12 2 6
20 12 3 55
20 12 4 88
20 12 5 80
20 12 6 43
20 12 7 96
20 12 8 14
20 12 9 32
20 12 10 4
20 12 11 63
20 12 12 8
20 12 13 90
20 12 14 78
20 12 15 47
20 12 16 60
20 12 17 102
20 12 18 34
20 12 19 44
20 12 20 59
20 12 21 97
20 12 22 105
20 12 23 29
20 12 24 1
20 12 25 92
20 12 26 100
20 12 27 48
20 12 28 41
20 12 29 12
20 12 30 64
20 12 31 94
20 12 32 58
20 12 33 65
20 12 34 37
20 12 35 30
20 12 36 68
20 13 0 29
20 13 1 18
20 13 2 100
20 13 3 41
20 13 4 79
20 13 5 108
20 13 6 39
20 13 7 23
20 13 8 16
20 13 9 25
20 13 10 69
20 13 11 15
20 13 12 89
20 13 13 77
20 13 14 52
20 13 15 67
20 13 16 42
20 13 17 33
20 13 18 46
20 13 19 54
20 13 20 96
20 13 21 104
20 13 22 31
20 13 23 17
20 13 24 91
20 13 25 99
20 13 26 107
20 13 27 50
20 13 28 10
20 13 29 51
20 13 30 93
20 13 31 85
20 13 32 81
20 13 33 57
20 13 34 7
20 13 35 90
20 13 36 36
20 14 0 23
20 14 1 99
20 14 2 56
20 14 3 78
20 14 4 49
20 14 5 62
20 14 6 29
20 14 7 9
20 14 8 15
20 14 9 47
20 14 10 28
20 14 11 88
20 14 12 76
20 14 13 53
20 14 14 101
20 14 15 100
20 14 16 8
20 14 17 63
20 14 18 87
20 14 19 69
20 14 20 103
20 14 21 14
20 14 22 12
20 14 23 68
20 14 24 40
20 14 25 106
20 14 26 71
20 14 27 18
20 14 28 45
20 14 29 48
20 14 30 72
20 14 31 80
20 14 32 38
20 14 33 34
20 14 34 89
20 14 35 36
20 14 36 11
20 15 0 37
20 15 1 85
20 15 2 77
20 15 3 64
20 15 4 73
20 15 5 2
20 15 6 24
20 15 7 27
20 15 8 72
20 15 9 5
20 15 10 39
20 15 11 61
20 15 12 108
20 15 13 46
20 15 14 99
20 15 15 0
20 15 16 71
20 15 17 86
20 15 18 51
20 15 19 102
20 15 20 1
20 15 21 8
20 15 22 40
20 15 23 97
20 15 24 105
20 15 25 58
20 15 26 33
20 15 27 92
20 15 28 47
20 15 29 49
20 15 30 79
20 15 31 69
20 15 32 13
20 15 33 88
20 15 34 16
20 15 35 34
20 15 36 12
20 16 0 58
20 16 1 76
20 16 2 68
20 16 3 92
20 16 4 4
20 16 5 33
20 16 6 21
20 16 7 62
20 16 8 27
20 16 9 67
20 16 10 74
20 16 11 53
20 16 12 51
20 16 13 71
20 16 14 8
20 16 15 75
20 16 16 72
20 16 17 60
20 16 18 42
20 16 19 1
20 16 20 9
20 16 21 69
20 16 22 96
20 16 23 104
20 16 24 59
20 16 25 7
20 16 26 91
20 16 27 90
20 16 28 82
20 16 29 78
20 16 30 49
20 16 31 3
20 16 32 66
20 16 33 13
20 16 34 2
20 16 35 23
20 16 36 97
20 17 0 75
20 17 1 50
20 17 2 91
20 17 3 2
20 17 4 35
20 17 5 21
20 17 6 101
20 17 7 13
20 17 8 85
20 17 9 71
20 17 10 45
20 17 11 98
20 17 12 97
20 17 13 30
20 17 14 44
20 17 15 84
20 17 16 92
20 17 17 100
20 17 18 1
20 17 19 11
20 17 20 87
20 17 21 40
20 17 22 103
20 17 23 65
20 17 24 24
20 17 25 41
20 17 26 89
20 17 27 46
20 17 28 77
20 17 29 39
20 17 30 8
20 17 31 51
20 17 32 15
20 17 33 16
20 17 34 25
20 17 35 96
20 17 36 53
20 18 0 59
20 18 1 73
20 18 2 15
20 18 3 3
20 18 4 8
20 18 5 42
20 18 6 4
20 18 7 71
20 18 8 29
20 18 9 62
20 18 10 57
20 18 11 96
20 18 12 19
20 18 13 50
20 18 14 83
20 18 15 91
20 18 16 99
20 18 17 1
20 18 18 35
20 18 19 86
20 18 20 38
20 18 21 102
20 18 22 75
20 18 23 2
20 18 24 54
20 18 25 88
20 18 26 49
20 18 27 76
20 18 28 101
20 18 29 21
20 18 30 85
20 18 31 26
20 18 32 23
20 18 33 24
20 18 34 56
20 18 35 82
20 18 36 74
20 19 0 48
20 19 1 19
20 19 2 32
20 19 3 10
20 19 4 47
20 19 5 13
20 19 6 56
20 19 7 72
20 19 8 65
20 19 9 51
20 19 10 40
20 19 11 12
20 19 12 46
20 19 13 45
20 19 14 59
20 19 15 73
20 19 16 2
20 19 17 3
20 19 18 41
20 19 19 55
20 19 20 69
20 19 21 68
20 19 22 0
20 19 23 37
20 19 24 63
20 19 25 49
20 19 26 42
20 19 27 58
20 19 28 35
20 19 29 67
20 19 30 9
20 19 31 18
20 19 32 31
20 19 33 66
20 19 34 71
20 19 35 57
20 19 36 43
20 20 0 34
20 20 1 14
20 20 2 31
20 20 3 98
20 20 4 28
20 20 5 82
20 20 6 107
20 20 7 65
20 20 8 95
20 20 9 60
20 20 10 19
20 20 11 108
20 20 12 81
20 20 13 39
20 20 14 97
20 20 15 30
20 20 16 10
20 20 17 84
20 20 18 92
20 20 19 100
20 20 20 64
20 20 21 21
20 20 22 87
20 20 23 57
20 20 24 52
20 20 25 74
20 20 26 43
20 20 27 12
20 20 28 72
20 20 29 9
20 20 30 26
20 20 31 6
20 20 32 41
20 20 33 55
20 20 34 20
20 20 35 101
20 20 36 58
20 21 0 22
20 21 1 31
20 21 2 63
20 21 3 5
20 21 4 38
20 21 5 106
20 21 6 68
20 21 7 94
20 21 8 73
20 21 9 3
20 21 10 49
20 21 11 80
20 21 12 37
20 21 13 96
20 21 14 0
20 21 15 1
20 21 16 83
20 21 17 91
20 21 18 99
20 21 19 70
20 21 20 28
20 21 21 86
20 21 22 85
20 21 23 69
20 21 24 43
20 21 25 98
20 21 26 27
20 21 27 82
20 21 28 30
20 21 29 8
20 21 30 21
20 21 31 92
20 21 32 64
20 21 33 108
20 21 34 61
20 21 35 87
20 21 36 9
20 22 0 14
20 22 1 48
20 22 2 19
20 22 3 65
20 22 4 105
20 22 5 101
20 22 6 93
20 22 7 92
20 22 8 1
20 22 9 55
20 22 10 79
20 22 11 87
20 22 12 45
20 22 13 5
20 22 14 2
20 22 15 72
20 22 16 54
20 22 17 42
20 22 18 108
20 22 19 21
20 22 20 43
20 22 21 63
20 22 22 61
20 22 23 11
20 22 24 47
20 22 25 36
20 22 26 52
20 22 27 32
20 22 28 0
20 22 29 25
20 22 30 91
20 22 31 46
20 22 32 107
20 22 33 56
20 22 34 86
20 22 35 16
20 22 36 17
20 23 0 95
20 23 1 32
20 23 2 45
20 23 3 104
20 23 4 65
20 23 5 67
20 23 6 91
20 23 7 16
20 23 8 56
20 23 9 78
20 23 10 86
20 23 11 37
20 23 12 29
20 23 13 2
20 23 14 81
20 23 15 63
20 23 16 97
20 23 17 43
20 23 18 10
20 23 19 84
20 23 20 68
20 23 21 75
20 23 22 53
20 23 23 38
20 23 24 27
20 23 25 42
20 23 26 19
20 23 27 5
20 23 28 1
20 23 29 41
20 23 30 50
20 23 31 106
20 23 32 98
20 23 33 40
20 23 34 15
20 23 35 24
20 23 36 25
20 24 0 0
20 24 1 39
20 24 2 103
20 24 3 42
20 24 4 66
20 24 5 69
20 24 6 33
20 24 7 43
20 24 8 77
20 24 9 37
20 24 10 46
20 24 11 31
20 24 12 2
20 24 13 80
20 24 14 45
20 24 15 96
20 24 16 51
20 24 17 32
20 24 18 83
20 24 19 82
20 24 20 61
20 24 21 107
20 24 22 95
20 24 23 13
20 24 24 67
20 24 25 19
20 24 26 7
20 24 27 36
20 24 28 52
20 24 29 65
20 24 30 105
20 24 31 58
20 24 32 84
20 24 33 17
20 24 34 1
20 24 35 27
20 24 36 94
20 25 0 57
20 25 1 102
20 25 2 98
20 25 3 90
20 25 4 63
20 25 5 7
20 25 6 64
20 25 7 76
20 25 8 84
20 25 9 92
20 25 10 32
20 25 11 2
20 25 12 79
20 25 13 87
20 25 14 60
20 25 15 68
20 25 16 3
20 25 17 72
20 25 18 47
20 25 19 62
20 25 20 106
20 25 21 94
20 25 22 35
20 25 23 45
20 25 24 13
20 25 25 16
20 25 26 1
20 25 27 38
20 25 28 75
20 25 29 104
20 25 30 73
20 25 31 83
20 25 32 28
20 25 33 6
20 25 34 24
20 25 35 93
20 25 36 27
20 26 0 49
20 26 1 56
20 26 2 89
20 26 3 50
20 26 4 22
20 26 5 73
20 26 6 66
20 26 7 83
20 26 8 91
20 26 9 28
20 26 10 26
20 26 11 78
20 26 12 86
20 26 13 55
20 26 14 70
20 26 15 32
20 26 16 81
20 26 17 54
20 26 18 67
20 26 19 105
20 26 20 93
20 26 21 12
20 26 22 51
20 26 23 25
20 26 24 31
20 26 25 11
20 26 26 87
20 26 27 71
20 26 28 103
20 26 29 95
20 26 30 59
20 26 31 17
20 26 32 29
20 26 33 4
20 26 34 46
20 26 35 6
20 26 36 40
20 27 0 56
20 27 1 88
20 27 2 87
20 27 3 30
20 27 4 101
20 27 5 74
20 27 6 65
20 27 7 61
20 27 8 23
20 27 9 9
20 27 10 77
20 27 11 40
20 27 12 44
20 27 13 57
20 27 14 7
20 27 15 80
20 27 16 66
20 27 17 108
20 27 18 104
20 27 19 41
20 27 20 25
20 27 21 54
20 27 22 15
20 27 23 24
20 27 24 17
20 27 25 86
20 27 26 39
20 27 27 102
20 27 28 94
20 27 29 81
20 27 30 22
20 27 31 11
20 27 32 4
20 27 33 47
20 27 34 33
20 27 35 75
20 27 36 100
20 28 0 60
20 28 1 86
20 28 2 28
20 28 3 70
20 28 4 68
20 28 5 81
20 28 6 55
20 28 7 2
20 28 8 11
20 28 9 76
20 28 10 84
20 28 11 92
20 28 12 38
20 28 13 6
20 28 14 79
20 28 15 58
20 28 16 47
20 28 17 103
20 28 18 37
20 28 19 32
20 28 20 75
20 28 21 36
20 28 22 8
20 28 23 26
20 28 24 41
20 28 25 64
20 28 26 101
20 28 27 93
20 28 28 80
20 28 29 34
20 28 30 16
20 28 31 35
20 28 32 90
20 28 33 10
20 28 34 51
20 28 35 99
20 28 36 95
20 29 0 62
20 29 1 34
20 29 2 59
20 29 3 35
20 29 4 80
20 29 5 45
20 29 6 25
20 29 7 4
20 29 8 67
20 29 9 83
20 29 10 91
20 29 11 101
20 29 12 18
20 29 13 78
20 29 14 63
20 29 15 37
20 29 16 102
20 29 17 90
20 29 18 13
20 29 19 65
20 29 20 2
20 29 21 0
20 29 22 6
20 29 23 84
20 29 24 108
20 29 25 100
20 29 26 57
20 29 27 79
20 29 28 27
20 29 29 30
20 29 30 24
20 29 31 89
20 29 32 8
20 29 33 53
20 29 34 50
20 29 35 94
20 29 36 44
20 30 0 19
20 30 1 98
20 30 2 66
20 30 3 79
20 30 4 87
20 30 5 26
20 30 6 35
20 30 7 74
20 30 8 53
20 30 9 68
20 30 10 51
20 30 11 9
20 30 12 77
20 30 13 72
20 30 14 57
20 30 15 44
20 30 16 89
20 30 17 21
20 30 18 60
20 30 19 5
20 30 20 18
20 30 21 11
20 30 22 83
20 30 23 71
20 30 24 99
20 30 25 39
20 30 26 78
20 30 27 3
20 30 28 16
20 30 29 15
20 30 30 88
20 30 31 30
20 30 32 37
20 30 33 97
20 30 34 93
20 30 35 85
20 30 36 84
20 31 0 55
20 31 1 107
20 31 2 78
20 31 3 86
20 31 4 30
20 31 5 19
20 31 6 47
20 31 7 81
20 31 8 48
20 31 9 49
20 31 10 33
20 31 11 76
20 31 12 75
20 31 13 61
20 31 14 100
20 31 15 88
20 31 16 36
20 31 17 62
20 31 18 18
20 31 19 10
20 31 20 23
20 31 21 42
20 31 22 56
20 31 23 98
20 31 24 90
20 31 25 77
20 31 26 3
20 31 27 31
20 31 28 34
20 31 29 44
20 31 30 5
20 31 31 108
20 31 32 96
20 31 33 46
20 31 34 54
20 31 35 83
20 31 36 22
20 32 0 106
20 32 1 77
20 32 2 44
20 32 3 33
20 32 4 13
20 32 5 3
20 32 6 80
20 32 7 58
20 32 8 98
20 32 9 2
20 32 10 48
20 32 11 55
20 32 12 63
20 32 13 99
20 32 14 65
20 32 15 21
20 32 16 108
20 32 17 5
20 32 18 26
20 32 19 4
20 32 20 81
20 32 21 73
20 32 22 97
20 32 23 89
20 32 24 76
20 32 25 23
20 32 26 17
20 32 27 14
20 32 28 62
20 32 29 18
20 32 30 71
20 32 31 66
20 32 32 67
20 32 33 60
20 32 34 42
20 32 35 11
20 32 36 46
20 33 0 76
20 33 1 84
20 33 2 35
20 33 3 1
20 33 4 62
20 33 5 79
20 33 6 87
20 33 7 66
20 33 8 24
20 33 9 74
20 33 10 44
20 33 11 45
20 33 12 71
20 33 13 58
20 33 14 26
20 33 15 57
20 33 16 29
20 33 17 16
20 33 18 17
20 33 19 80
20 33 20 46
20 33 21 96
20 33 22 88
20 33 23 64
20 33 24 28
20 33 25 22
20 33 26 25
20 33 27 85
20 33 28 15
20 33 29 61
20 33 30 55
20 33 31 90
20 33 32 82
20 33 33 81
20 33 34 23
20 33 35 95
20 33 36 105
20 34 0 83
20 34 1 0
20 34 2 11
20 34 3 107
20 34 4 78
20 34 5 86
20 34 6 44
20 34 7 32
20 34 8 63
20 34 9 50
20 34 10 101
20 34 11 97
20 34 12 85
20 34 13 36
20 34 14 71
20 34 15 34
20 34 16 26
20 34 17 4
20 34 18 79
20 34 19 73
20 34 20 95
20 34 21 47
20 34 22 74
20 34 23 21
20 34 24 12
20 34 25 14
20 34 26 62
20 34 27 13
20 34 28 65
20 34 29 55
20 34 30 89
20 34 31 54
20 34 32 80
20 34 33 7
20 34 34 94
20 34 35 104
20 34 36 66
20 35 0 36
20 35 1 12
20 35 2 106
20 35 3 77
20 35 4 37
20 35 5 95
20 35 6 0
20 35 7 8
20 35 8 108
20 35 9 53
20 35 10 96
20 35 11 39
20 35 12 16
20 35 13 42
20 35 14 9
20 35 15 2
20 35 16 31
20 35 17 78
20 35 18 50
20 35 19 94
20 35 20 67
20 35 21 56
20 35 22 29
20 35 23 27
20 35 24 7
20 35 25 71
20 35 26 18
20 35 27 52
20 35 28 92
20 35 29 88
20 35 30 68
20 35 31 79
20 35 32 33
20 35 33 93
20 35 34 103
20 35 35 74
20 35 36 45
20 36 0 12
20 36 1 105
20 36 2 76
20 36 3 84
20 36 4 94
20 36 5 25
20 36 6 72
20 36 7 48
20 36 8 54
20 36 9 45
20 36 10 38
20 36 11 16
20 36 12 62
20 36 13 33
20 36 14 11
20 36 15 5
20 36 16 77
20 36 17 101
20 36 18 93
20 36 19 85
20 36 20 22
20 36 21 9
20 36 22 24
20 36 23 8
20 36 24 82
20 36 25 28
20 36 26 63
20 36 27 91
20 36 28 61
20 36 29 58
20 36 30 78
20 36 31 23
20 36 32 71
20 36 33 102
20 36 34 49
20 36 35 81
20 36 36 0
21 0 0 76
21 0 1 84
21 0 2 94
21 0 3 26
21 0 4 73
21 0 5 49
21 0 6 55
21 0 7 46
21 0 8 39
21 0 9 17
21 0 10 63
21 0 11 34
21 0 12 12
21 0 13 6
21 0 14 77
21 0 15 101
21 0 16 93
21 0 17 85
21 0 18 23
21 0 19 10
21 0 20 25
21 0 21 9
21 0 22 82
21 0 23 29
21 0 24 64
21 0 25 91
21 0 26 62
21 0 27 59
21 0 28 78
21 0 29 24
21 0 30 72
21 0 31 102
21 0 32 50
21 0 33 81
21 0 34 1
21 0 35 13
21 0 36 105
21 1 0 83
21 1 1 93
21 1 2 7
21 1 3 107
21 1 4 72
21 1 5 98
21 1 6 60
21 1 7 82
21 1 8 8
21 1 9 66
21 1 10 16
21 1 11 9
21 1 12 14
21 1 13 76
21 1 14 41
21 1 15 92
21 1 16 65
21 1 17 48
21 1 18 36
21 1 19 31
21 1 20 23
21 1 21 52
21 1 22 24
21 1 23 57
21 1 24 37
21 1 25 46
21 1 26 69
21 1 27 77
21 1 28 12
21 1 29 45
21 1 30 40
21 1 31 0
21 1 32 80
21 1 33 26
21 1 34 11
21 1 35 104
21 1 36 42
21 2 0 71
21 2 1 8
21 2 2 106
21 2 3 47
21 2 4 70
21 2 5 42
21 2 6 59
21 2 7 14
21 2 8 64
21 2 9 26
21 2 10 35
21 2 11 1
21 2 12 68
21 2 13 51
21 2 14 91
21 2 15 38
21 2 16 107
21 2 17 24
21 2 18 34
21 2 19 19
21 2 20 50
21 2 21 15
21 2 22 101
21 2 23 56
21 2 24 85
21 2 25 44
21 2 26 76
21 2 27 5
21 2 28 90
21 2 29 100
21 2 30 37
21 2 31 79
21 2 32 28
21 2 33 18
21 2 34 103
21 2 35 74
21 2 36 39
21 3 0 0
21 3 1 105
21 3 2 57
21 3 3 54
21 3 4 92
21 3 5 52
21 3 6 27
21 3 7 101
21 3 8 23
21 3 9 8
21 3 10 18
21 3 11 74
21 3 12 98
21 3 13 90
21 3 14 82
21 3 15 106
21 3 16 4
21 3 17 7
21 3 18 16
21 3 19 53
21 3 20 28
21 3 21 40
21 3 22 70
21 3 23 61
21 3 24 67
21 3 25 43
21 3 26 34
21 3 27 89
21 3 28 99
21 3 29 107
21 3 30 78
21 3 31 24
21 3 32 14
21 3 33 102
21 3 34 66
21 3 35 81
21 3 36 44
21 4 0 104
21 4 1 47
21 4 2 95
21 4 3 91
21 4 4 63
21 4 5 18
21 4 6 44
21 4 7 19
21 4 8 11
21 4 9 6
21 4 10 59
21 4 11 48
21 4 12 89
21 4 13 65
21 4 14 105
21 4 15 28
21 4 16 33
21 4 17 26
21 4 18 73
21 4 19 34
21 4 20 39
21 4 21 87
21 4 22 62
21 4 23 75
21 4 24 74
21 4 25 35
21 4 26 88
21 4 27 41
21 4 28 106
21 4 29 77
21 4 30 31
21 4 31 16
21 4 32 70
21 4 33 5
21 4 34 80
21 4 35 90
21 4 36 30
21 5 0 61
21 5 1 94
21 5 2 60
21 5 3 50
21 5 4 13
21 5 5 53
21 5 6 33
21 5 7 17
21 5 8 32
21 5 9 19
21 5 10 68
21 5 11 88
21 5 12 42
21 5 13 104
21 5 14 36
21 5 15 30
21 5 16 8
21 5 17 44
21 5 18 25
21 5 19 98
21 5 20 86
21 5 21 82
21 5 22 65
21 5 23 52
21 5 24 16
21 5 25 71
21 5 26 97
21 5 27 105
21 5 28 76
21 5 29 29
21 5 30 4
21 5 31 100
21 5 32 49
21 5 33 79
21 5 34 89
21 5 35 18
21 5 36 103
21 6 0 93
21 6 1 60
21 6 2 54
21 6 3 23
21 6 4 98
21 6 5 34
21 6 6 14
21 6 7 12
21 6 8 51
21 6 9 95
21 6 10 87
21 6 11 69
21 6 12 103
21 6 13 10
21 6 14 2
21 6 15 32
21 6 16 58
21 6 17 25
21 6 18 57
21 6 19 44
21 6 20 70
21 6 21 71
21 6 22 33
21 6 23 4
21 6 24 49
21 6 25 96
21 6 26 104
21 6 27 53
21 6 28 29
21 6 29 5
21 6 30 99
21 6 31 107
21 6 32 78
21 6 33 88
21 6 34 8
21 6 35 102
21 6 36 101
21 7 0 49
21 7 1 44
21 7 2 28
21 7 3 53
21 7 4 27
21 7 5 29
21 7 6 20
21 7 7 107
21 7 8 94
21 7 9 86
21 7 10 42
21 7 11 102
21 7 12 0
21 7 13 15
21 7 14 7
21 7 15 75
21 7 16 5
21 7 17 50
21 7 18 84
21 7 19 52
21 7 20 60
21 7 21 67
21 7 22 9
21 7 23 85
21 7 24 57
21 7 25 103
21 7 26 74
21 7 27 30
21 7 28 4
21 7 29 71
21 7 30 106
21 7 31 77
21 7 32 69
21 7 33 34
21 7 34 73
21 7 35 55
21 7 36 48
21 8 0 75
21 8 1 26
21 8 2 71
21 8 3 16
21 8 4 19
21 8 5 13
21 8 6 106
21 8 7 93
21 8 8 85
21 8 9 59
21 8 10 73
21 8 11 24
21 8 12 25
21 8 13 12
21 8 14 53
21 8 15 15
21 8 16 95
21 8 17 83
21 8 18 54
21 8 19 108
21 8 20 107
21 8 21 17
21 8 22 66
21 8 23 67
21 8 24 102
21 8 25 68
21 8 26 3
21 8 27 6
21 8 28 97
21 8 29 105
21 8 30 76
21 8 31 60
21 8 32 18
21 8 33 100
21 8 34 61
21 8 35 69
21 8 36 87
21 9 0 23
21 9 1 95
21 9 2 27
21 9 3 24
21 9 4 18
21 9 5 105
21 9 6 39
21 9 7 84
21 9 8 44
21 9 9 100
21 9 10 0
21 9 11 15
21 9 12 36
21 9 13 55
21 9 14 20
21 9 15 94
21 9 16 71
21 9 17 58
21 9 18 43
21 9 19 106
21 9 20 2
21 9 21 64
21 9 22 47
21 9 23 62
21 9 24 1
21 9 25 28
21 9 26 8
21 9 27 96
21 9 28 104
21 9 29 49
21 9 30 85
21 9 31 30
21 9 32 99
21 9 33 98
21 9 34 90
21 9 35 86
21 9 36 41
21 10 0 94
21 10 1 7
21 10 2 10
21 10 3 1
21 10 4 104
21 10 5 58
21 10 6 83
21 10 7 75
21 10 8 99
21 10 9 18
21 10 10 31
21 10 11 23
21 10 12 50
21 10 13 5
21 10 14 93
21 10 15 81
21 10 16 41
21 10 17 52
21 10 18 105
21 10 19 8
21 10 20 82
21 10 21 92
21 10 22 100
21 10 23 48
21 10 24 22
21 10 25 11
21 10 26 70
21 10 27 103
21 10 28 74
21 10 29 56
21 10 30 19
21 10 31 53
21 10 32 71
21 10 33 89
21 10 34 65
21 10 35 62
21 10 36 36
21 11 0 26
21 11 1 25
21 11 2 1
21 11 3 103
21 11 4 90
21 11 5 82
21 11 6 51
21 11 7 37
21 11 8 30
21 11 9 23
21 11 10 36
21 11 11 108
21 11 12 20
21 11 13 41
21 11 14 80
21 11 15 68
21 11 16 57
21 11 17 104
21 11 18 32
21 11 19 40
21 11 20 91
21 11 21 99
21 11 22 107
21 11 23 6
21 11 24 15
21 11 25 60
21 11 26 102
21 11 27 47
21 11 28 45
21 11 29 22
21 11 30 97
21 11 31 55
21 11 32 88
21 11 33 84
21 11 34 64
21 11 35 11
21 11 36 93
21 12 0 11
21 12 1 14
21 12 2 102
21 12 3 89
21 12 4 81
21 12 5 39
21 12 6 97
21 12 7 35
21 12 8 4
21 12 9 2
21 12 10 61
21 12 11 28
21 12 12 37
21 12 13 79
21 12 14 75
21 12 15 49
21 12 16 103
21 12 17 23
21 12 18 58
21 12 19 71
21 12 20 38
21 12 21 106
21 12 22 0
21 12 23 16
21 12 24 54
21 12 25 50
21 12 26 6
21 12 27 82
21 12 28 7
21 12 29 96
21 12 30 95
21 12 31 59
21 12 32 83
21 12 33 108
21 12 34 33
21 12 35 68
21 12 36 17
21 13 0 7
21 13 1 56
21 13 2 88
21 13 3 80
21 13 4 44
21 13 5 96
21 13 6 15
21 13 7 33
21 13 8 5
21 13 9 64
21 13 10 9
21 13 11 90
21 13 12 78
21 13 13 48
21 13 14 61
21 13 15 102
21 13 16 35
21 13 17 45
21 13 18 60
21 13 19 97
21 13 20 105
21 13 21 30
21 13 22 2
21 13 23 92
21 13 24 100
21 13 25 49
21 13 26 42
21 13 27 13
21 13 28 65
21 13 29 94
21 13 30 59
21 13 31 66
21 13 32 38
21 13 33 31
21 13 34 69
21 13 35 6
21 13 36 25
21 14 0 100
21 14 1 42
21 14 2 79
21 14 3 108
21 14 4 40
21 14 5 24
21 14 6 17
21 14 7 26
21 14 8 70
21 14 9 16
21 14 10 89
21 14 11 77
21 14 12 53
21 14 13 68
21 14 14 43
21 14 15 34
21 14 16 47
21 14 17 55
21 14 18 96
21 14 19 104
21 14 20 32
21 14 21 18
21 14 22 91
21 14 23 99
21 14 24 107
21 14 25 51
21 14 26 11
21 14 27 52
21 14 28 93
21 14 29 85
21 14 30 81
21 14 31 58
21 14 32 8
21 14 33 90
21 14 34 0
21 14 35 30
21 14 36 19
21 15 0 57
21 15 1 78
21 15 2 50
21 15 3 63
21 15 4 30
21 15 5 10
21 15 6 16
21 15 7 48
21 15 8 29
21 15 9 88
21 15 10 76
21 15 11 54
21 15 12 101
21 15 13 100
21 15 14 9
21 15 15 64
21 15 16 87
21 15 17 70
21 15 18 103
21 15 19 15
21 15 20 13
21 15 21 69
21 15 22 41
21 15 23 106
21 15 24 72
21 15 25 19
21 15 26 46
21 15 27 49
21 15 28 73
21 15 29 80
21 15 30 39
21 15 31 35
21 15 32 89
21 15 33 0
21 15 34 12
21 15 35 24
21 15 36 99
21 16 0 77
21 16 1 65
21 16 2 37
21 16 3 3
21 16 4 25
21 16 5 28
21 16 6 73
21 16 7 6
21 16 8 40
21 16 9 62
21 16 10 108
21 16 11 47
21 16 12 99
21 16 13 1
21 16 14 72
21 16 15 86
21 16 16 52
21 16 17 102
21 16 18 2
21 16 19 9
21 16 20 41
21 16 21 97
21 16 22 105
21 16 23 59
21 16 24 34
21 16 25 92
21 16 26 48
21 16 27 50
21 16 28 79
21 16 29 70
21 16 30 14
21 16 31 88
21 16 32 17
21 16 33 35
21 16 34 13
21 16 35 38
21 16 36 85
21 17 0 69
21 17 1 92
21 17 2 5
21 17 3 34
21 17 4 22
21 17 5 63
21 17 6 28
21 17 7 68
21 17 8 74
21 17 9 54
21 17 10 52
21 17 11 72
21 17 12 9
21 17 13 75
21 17 14 73
21 17 15 61
21 17 16 43
21 17 17 2
21 17 18 10
21 17 19 70
21 17 20 96
21 17 21 104
21 17 22 60
21 17 23 8
21 17 24 91
21 17 25 90
21 17 26 82
21 17 27 78
21 17 28 50
21 17 29 4
21 17 30 67
21 17 31 14
21 17 32 3
21 17 33 24
21 17 34 97
21 17 35 59
21 17 36 76
21 18 0 91
21 18 1 3
21 18 2 36
21 18 3 22
21 18 4 101
21 18 5 14
21 18 6 85
21 18 7 72
21 18 8 46
21 18 9 98
21 18 10 97
21 18 11 31
21 18 12 45
21 18 13 84
21 18 14 92
21 18 15 100
21 18 16 2
21 18 17 12
21 18 18 87
21 18 19 41
21 18 20 103
21 18 21 66
21 18 22 25
21 18 23 42
21 18 24 89
21 18 25 47
21 18 26 77
21 18 27 40
21 18 28 9
21 18 29 52
21 18 30 16
21 18 31 17
21 18 32 26
21 18 33 96
21 18 34 54
21 18 35 75
21 18 36 51
21 19 0 16
21 19 1 4
21 19 2 9
21 19 3 43
21 19 4 5
21 19 5 72
21 19 6 30
21 19 7 63
21 19 8 58
21 19 9 96
21 19 10 20
21 19 11 51
21 19 12 83
21 19 13 91
21 19 14 99
21 19 15 2
21 19 16 36
21 19 17 86
21 19 18 39
21 19 19 102
21 19 20 75
21 19 21 3
21 19 22 55
21 19 23 88
21 19 24 50
21 19 25 76
21 19 26 101
21 19 27 22
21 19 28 85
21 19 29 27
21 19 30 24
21 19 31 25
21 19 32 57
21 19 33 82
21 19 34 74
21 19 35 60
21 19 36 37
21 20 0 33
21 20 1 11
21 20 2 48
21 20 3 14
21 20 4 57
21 20 5 73
21 20 6 66
21 20 7 52
21 20 8 41
21 20 9 13
21 20 10 47
21 20 11 46
21 20 12 60
21 20 13 37
21 20 14 3
21 20 15 4
21 20 16 42
21 20 17 56
21 20 18 70
21 20 19 69
21 20 20 1
21 20 21 38
21 20 22 64
21 20 23 50
21 20 24 43
21 20 25 59
21 20 26 36
21 20 27 68
21 20 28 10
21 20 29 19
21 20 30 32
21 20 31 67
21 20 32 72
21 20 33 58
21 20 34 44
21 20 35 49
21 20 36 20
21 21 0 32
21 21 1 98
21 21 2 29
21 21 3 82
21 21 4 107
21 21 5 66
21 21 6 95
21 21 7 61
21 21 8 20
21 21 9 108
21 21 10 81
21 21 11 40
21 21 12 97
21 21 13 31
21 21 14 11
21 21 15 84
21 21 16 92
21 21 17 100
21 21 18 65
21 21 19 22
21 21 20 87
21 21 21 58
21 21 22 53
21 21 23 74
21 21 24 44
21 21 25 13
21 21 26 73
21 21 27 10
21 21 28 27
21 21 29 7
21 21 30 42
21 21 31 56
21 21 32 21
21 21 33 101
21 21 34 59
21 21 35 35
21 21 36 15
21 22 0 64
21 22 1 6
21 22 2 39
21 22 3 106
21 22 4 69
21 22 5 94
21 22 6 37
21 22 7 4
21 22 8 50
21 22 9 80
21 22 10 38
21 22 11 96
21 22 12 1
21 22 13 2
21 22 14 83
21 22 15 91
21 22 16 99
21 22 17 71
21 22 18 29
21 22 19 86
21 22 20 85
21 22 21 70
21 22 22 44
21 22 23 98
21 22 24 28
21 22 25 82
21 22 26 31
21 22 27 9
21 22 28 22
21 22 29 92
21 22 30 65
21 22 31 108
21 22 32 62
21 22 33 87
21 22 34 10
21 22 35 23
21 22 36 32
21 23 0 20
21 23 1 66
21 23 2 105
21 23 3 101
21 23 4 93
21 23 5 92
21 23 6 2
21 23 7 56
21 23 8 79
21 23 9 87
21 23 10 46
21 23 11 6
21 23 12 3
21 23 13 73
21 23 14 55
21 23 15 43
21 23 16 108
21 23 17 22
21 23 18 44
21 23 19 64
21 23 20 62
21 23 21 12
21 23 22 48
21 23 23 0
21 23 24 53
21 23 25 33
21 23 26 1
21 23 27 26
21 23 28 91
21 23 29 47
21 23 30 107
21 23 31 57
21 23 32 86
21 23 33 17
21 23 34 18
21 23 35 15
21 23 36 49
21 24 0 46
21 24 1 104
21 24 2 66
21 24 3 68
21 24 4 91
21 24 5 17
21 24 6 57
21 24 7 78
21 24 8 86
21 24 9 38
21 24 10 30
21 24 11 3
21 24 12 81
21 24 13 64
21 24 14 97
21 24 15 44
21 24 16 11
21 24 17 84
21 24 18 69
21 24 19 75
21 24 20 54
21 24 21 39
21 24 22 28
21 24 23 43
21 24 24 20
21 24 25 6
21 24 26 2
21 24 27 42
21 24 28 51
21 24 29 106
21 24 30 98
21 24 31 41
21 24 32 16
21 24 33 25
21 24 34 26
21 24 35 95
21 24 36 33
21 25 0 103
21 25 1 43
21 25 2 67
21 25 3 70
21 25 4 34
21 25 5 44
21 25 6 77
21 25 7 38
21 25 8 47
21 25 9 32
21 25 10 3
21 25 11 80
21 25 12 46
21 25 13 96
21 25 14 52
21 25 15 33
21 25 16 83
21 25 17 82
21 25 18 62
21 25 19 107
21 25 20 95
21 25 21 14
21 25 22 68
21 25 23 20
21 25 24 8
21 25 25 0
21 25 26 53
21 25 27 66
21 25 28 105
21 25 29 59
21 25 30 84
21 25 31 18
21 25 32 2
21 25 33 28
21 25 34 94
21 25 35 1
21 25 36 40
21 26 0 98
21 26 1 90
21 26 2 64
21 26 3 8
21 26 4 65
21 26 5 76
21 26 6 84
21 26 7 92
21 26 8 33
21 26 9 3
21 26 10 79
21 26 11 87
21 26 12 61
21 26 13 69
21 26 14 4
21 26 15 73
21 26 16 48
21 26 17 63
21 26 18 106
21 26 19 94
21 26 20 36
21 26 21 46
21 26 22 14
21 26 23 17
21 26 24 2
21 26 25 39
21 26 26 75
21 26 27 104
21 26 28 37
21 26 29 83
21 26 30 29
21 26 31 7
21 26 32 25
21 26 33 93
21 26 34 28
21 26 35 58
21 26 36 102
21 27 0 89
21 27 1 51
21 27 2 23
21 27 3 37
21 27 4 67
21 27 5 83
21 27 6 91
21 27 7 29
21 27 8 27
21 27 9 78
21 27 10 86
21 27 11 56
21 27 12 71
21 27 13 33
21 27 14 81
21 27 15 55
21 27 16 68
21 27 17 105
21 27 18 93
21 27 19 13
21 27 20 52
21 27 21 26
21 27 22 32
21 27 23 12
21 27 24 87
21 27 25 72
21 27 26 103
21 27 27 95
21 27 28 60
21 27 29 18
21 27 30 30
21 27 31 5
21 27 32 47
21 27 33 7
21 27 34 41
21 27 35 50
21 27 36 57
21 28 0 87
21 28 1 31
21 28 2 101
21 28 3 74
21 28 4 66
21 28 5 62
21 28 6 24
21 28 7 10
21 28 8 77
21 28 9 41
21 28 10 45
21 28 11 58
21 28 12 8
21 28 13 80
21 28 14 67
21 28 15 108
21 28 16 104
21 28 17 42
21 28 18 26
21 28 19 55
21 28 20 16
21 28 21 25
21 28 22 18
21 28 23 86
21 28 24 40
21 28 25 102
21 28 26 94
21 28 27 81
21 28 28 23
21 28 29 12
21 28 30 5
21 28 31 48
21 28 32 34
21 28 33 75
21 28 34 100
21 28 35 57
21 28 36 88
21 29 0 29
21 29 1 71
21 29 2 69
21 29 3 81
21 29 4 56
21 29 5 3
21 29 6 12
21 29 7 76
21 29 8 84
21 29 9 92
21 29 10 39
21 29 11 7
21 29 12 79
21 29 13 59
21 29 14 48
21 29 15 103
21 29 16 38
21 29 17 33
21 29 18 75
21 29 19 0
21 29 20 9
21 29 21 27
21 29 22 42
21 29 23 65
21 29 24 101
21 29 25 93
21 29 26 80
21 29 27 35
21 29 28 17
21 29 29 36
21 29 30 90
21 29 31 11
21 29 32 52
21 29 33 99
21 29 34 95
21 29 35 61
21 29 36 86
21 30 0 60
21 30 1 36
21 30 2 80
21 30 3 46
21 30 4 26
21 30 5 5
21 30 6 68
21 30 7 83
21 30 8 91
21 30 9 101
21 30 10 19
21 30 11 78
21 30 12 64
21 30 13 38
21 30 14 102
21 30 15 90
21 30 16 14
21 30 17 66
21 30 18 3
21 30 19 1
21 30 20 7
21 30 21 84
21 30 22 108
21 30 23 100
21 30 24 58
21 30 25 79
21 30 26 28
21 30 27 31
21 30 28 25
21 30 29 89
21 30 30 9
21 30 31 54
21 30 32 51
21 30 33 94
21 30 34 45
21 30 35 63
21 30 36 35
21 31 0 67
21 31 1 79
21 31 2 87
21 31 3 27
21 31 4 36
21 31 5 74
21 31 6 54
21 31 7 69
21 31 8 52
21 31 9 10
21 31 10 77
21 31 11 73
21 31 12 58
21 31 13 45
21 31 14 89
21 31 15 22
21 31 16 61
21 31 17 6
21 31 18 19
21 31 19 12
21 31 20 83
21 31 21 72
21 31 22 99
21 31 23 40
21 31 24 78
21 31 25 4
21 31 26 17
21 31 27 16
21 31 28 88
21 31 29 31
21 31 30 38
21 31 31 97
21 31 32 93
21 31 33 85
21 31 34 84
21 31 35 20
21 31 36 98
21 32 0 78
21 32 1 86
21 32 2 31
21 32 3 20
21 32 4 48
21 32 5 81
21 32 6 49
21 32 7 50
21 32 8 34
21 32 9 76
21 32 10 75
21 32 11 62
21 32 12 100
21 32 13 88
21 32 14 0
21 32 15 63
21 32 16 19
21 32 17 11
21 32 18 24
21 32 19 43
21 32 20 57
21 32 21 98
21 32 22 90
21 32 23 77
21 32 24 4
21 32 25 32
21 32 26 35
21 32 27 45
21 32 28 6
21 32 29 108
21 32 30 96
21 32 31 47
21 32 32 55
21 32 33 83
21 32 34 23
21 32 35 56
21 32 36 107
21 33 0 45
21 33 1 34
21 33 2 14
21 33 3 4
21 33 4 80
21 33 5 59
21 33 6 98
21 33 7 3
21 33 8 49
21 33 9 56
21 33 10 64
21 33 11 99
21 33 12 66
21 33 13 22
21 33 14 108
21 33 15 6
21 33 16 27
21 33 17 5
21 33 18 81
21 33 19 37
21 33 20 97
21 33 21 89
21 33 22 76
21 33 23 24
21 33 24 18
21 33 25 15
21 33 26 63
21 33 27 19
21 33 28 72
21 33 29 67
21 33 30 68
21 33 31 61
21 33 32 43
21 33 33 12
21 33 34 47
21 33 35 106
21 33 36 77
21 34 0 36
21 34 1 2
21 34 2 63
21 34 3 79
21 34 4 87
21 34 5 67
21 34 6 25
21 34 7 74
21 34 8 45
21 34 9 46
21 34 10 72
21 34 11 59
21 34 12 27
21 34 13 58
21 34 14 30
21 34 15 17
21 34 16 18
21 34 17 80
21 34 18 47
21 34 19 96
21 34 20 88
21 34 21 65
21 34 22 29
21 34 23 23
21 34 24 26
21 34 25 85
21 34 26 16
21 34 27 62
21 34 28 56
21 34 29 90
21 34 30 82
21 34 31 81
21 34 32 24
21 34 33 95
21 34 34 105
21 34 35 76
21 34 36 84
21 35 0 12
21 35 1 107
21 35 2 78
21 35 3 86
21 35 4 45
21 35 5 33
21 35 6 64
21 35 7 51
21 35 8 101
21 35 9 97
21 35 10 85
21 35 11 0
21 35 12 72
21 35 13 35
21 35 14 27
21 35 15 5
21 35 16 79
21 35 17 37
21 35 18 95
21 35 19 48
21 35 20 74
21 35 21 22
21 35 22 13
21 35 23 15
21 35 24 63
21 35 25 14
21 35 26 66
21 35 27 56
21 35 28 89
21 35 29 55
21 35 30 80
21 35 31 8
21 35 32 94
21 35 33 104
21 35 34 67
21 35 35 83
21 35 36 1
21 36 0 106
21 36 1 77
21 36 2 38
21 36 3 95
21 36 4 1
21 36 5 9
21 36 6 108
21 36 7 54
21 36 8 96
21 36 9 40
21 36 10 17
21 36 11 43
21 36 12 10
21 36 13 3
21 36 14 32
21 36 15 78
21 36 16 51
21 36 17 94
21 36 18 68
21 36 19 57
21 36 20 30
21 36 21 28
21 36 22 8
21 36 23 72
21 36 24 19
21 36 25 53
21 36 26 92
21 36 27 88
21 36 28 69
21 36 29 79
21 36 30 34
21 36 31 93
21 36 32 103
21 36 33 74
21 36 34 46
21 36 35 0
21 36 36 13
22 0 0 39
22 0 1 95
22 0 2 2
22 0 3 10
22 0 4 108
22 0 5 55
22 0 6 96
22 0 7 41
22 0 8 18
22 0 9 44
22 0 10 11
22 0 11 4
22 0 12 33
22 0 13 78
22 0 14 52
22 0 15 94
22 0 16 69
22 0 17 58
22 0 18 31
22 0 19 29
22 0 20 9
22 0 21 73
22 0 22 20
22 0 23 54
22 0 24 92
22 0 25 88
22 0 26 70
22 0 27 79
22 0 28 35
22 0 29 93
22 0 30 103
22 0 31 74
22 0 32 47
22 0 33 1
22 0 34 14
22 0 35 106
22 0 36 77
22 1 0 94
22 1 1 27
22 1 2 37
22 1 3 50
22 1 4 56
22 1 5 47
22 1 6 40
22 1 7 18
22 1 8 64
22 1 9 35
22 1 10 13
22 1 11 7
22 1 12 77
22 1 13 101
22 1 14 93
22 1 15 85
22 1 16 24
22 1 17 11
22 1 18 26
22 1 19 10
22 1 20 82
22 1 21 30
22 1 22 65
22 1 23 91
22 1 24 63
22 1 25 60
22 1 26 78
22 1 27 25
22 1 28 73
22 1 29 102
22 1 30 51
22 1 31 81
22 1 32 2
22 1 33 14
22 1 34 105
22 1 35 76
22 1 36 84
22 2 0 8
22 2 1 107
22 2 2 73
22 2 3 98
22 2 4 61
22 2 5 82
22 2 6 9
22 2 7 67
22 2 8 17
22 2 9 10
22 2 10 15
22 2 11 76
22 2 12 42
22 2 13 92
22 2 14 66
22 2 15 49
22 2 16 0
22 2 17 32
22 2 18 24
22 2 19 53
22 2 20 25
22 2 21 58
22 2 22 38
22 2 23 47
22 2 24 70
22 2 25 77
22 2 26 13
22 2 27 46
22 2 28 41
22 2 29 1
22 2 30 80
22 2 31 27
22 2 32 12
22 2 33 104
22 2 34 43
22 2 35 83
22 2 36 93
22 3 0 106
22 3 1 48
22 3 2 71
22 3 3 43
22 3 4 60
22 3 5 15
22 3 6 65
22 3 7 27
22 3 8 36
22 3 9 2
22 3 10 69
22 3 11 52
22 3 12 91
22 3 13 39
22 3 14 107
22 3 15 25
22 3 16 35
22 3 17 20
22 3 18 51
22 3 19 16
22 3 20 101
22 3 21 57
22 3 22 85
22 3 23 45
22 3 24 76
22 3 25 6
22 3 26 90
22 3 27 100
22 3 28 38
22 3 29 79
22 3 30 29
22 3 31 19
22 3 32 103
22 3 33 74
22 3 34 40
22 3 35 72
22 3 36 9
22 4 0 58
22 4 1 55
22 4 2 92
22 4 3 53
22 4 4 28
22 4 5 101
22 4 6 24
22 4 7 9
22 4 8 19
22 4 9 74
22 4 10 98
22 4 11 90
22 4 12 82
22 4 13 106
22 4 14 5
22 4 15 8
22 4 16 17
22 4 17 54
22 4 18 29
22 4 19 41
22 4 20 71
22 4 21 62
22 4 22 68
22 4 23 44
22 4 24 35
22 4 25 89
22 4 26 99
22 4 27 107
22 4 28 78
22 4 29 25
22 4 30 15
22 4 31 102
22 4 32 67
22 4 33 81
22 4 34 45
22 4 35 1
22 4 36 105
22 5 0 95
22 5 1 91
22 5 2 64
22 5 3 19
22 5 4 45
22 5 5 20
22 5 6 12
22 5 7 7
22 5 8 60
22 5 9 49
22 5 10 89
22 5 11 66
22 5 12 105
22 5 13 29
22 5 14 34
22 5 15 27
22 5 16 37
22 5 17 35
22 5 18 40
22 5 19 87
22 5 20 63
22 5 21 75
22 5 22 74
22 5 23 36
22 5 24 88
22 5 25 42
22 5 26 106
22 5 27 77
22 5 28 32
22 5 29 17
22 5 30 71
22 5 31 6
22 5 32 80
22 5 33 90
22 5 34 31
22 5 35 104
22 5 36 48
22 6 0 61
22 6 1 51
22 6 2 14
22 6 3 54
22 6 4 34
22 6 5 18
22 6 6 33
22 6 7 20
22 6 8 69
22 6 9 88
22 6 10 43
22 6 11 104
22 6 12 0
22 6 13 31
22 6 14 9
22 6 15 45
22 6 16 26
22 6 17 98
22 6 18 86
22 6 19 82
22 6 20 66
22 6 21 53
22 6 22 17
22 6 23 72
22 6 24 97
22 6 25 105
22 6 26 76
22 6 27 30
22 6 28 5
22 6 29 100
22 6 30 50
22 6 31 79
22 6 32 89
22 6 33 19
22 6 34 103
22 6 35 62
22 6 36 94
22 7 0 55
22 7 1 24
22 7 2 98
22 7 3 35
22 7 4 15
22 7 5 13
22 7 6 52
22 7 7 95
22 7 8 87
22 7 9 70
22 7 10 103
22 7 11 11
22 7 12 3
22 7 13 33
22 7 14 59
22 7 15 26
22 7 16 58
22 7 17 45
22 7 18 71
22 7 19 72
22 7 20 34
22 7 21 5
22 7 22 50
22 7 23 96
22 7 24 104
22 7 25 54
22 7 26 30
22 7 27 6
22 7 28 99
22 7 29 107
22 7 30 78
22 7 31 88
22 7 32 9
22 7 33 102
22 7 34 101
22 7 35 93
22 7 36 61
22 8 0 29
22 8 1 54
22 8 2 28
22 8 3 30
22 8 4 21
22 8 5 107
22 8 6 94
22 8 7 86
22 8 8 43
22 8 9 102
22 8 10 1
22 8 11 16
22 8 12 8
22 8 13 75
22 8 14 6
22 8 15 51
22 8 16 84
22 8 17 53
22 8 18 61
22 8 19 68
22 8 20 10
22 8 21 85
22 8 22 58
22 8 23 103
22 8 24 74
22 8 25 31
22 8 26 5
22 8 27 72
22 8 28 106
22 8 29 77
22 8 30 70
22 8 31 35
22 8 32 37
22 8 33 56
22 8 34 49
22 8 35 50
22 8 36 45
22 9 0 72
22 9 1 17
22 9 2 20
22 9 3 14
22 9 4 106
22 9 5 93
22 9 6 85
22 9 7 60
22 9 8 37
22 9 9 25
22 9 10 26
22 9 11 13
22 9 12 54
22 9 13 16
22 9 14 95
22 9 15 83
22 9 16 55
22 9 17 108
22 9 18 107
22 9 19 18
22 9 20 67
22 9 21 68
22 9 22 102
22 9 23 69
22 9 24 4
22 9 25 7
22 9 26 97
22 9 27 105
22 9 28 76
22 9 29 61
22 9 30 19
22 9 31 100
22 9 32 62
22 9 33 70
22 9 34 87
22 9 35 75
22 9 36 27
22 10 0 28
22 10 1 25
22 10 2 19
22 10 3 105
22 10 4 40
22 10 5 84
22 10 6 45
22 10 7 100
22 10 8 1
22 10 9 16
22 10 10 0
22 10 11 56
22 10 12 21
22 10 13 94
22 10 14 72
22 10 15 59
22 10 16 44
22 10 17 106
22 10 18 3
22 10 19 65
22 10 20 48
22 10 21 63
22 10 22 2
22 10 23 29
22 10 24 9
22 10 25 96
22 10 26 104
22 10 27 50
22 10 28 85
22 10 29 31
22 10 30 99
22 10 31 98
22 10 32 90
22 10 33 86
22 10 34 42
22 10 35 24
22 10 36 95
22 11 0 11
22 11 1 2
22 11 2 104
22 11 3 59
22 11 4 83
22 11 5 75
22 11 6 99
22 11 7 19
22 11 8 32
22 11 9 24
22 11 10 51
22 11 11 6
22 11 12 93
22 11 13 81
22 11 14 42
22 11 15 53
22 11 16 105
22 11 17 9
22 11 18 82
22 11 19 92
22 11 20 100
22 11 21 49
22 11 22 23
22 11 23 12
22 11 24 71
22 11 25 103
22 11 26 74
22 11 27 57
22 11 28 20
22 11 29 54
22 11 30 72
22 11 31 89
22 11 32 66
22 11 33 63
22 11 34 0
22 11 35 94
22 11 36 8
22 12 0 2
22 12 1 103
22 12 2 90
22 12 3 82
22 12 4 52
22 12 5 38
22 12 6 31
22 12 7 24
22 12 8 0
22 12 9 108
22 12 10 21
22 12 11 42
22 12 12 80
22 12 13 69
22 12 14 58
22 12 15 104
22 12 16 33
22 12 17 41
22 12 18 91
22 12 19 99
22 12 20 107
22 12 21 7
22 12 22 16
22 12 23 61
22 12 24 102
22 12 25 48
22 12 26 46
22 12 27 23
22 12 28 97
22 12 29 56
22 12 30 88
22 12 31 84
22 12 32 65
22 12 33 12
22 12 34 93
22 12 35 27
22 12 36 26
22 13 0 102
22 13 1 89
22 13 2 81
22 13 3 40
22 13 4 97
22 13 5 36
22 13 6 5
22 13 7 3
22 13 8 62
22 13 9 29
22 13 10 38
22 13 11 79
22 13 12 75
22 13 13 50
22 13 14 103
22 13 15 24
22 13 16 59
22 13 17 72
22 13 18 39
22 13 19 106
22 13 20 1
22 13 21 17
22 13 22 55
22 13 23 51
22 13 24 7
22 13 25 82
22 13 26 8
22 13 27 96
22 13 28 95
22 13 29 60
22 13 30 83
22 13 31 108
22 13 32 34
22 13 33 69
22 13 34 18
22 13 35 12
22 13 36 15
22 14 0 88
22 14 1 80
22 14 2 45
22 14 3 96
22 14 4 16
22 14 5 34
22 14 6 6
22 14 7 65
22 14 8 10
22 14 9 90
22 14 10 78
22 14 11 49
22 14 12 62
22 14 13 102
22 14 14 36
22 14 15 46
22 14 16 61
22 14 17 97
22 14 18 105
22 14 19 31
22 14 20 3
22 14 21 92
22 14 22 100
22 14 23 50
22 14 24 43
22 14 25 14
22 14 26 66
22 14 27 94
22 14 28 60
22 14 29 67
22 14 30 39
22 14 31 32
22 14 32 70
22 14 33 7
22 14 34 26
22 14 35 8
22 14 36 57
22 15 0 79
22 15 1 108
22 15 2 41
22 15 3 25
22 15 4 18
22 15 5 27
22 15 6 71
22 15 7 17
22 15 8 89
22 15 9 77
22 15 10 54
22 15 11 69
22 15 12 44
22 15 13 35
22 15 14 48
22 15 15 56
22 15 16 96
22 15 17 104
22 15 18 33
22 15 19 19
22 15 20 91
22 15 21 99
22 15 22 107
22 15 23 52
22 15 24 12
22 15 25 53
22 15 26 93
22 15 27 85
22 15 28 81
22 15 29 59
22 15 30 9
22 15 31 90
22 15 32 1
22 15 33 31
22 15 34 20
22 15 35 100
22 15 36 43
22 16 0 51
22 16 1 64
22 16 2 31
22 16 3 11
22 16 4 17
22 16 5 49
22 16 6 30
22 16 7 88
22 16 8 76
22 16 9 55
22 16 10 101
22 16 11 100
22 16 12 10
22 16 13 65
22 16 14 87
22 16 15 71
22 16 16 103
22 16 17 16
22 16 18 14
22 16 19 70
22 16 20 42
22 16 21 106
22 16 22 73
22 16 23 20
22 16 24 47
22 16 25 50
22 16 26 37
22 16 27 80
22 16 28 40
22 16 29 36
22 16 30 89
22 16 31 1
22 16 32 13
22 16 33 25
22 16 34 99
22 16 35 58
22 16 36 78
22 17 0 38
22 17 1 4
22 17 2 26
22 17 3 29
22 17 4 37
22 17 5 7
22 17 6 41
22 17 7 63
22 17 8 108
22 17 9 48
22 17 10 99
22 17 11 2
22 17 12 73
22 17 13 86
22 17 14 53
22 17 15 102
22 17 16 3
22 17 17 10
22 17 18 42
22 17 19 97
22 17 20 105
22 17 21 60
22 17 22 35
22 17 23 92
22 17 24 49
22 17 25 51
22 17 26 79
22 17 27 71
22 17 28 15
22 17 29 88
22 17 30 18
22 17 31 36
22 17 32 14
22 17 33 39
22 17 34 85
22 17 35 77
22 17 36 66
22 18 0 6
22 18 1 35
22 18 2 23
22 18 3 64
22 18 4 29
22 18 5 69
22 18 6 74
22 18 7 55
22 18 8 53
22 18 9 73
22 18 10 10
22 18 11 75
22 18 12 37
22 18 13 62
22 18 14 44
22 18 15 3
22 18 16 11
22 18 17 71
22 18 18 96
22 18 19 104
22 18 20 61
22 18 21 9
22 18 22 91
22 18 23 90
22 18 24 82
22 18 25 78
22 18 26 51
22 18 27 5
22 18 28 68
22 18 29 15
22 18 30 4
22 18 31 25
22 18 32 97
22 18 33 60
22 18 34 76
22 18 35 70
22 18 36 92
22 19 0 0
22 19 1 23
22 19 2 101
22 19 3 15
22 19 4 85
22 19 5 73
22 19 6 47
22 19 7 98
22 19 8 97
22 19 9 32
22 19 10 46
22 19 11 84
22 19 12 92
22 19 13 100
22 19 14 3
22 19 15 13
22 19 16 87
22 19 17 42
22 19 18 103
22 19 19 67
22 19 20 26
22 19 21 43
22 19 22 89
22 19 23 48
22 19 24 77
22 19 25 41
22 19 26 10
22 19 27 53
22 19 28 17
22 19 29 18
22 19 30 27
22 19 31 96
22 19 32 55
22 19 33 75
22 19 34 52
22 19 35 91
22 19 36 4
22 20 0 10
22 20 1 44
22 20 2 6
22 20 3 73
22 20 4 31
22 20 5 64
22 20 6 59
22 20 7 96
22 20 8 21
22 20 9 52
22 20 10 83
22 20 11 91
22 20 12 99
22 20 13 3
22 20 14 0
22 20 15 86
22 20 16 40
22 20 17 102
22 20 18 75
22 20 19 4
22 20 20 56
22 20 21 88
22 20 22 51
22 20 23 76
22 20 24 101
22 20 25 23
22 20 26 85
22 20 27 28
22 20 28 25
22 20 29 26
22 20 30 58
22 20 31 82
22 20 32 74
22 20 33 61
22 20 34 38
22 20 35 17
22 20 36 5
22 21 0 49
22 21 1 15
22 21 2 58
22 21 3 37
22 21 4 67
22 21 5 53
22 21 6 42
22 21 7 14
22 21 8 48
22 21 9 47
22 21 10 61
22 21 11 38
22 21 12 4
22 21 13 5
22 21 14 43
22 21 15 57
22 21 16 71
22 21 17 70
22 21 18 2
22 21 19 39
22 21 20 65
22 21 21 51
22 21 22 44
22 21 23 60
22 21 24 0
22 21 25 69
22 21 26 11
22 21 27 20
22 21 28 33
22 21 29 68
22 21 30 73
22 21 31 59
22 21 32 45
22 21 33 50
22 21 34 21
22 21 35 34
22 21 36 12
22 22 0 30
22 22 1 82
22 22 2 107
22 22 3 67
22 22 4 95
22 22 5 62
22 22 6 21
22 22 7 108
22 22 8 81
22 22 9 41
22 22 10 97
22 22 11 32
22 22 12 12
22 22 13 84
22 22 14 92
22 22 15 100
22 22 16 66
22 22 17 23
22 22 18 87
22 22 19 59
22 22 20 54
22 22 21 74
22 22 22 45
22 22 23 14
22 22 24 37
22 22 25 11
22 22 26 28
22 22 27 8
22 22 28 43
22 22 29 57
22 22 30 22
22 22 31 101
22 22 32 60
22 22 33 36
22 22 34 16
22 22 35 33
22 22 36 98
22 23 0 40
22 23 1 106
22 23 2 70
22 23 3 94
22 23 4 38
22 23 5 5
22 23 6 51
22 23 7 80
22 23 8 39
22 23 9 96
22 23 10 2
22 23 11 3
22 23 12 83
22 23 13 91
22 23 14 99
22 23 15 72
22 23 16 30
22 23 17 86
22 23 18 85
22 23 19 71
22 23 20 45
22 23 21 98
22 23 22 29
22 23 23 82
22 23 24 32
22 23 25 10
22 23 26 23
22 23 27 92
22 23 28 66
22 23 29 108
22 23 30 63
22 23 31 87
22 23 32 11
22 23 33 24
22 23 34 33
22 23 35 65
22 23 36 7
22 24 0 105
22 24 1 101
22 24 2 93
22 24 3 92
22 24 4 3
22 24 5 57
22 24 6 79
22 24 7 87
22 24 8 47
22 24 9 7
22 24 10 4
22 24 11 37
22 24 12 56
22 24 13 44
22 24 14 108
22 24 15 23
22 24 16 45
22 24 17 65
22 24 18 63
22 24 19 13
22 24 20 49
22 24 21 1
22 24 22 54
22 24 23 34
22 24 24 2
22 24 25 27
22 24 26 91
22 24 27 48
22 24 28 107
22 24 29 58
22 24 30 86
22 24 31 18
22 24 32 19
22 24 33 16
22 24 34 50
22 24 35 21
22 24 36 67
22 25 0 67
22 25 1 69
22 25 2 91
22 25 3 18
22 25 4 58
22 25 5 78
22 25 6 86
22 25 7 39
22 25 8 31
22 25 9 4
22 25 10 81
22 25 11 65
22 25 12 97
22 25 13 45
22 25 14 12
22 25 15 84
22 25 16 70
22 25 17 75
22 25 18 55
22 25 19 40
22 25 20 29
22 25 21 44
22 25 22 21
22 25 23 7
22 25 24 3
22 25 25 43
22 25 26 52
22 25 27 106
22 25 28 98
22 25 29 42
22 25 30 17
22 25 31 26
22 25 32 27
22 25 33 95
22 25 34 34
22 25 35 47
22 25 36 104
22 26 0 68
22 26 1 71
22 26 2 35
22 26 3 45
22 26 4 77
22 26 5 39
22 26 6 48
22 26 7 33
22 26 8 4
22 26 9 80
22 26 10 47
22 26 11 96
22 26 12 53
22 26 13 34
22 26 14 83
22 26 15 82
22 26 16 63
22 26 17 107
22 26 18 95
22 26 19 15
22 26 20 69
22 26 21 21
22 26 22 9
22 26 23 1
22 26 24 54
22 26 25 67
22 26 26 105
22 26 27 60
22 26 28 84
22 26 29 19
22 26 30 3
22 26 31 29
22 26 32 94
22 26 33 2
22 26 34 41
22 26 35 103
22 26 36 44
22 27 0 65
22 27 1 9
22 27 2 66
22 27 3 76
22 27 4 84
22 27 5 92
22 27 6 34
22 27 7 4
22 27 8 79
22 27 9 87
22 27 10 62
22 27 11 70
22 27 12 5
22 27 13 37
22 27 14 49
22 27 15 64
22 27 16 106
22 27 17 94
22 27 18 0
22 27 19 47
22 27 20 15
22 27 21 18
22 27 22 3
22 27 23 40
22 27 24 75
22 27 25 104
22 27 26 38
22 27 27 83
22 27 28 30
22 27 29 8
22 27 30 26
22 27 31 93
22 27 32 29
22 27 33 59
22 27 34 102
22 27 35 98
22 27 36 90
22 28 0 24
22 28 1 38
22 28 2 68
22 28 3 83
22 28 4 91
22 28 5 30
22 28 6 28
22 28 7 78
22 28 8 86
22 28 9 57
22 28 10 72
22 28 11 34
22 28 12 81
22 28 13 56
22 28 14 69
22 28 15 105
22 28 16 93
22 28 17 14
22 28 18 53
22 28 19 27
22 28 20 33
22 28 21 13
22 28 22 87
22 28 23 73
22 28 24 103
22 28 25 95
22 28 26 61
22 28 27 19
22 28 28 31
22 28 29 6
22 28 30 48
22 28 31 8
22 28 32 42
22 28 33 51
22 28 34 58
22 28 35 89
22 28 36 52
22 29 0 101
22 29 1 74
22 29 2 67
22 29 3 63
22 29 4 25
22 29 5 11
22 29 6 77
22 29 7 42
22 29 8 46
22 29 9 59
22 29 10 9
22 29 11 80
22 29 12 68
22 29 13 108
22 29 14 104
22 29 15 43
22 29 16 27
22 29 17 56
22 29 18 17
22 29 19 26
22 29 20 19
22 29 21 86
22 29 22 41
22 29 23 102
22 29 24 94
22 29 25 81
22 29 26 24
22 29 27 13
22 29 28 6
22 29 29 49
22 29 30 35
22 29 31 75
22 29 32 100
22 29 33 58
22 29 34 88
22 29 35 87
22 29 36 32
22 30 0 70
22 30 1 81
22 30 2 57
22 30 3 4
22 30 4 13
22 30 5 76
22 30 6 84
22 30 7 92
22 30 8 40
22 30 9 8
22 30 10 79
22 30 11 60
22 30 12 49
22 30 13 103
22 30 14 39
22 30 15 34
22 30 16 75
22 30 17 1
22 30 18 10
22 30 19 28
22 30 20 43
22 30 21 66
22 30 22 101
22 30 23 93
22 30 24 80
22 30 25 36
22 30 26 18
22 30 27 0
22 30 28 90
22 30 29 12
22 30 30 53
22 30 31 99
22 30 32 95
22 30 33 62
22 30 34 86
22 30 35 30
22 30 36 72
22 31 0 80
22 31 1 47
22 31 2 27
22 31 3 6
22 31 4 69
22 31 5 83
22 31 6 91
22 31 7 101
22 31 8 20
22 31 9 78
22 31 10 65
22 31 11 39
22 31 12 102
22 31 13 90
22 31 14 15
22 31 15 67
22 31 16 4
22 31 17 2
22 31 18 8
22 31 19 84
22 31 20 108
22 31 21 100
22 31 22 59
22 31 23 79
22 31 24 29
22 31 25 32
22 31 26 26
22 31 27 89
22 31 28 10
22 31 29 55
22 31 30 52
22 31 31 94
22 31 32 46
22 31 33 64
22 31 34 36
22 31 35 61
22 31 36 0
22 32 0 87
22 32 1 28
22 32 2 0
22 32 3 74
22 32 4 55
22 32 5 70
22 32 6 53
22 32 7 11
22 32 8 77
22 32 9 37
22 32 10 59
22 32 11 46
22 32 12 89
22 32 13 23
22 32 14 62
22 32 15 7
22 32 16 20
22 32 17 13
22 32 18 83
22 32 19 73
22 32 20 99
22 32 21 41
22 32 22 78
22 32 23 5
22 32 24 18
22 32 25 17
22 32 26 88
22 32 27 32
22 32 28 39
22 32 29 97
22 32 30 93
22 32 31 85
22 32 32 84
22 32 33 21
22 32 34 98
22 32 35 68
22 32 36 79
22 33 0 32
22 33 1 21
22 33 2 49
22 33 3 81
22 33 4 50
22 33 5 51
22 33 6 35
22 33 7 76
22 33 8 75
22 33 9 63
22 33 10 100
22 33 11 88
22 33 12 1
22 33 13 64
22 33 14 20
22 33 15 12
22 33 16 25
22 33 17 44
22 33 18 58
22 33 19 98
22 33 20 90
22 33 21 77
22 33 22 5
22 33 23 33
22 33 24 36
22 33 25 46
22 33 26 7
22 33 27 108
22 33 28 96
22 33 29 48
22 33 30 56
22 33 31 83
22 33 32 24
22 33 33 57
22 33 34 107
22 33 35 78
22 33 36 86
22 34 0 15
22 34 1 5
22 34 2 80
22 34 3 60
22 34 4 98
22 34 5 4
22 34 6 50
22 34 7 57
22 34 8 65
22 34 9 99
22 34 10 67
22 34 11 23
22 34 12 108
22 34 13 7
22 34 14 28
22 34 15 6
22 34 16 81
22 34 17 38
22 34 18 97
22 34 19 89
22 34 20 76
22 34 21 25
22 34 22 19
22 34 23 16
22 34 24 64
22 34 25 20
22 34 26 73
22 34 27 68
22 34 28 69
22 34 29 62
22 34 30 44
22 34 31 13
22 34 32 48
22 34 33 106
22 34 34 77
22 34 35 46
22 34 36 35
22 35 0 64
22 35 1 79
22 35 2 87
22 35 3 68
22 35 4 26
22 35 5 74
22 35 6 46
22 35 7 47
22 35 8 73
22 35 9 60
22 35 10 28
22 35 11 59
22 35 12 31
22 35 13 18
22 35 14 19
22 35 15 80
22 35 16 48
22 35 17 96
22 35 18 88
22 35 19 66
22 35 20 30
22 35 21 24
22 35 22 27
22 35 23 85
22 35 24 17
22 35 25 63
22 35 26 57
22 35 27 90
22 35 28 82
22 35 29 81
22 35 30 25
22 35 31 95
22 35 32 105
22 35 33 76
22 35 34 84
22 35 35 0
22 35 36 3
22 36 0 78
22 36 1 86
22 36 2 46
22 36 3 34
22 36 4 65
22 36 5 52
22 36 6 101
22 36 7 97
22 36 8 85
22 36 9 1
22 36 10 73
22 36 11 36
22 36 12 28
22 36 13 6
22 36 14 79
22 36 15 38
22 36 16 95
22 36 17 49
22 36 18 74
22 36 19 23
22 36 20 14
22 36 21 16
22 36 22 64
22 36 23 15
22 36 24 67
22 36 25 57
22 36 26 89
22 36 27 56
22 36 28 80
22 36 29 9
22 36 30 94
22 36 31 104
22 36 32 68
22 36 33 83
22 36 34 2
22 36 35 13
22 36 36 107
23 0 0 47
23 0 1 35
23 0 2 66
23 0 3 53
23 0 4 101
23 0 5 97
23 0 6 85
23 0 7 2
23 0 8 37
23 0 9 0
23 0 10 29
23 0 11 7
23 0 12 79
23 0 13 39
23 0 14 95
23 0 15 50
23 0 16 74
23 0 17 24
23 0 18 15
23 0 19 17
23 0 20 65
23 0 21 16
23 0 22 68
23 0 23 58
23 0 24 89
23 0 25 57
23 0 26 80
23 0 27 10
23 0 28 94
23 0 29 104
23 0 30 69
23 0 31 83
23 0 32 3
23 0 33 14
23 0 34 107
23 0 35 78
23 0 36 86
23 1 0 3
23 1 1 11
23 1 2 108
23 1 3 56
23 1 4 96
23 1 5 42
23 1 6 19
23 1 7 45
23 1 8 12
23 1 9 5
23 1 10 34
23 1 11 78
23 1 12 53
23 1 13 94
23 1 14 70
23 1 15 59
23 1 16 32
23 1 17 30
23 1 18 10
23 1 19 37
23 1 20 21
23 1 21 55
23 1 22 92
23 1 23 88
23 1 24 71
23 1 25 79
23 1 26 36
23 1 27 93
23 1 28 103
23 1 29 74
23 1 30 48
23 1 31 2
23 1 32 15
23 1 33 106
23 1 34 77
23 1 35 40
23 1 36 95
23 2 0 38
23 2 1 51
23 2 2 57
23 2 3 48
23 2 4 41
23 2 5 19
23 2 6 65
23 2 7 36
23 2 8 14
23 2 9 8
23 2 10 77
23 2 11 101
23 2 12 93
23 2 13 85
23 2 14 25
23 2 15 12
23 2 16 27
23 2 17 11
23 2 18 82
23 2 19 31
23 2 20 66
23 2 21 91
23 2 22 64
23 2 23 61
23 2 24 78
23 2 25 26
23 2 26 37
23 2 27 102
23 2 28 52
23 2 29 81
23 2 30 3
23 2 31 15
23 2 32 105
23 2 33 76
23 2 34 84
23 2 35 94
23 2 36 28
23 3 0 37
23 3 1 98
23 3 2 62
23 3 3 82
23 3 4 10
23 3 5 68
23 3 6 18
23 3 7 11
23 3 8 16
23 3 9 76
23 3 10 43
23 3 11 92
23 3 12 67
23 3 13 50
23 3 14 1
23 3 15 33
23 3 16 25
23 3 17 54
23 3 18 26
23 3 19 59
23 3 20 39
23 3 21 48
23 3 22 71
23 3 23 77
23 3 24 14
23 3 25 47
23 3 26 42
23 3 27 2
23 3 28 80
23 3 29 28
23 3 30 13
23 3 31 104
23 3 32 44
23 3 33 83
23 3 34 93
23 3 35 9
23 3 36 107
23 4 0 72
23 4 1 44
23 4 2 61
23 4 3 16
23 4 4 66
23 4 5 28
23 4 6 0
23 4 7 3
23 4 8 70
23 4 9 53
23 4 10 91
23 4 11 40
23 4 12 107
23 4 13 26
23 4 14 36
23 4 15 21
23 4 16 52
23 4 17 17
23 4 18 101
23 4 19 58
23 4 20 85
23 4 21 46
23 4 22 76
23 4 23 7
23 4 24 90
23 4 25 100
23 4 26 39
23 4 27 79
23 4 28 30
23 4 29 20
23 4 30 103
23 4 31 74
23 4 32 41
23 4 33 73
23 4 34 10
23 4 35 106
23 4 36 49
23 5 0 92
23 5 1 54
23 5 2 29
23 5 3 101
23 5 4 25
23 5 5 10
23 5 6 20
23 5 7 74
23 5 8 98
23 5 9 90
23 5 10 82
23 5 11 106
23 5 12 6
23 5 13 9
23 5 14 18
23 5 15 55
23 5 16 30
23 5 17 42
23 5 18 72
23 5 19 63
23 5 20 69
23 5 21 45
23 5 22 36
23 5 23 89
23 5 24 99
23 5 25 107
23 5 26 78
23 5 27 26
23 5 28 16
23 5 29 102
23 5 30 68
23 5 31 81
23 5 32 46
23 5 33 2
23 5 34 105
23 5 35 59
23 5 36 56
23 6 0 65
23 6 1 20
23 6 2 46
23 6 3 21
23 6 4 13
23 6 5 8
23 6 6 61
23 6 7 50
23 6 8 89
23 6 9 67
23 6 10 105
23 6 11 30
23 6 12 35
23 6 13 28
23 6 14 38
23 6 15 36
23 6 16 41
23 6 17 87
23 6 18 64
23 6 19 75
23 6 20 74
23 6 21 0
23 6 22 88
23 6 23 43
23 6 24 106
23 6 25 77
23 6 26 33
23 6 27 18
23 6 28 72
23 6 29 7
23 6 30 80
23 6 31 90
23 6 32 32
23 6 33 104
23 6 34 49
23 6 35 95
23 6 36 91
23 7 0 15
23 7 1 55
23 7 2 35
23 7 3 19
23 7 4 34
23 7 5 21
23 7 6 70
23 7 7 88
23 7 8 44
23 7 9 104
23 7 10 1
23 7 11 32
23 7 12 10
23 7 13 46
23 7 14 27
23 7 15 98
23 7 16 86
23 7 17 82
23 7 18 67
23 7 19 54
23 7 20 18
23 7 21 73
23 7 22 97
23 7 23 105
23 7 24 76
23 7 25 31
23 7 26 6
23 7 27 100
23 7 28 51
23 7 29 79
23 7 30 89
23 7 31 20
23 7 32 103
23 7 33 63
23 7 34 94
23 7 35 62
23 7 36 52
23 8 0 98
23 8 1 36
23 8 2 16
23 8 3 14
23 8 4 53
23 8 5 95
23 8 6 87
23 8 7 71
23 8 8 103
23 8 9 12
23 8 10 4
23 8 11 34
23 8 12 60
23 8 13 27
23 8 14 59
23 8 15 46
23 8 16 72
23 8 17 73
23 8 18 35
23 8 19 6
23 8 20 51
23 8 21 96
23 8 22 104
23 8 23 55
23 8 24 31
23 8 25 7
23 8 26 99
23 8 27 107
23 8 28 78
23 8 29 88
23 8 30 10
23 8 31 102
23 8 32 101
23 8 33 93
23 8 34 62
23 8 35 56
23 8 36 25
23 9 0 29
23 9 1 31
23 9 2 22
23 9 3 107
23 9 4 94
23 9 5 86
23 9 6 44
23 9 7 102
23 9 8 2
23 9 9 17
23 9 10 9
23 9 11 75
23 9 12 7
23 9 13 52
23 9 14 84
23 9 15 54
23 9 16 62
23 9 17 69
23 9 18 11
23 9 19 85
23 9 20 59
23 9 21 103
23 9 22 74
23 9 23 32
23 9 24 6
23 9 25 73
23 9 26 106
23 9 27 77
23 9 28 71
23 9 29 36
23 9 30 38
23 9 31 57
23 9 32 50
23 9 33 51
23 9 34 46
23 9 35 30
23 9 36 55
23 10 0 21
23 10 1 15
23 10 2 106
23 10 3 93
23 10 4 85
23 10 5 61
23 10 6 38
23 10 7 26
23 10 8 27
23 10 9 14
23 10 10 55
23 10 11 17
23 10 12 95
23 10 13 83
23 10 14 56
23 10 15 108
23 10 16 107
23 10 17 19
23 10 18 68
23 10 19 69
23 10 20 102
23 10 21 70
23 10 22 5
23 10 23 8
23 10 24 97
23 10 25 105
23 10 26 76
23 10 27 62
23 10 28 20
23 10 29 100
23 10 30 63
23 10 31 71
23 10 32 87
23 10 33 75
23 10 34 28
23 10 35 73
23 10 36 18
23 11 0 20
23 11 1 105
23 11 2 41
23 11 3 84
23 11 4 46
23 11 5 100
23 11 6 2
23 11 7 17
23 11 8 1
23 11 9 57
23 11 10 22
23 11 11 94
23 11 12 73
23 11 13 60
23 11 14 45
23 11 15 106
23 11 16 4
23 11 17 66
23 11 18 49
23 11 19 64
23 11 20 3
23 11 21 30
23 11 22 10
23 11 23 96
23 11 24 104
23 11 25 51
23 11 26 85
23 11 27 32
23 11 28 99
23 11 29 98
23 11 30 90
23 11 31 86
23 11 32 43
23 11 33 25
23 11 34 95
23 11 35 29
23 11 36 26
23 12 0 104
23 12 1 60
23 12 2 83
23 12 3 75
23 12 4 99
23 12 5 20
23 12 6 33
23 12 7 25
23 12 8 52
23 12 9 7
23 12 10 93
23 12 11 81
23 12 12 43
23 12 13 54
23 12 14 105
23 12 15 10
23 12 16 82
23 12 17 92
23 12 18 100
23 12 19 50
23 12 20 24
23 12 21 13
23 12 22 72
23 12 23 103
23 12 24 74
23 12 25 58
23 12 26 21
23 12 27 55
23 12 28 73
23 12 29 89
23 12 30 67
23 12 31 64
23 12 32 1
23 12 33 94
23 12 34 9
23 12 35 12
23 12 36 3
23 13 0 90
23 13 1 82
23 13 2 53
23 13 3 39
23 13 4 32
23 13 5 25
23 13 6 1
23 13 7 108
23 13 8 22
23 13 9 43
23 13 10 80
23 13 11 70
23 13 12 59
23 13 13 104
23 13 14 34
23 13 15 42
23 13 16 91
23 13 17 99
23 13 18 107
23 13 19 8
23 13 20 17
23 13 21 62
23 13 22 102
23 13 23 49
23 13 24 47
23 13 25 24
23 13 26 97
23 13 27 57
23 13 28 88
23 13 29 84
23 13 30 66
23 13 31 13
23 13 32 93
23 13 33 28
23 13 34 27
23 13 35 3
23 13 36 103
23 14 0 81
23 14 1 41
23 14 2 97
23 14 3 0
23 14 4 6
23 14 5 4
23 14 6 63
23 14 7 30
23 14 8 39
23 14 9 79
23 14 10 75
23 14 11 51
23 14 12 103
23 14 13 25
23 14 14 60
23 14 15 73
23 14 16 40
23 14 17 106
23 14 18 2
23 14 19 18
23 14 20 56
23 14 21 52
23 14 22 8
23 14 23 82
23 14 24 9
23 14 25 96
23 14 26 95
23 14 27 61
23 14 28 83
23 14 29 108
23 14 30 35
23 14 31 70
23 14 32 19
23 14 33 13
23 14 34 16
23 14 35 102
23 14 36 89
23 15 0 46
23 15 1 96
23 15 2 17
23 15 3 35
23 15 4 7
23 15 5 66
23 15 6 11
23 15 7 90
23 15 8 78
23 15 9 50
23 15 10 63
23 15 11 102
23 15 12 0
23 15 13 47
23 15 14 62
23 15 15 97
23 15 16 105
23 15 17 32
23 15 18 4
23 15 19 92
23 15 20 100
23 15 21 51
23 15 22 44
23 15 23 15
23 15 24 67
23 15 25 94
23 15 26 61
23 15 27 68
23 15 28 40
23 15 29 33
23 15 30 71
23 15 31 8
23 15 32 27
23 15 33 9
23 15 34 58
23 15 35 88
23 15 36 80
23 16 0 42
23 16 1 26
23 16 2 19
23 16 3 28
23 16 4 72
23 16 5 18
23 16 6 89
23 16 7 77
23 16 8 55
23 16 9 70
23 16 10 45
23 16 11 36
23 16 12 49
23 16 13 57
23 16 14 96
23 16 15 104
23 16 16 34
23 16 17 20
23 16 18 91
23 16 19 99
23 16 20 107
23 16 21 53
23 16 22 13
23 16 23 54
23 16 24 93
23 16 25 85
23 16 26 81
23 16 27 60
23 16 28 10
23 16 29 90
23 16 30 2
23 16 31 32
23 16 32 21
23 16 33 100
23 16 34 44
23 16 35 79
23 16 36 108
23 17 0 32
23 17 1 12
23 17 2 18
23 17 3 50
23 17 4 31
23 17 5 88
23 17 6 76
23 17 7 56
23 17 8 101
23 17 9 100
23 17 10 11
23 17 11 66
23 17 12 87
23 17 13 72
23 17 14 103
23 17 15 17
23 17 16 15
23 17 17 71
23 17 18 43
23 17 19 106
23 17 20 37
23 17 21 21
23 17 22 48
23 17 23 51
23 17 24 38
23 17 25 80
23 17 26 41
23 17 27 0
23 17 28 89
23 17 29 2
23 17 30 14
23 17 31 26
23 17 32 99
23 17 33 59
23 17 34 78
23 17 35 52
23 17 36 65
23 18 0 27
23 18 1 30
23 18 2 38
23 18 3 8
23 18 4 42
23 18 5 64
23 18 6 108
23 18 7 49
23 18 8 99
23 18 9 3
23 18 10 37
23 18 11 86
23 18 12 54
23 18 13 102
23 18 14 4
23 18 15 11
23 18 16 43
23 18 17 97
23 18 18 105
23 18 19 61
23 18 20 36
23 18 21 92
23 18 22 50
23 18 23 52
23 18 24 79
23 18 25 72
23 18 26 16
23 18 27 88
23 18 28 19
23 18 29 0
23 18 30 15
23 18 31 40
23 18 32 85
23 18 33 77
23 18 34 67
23 18 35 39
23 18 36 5
23 19 0 24
23 19 1 65
23 19 2 30
23 19 3 70
23 19 4 74
23 19 5 56
23 19 6 54
23 19 7 37
23 19 8 11
23 19 9 75
23 19 10 38
23 19 11 63
23 19 12 45
23 19 13 4
23 19 14 12
23 19 15 72
23 19 16 96
23 19 17 104
23 19 18 62
23 19 19 10
23 19 20 91
23 19 21 90
23 19 22 82
23 19 23 78
23 19 24 52
23 19 25 6
23 19 26 69
23 19 27 16
23 19 28 5
23 19 29 26
23 19 30 97
23 19 31 61
23 19 32 76
23 19 33 71
23 19 34 92
23 19 35 7
23 19 36 36
23 20 0 101
23 20 1 16
23 20 2 85
23 20 3 37
23 20 4 48
23 20 5 98
23 20 6 97
23 20 7 33
23 20 8 47
23 20 9 84
23 20 10 92
23 20 11 100
23 20 12 4
23 20 13 14
23 20 14 87
23 20 15 43
23 20 16 103
23 20 17 68
23 20 18 27
23 20 19 44
23 20 20 89
23 20 21 49
23 20 22 77
23 20 23 42
23 20 24 11
23 20 25 54
23 20 26 18
23 20 27 19
23 20 28 28
23 20 29 96
23 20 30 56
23 20 31 75
23 20 32 53
23 20 33 91
23 20 34 5
23 20 35 1
23 20 36 24
23 21 0 7
23 21 1 37
23 21 2 32
23 21 3 65
23 21 4 60
23 21 5 96
23 21 6 22
23 21 7 53
23 21 8 83
23 21 9 91
23 21 10 99
23 21 11 4
23 21 12 1
23 21 13 86
23 21 14 41
23 21 15 102
23 21 16 75
23 21 17 5
23 21 18 57
23 21 19 88
23 21 20 52
23 21 21 76
23 21 22 101
23 21 23 24
23 21 24 85
23 21 25 29
23 21 26 26
23 21 27 27
23 21 28 59
23 21 29 82
23 21 30 74
23 21 31 62
23 21 32 39
23 21 33 18
23 21 34 6
23 21 35 11
23 21 36 45
23 22 0 59
23 22 1 38
23 22 2 68
23 22 3 54
23 22 4 43
23 22 5 15
23 22 6 49
23 22 7 48
23 22 8 62
23 22 9 39
23 22 10 5
23 22 11 6
23 22 12 44
23 22 13 58
23 22 14 72
23 22 15 71
23 22 16 3
23 22 17 40
23 22 18 66
23 22 19 52
23 22 20 45
23 22 21 61
23 22 22 1
23 22 23 70
23 22 24 12
23 22 25 21
23 22 26 34
23 22 27 69
23 22 28 37
23 22 29 60
23 22 30 46
23 22 31 51
23 22 32 22
23 22 33 35
23 22 34 13
23 22 35 50
23 22 36 16
23 23 0 107
23 23 1 68
23 23 2 95
23 23 3 63
23 23 4 22
23 23 5 108
23 23 6 81
23 23 7 42
23 23 8 97
23 23 9 33
23 23 10 13
23 23 11 84
23 23 12 92
23 23 13 100
23 23 14 67
23 23 15 24
23 23 16 87
23 23 17 60
23 23 18 55
23 23 19 74
23 23 20 46
23 23 21 15
23 23 22 38
23 23 23 12
23 23 24 29
23 23 25 9
23 23 26 44
23 23 27 58
23 23 28 23
23 23 29 101
23 23 30 61
23 23 31 0
23 23 32 17
23 23 33 34
23 23 34 98
23 23 35 31
23 23 36 82
23 24 0 71
23 24 1 94
23 24 2 39
23 24 3 6
23 24 4 52
23 24 5 80
23 24 6 40
23 24 7 96
23 24 8 3
23 24 9 4
23 24 10 83
23 24 11 91
23 24 12 99
23 24 13 73
23 24 14 31
23 24 15 86
23 24 16 85
23 24 17 72
23 24 18 46
23 24 19 98
23 24 20 30
23 24 21 82
23 24 22 33
23 24 23 11
23 24 24 24
23 24 25 92
23 24 26 67
23 24 27 108
23 24 28 64
23 24 29 87
23 24 30 12
23 24 31 25
23 24 32 34
23 24 33 66
23 24 34 8
23 24 35 41
23 24 36 106
23 25 0 93
23 25 1 92
23 25 2 4
23 25 3 58
23 25 4 79
23 25 5 87
23 25 6 48
23 25 7 8
23 25 8 5
23 25 9 38
23 25 10 57
23 25 11 45
23 25 12 108
23 25 13 24
23 25 14 46
23 25 15 66
23 25 16 64
23 25 17 14
23 25 18 50
23 25 19 2
23 25 20 55
23 25 21 35
23 25 22 3
23 25 23 28
23 25 24 91
23 25 25 49
23 25 26 107
23 25 27 59
23 25 28 86
23 25 29 19
23 25 30 20
23 25 31 17
23 25 32 51
23 25 33 22
23 25 34 68
23 25 35 105
23 25 36 101
23 26 0 91
23 26 1 19
23 26 2 59
23 26 3 78
23 26 4 86
23 26 5 40
23 26 6 32
23 26 7 5
23 26 8 81
23 26 9 66
23 26 10 97
23 26 11 46
23 26 12 13
23 26 13 84
23 26 14 71
23 26 15 75
23 26 16 56
23 26 17 41
23 26 18 30
23 26 19 45
23 26 20 22
23 26 21 8
23 26 22 4
23 26 23 44
23 26 24 53
23 26 25 106
23 26 26 98
23 26 27 43
23 26 28 18
23 26 29 27
23 26 30 28
23 26 31 95
23 26 32 35
23 26 33 48
23 26 34 104
23 26 35 68
23 26 36 70
23 27 0 36
23 27 1 46
23 27 2 77
23 27 3 40
23 27 4 49
23 27 5 34
23 27 6 5
23 27 7 80
23 27 8 48
23 27 9 96
23 27 10 54
23 27 11 35
23 27 12 83
23 27 13 82
23 27 14 64
23 27 15 107
23 27 16 95
23 27 17 16
23 27 18 70
23 27 19 22
23 27 20 10
23 27 21 2
23 27 22 55
23 27 23 68
23 27 24 105
23 27 25 61
23 27 26 84
23 27 27 20
23 27 28 4
23 27 29 30
23 27 30 94
23 27 31 3
23 27 32 42
23 27 33 103
23 27 34 45
23 27 35 69
23 27 36 72
23 28 0 67
23 28 1 76
23 28 2 84
23 28 3 92
23 28 4 35
23 28 5 5
23 28 6 79
23 28 7 87
23 28 8 63
23 28 9 71
23 28 10 6
23 28 11 38
23 28 12 50
23 28 13 65
23 28 14 106
23 28 15 94
23 28 16 1
23 28 17 48
23 28 18 16
23 28 19 19
23 28 20 4
23 28 21 41
23 28 22 75
23 28 23 104
23 28 24 39
23 28 25 83
23 28 26 31
23 28 27 9
23 28 28 27
23 28 29 93
23 28 30 30
23 28 31 60
23 28 32 102
23 28 33 98
23 28 34 90
23 28 35 66
23 28 36 10
23 29 0 69
23 29 1 83
23 29 2 91
23 29 3 31
23 29 4 29
23 29 5 78
23 29 6 86
23 29 7 58
23 29 8 73
23 29 9 35
23 29 10 81
23 29 11 57
23 29 12 70
23 29 13 105
23 29 14 93
23 29 15 15
23 29 16 54
23 29 17 28
23 29 18 34
23 29 19 14
23 29 20 87
23 29 21 37
23 29 22 103
23 29 23 95
23 29 24 62
23 29 25 20
23 29 26 32
23 29 27 7
23 29 28 49
23 29 29 9
23 29 30 43
23 29 31 52
23 29 32 59
23 29 33 89
23 29 34 53
23 29 35 25
23 29 36 39
23 30 0 68
23 30 1 64
23 30 2 26
23 30 3 12
23 30 4 77
23 30 5 43
23 30 6 47
23 30 7 60
23 30 8 10
23 30 9 80
23 30 10 69
23 30 11 108
23 30 12 104
23 30 13 44
23 30 14 28
23 30 15 57
23 30 16 18
23 30 17 27
23 30 18 20
23 30 19 86
23 30 20 42
23 30 21 102
23 30 22 94
23 30 23 81
23 30 24 25
23 30 25 14
23 30 26 7
23 30 27 50
23 30 28 36
23 30 29 75
23 30 30 100
23 30 31 59
23 30 32 88
23 30 33 87
23 30 34 33
23 30 35 101
23 30 36 74
23 31 0 58
23 31 1 5
23 31 2 14
23 31 3 76
23 31 4 84
23 31 5 92
23 31 6 41
23 31 7 9
23 31 8 79
23 31 9 61
23 31 10 50
23 31 11 103
23 31 12 40
23 31 13 35
23 31 14 75
23 31 15 2
23 31 16 11
23 31 17 29
23 31 18 44
23 31 19 67
23 31 20 101
23 31 21 93
23 31 22 80
23 31 23 0
23 31 24 19
23 31 25 1
23 31 26 90
23 31 27 13
23 31 28 54
23 31 29 99
23 31 30 95
23 31 31 63
23 31 32 86
23 31 33 31
23 31 34 73
23 31 35 71
23 31 36 81
23 32 0 28
23 32 1 7
23 32 2 70
23 32 3 83
23 32 4 91
23 32 5 101
23 32 6 21
23 32 7 78
23 32 8 66
23 32 9 40
23 32 10 102
23 32 11 90
23 32 12 16
23 32 13 68
23 32 14 5
23 32 15 3
23 32 16 9
23 32 17 84
23 32 18 108
23 32 19 100
23 32 20 60
23 32 21 79
23 32 22 30
23 32 23 33
23 32 24 27
23 32 25 89
23 32 26 11
23 32 27 56
23 32 28 53
23 32 29 94
23 32 30 47
23 32 31 65
23 32 32 0
23 32 33 62
23 32 34 1
23 32 35 80
23 32 36 48
23 33 0 1
23 33 1 74
23 33 2 56
23 33 3 71
23 33 4 54
23 33 5 12
23 33 6 77
23 33 7 38
23 33 8 60
23 33 9 47
23 33 10 89
23 33 11 24
23 33 12 63
23 33 13 8
23 33 14 21
23 33 15 14
23 33 16 83
23 33 17 37
23 33 18 99
23 33 19 42
23 33 20 78
23 33 21 6
23 33 22 19
23 33 23 18
23 33 24 88
23 33 25 33
23 33 26 40
23 33 27 97
23 33 28 93
23 33 29 85
23 33 30 84
23 33 31 22
23 33 32 98
23 33 33 69
23 33 34 79
23 33 35 87
23 33 36 29
23 34 0 50
23 34 1 81
23 34 2 51
23 34 3 52
23 34 4 36
23 34 5 76
23 34 6 75
23 34 7 64
23 34 8 100
23 34 9 88
23 34 10 2
23 34 11 65
23 34 12 21
23 34 13 13
23 34 14 26
23 34 15 45
23 34 16 59
23 34 17 98
23 34 18 90
23 34 19 77
23 34 20 6
23 34 21 34
23 34 22 0
23 34 23 47
23 34 24 8
23 34 25 108
23 34 26 96
23 34 27 49
23 34 28 57
23 34 29 83
23 34 30 25
23 34 31 58
23 34 32 107
23 34 33 78
23 34 34 86
23 34 35 33
23 34 36 22
23 35 0 80
23 35 1 61
23 35 2 98
23 35 3 5
23 35 4 51
23 35 5 58
23 35 6 66
23 35 7 99
23 35 8 68
23 35 9 24
23 35 10 108
23 35 11 8
23 35 12 29
23 35 13 7
23 35 14 81
23 35 15 39
23 35 16 97
23 35 17 89
23 35 18 76
23 35 19 26
23 35 20 20
23 35 21 17
23 35 22 65
23 35 23 21
23 35 24 37
23 35 25 69
23 35 26 70
23 35 27 63
23 35 28 45
23 35 29 14
23 35 30 49
23 35 31 106
23 35 32 77
23 35 33 47
23 35 34 36
23 35 35 16
23 35 36 6
23 36 0 87
23 36 1 69
23 36 2 27
23 36 3 74
23 36 4 47
23 36 5 48
23 36 6 37
23 36 7 61
23 36 8 29
23 36 9 60
23 36 10 32
23 36 11 19
23 36 12 20
23 36 13 80
23 36 14 49
23 36 15 96
23 36 16 88
23 36 17 67
23 36 18 31
23 36 19 25
23 36 20 28
23 36 21 85
23 36 22 18
23 36 23 64
23 36 24 58
23 36 25 90
23 36 26 82
23 36 27 81
23 36 28 26
23 36 29 95
23 36 30 105
23 36 31 76
23 36 32 84
23 36 33 1
23 36 34 4
23 36 35 65
23 36 36 79
24 0 0 28
24 0 1 74
24 0 2 48
24 0 3 49
24 0 4 38
24 0 5 62
24 0 6 30
24 0 7 61
24 0 8 33
24 0 9 20
24 0 10 21
24 0 11 80
24 0 12 50
24 0 13 96
24 0 14 88
24 0 15 68
24 0 16 32
24 0 17 26
24 0 18 29
24 0 19 85
24 0 20 19
24 0 21 65
24 0 22 59
24 0 23 90
24 0 24 82
24 0 25 81
24 0 26 27
24 0 27 95
24 0 28 105
24 0 29 76
24 0 30 84
24 0 31 2
24 0 32 5
24 0 33 66
24 0 34 79
24 0 35 87
24 0 36 70
24 1 0 67
24 1 1 54
24 1 2 101
24 1 3 97
24 1 4 85
24 1 5 3
24 1 6 38
24 1 7 1
24 1 8 30
24 1 9 8
24 1 10 79
24 1 11 40
24 1 12 95
24 1 13 51
24 1 14 74
24 1 15 25
24 1 16 16
24 1 17 18
24 1 18 66
24 1 19 17
24 1 20 69
24 1 21 59
24 1 22 89
24 1 23 58
24 1 24 80
24 1 25 11
24 1 26 94
24 1 27 104
24 1 28 70
24 1 29 83
24 1 30 4
24 1 31 15
24 1 32 107
24 1 33 78
24 1 34 86
24 1 35 48
24 1 36 36
24 2 0 108
24 2 1 57
24 2 2 96
24 2 3 43
24 2 4 20
24 2 5 46
24 2 6 13
24 2 7 6
24 2 8 35
24 2 9 78
24 2 10 54
24 2 11 94
24 2 12 71
24 2 13 60
24 2 14 33
24 2 15 31
24 2 16 11
24 2 17 38
24 2 18 22
24 2 19 56
24 2 20 92
24 2 21 88
24 2 22 72
24 2 23 79
24 2 24 0
24 2 25 93
24 2 26 103
24 2 27 74
24 2 28 49
24 2 29 3
24 2 30 16
24 2 31 106
24 2 32 77
24 2 33 41
24 2 34 95
24 2 35 4
24 2 36 12
24 3 0 58
24 3 1 49
24 3 2 42
24 3 3 20
24 3 4 66
24 3 5 0
24 3 6 15
24 3 7 9
24 3 8 77
24 3 9 101
24 3 10 93
24 3 11 85
24 3 12 26
24 3 13 13
24 3 14 28
24 3 15 12
24 3 16 82
24 3 17 32
24 3 18 67
24 3 19 91
24 3 20 65
24 3 21 62
24 3 22 78
24 3 23 27
24 3 24 38
24 3 25 102
24 3 26 53
24 3 27 81
24 3 28 4
24 3 29 16
24 3 30 105
24 3 31 76
24 3 32 84
24 3 33 94
24 3 34 29
24 3 35 39
24 3 36 52
24 4 0 63
24 4 1 82
24 4 2 11
24 4 3 69
24 4 4 19
24 4 5 12
24 4 6 17
24 4 7 76
24 4 8 44
24 4 9 92
24 4 10 68
24 4 11 51
24 4 12 2
24 4 13 34
24 4 14 26
24 4 15 55
24 4 16 27
24 4 17 60
24 4 18 40
24 4 19 49
24 4 20 72
24 4 21 77
24 4 22 15
24 4 23 48
24 4 24 43
24 4 25 3
24 4 26 80
24 4 27 29
24 4 28 14
24 4 29 104
24 4 30 45
24 4 31 83
24 4 32 93
24 4 33 10
24 4 34 107
24 4 35 38
24 4 36 98
24 5 0 62
24 5 1 17
24 5 2 67
24 5 3 29
24 5 4 1
24 5 5 4
24 5 6 71
24 5 7 54
24 5 8 91
24 5 9 41
24 5 10 107
24 5 11 27
24 5 12 0
24 5 13 22
24 5 14 53
24 5 15 18
24 5 16 101
24 5 17 59
24 5 18 85
24 5 19 47
24 5 20 76
24 5 21 8
24 5 22 90
24 5 23 100
24 5 24 40
24 5 25 79
24 5 26 31
24 5 27 21
24 5 28 103
24 5 29 74
24 5 30 42
24 5 31 37
24 5 32 11
24 5 33 106
24 5 34 50
24 5 35 73
24 5 36 45
24 6 0 30
24 6 1 101
24 6 2 26
24 6 3 11
24 6 4 21
24 6 5 74
24 6 6 98
24 6 7 90
24 6 8 82
24 6 9 106
24 6 10 7
24 6 11 10
24 6 12 19
24 6 13 56
24 6 14 31
24 6 15 43
24 6 16 73
24 6 17 64
24 6 18 70
24 6 19 46
24 6 20 0
24 6 21 89
24 6 22 99
24 6 23 107
24 6 24 78
24 6 25 27
24 6 26 17
24 6 27 102
24 6 28 69
24 6 29 81
24 6 30 47
24 6 31 3
24 6 32 105
24 6 33 60
24 6 34 57
24 6 35 92
24 6 36 55
24 7 0 47
24 7 1 22
24 7 2 14
24 7 3 9
24 7 4 62
24 7 5 51
24 7 6 89
24 7 7 68
24 7 8 105
24 7 9 31
24 7 10 36
24 7 11 29
24 7 12 39
24 7 13 0
24 7 14 42
24 7 15 87
24 7 16 65
24 7 17 75
24 7 18 74
24 7 19 1
24 7 20 88
24 7 21 44
24 7 22 106
24 7 23 77
24 7 24 34
24 7 25 19
24 7 26 73
24 7 27 8
24 7 28 80
24 7 29 90
24 7 30 33
24 7 31 104
24 7 32 50
24 7 33 95
24 7 34 91
24 7 35 66
24 7 36 21
24 8 0 36
24 8 1 20
24 8 2 35
24 8 3 22
24 8 4 71
24 8 5 88
24 8 6 45
24 8 7 104
24 8 8 2
24 8 9 33
24 8 10 11
24 8 11 47
24 8 12 28
24 8 13 98
24 8 14 86
24 8 15 82
24 8 16 68
24 8 17 55
24 8 18 19
24 8 19 37
24 8 20 97
24 8 21 105
24 8 22 76
24 8 23 32
24 8 24 7
24 8 25 100
24 8 26 52
24 8 27 79
24 8 28 89
24 8 29 21
24 8 30 103
24 8 31 64
24 8 32 94
24 8 33 63
24 8 34 53
24 8 35 16
24 8 36 56
24 9 0 17
24 9 1 15
24 9 2 54
24 9 3 95
24 9 4 87
24 9 5 72
24 9 6 103
24 9 7 13
24 9 8 5
24 9 9 35
24 9 10 61
24 9 11 28
24 9 12 60
24 9 13 47
24 9 14 73
24 9 15 37
24 9 16 36
24 9 17 7
24 9 18 52
24 9 19 96
24 9 20 104
24 9 21 56
24 9 22 32
24 9 23 8
24 9 24 99
24 9 25 107
24 9 26 78
24 9 27 88
24 9 28 11
24 9 29 102
24 9 30 101
24 9 31 93
24 9 32 63
24 9 33 57
24 9 34 26
24 9 35 98
24 9 36 0
24 10 0 23
24 10 1 107
24 10 2 94
24 10 3 86
24 10 4 45
24 10 5 102
24 10 6 3
24 10 7 18
24 10 8 10
24 10 9 75
24 10 10 8
24 10 11 53
24 10 12 84
24 10 13 55
24 10 14 63
24 10 15 70
24 10 16 12
24 10 17 85
24 10 18 60
24 10 19 103
24 10 20 74
24 10 21 33
24 10 22 7
24 10 23 37
24 10 24 106
24 10 25 77
24 10 26 72
24 10 27 0
24 10 28 39
24 10 29 58
24 10 30 51
24 10 31 52
24 10 32 47
24 10 33 31
24 10 34 56
24 10 35 30
24 10 36 32
24 11 0 106
24 11 1 93
24 11 2 85
24 11 3 62
24 11 4 39
24 11 5 27
24 11 6 28
24 11 7 15
24 11 8 56
24 11 9 18
24 11 10 95
24 11 11 83
24 11 12 57
24 11 13 108
24 11 14 107
24 11 15 20
24 11 16 69
24 11 17 70
24 11 18 102
24 11 19 71
24 11 20 6
24 11 21 9
24 11 22 97
24 11 23 105
24 11 24 76
24 11 25 63
24 11 26 21
24 11 27 100
24 11 28 64
24 11 29 72
24 11 30 87
24 11 31 75
24 11 32 29
24 11 33 37
24 11 34 19
24 11 35 22
24 11 36 16
24 12 0 42
24 12 1 84
24 12 2 47
24 12 3 100
24 12 4 3
24 12 5 18
24 12 6 2
24 12 7 58
24 12 8 23
24 12 9 94
24 12 10 37
24 12 11 61
24 12 12 46
24 12 13 106
24 12 14 5
24 12 15 67
24 12 16 50
24 12 17 65
24 12 18 4
24 12 19 31
24 12 20 11
24 12 21 96
24 12 22 104
24 12 23 52
24 12 24 85
24 12 25 33
24 12 26 99
24 12 27 98
24 12 28 90
24 12 29 86
24 12 30 44
24 12 31 26
24 12 32 95
24 12 33 30
24 12 34 27
24 12 35 21
24 12 36 105
24 13 0 83
24 13 1 75
24 13 2 99
24 13 3 21
24 13 4 34
24 13 5 26
24 13 6 53
24 13 7 8
24 13 8 93
24 13 9 81
24 13 10 44
24 13 11 55
24 13 12 105
24 13 13 11
24 13 14 82
24 13 15 92
24 13 16 100
24 13 17 51
24 13 18 25
24 13 19 14
24 13 20 73
24 13 21 103
24 13 22 74
24 13 23 59
24 13 24 22
24 13 25 56
24 13 26 37
24 13 27 89
24 13 28 68
24 13 29 65
24 13 30 2
24 13 31 94
24 13 32 10
24 13 33 13
24 13 34 4
24 13 35 104
24 13 36 61
24 14 0 54
24 14 1 40
24 14 2 33
24 14 3 26
24 14 4 2
24 14 5 108
24 14 6 23
24 14 7 44
24 14 8 80
24 14 9 71
24 14 10 60
24 14 11 104
24 14 12 35
24 14 13 43
24 14 14 91
24 14 15 99
24 14 16 107
24 14 17 9
24 14 18 18
24 14 19 63
24 14 20 102
24 14 21 50
24 14 22 48
24 14 23 25
24 14 24 97
24 14 25 58
24 14 26 88
24 14 27 84
24 14 28 67
24 14 29 14
24 14 30 93
24 14 31 29
24 14 32 28
24 14 33 4
24 14 34 103
24 14 35 90
24 14 36 82
24 15 0 97
24 15 1 1
24 15 2 7
24 15 3 5
24 15 4 64
24 15 5 31
24 15 6 40
24 15 7 79
24 15 8 75
24 15 9 52
24 15 10 103
24 15 11 26
24 15 12 61
24 15 13 37
24 15 14 41
24 15 15 106
24 15 16 3
24 15 17 19
24 15 18 57
24 15 19 53
24 15 20 9
24 15 21 82
24 15 22 10
24 15 23 96
24 15 24 95
24 15 25 62
24 15 26 83
24 15 27 108
24 15 28 36
24 15 29 71
24 15 30 20
24 15 31 14
24 15 32 17
24 15 33 102
24 15 34 89
24 15 35 81
24 15 36 42
24 16 0 18
24 16 1 36
24 16 2 8
24 16 3 67
24 16 4 12
24 16 5 90
24 16 6 78
24 16 7 51
24 16 8 64
24 16 9 102
24 16 10 1
24 16 11 48
24 16 12 63
24 16 13 97
24 16 14 105
24 16 15 33
24 16 16 5
24 16 17 92
24 16 18 100
24 16 19 52
24 16 20 45
24 16 21 16
24 16 22 68
24 16 23 94
24 16 24 62
24 16 25 69
24 16 26 41
24 16 27 34
24 16 28 72
24 16 29 9
24 16 30 28
24 16 31 10
24 16 32 59
24 16 33 88
24 16 34 80
24 16 35 47
24 16 36 96
24 17 0 20
24 17 1 29
24 17 2 73
24 17 3 19
24 17 4 89
24 17 5 77
24 17 6 56
24 17 7 71
24 17 8 46
24 17 9 0
24 17 10 50
24 17 11 58
24 17 12 96
24 17 13 104
24 17 14 35
24 17 15 21
24 17 16 91
24 17 17 99
24 17 18 107
24 17 19 54
24 17 20 14
24 17 21 55
24 17 22 93
24 17 23 85
24 17 24 81
24 17 25 61
24 17 26 11
24 17 27 90
24 17 28 3
24 17 29 33
24 17 30 22
24 17 31 100
24 17 32 45
24 17 33 79
24 17 34 108
24 17 35 43
24 17 36 27
24 18 0 19
24 18 1 51
24 18 2 32
24 18 3 88
24 18 4 76
24 18 5 57
24 18 6 101
24 18 7 100
24 18 8 12
24 18 9 67
24 18 10 87
24 18 11 73
24 18 12 103
24 18 13 18
24 18 14 16
24 18 15 72
24 18 16 44
24 18 17 106
24 18 18 38
24 18 19 22
24 18 20 49
24 18 21 52
24 18 22 39
24 18 23 80
24 18 24 42
24 18 25 1
24 18 26 89
24 18 27 3
24 18 28 15
24 18 29 27
24 18 30 99
24 18 31 60
24 18 32 78
24 18 33 53
24 18 34 66
24 18 35 33
24 18 36 13
24 19 0 39
24 19 1 9
24 19 2 43
24 19 3 65
24 19 4 108
24 19 5 50
24 19 6 99
24 19 7 4
24 19 8 38
24 19 9 86
24 19 10 55
24 19 11 102
24 19 12 5
24 19 13 12
24 19 14 44
24 19 15 97
24 19 16 105
24 19 17 62
24 19 18 0
24 19 19 92
24 19 20 51
24 19 21 53
24 19 22 79
24 19 23 73
24 19 24 17
24 19 25 88
24 19 26 20
24 19 27 1
24 19 28 16
24 19 29 41
24 19 30 85
24 19 31 77
24 19 32 68
24 19 33 40
24 19 34 6
24 19 35 28
24 19 36 31
24 20 0 31
24 20 1 71
24 20 2 74
24 20 3 57
24 20 4 55
24 20 5 38
24 20 6 12
24 20 7 75
24 20 8 39
24 20 9 64
24 20 10 46
24 20 11 5
24 20 12 13
24 20 13 73
24 20 14 96
24 20 15 104
24 20 16 63
24 20 17 11
24 20 18 91
24 20 19 90
24 20 20 82
24 20 21 78
24 20 22 53
24 20 23 7
24 20 24 70
24 20 25 17
24 20 26 6
24 20 27 27
24 20 28 97
24 20 29 62
24 20 30 76
24 20 31 72
24 20 32 92
24 20 33 8
24 20 34 0
24 20 35 25
24 20 36 66
24 21 0 85
24 21 1 38
24 21 2 49
24 21 3 98
24 21 4 97
24 21 5 34
24 21 6 48
24 21 7 84
24 21 8 92
24 21 9 100
24 21 10 5
24 21 11 15
24 21 12 87
24 21 13 44
24 21 14 103
24 21 15 69
24 21 16 28
24 21 17 45
24 21 18 89
24 21 19 50
24 21 20 77
24 21 21 43
24 21 22 12
24 21 23 55
24 21 24 19
24 21 25 20
24 21 26 29
24 21 27 96
24 21 28 57
24 21 29 75
24 21 30 54
24 21 31 91
24 21 32 6
24 21 33 2
24 21 34 25
24 21 35 101
24 21 36 17
24 22 0 33
24 22 1 66
24 22 2 61
24 22 3 96
24 22 4 23
24 22 5 54
24 22 6 83
24 22 7 91
24 22 8 99
24 22 9 5
24 22 10 2
24 22 11 86
24 22 12 42
24 22 13 102
24 22 14 75
24 22 15 6
24 22 16 58
24 22 17 88
24 22 18 53
24 22 19 76
24 22 20 101
24 22 21 25
24 22 22 85
24 22 23 30
24 22 24 27
24 22 25 28
24 22 26 60
24 22 27 82
24 22 28 74
24 22 29 63
24 22 30 40
24 22 31 19
24 22 32 7
24 22 33 12
24 22 34 46
24 22 35 8
24 22 36 38
24 23 0 69
24 23 1 55
24 23 2 44
24 23 3 16
24 23 4 50
24 23 5 49
24 23 6 63
24 23 7 40
24 23 8 6
24 23 9 7
24 23 10 45
24 23 11 59
24 23 12 73
24 23 13 72
24 23 14 4
24 23 15 41
24 23 16 67
24 23 17 53
24 23 18 46
24 23 19 62
24 23 20 2
24 23 21 71
24 23 22 13
24 23 23 22
24 23 24 35
24 23 25 70
24 23 26 38
24 23 27 61
24 23 28 47
24 23 29 52
24 23 30 23
24 23 31 36
24 23 32 14
24 23 33 51
24 23 34 17
24 23 35 60
24 23 36 39
24 24 0 95
24 24 1 64
24 24 2 23
24 24 3 108
24 24 4 81
24 24 5 43
24 24 6 97
24 24 7 34
24 24 8 14
24 24 9 84
24 24 10 92
24 24 11 100
24 24 12 68
24 24 13 25
24 24 14 87
24 24 15 61
24 24 16 56
24 24 17 74
24 24 18 47
24 24 19 16
24 24 20 39
24 24 21 13
24 24 22 30
24 24 23 10
24 24 24 45
24 24 25 59
24 24 26 24
24 24 27 101
24 24 28 62
24 24 29 1
24 24 30 18
24 24 31 35
24 24 32 98
24 24 33 32
24 24 34 82
24 24 35 107
24 24 36 69
24 25 0 40
24 25 1 7
24 25 2 53
24 25 3 80
24 25 4 41
24 25 5 96
24 25 6 4
24 25 7 5
24 25 8 83
24 25 9 91
24 25 10 99
24 25 11 37
24 25 12 32
24 25 13 86
24 25 14 85
24 25 15 73
24 25 16 47
24 25 17 98
24 25 18 31
24 25 19 82
24 25 20 34
24 25 21 12
24 25 22 25
24 25 23 92
24 25 24 68
24 25 25 108
24 25 26 65
24 25 27 87
24 25 28 13
24 25 29 26
24 25 30 35
24 25 31 67
24 25 32 9
24 25 33 42
24 25 34 106
24 25 35 72
24 25 36 94
24 26 0 5
24 26 1 59
24 26 2 79
24 26 3 87
24 26 4 49
24 26 5 9
24 26 6 6
24 26 7 39
24 26 8 58
24 26 9 46
24 26 10 108
24 26 11 25
24 26 12 47
24 26 13 67
24 26 14 65
24 26 15 15
24 26 16 51
24 26 17 3
24 26 18 56
24 26 19 36
24 26 20 4
24 26 21 29
24 26 22 91
24 26 23 50
24 26 24 107
24 26 25 60
24 26 26 86
24 26 27 20
24 26 28 21
24 26 29 18
24 26 30 52
24 26 31 23
24 26 32 69
24 26 33 105
24 26 34 101
24 26 35 93
24 26 36 92
24 27 0 60
24 27 1 78
24 27 2 86
24 27 3 41
24 27 4 33
24 27 5 6
24 27 6 81
24 27 7 67
24 27 8 97
24 27 9 47
24 27 10 14
24 27 11 84
24 27 12 72
24 27 13 75
24 27 14 57
24 27 15 42
24 27 16 31
24 27 17 46
24 27 18 23
24 27 19 9
24 27 20 5
24 27 21 45
24 27 22 54
24 27 23 106
24 27 24 98
24 27 25 44
24 27 26 19
24 27 27 28
24 27 28 29
24 27 29 95
24 27 30 36
24 27 31 49
24 27 32 104
24 27 33 69
24 27 34 71
24 27 35 91
24 27 36 20
24 28 0 77
24 28 1 41
24 28 2 50
24 28 3 35
24 28 4 6
24 28 5 80
24 28 6 49
24 28 7 96
24 28 8 55
24 28 9 36
24 28 10 83
24 28 11 82
24 28 12 65
24 28 13 107
24 28 14 95
24 28 15 17
24 28 16 71
24 28 17 23
24 28 18 11
24 28 19 3
24 28 20 56
24 28 21 69
24 28 22 105
24 28 23 62
24 28 24 84
24 28 25 21
24 28 26 5
24 28 27 31
24 28 28 94
24 28 29 4
24 28 30 43
24 28 31 103
24 28 32 46
24 28 33 70
24 28 34 73
24 28 35 0
24 28 36 47
24 29 0 84
24 29 1 92
24 29 2 36
24 29 3 6
24 29 4 79
24 29 5 87
24 29 6 64
24 29 7 72
24 29 8 7
24 29 9 39
24 29 10 51
24 29 11 66
24 29 12 106
24 29 13 94
24 29 14 2
24 29 15 49
24 29 16 17
24 29 17 20
24 29 18 5
24 29 19 42
24 29 20 75
24 29 21 104
24 29 22 40
24 29 23 83
24 29 24 32
24 29 25 10
24 29 26 28
24 29 27 93
24 29 28 31
24 29 29 61
24 29 30 102
24 29 31 98
24 29 32 90
24 29 33 67
24 29 34 11
24 29 35 68
24 29 36 76
24 30 0 91
24 30 1 32
24 30 2 30
24 30 3 78
24 30 4 86
24 30 5 59
24 30 6 37
24 30 7 36
24 30 8 81
24 30 9 58
24 30 10 71
24 30 11 105
24 30 12 93
24 30 13 16
24 30 14 55
24 30 15 29
24 30 16 35
24 30 17 15
24 30 18 87
24 30 19 38
24 30 20 103
24 30 21 95
24 30 22 63
24 30 23 21
24 30 24 33
24 30 25 8
24 30 26 50
24 30 27 10
24 30 28 44
24 30 29 53
24 30 30 60
24 30 31 89
24 30 32 54
24 30 33 26
24 30 34 40
24 30 35 70
24 30 36 83
24 31 0 27
24 31 1 13
24 31 2 77
24 31 3 44
24 31 4 48
24 31 5 61
24 31 6 11
24 31 7 80
24 31 8 70
24 31 9 108
24 31 10 104
24 31 11 45
24 31 12 29
24 31 13 58
24 31 14 19
24 31 15 28
24 31 16 21
24 31 17 86
24 31 18 43
24 31 19 102
24 31 20 94
24 31 21 81
24 31 22 26
24 31 23 15
24 31 24 8
24 31 25 51
24 31 26 0
24 31 27 75
24 31 28 100
24 31 29 60
24 31 30 88
24 31 31 87
24 31 32 34
24 31 33 101
24 31 34 74
24 31 35 69
24 31 36 65
24 32 0 15
24 32 1 76
24 32 2 84
24 32 3 92
24 32 4 42
24 32 5 10
24 32 6 79
24 32 7 62
24 32 8 51
24 32 9 103
24 32 10 41
24 32 11 36
24 32 12 75
24 32 13 3
24 32 14 12
24 32 15 30
24 32 16 45
24 32 17 68
24 32 18 101
24 32 19 93
24 32 20 80
24 32 21 1
24 32 22 20
24 32 23 2
24 32 24 90
24 32 25 14
24 32 26 55
24 32 27 99
24 32 28 95
24 32 29 64
24 32 30 86
24 32 31 32
24 32 32 37
24 32 33 72
24 32 34 81
24 32 35 59
24 32 36 6
24 33 0 71
24 33 1 83
24 33 2 91
24 33 3 101
24 33 4 22
24 33 5 78
24 33 6 67
24 33 7 41
24 33 8 102
24 33 9 90
24 33 10 17
24 33 11 69
24 33 12 6
24 33 13 4
24 33 14 10
24 33 15 84
24 33 16 108
24 33 17 100
24 33 18 61
24 33 19 79
24 33 20 31
24 33 21 34
24 33 22 28
24 33 23 89
24 33 24 12
24 33 25 57
24 33 26 54
24 33 27 94
24 33 28 48
24 33 29 66
24 33 30 1
24 33 31 63
24 33 32 2
24 33 33 80
24 33 34 49
24 33 35 29
24 33 36 8
24 34 0 57
24 34 1 72
24 34 2 55
24 34 3 13
24 34 4 77
24 34 5 39
24 34 6 61
24 34 7 48
24 34 8 89
24 34 9 25
24 34 10 64
24 34 11 9
24 34 12 22
24 34 13 15
24 34 14 83
24 34 15 38
24 34 16 99
24 34 17 43
24 34 18 78
24 34 19 7
24 34 20 20
24 34 21 19
24 34 22 88
24 34 23 34
24 34 24 41
24 34 25 97
24 34 26 93
24 34 27 85
24 34 28 84
24 34 29 23
24 34 30 98
24 34 31 70
24 34 32 79
24 34 33 87
24 34 34 30
24 34 35 2
24 34 36 74
24 35 0 52
24 35 1 53
24 35 2 0
24 35 3 76
24 35 4 75
24 35 5 65
24 35 6 100
24 35 7 88
24 35 8 3
24 35 9 66
24 35 10 22
24 35 11 14
24 35 12 27
24 35 13 46
24 35 14 60
24 35 15 98
24 35 16 90
24 35 17 77
24 35 18 7
24 35 19 35
24 35 20 1
24 35 21 48
24 35 22 9
24 35 23 108
24 35 24 96
24 35 25 50
24 35 26 58
24 35 27 83
24 35 28 26
24 35 29 59
24 35 30 107
24 35 31 78
24 35 32 86
24 35 33 34
24 35 34 23
24 35 35 51
24 35 36 81
24 36 0 98
24 36 1 6
24 36 2 52
24 36 3 59
24 36 4 67
24 36 5 99
24 36 6 69
24 36 7 25
24 36 8 108
24 36 9 9
24 36 10 30
24 36 11 8
24 36 12 81
24 36 13 40
24 36 14 97
24 36 15 89
24 36 16 76
24 36 17 27
24 36 18 21
24 36 19 18
24 36 20 66
24 36 21 22
24 36 22 38
24 36 23 70
24 36 24 71
24 36 25 64
24 36 26 46
24 36 27 15
24 36 28 50
24 36 29 106
24 36 30 77
24 36 31 48
24 36 32 0
24 36 33 17
24 36 34 7
24 36 35 80
24 36 36 62
25 0 0 53
25 0 1 60
25 0 2 68
25 0 3 99
25 0 4 70
25 0 5 26
25 0 6 108
25 0 7 10
25 0 8 31
25 0 9 9
25 0 10 81
25 0 11 41
25 0 12 97
25 0 13 89
25 0 14 76
25 0 15 28
25 0 16 22
25 0 17 19
25 0 18 67
25 0 19 23
25 0 20 39
25 0 21 71
25 0 22 72
25 0 23 65
25 0 24 47
25 0 25 16
25 0 26 51
25 0 27 106
25 0 28 77
25 0 29 49
25 0 30 1
25 0 31 18
25 0 32 8
25 0 33 80
25 0 34 63
25 0 35 98
25 0 36 7
25 1 0 49
25 1 1 50
25 1 2 39
25 1 3 63
25 1 4 31
25 1 5 62
25 1 6 34
25 1 7 21
25 1 8 22
25 1 9 80
25 1 10 51
25 1 11 96
25 1 12 88
25 1 13 69
25 1 14 33
25 1 15 27
25 1 16 30
25 1 17 85
25 1 18 20
25 1 19 66
25 1 20 60
25 1 21 90
25 1 22 82
25 1 23 81
25 1 24 28
25 1 25 95
25 1 26 105
25 1 27 76
25 1 28 84
25 1 29 3
25 1 30 6
25 1 31 67
25 1 32 79
25 1 33 87
25 1 34 71
25 1 35 29
25 1 36 74
25 2 0 101
25 2 1 97
25 2 2 85
25 2 3 4
25 2 4 39
25 2 5 2
25 2 6 31
25 2 7 9
25 2 8 79
25 2 9 41
25 2 10 95
25 2 11 52
25 2 12 74
25 2 13 26
25 2 14 17
25 2 15 19
25 2 16 67
25 2 17 18
25 2 18 70
25 2 19 60
25 2 20 89
25 2 21 59
25 2 22 80
25 2 23 12
25 2 24 94
25 2 25 104
25 2 26 71
25 2 27 83
25 2 28 5
25 2 29 16
25 2 30 107
25 2 31 78
25 2 32 86
25 2 33 49
25 2 34 0
25 2 35 68
25 2 36 55
25 3 0 96
25 3 1 44
25 3 2 21
25 3 3 47
25 3 4 14
25 3 5 7
25 3 6 36
25 3 7 78
25 3 8 55
25 3 9 94
25 3 10 72
25 3 11 61
25 3 12 34
25 3 13 32
25 3 14 12
25 3 15 39
25 3 16 23
25 3 17 57
25 3 18 92
25 3 19 88
25 3 20 73
25 3 21 79
25 3 22 1
25 3 23 93
25 3 24 103
25 3 25 74
25 3 26 50
25 3 27 4
25 3 28 17
25 3 29 106
25 3 30 77
25 3 31 42
25 3 32 95
25 3 33 5
25 3 34 13
25 3 35 108
25 3 36 58
25 4 0 43
25 4 1 21
25 4 2 67
25 4 3 1
25 4 4 16
25 4 5 10
25 4 6 77
25 4 7 101
25 4 8 93
25 4 9 85
25 4 10 27
25 4 11 14
25 4 12 29
25 4 13 13
25 4 14 82
25 4 15 33
25 4 16 68
25 4 17 91
25 4 18 66
25 4 19 63
25 4 20 78
25 4 21 28
25 4 22 39
25 4 23 102
25 4 24 54
25 4 25 81
25 4 26 5
25 4 27 17
25 4 28 105
25 4 29 76
25 4 30 84
25 4 31 94
25 4 32 30
25 4 33 40
25 4 34 53
25 4 35 59
25 4 36 50
25 5 0 12
25 5 1 70
25 5 2 20
25 5 3 13
25 5 4 18
25 5 5 76
25 5 6 45
25 5 7 92
25 5 8 69
25 5 9 52
25 5 10 3
25 5 11 35
25 5 12 27
25 5 13 56
25 5 14 28
25 5 15 61
25 5 16 41
25 5 17 50
25 5 18 73
25 5 19 77
25 5 20 16
25 5 21 49
25 5 22 44
25 5 23 4
25 5 24 80
25 5 25 30
25 5 26 15
25 5 27 104
25 5 28 46
25 5 29 83
25 5 30 93
25 5 31 11
25 5 32 107
25 5 33 39
25 5 34 98
25 5 35 64
25 5 36 82
25 6 0 68
25 6 1 30
25 6 2 2
25 6 3 5
25 6 4 72
25 6 5 55
25 6 6 91
25 6 7 42
25 6 8 107
25 6 9 28
25 6 10 1
25 6 11 23
25 6 12 54
25 6 13 19
25 6 14 101
25 6 15 60
25 6 16 85
25 6 17 48
25 6 18 76
25 6 19 9
25 6 20 90
25 6 21 100
25 6 22 41
25 6 23 79
25 6 24 32
25 6 25 22
25 6 26 103
25 6 27 74
25 6 28 43
25 6 29 38
25 6 30 12
25 6 31 106
25 6 32 51
25 6 33 37
25 6 34 46
25 6 35 63
25 6 36 18
25 7 0 27
25 7 1 12
25 7 2 22
25 7 3 74
25 7 4 98
25 7 5 90
25 7 6 82
25 7 7 106
25 7 8 8
25 7 9 11
25 7 10 20
25 7 11 57
25 7 12 32
25 7 13 44
25 7 14 37
25 7 15 65
25 7 16 71
25 7 17 47
25 7 18 1
25 7 19 89
25 7 20 99
25 7 21 107
25 7 22 78
25 7 23 28
25 7 24 18
25 7 25 102
25 7 26 70
25 7 27 81
25 7 28 48
25 7 29 4
25 7 30 105
25 7 31 61
25 7 32 58
25 7 33 92
25 7 34 56
25 7 35 31
25 7 36 101
25 8 0 15
25 8 1 10
25 8 2 63
25 8 3 52
25 8 4 89
25 8 5 69
25 8 6 105
25 8 7 32
25 8 8 0
25 8 9 30
25 8 10 40
25 8 11 1
25 8 12 43
25 8 13 87
25 8 14 66
25 8 15 75
25 8 16 74
25 8 17 2
25 8 18 88
25 8 19 45
25 8 20 106
25 8 21 77
25 8 22 35
25 8 23 20
25 8 24 37
25 8 25 9
25 8 26 80
25 8 27 90
25 8 28 34
25 8 29 104
25 8 30 51
25 8 31 95
25 8 32 91
25 8 33 67
25 8 34 22
25 8 35 48
25 8 36 23
25 9 0 36
25 9 1 23
25 9 2 72
25 9 3 88
25 9 4 46
25 9 5 104
25 9 6 3
25 9 7 34
25 9 8 12
25 9 9 48
25 9 10 29
25 9 11 98
25 9 12 86
25 9 13 82
25 9 14 69
25 9 15 56
25 9 16 20
25 9 17 38
25 9 18 97
25 9 19 105
25 9 20 76
25 9 21 33
25 9 22 8
25 9 23 100
25 9 24 53
25 9 25 79
25 9 26 89
25 9 27 22
25 9 28 103
25 9 29 65
25 9 30 94
25 9 31 64
25 9 32 54
25 9 33 17
25 9 34 57
25 9 35 0
25 9 36 21
25 10 0 55
25 10 1 95
25 10 2 87
25 10 3 73
25 10 4 103
25 10 5 14
25 10 6 6
25 10 7 36
25 10 8 62
25 10 9 29
25 10 10 61
25 10 11 48
25 10 12 37
25 10 13 38
25 10 14 0
25 10 15 8
25 10 16 53
25 10 17 96
25 10 18 104
25 10 19 57
25 10 20 33
25 10 21 9
25 10 22 99
25 10 23 107
25 10 24 78
25 10 25 88
25 10 26 12
25 10 27 102
25 10 28 101
25 10 29 93
25 10 30 64
25 10 31 58
25 10 32 27
25 10 33 98
25 10 34 1
25 10 35 18
25 10 36 16
25 11 0 94
25 11 1 86
25 11 2 46
25 11 3 102
25 11 4 4
25 11 5 19
25 11 6 11
25 11 7 75
25 11 8 9
25 11 9 54
25 11 10 84
25 11 11 56
25 11 12 64
25 11 13 71
25 11 14 13
25 11 15 85
25 11 16 61
25 11 17 103
25 11 18 74
25 11 19 34
25 11 20 8
25 11 21 38
25 11 22 106
25 11 23 77
25 11 24 73
25 11 25 1
25 11 26 40
25 11 27 59
25 11 28 52
25 11 29 53
25 11 30 48
25 11 31 32
25 11 32 57
25 11 33 31
25 11 34 33
25 11 35 24
25 11 36 107
25 12 0 85
25 12 1 63
25 12 2 40
25 12 3 28
25 12 4 29
25 12 5 16
25 12 6 57
25 12 7 19
25 12 8 95
25 12 9 83
25 12 10 58
25 12 11 108
25 12 12 107
25 12 13 21
25 12 14 70
25 12 15 71
25 12 16 102
25 12 17 72
25 12 18 7
25 12 19 10
25 12 20 97
25 12 21 105
25 12 22 76
25 12 23 64
25 12 24 22
25 12 25 100
25 12 26 65
25 12 27 73
25 12 28 87
25 12 29 75
25 12 30 30
25 12 31 38
25 12 32 20
25 12 33 23
25 12 34 17
25 12 35 106
25 12 36 93
25 13 0 48
25 13 1 100
25 13 2 4
25 13 3 19
25 13 4 3
25 13 5 59
25 13 6 24
25 13 7 94
25 13 8 38
25 13 9 62
25 13 10 47
25 13 11 106
25 13 12 6
25 13 13 68
25 13 14 51
25 13 15 66
25 13 16 5
25 13 17 32
25 13 18 12
25 13 19 96
25 13 20 104
25 13 21 53
25 13 22 85
25 13 23 34
25 13 24 99
25 13 25 98
25 13 26 90
25 13 27 86
25 13 28 45
25 13 29 27
25 13 30 95
25 13 31 31
25 13 32 28
25 13 33 22
25 13 34 105
25 13 35 43
25 13 36 84
25 14 0 99
25 14 1 22
25 14 2 35
25 14 3 27
25 14 4 54
25 14 5 9
25 14 6 93
25 14 7 81
25 14 8 45
25 14 9 56
25 14 10 105
25 14 11 12
25 14 12 82
25 14 13 92
25 14 14 100
25 14 15 52
25 14 16 26
25 14 17 15
25 14 18 37
25 14 19 103
25 14 20 74
25 14 21 60
25 14 22 23
25 14 23 57
25 14 24 38
25 14 25 89
25 14 26 69
25 14 27 66
25 14 28 3
25 14 29 94
25 14 30 11
25 14 31 14
25 14 32 5
25 14 33 104
25 14 34 62
25 14 35 83
25 14 36 75
25 15 0 34
25 15 1 27
25 15 2 3
25 15 3 108
25 15 4 24
25 15 5 45
25 15 6 80
25 15 7 72
25 15 8 61
25 15 9 104
25 15 10 36
25 15 11 44
25 15 12 91
25 15 13 99
25 15 14 107
25 15 15 10
25 15 16 19
25 15 17 64
25 15 18 102
25 15 19 51
25 15 20 49
25 15 21 26
25 15 22 97
25 15 23 59
25 15 24 88
25 15 25 84
25 15 26 68
25 15 27 15
25 15 28 93
25 15 29 30
25 15 30 29
25 15 31 5
25 15 32 103
25 15 33 90
25 15 34 82
25 15 35 55
25 15 36 41
25 16 0 8
25 16 1 6
25 16 2 65
25 16 3 32
25 16 4 41
25 16 5 79
25 16 6 75
25 16 7 53
25 16 8 103
25 16 9 27
25 16 10 62
25 16 11 38
25 16 12 42
25 16 13 106
25 16 14 4
25 16 15 20
25 16 16 58
25 16 17 54
25 16 18 10
25 16 19 82
25 16 20 11
25 16 21 96
25 16 22 95
25 16 23 63
25 16 24 83
25 16 25 108
25 16 26 0
25 16 27 72
25 16 28 21
25 16 29 15
25 16 30 18
25 16 31 102
25 16 32 89
25 16 33 81
25 16 34 43
25 16 35 97
25 16 36 2
25 17 0 9
25 17 1 68
25 17 2 13
25 17 3 90
25 17 4 78
25 17 5 52
25 17 6 65
25 17 7 102
25 17 8 2
25 17 9 49
25 17 10 64
25 17 11 97
25 17 12 105
25 17 13 34
25 17 14 6
25 17 15 92
25 17 16 100
25 17 17 53
25 17 18 46
25 17 19 17
25 17 20 69
25 17 21 94
25 17 22 63
25 17 23 70
25 17 24 42
25 17 25 35
25 17 26 73
25 17 27 10
25 17 28 29
25 17 29 11
25 17 30 60
25 17 31 88
25 17 32 80
25 17 33 48
25 17 34 96
25 17 35 19
25 17 36 0
25 18 0 37
25 18 1 20
25 18 2 89
25 18 3 77
25 18 4 57
25 18 5 72
25 18 6 47
25 18 7 1
25 18 8 51
25 18 9 59
25 18 10 96
25 18 11 104
25 18 12 36
25 18 13 22
25 18 14 91
25 18 15 99
25 18 16 107
25 18 17 55
25 18 18 15
25 18 19 56
25 18 20 93
25 18 21 85
25 18 22 81
25 18 23 62
25 18 24 12
25 18 25 90
25 18 26 4
25 18 27 34
25 18 28 23
25 18 29 100
25 18 30 46
25 18 31 79
25 18 32 108
25 18 33 44
25 18 34 28
25 18 35 21
25 18 36 30
25 19 0 33
25 19 1 88
25 19 2 76
25 19 3 58
25 19 4 101
25 19 5 100
25 19 6 13
25 19 7 68
25 19 8 87
25 19 9 37
25 19 10 103
25 19 11 19
25 19 12 17
25 19 13 73
25 19 14 45
25 19 15 106
25 19 16 39
25 19 17 23
25 19 18 50
25 19 19 53
25 19 20 40
25 19 21 80
25 19 22 43
25 19 23 2
25 19 24 89
25 19 25 4
25 19 26 16
25 19 27 28
25 19 28 99
25 19 29 61
25 19 30 78
25 19 31 54
25 19 32 67
25 19 33 34
25 19 34 14
25 19 35 20
25 19 36 52
25 20 0 44
25 20 1 66
25 20 2 108
25 20 3 51
25 20 4 99
25 20 5 5
25 20 6 39
25 20 7 86
25 20 8 56
25 20 9 102
25 20 10 6
25 20 11 13
25 20 12 45
25 20 13 97
25 20 14 105
25 20 15 63
25 20 16 1
25 20 17 92
25 20 18 52
25 20 19 54
25 20 20 79
25 20 21 37
25 20 22 18
25 20 23 88
25 20 24 21
25 20 25 2
25 20 26 17
25 20 27 42
25 20 28 85
25 20 29 77
25 20 30 69
25 20 31 41
25 20 32 7
25 20 33 29
25 20 34 32
25 20 35 40
25 20 36 10
25 21 0 74
25 21 1 58
25 21 2 56
25 21 3 39
25 21 4 13
25 21 5 75
25 21 6 40
25 21 7 65
25 21 8 47
25 21 9 6
25 21 10 14
25 21 11 37
25 21 12 96
25 21 13 104
25 21 14 64
25 21 15 12
25 21 16 91
25 21 17 90
25 21 18 82
25 21 19 78
25 21 20 54
25 21 21 8
25 21 22 71
25 21 23 18
25 21 24 7
25 21 25 28
25 21 26 97
25 21 27 63
25 21 28 76
25 21 29 73
25 21 30 92
25 21 31 9
25 21 32 1
25 21 33 26
25 21 34 67
25 21 35 32
25 21 36 72
25 22 0 50
25 22 1 98
25 22 2 97
25 22 3 35
25 22 4 49
25 22 5 84
25 22 6 92
25 22 7 100
25 22 8 6
25 22 9 16
25 22 10 87
25 22 11 45
25 22 12 103
25 22 13 70
25 22 14 29
25 22 15 46
25 22 16 89
25 22 17 51
25 22 18 77
25 22 19 44
25 22 20 13
25 22 21 56
25 22 22 20
25 22 23 21
25 22 24 30
25 22 25 96
25 22 26 58
25 22 27 75
25 22 28 55
25 22 29 91
25 22 30 7
25 22 31 3
25 22 32 26
25 22 33 101
25 22 34 18
25 22 35 85
25 22 36 39
25 23 0 62
25 23 1 96
25 23 2 24
25 23 3 55
25 23 4 83
25 23 5 91
25 23 6 99
25 23 7 6
25 23 8 3
25 23 9 86
25 23 10 43
25 23 11 102
25 23 12 75
25 23 13 7
25 23 14 59
25 23 15 88
25 23 16 54
25 23 17 76
25 23 18 101
25 23 19 26
25 23 20 85
25 23 21 31
25 23 22 28
25 23 23 29
25 23 24 61
25 23 25 82
25 23 26 74
25 23 27 64
25 23 28 41
25 23 29 20
25 23 30 8
25 23 31 13
25 23 32 47
25 23 33 9
25 23 34 39
25 23 35 34
25 23 36 67
25 24 0 45
25 24 1 17
25 24 2 51
25 24 3 50
25 24 4 64
25 24 5 41
25 24 6 7
25 24 7 8
25 24 8 46
25 24 9 60
25 24 10 37
25 24 11 73
25 24 12 5
25 24 13 42
25 24 14 68
25 24 15 54
25 24 16 47
25 24 17 63
25 24 18 3
25 24 19 72
25 24 20 14
25 24 21 23
25 24 22 36
25 24 23 71
25 24 24 39
25 24 25 62
25 24 26 48
25 24 27 53
25 24 28 24
25 24 29 0
25 24 30 15
25 24 31 52
25 24 32 18
25 24 33 61
25 24 34 40
25 24 35 70
25 24 36 56
25 25 0 24
25 25 1 108
25 25 2 81
25 25 3 44
25 25 4 97
25 25 5 35
25 25 6 15
25 25 7 84
25 25 8 92
25 25 9 100
25 25 10 69
25 25 11 26
25 25 12 87
25 25 13 62
25 25 14 57
25 25 15 74
25 25 16 48
25 25 17 17
25 25 18 40
25 25 19 14
25 25 20 31
25 25 21 11
25 25 22 46
25 25 23 60
25 25 24 25
25 25 25 101
25 25 26 63
25 25 27 2
25 25 28 19
25 25 29 36
25 25 30 98
25 25 31 33
25 25 32 82
25 25 33 107
25 25 34 70
25 25 35 95
25 25 36 65
25 26 0 54
25 26 1 80
25 26 2 42
25 26 3 96
25 26 4 5
25 26 5 6
25 26 6 83
25 26 7 91
25 26 8 99
25 26 9 38
25 26 10 33
25 26 11 86
25 26 12 85
25 26 13 37
25 26 14 48
25 26 15 98
25 26 16 32
25 26 17 82
25 26 18 35
25 26 19 13
25 26 20 26
25 26 21 92
25 26 22 69
25 26 23 108
25 26 24 66
25 26 25 87
25 26 26 14
25 26 27 27
25 26 28 36
25 26 29 68
25 26 30 10
25 26 31 43
25 26 32 106
25 26 33 73
25 26 34 94
25 26 35 41
25 26 36 8
25 27 0 79
25 27 1 87
25 27 2 50
25 27 3 10
25 27 4 7
25 27 5 40
25 27 6 59
25 27 7 47
25 27 8 108
25 27 9 26
25 27 10 48
25 27 11 68
25 27 12 66
25 27 13 16
25 27 14 52
25 27 15 4
25 27 16 57
25 27 17 0
25 27 18 5
25 27 19 30
25 27 20 91
25 27 21 51
25 27 22 107
25 27 23 61
25 27 24 86
25 27 25 21
25 27 26 22
25 27 27 19
25 27 28 53
25 27 29 24
25 27 30 70
25 27 31 105
25 27 32 101
25 27 33 93
25 27 34 92
25 27 35 6
25 27 36 60
25 28 0 86
25 28 1 42
25 28 2 34
25 28 3 7
25 28 4 81
25 28 5 68
25 28 6 97
25 28 7 48
25 28 8 15
25 28 9 84
25 28 10 73
25 28 11 75
25 28 12 58
25 28 13 43
25 28 14 32
25 28 15 47
25 28 16 24
25 28 17 10
25 28 18 6
25 28 19 46
25 28 20 55
25 28 21 106
25 28 22 98
25 28 23 45
25 28 24 20
25 28 25 29
25 28 26 30
25 28 27 95
25 28 28 0
25 28 29 50
25 28 30 104
25 28 31 70
25 28 32 72
25 28 33 91
25 28 34 21
25 28 35 61
25 28 36 78
25 29 0 51
25 29 1 36
25 29 2 7
25 29 3 80
25 29 4 50
25 29 5 96
25 29 6 56
25 29 7 0
25 29 8 83
25 29 9 82
25 29 10 66
25 29 11 107
25 29 12 95
25 29 13 18
25 29 14 72
25 29 15 24
25 29 16 12
25 29 17 4
25 29 18 57
25 29 19 70
25 29 20 105
25 29 21 63
25 29 22 84
25 29 23 22
25 29 24 6
25 29 25 32
25 29 26 94
25 29 27 5
25 29 28 44
25 29 29 103
25 29 30 47
25 29 31 71
25 29 32 37
25 29 33 1
25 29 34 48
25 29 35 77
25 29 36 42
25 30 0 0
25 30 1 7
25 30 2 79
25 30 3 87
25 30 4 65
25 30 5 73
25 30 6 8
25 30 7 40
25 30 8 52
25 30 9 67
25 30 10 106
25 30 11 94
25 30 12 3
25 30 13 50
25 30 14 18
25 30 15 21
25 30 16 6
25 30 17 43
25 30 18 75
25 30 19 104
25 30 20 41
25 30 21 83
25 30 22 33
25 30 23 11
25 30 24 29
25 30 25 93
25 30 26 32
25 30 27 62
25 30 28 102
25 30 29 98
25 30 30 90
25 30 31 68
25 30 32 12
25 30 33 69
25 30 34 76
25 30 35 84
25 30 36 92
25 31 0 31
25 31 1 78
25 31 2 86
25 31 3 60
25 31 4 38
25 31 5 0
25 31 6 81
25 31 7 59
25 31 8 72
25 31 9 105
25 31 10 93
25 31 11 17
25 31 12 56
25 31 13 30
25 31 14 36
25 31 15 16
25 31 16 87
25 31 17 39
25 31 18 103
25 31 19 95
25 31 20 64
25 31 21 22
25 31 22 34
25 31 23 9
25 31 24 51
25 31 25 11
25 31 26 45
25 31 27 54
25 31 28 61
25 31 29 89
25 31 30 55
25 31 31 27
25 31 32 41
25 31 33 71
25 31 34 83
25 31 35 91
25 31 36 33
25 32 0 77
25 32 1 45
25 32 2 49
25 32 3 62
25 32 4 12
25 32 5 80
25 32 6 71
25 32 7 108
25 32 8 104
25 32 9 46
25 32 10 30
25 32 11 59
25 32 12 20
25 32 13 29
25 32 14 22
25 32 15 86
25 32 16 44
25 32 17 102
25 32 18 94
25 32 19 81
25 32 20 27
25 32 21 16
25 32 22 9
25 32 23 52
25 32 24 1
25 32 25 75
25 32 26 100
25 32 27 61
25 32 28 88
25 32 29 87
25 32 30 35
25 32 31 101
25 32 32 74
25 32 33 70
25 32 34 66
25 32 35 28
25 32 36 14
25 33 0 84
25 33 1 92
25 33 2 43
25 33 3 11
25 33 4 79
25 33 5 63
25 33 6 52
25 33 7 103
25 33 8 42
25 33 9 0
25 33 10 75
25 33 11 4
25 33 12 13
25 33 13 31
25 33 14 46
25 33 15 69
25 33 16 101
25 33 17 93
25 33 18 80
25 33 19 2
25 33 20 21
25 33 21 3
25 33 22 90
25 33 23 15
25 33 24 56
25 33 25 99
25 33 26 95
25 33 27 65
25 33 28 86
25 33 29 33
25 33 30 38
25 33 31 73
25 33 32 81
25 33 33 60
25 33 34 7
25 33 35 16
25 33 36 76
25 34 0 91
25 34 1 101
25 34 2 23
25 34 3 78
25 34 4 68
25 34 5 42
25 34 6 102
25 34 7 90
25 34 8 18
25 34 9 70
25 34 10 7
25 34 11 5
25 34 12 11
25 34 13 84
25 34 14 108
25 34 15 100
25 34 16 62
25 34 17 79
25 34 18 32
25 34 19 35
25 34 20 29
25 34 21 89
25 34 22 13
25 34 23 58
25 34 24 55
25 34 25 94
25 34 26 49
25 34 27 67
25 34 28 2
25 34 29 64
25 34 30 3
25 34 31 80
25 34 32 50
25 34 33 30
25 34 34 9
25 34 35 72
25 34 36 83
25 35 0 56
25 35 1 14
25 35 2 77
25 35 3 40
25 35 4 62
25 35 5 49
25 35 6 89
25 35 7 26
25 35 8 65
25 35 9 10
25 35 10 23
25 35 11 16
25 35 12 83
25 35 13 39
25 35 14 99
25 35 15 44
25 35 16 78
25 35 17 8
25 35 18 21
25 35 19 20
25 35 20 88
25 35 21 35
25 35 22 42
25 35 23 97
25 35 24 93
25 35 25 85
25 35 26 84
25 35 27 24
25 35 28 98
25 35 29 71
25 35 30 79
25 35 31 87
25 35 32 31
25 35 33 3
25 35 34 74
25 35 35 58
25 35 36 73
25 36 0 1
25 36 1 76
25 36 2 75
25 36 3 66
25 36 4 100
25 36 5 88
25 36 6 4
25 36 7 67
25 36 8 23
25 36 9 15
25 36 10 28
25 36 11 47
25 36 12 61
25 36 13 98
25 36 14 90
25 36 15 77
25 36 16 8
25 36 17 36
25 36 18 2
25 36 19 49
25 36 20 10
25 36 21 108
25 36 22 96
25 36 23 51
25 36 24 59
25 36 25 83
25 36 26 27
25 36 27 60
25 36 28 107
25 36 29 78
25 36 30 86
25 36 31 35
25 36 32 24
25 36 33 52
25 36 34 81
25 36 35 53
25 36 36 54
26 0 0 75
26 0 1 67
26 0 2 100
26 0 3 88
26 0 4 5
26 0 5 68
26 0 6 24
26 0 7 16
26 0 8 29
26 0 9 48
26 0 10 62
26 0 11 98
26 0 12 90
26 0 13 77
26 0 14 9
26 0 15 0
26 0 16 3
26 0 17 50
26 0 18 11
26 0 19 108
26 0 20 96
26 0 21 52
26 0 22 60
26 0 23 83
26 0 24 28
26 0 25 61
26 0 26 107
26 0 27 78
26 0 28 86
26 0 29 36
26 0 30 25
26 0 31 53
26 0 32 81
26 0 33 54
26 0 34 55
26 0 35 2
26 0 36 76
26 1 0 69
26 1 1 99
26 1 2 71
26 1 3 27
26 1 4 108
26 1 5 11
26 1 6 32
26 1 7 10
26 1 8 81
26 1 9 42
26 1 10 97
26 1 11 89
26 1 12 76
26 1 13 29
26 1 14 23
26 1 15 20
26 1 16 68
26 1 17 24
26 1 18 40
26 1 19 72
26 1 20 73
26 1 21 66
26 1 22 48
26 1 23 17
26 1 24 52
26 1 25 106
26 1 26 77
26 1 27 50
26 1 28 2
26 1 29 19
26 1 30 9
26 1 31 80
26 1 32 64
26 1 33 98
26 1 34 8
26 1 35 54
26 1 36 61
26 2 0 40
26 2 1 64
26 2 2 32
26 2 3 63
26 2 4 35
26 2 5 22
26 2 6 23
26 2 7 80
26 2 8 52
26 2 9 96
26 2 10 88
26 2 11 70
26 2 12 34
26 2 13 28
26 2 14 31
26 2 15 85
26 2 16 21
26 2 17 67
26 2 18 61
26 2 19 90
26 2 20 82
26 2 21 81
26 2 22 29
26 2 23 95
26 2 24 105
26 2 25 76
26 2 26 84
26 2 27 4
26 2 28 7
26 2 29 68
26 2 30 79
26 2 31 87
26 2 32 72
26 2 33 30
26 2 34 74
26 2 35 50
26 2 36 51
26 3 0 85
26 3 1 5
26 3 2 40
26 3 3 3
26 3 4 32
26 3 5 10
26 3 6 79
26 3 7 42
26 3 8 95
26 3 9 53
26 3 10 74
26 3 11 27
26 3 12 18
26 3 13 20
26 3 14 68
26 3 15 19
26 3 16 71
26 3 17 61
26 3 18 89
26 3 19 60
26 3 20 80
26 3 21 13
26 3 22 94
26 3 23 104
26 3 24 72
26 3 25 83
26 3 26 6
26 3 27 17
26 3 28 107
26 3 29 78
26 3 30 86
26 3 31 50
26 3 32 1
26 3 33 69
26 3 34 56
26 3 35 101
26 3 36 97
26 4 0 22
26 4 1 48
26 4 2 15
26 4 3 8
26 4 4 0
26 4 5 78
26 4 6 56
26 4 7 94
26 4 8 73
26 4 9 62
26 4 10 35
26 4 11 33
26 4 12 13
26 4 13 40
26 4 14 24
26 4 15 58
26 4 16 92
26 4 17 88
26 4 18 37
26 4 19 79
26 4 20 2
26 4 21 93
26 4 22 103
26 4 23 74
26 4 24 51
26 4 25 5
26 4 26 18
26 4 27 106
26 4 28 77
26 4 29 43
26 4 30 95
26 4 31 6
26 4 32 14
26 4 33 108
26 4 34 59
26 4 35 96
26 4 36 45
26 5 0 68
26 5 1 2
26 5 2 17
26 5 3 11
26 5 4 77
26 5 5 101
26 5 6 93
26 5 7 85
26 5 8 28
26 5 9 15
26 5 10 30
26 5 11 14
26 5 12 82
26 5 13 34
26 5 14 69
26 5 15 91
26 5 16 67
26 5 17 64
26 5 18 78
26 5 19 29
26 5 20 40
26 5 21 102
26 5 22 55
26 5 23 81
26 5 24 6
26 5 25 18
26 5 26 105
26 5 27 76
26 5 28 84
26 5 29 94
26 5 30 31
26 5 31 41
26 5 32 54
26 5 33 60
26 5 34 51
26 5 35 44
26 5 36 22
26 6 0 21
26 6 1 14
26 6 2 19
26 6 3 76
26 6 4 46
26 6 5 92
26 6 6 70
26 6 7 53
26 6 8 4
26 6 9 36
26 6 10 28
26 6 11 57
26 6 12 29
26 6 13 62
26 6 14 42
26 6 15 51
26 6 16 37
26 6 17 77
26 6 18 17
26 6 19 50
26 6 20 45
26 6 21 5
26 6 22 80
26 6 23 31
26 6 24 16
26 6 25 104
26 6 26 47
26 6 27 83
26 6 28 93
26 6 29 12
26 6 30 107
26 6 31 40
26 6 32 98
26 6 33 65
26 6 34 82
26 6 35 13
26 6 36 71
26 7 0 3
26 7 1 6
26 7 2 73
26 7 3 56
26 7 4 91
26 7 5 43
26 7 6 107
26 7 7 29
26 7 8 2
26 7 9 24
26 7 10 55
26 7 11 20
26 7 12 101
26 7 13 61
26 7 14 85
26 7 15 49
26 7 16 76
26 7 17 10
26 7 18 90
26 7 19 100
26 7 20 42
26 7 21 79
26 7 22 33
26 7 23 23
26 7 24 103
26 7 25 74
26 7 26 44
26 7 27 39
26 7 28 13
26 7 29 106
26 7 30 52
26 7 31 38
26 7 32 47
26 7 33 64
26 7 34 19
26 7 35 69
26 7 36 31
26 8 0 23
26 8 1 74
26 8 2 98
26 8 3 90
26 8 4 82
26 8 5 106
26 8 6 9
26 8 7 12
26 8 8 21
26 8 9 58
26 8 10 33
26 8 11 45
26 8 12 38
26 8 13 66
26 8 14 72
26 8 15 48
26 8 16 2
26 8 17 89
26 8 18 99
26 8 19 107
26 8 20 78
26 8 21 29
26 8 22 19
26 8 23 102
26 8 24 71
26 8 25 81
26 8 26 49
26 8 27 5
26 8 28 105
26 8 29 62
26 8 30 59
26 8 31 92
26 8 32 57
26 8 33 32
26 8 34 101
26 8 35 28
26 8 36 13
26 9 0 64
26 9 1 53
26 9 2 89
26 9 3 70
26 9 4 105
26 9 5 33
26 9 6 1
26 9 7 31
26 9 8 41
26 9 9 2
26 9 10 44
26 9 11 87
26 9 12 67
26 9 13 75
26 9 14 74
26 9 15 3
26 9 16 88
26 9 17 46
26 9 18 106
26 9 19 77
26 9 20 36
26 9 21 21
26 9 22 38
26 9 23 10
26 9 24 80
26 9 25 90
26 9 26 35
26 9 27 104
26 9 28 52
26 9 29 95
26 9 30 91
26 9 31 68
26 9 32 23
26 9 33 49
26 9 34 24
26 9 35 16
26 9 36 11
26 10 0 73
26 10 1 88
26 10 2 47
26 10 3 104
26 10 4 4
26 10 5 35
26 10 6 13
26 10 7 49
26 10 8 30
26 10 9 98
26 10 10 86
26 10 11 82
26 10 12 70
26 10 13 57
26 10 14 21
26 10 15 39
26 10 16 97
26 10 17 105
26 10 18 76
26 10 19 34
26 10 20 9
26 10 21 100
26 10 22 54
26 10 23 79
26 10 24 89
26 10 25 23
26 10 26 103
26 10 27 66
26 10 28 94
26 10 29 65
26 10 30 55
26 10 31 18
26 10 32 58
26 10 33 1
26 10 34 22
26 10 35 0
26 10 36 24
26 11 0 87
26 11 1 37
26 11 2 103
26 11 3 15
26 11 4 7
26 11 5 0
26 11 6 63
26 11 7 30
26 11 8 62
26 11 9 49
26 11 10 38
26 11 11 39
26 11 12 1
26 11 13 9
26 11 14 54
26 11 15 96
26 11 16 104
26 11 17 58
26 11 18 34
26 11 19 10
26 11 20 99
26 11 21 107
26 11 22 78
26 11 23 88
26 11 24 13
26 11 25 102
26 11 26 101
26 11 27 93
26 11 28 65
26 11 29 59
26 11 30 28
26 11 31 98
26 11 32 2
26 11 33 19
26 11 34 17
26 11 35 56
26 11 36 95
26 12 0 47
26 12 1 102
26 12 2 5
26 12 3 20
26 12 4 12
26 12 5 75
26 12 6 10
26 12 7 55
26 12 8 84
26 12 9 57
26 12 10 65
26 12 11 72
26 12 12 14
26 12 13 85
26 12 14 62
26 12 15 103
26 12 16 74
26 12 17 35
26 12 18 9
26 12 19 39
26 12 20 106
26 12 21 77
26 12 22 37
26 12 23 2
26 12 24 41
26 12 25 60
26 12 26 53
26 12 27 54
26 12 28 49
26 12 29 33
26 12 30 58
26 12 31 32
26 12 32 34
26 12 33 25
26 12 34 107
26 12 35 94
26 12 36 86
26 13 0 41
26 13 1 29
26 13 2 30
26 13 3 17
26 13 4 58
26 13 5 20
26 13 6 95
26 13 7 83
26 13 8 59
26 13 9 108
26 13 10 107
26 13 11 22
26 13 12 71
26 13 13 72
26 13 14 102
26 13 15 73
26 13 16 8
26 13 17 11
26 13 18 97
26 13 19 105
26 13 20 76
26 13 21 65
26 13 22 23
26 13 23 100
26 13 24 66
26 13 25 37
26 13 26 87
26 13 27 75
26 13 28 31
26 13 29 39
26 13 30 21
26 13 31 24
26 13 32 18
26 13 33 106
26 13 34 93
26 13 35 85
26 13 36 64
26 14 0 5
26 14 1 20
26 14 2 4
26 14 3 60
26 14 4 25
26 14 5 94
26 14 6 39
26 14 7 63
26 14 8 48
26 14 9 106
26 14 10 7
26 14 11 69
26 14 12 52
26 14 13 67
26 14 14 6
26 14 15 33
26 14 16 13
26 14 17 96
26 14 18 104
26 14 19 54
26 14 20 85
26 14 21 35
26 14 22 99
26 14 23 98
26 14 24 90
26 14 25 86
26 14 26 46
26 14 27 28
26 14 28 95
26 14 29 32
26 14 30 29
26 14 31 23
26 14 32 105
26 14 33 44
26 14 34 84
26 14 35 49
26 14 36 100
26 15 0 36
26 15 1 28
26 15 2 55
26 15 3 10
26 15 4 93
26 15 5 81
26 15 6 46
26 15 7 57
26 15 8 105
26 15 9 13
26 15 10 82
26 15 11 92
26 15 12 100
26 15 13 53
26 15 14 27
26 15 15 16
26 15 16 38
26 15 17 103
26 15 18 74
26 15 19 61
26 15 20 24
26 15 21 58
26 15 22 39
26 15 23 89
26 15 24 70
26 15 25 67
26 15 26 4
26 15 27 94
26 15 28 12
26 15 29 15
26 15 30 6
26 15 31 104
26 15 32 63
26 15 33 83
26 15 34 75
26 15 35 99
26 15 36 23
26 16 0 4
26 16 1 108
26 16 2 25
26 16 3 46
26 16 4 80
26 16 5 73
26 16 6 62
26 16 7 104
26 16 8 0
26 16 9 45
26 16 10 91
26 16 11 99
26 16 12 107
26 16 13 11
26 16 14 20
26 16 15 65
26 16 16 102
26 16 17 52
26 16 18 50
26 16 19 27
26 16 20 97
26 16 21 60
26 16 22 88
26 16 23 84
26 16 24 69
26 16 25 16
26 16 26 93
26 16 27 31
26 16 28 30
26 16 29 6
26 16 30 103
26 16 31 90
26 16 32 82
26 16 33 56
26 16 34 42
26 16 35 35
26 16 36 28
26 17 0 66
26 17 1 33
26 17 2 42
26 17 3 79
26 17 4 75
26 17 5 54
26 17 6 103
26 17 7 28
26 17 8 63
26 17 9 39
26 17 10 43
26 17 11 106
26 17 12 5
26 17 13 21
26 17 14 59
26 17 15 55
26 17 16 11
26 17 17 82
26 17 18 12
26 17 19 96
26 17 20 95
26 17 21 64
26 17 22 83
26 17 23 108
26 17 24 1
26 17 25 73
26 17 26 22
26 17 27 16
26 17 28 19
26 17 29 102
26 17 30 89
26 17 31 81
26 17 32 44
26 17 33 97
26 17 34 3
26 17 35 9
26 17 36 7
26 18 0 14
26 18 1 90
26 18 2 78
26 18 3 53
26 18 4 66
26 18 5 102
26 18 6 3
26 18 7 50
26 18 8 65
26 18 9 97
26 18 10 105
26 18 11 35
26 18 12 7
26 18 13 92
26 18 14 100
26 18 15 54
26 18 16 47
26 18 17 18
26 18 18 70
26 18 19 94
26 18 20 64
26 18 21 71
26 18 22 43
26 18 23 36
26 18 24 37
26 18 25 11
26 18 26 30
26 18 27 12
26 18 28 61
26 18 29 88
26 18 30 80
26 18 31 49
26 18 32 96
26 18 33 20
26 18 34 1
26 18 35 10
26 18 36 69
26 19 0 89
26 19 1 77
26 19 2 58
26 19 3 73
26 19 4 48
26 19 5 2
26 19 6 52
26 19 7 60
26 19 8 96
26 19 9 104
26 19 10 0
26 19 11 23
26 19 12 91
26 19 13 99
26 19 14 107
26 19 15 56
26 19 16 16
26 19 17 57
26 19 18 93
26 19 19 85
26 19 20 81
26 19 21 63
26 19 22 13
26 19 23 90
26 19 24 5
26 19 25 35
26 19 26 24
26 19 27 100
26 19 28 47
26 19 29 79
26 19 30 108
26 19 31 45
26 19 32 29
26 19 33 22
26 19 34 31
26 19 35 38
26 19 36 21
26 20 0 76
26 20 1 59
26 20 2 101
26 20 3 100
26 20 4 14
26 20 5 69
26 20 6 87
26 20 7 38
26 20 8 103
26 20 9 20
26 20 10 18
26 20 11 37
26 20 12 46
26 20 13 106
26 20 14 40
26 20 15 24
26 20 16 51
26 20 17 54
26 20 18 41
26 20 19 80
26 20 20 44
26 20 21 3
26 20 22 89
26 20 23 5
26 20 24 17
26 20 25 29
26 20 26 99
26 20 27 62
26 20 28 78
26 20 29 55
26 20 30 68
26 20 31 35
26 20 32 15
26 20 33 21
26 20 34 53
26 20 35 34
26 20 36 88
26 21 0 108
26 21 1 52
26 21 2 99
26 21 3 6
26 21 4 40
26 21 5 86
26 21 6 57
26 21 7 102
26 21 8 7
26 21 9 14
26 21 10 46
26 21 11 97
26 21 12 105
26 21 13 64
26 21 14 2
26 21 15 92
26 21 16 53
26 21 17 55
26 21 18 79
26 21 19 38
26 21 20 19
26 21 21 88
26 21 22 22
26 21 23 3
26 21 24 18
26 21 25 43
26 21 26 85
26 21 27 77
26 21 28 70
26 21 29 42
26 21 30 8
26 21 31 30
26 21 32 33
26 21 33 41
26 21 34 11
26 21 35 45
26 21 36 67
26 22 0 57
26 22 1 40
26 22 2 14
26 22 3 75
26 22 4 41
26 22 5 66
26 22 6 48
26 22 7 7
26 22 8 15
26 22 9 38
26 22 10 96
26 22 11 104
26 22 12 65
26 22 13 13
26 22 14 91
26 22 15 90
26 22 16 82
26 22 17 78
26 22 18 55
26 22 19 9
26 22 20 72
26 22 21 19
26 22 22 8
26 22 23 29
26 22 24 97
26 22 25 64
26 22 26 76
26 22 27 37
26 22 28 92
26 22 29 10
26 22 30 2
26 22 31 27
26 22 32 68
26 22 33 33
26 22 34 73
26 22 35 74
26 22 36 59
26 23 0 97
26 23 1 36
26 23 2 50
26 23 3 84
26 23 4 92
26 23 5 100
26 23 6 7
26 23 7 17
26 23 8 87
26 23 9 46
26 23 10 103
26 23 11 71
26 23 12 30
26 23 13 47
26 23 14 89
26 23 15 52
26 23 16 77
26 23 17 45
26 23 18 14
26 23 19 57
26 23 20 21
26 23 21 22
26 23 22 31
26 23 23 96
26 23 24 59
26 23 25 75
26 23 26 56
26 23 27 91
26 23 28 8
26 23 29 4
26 23 30 27
26 23 31 101
26 23 32 19
26 23 33 85
26 23 34 40
26 23 35 51
26 23 36 98
26 24 0 25
26 24 1 56
26 24 2 83
26 24 3 91
26 24 4 99
26 24 5 7
26 24 6 4
26 24 7 86
26 24 8 44
26 24 9 102
26 24 10 75
26 24 11 8
26 24 12 60
26 24 13 88
26 24 14 55
26 24 15 76
26 24 16 101
26 24 17 27
26 24 18 85
26 24 19 32
26 24 20 29
26 24 21 30
26 24 22 62
26 24 23 82
26 24 24 74
26 24 25 65
26 24 26 42
26 24 27 21
26 24 28 9
26 24 29 14
26 24 30 48
26 24 31 10
26 24 32 40
26 24 33 35
26 24 34 68
26 24 35 63
26 24 36 96
26 25 0 52
26 25 1 51
26 25 2 65
26 25 3 42
26 25 4 8
26 25 5 9
26 25 6 47
26 25 7 61
26 25 8 38
26 25 9 37
26 25 10 6
26 25 11 43
26 25 12 69
26 25 13 55
26 25 14 48
26 25 15 64
26 25 16 4
26 25 17 73
26 25 18 15
26 25 19 24
26 25 20 0
26 25 21 72
26 25 22 40
26 25 23 63
26 25 24 49
26 25 25 54
26 25 26 25
26 25 27 1
26 25 28 16
26 25 29 53
26 25 30 19
26 25 31 62
26 25 32 41
26 25 33 71
26 25 34 57
26 25 35 46
26 25 36 18
26 26 0 81
26 26 1 45
26 26 2 97
26 26 3 36
26 26 4 16
26 26 5 84
26 26 6 92
26 26 7 100
26 26 8 70
26 26 9 27
26 26 10 87
26 26 11 63
26 26 12 58
26 26 13 74
26 26 14 49
26 26 15 18
26 26 16 41
26 26 17 15
26 26 18 32
26 26 19 12
26 26 20 47
26 26 21 61
26 26 22 26
26 26 23 101
26 26 24 64
26 26 25 3
26 26 26 20
26 26 27 0
26 26 28 98
26 26 29 34
26 26 30 82
26 26 31 107
26 26 32 71
26 26 33 95
26 26 34 66
26 26 35 25
26 26 36 108
26 27 0 43
26 27 1 96
26 27 2 6
26 27 3 7
26 27 4 83
26 27 5 91
26 27 6 99
26 27 7 39
26 27 8 34
26 27 9 86
26 27 10 85
26 27 11 38
26 27 12 49
26 27 13 98
26 27 14 33
26 27 15 82
26 27 16 36
26 27 17 14
26 27 18 27
26 27 19 92
26 27 20 70
26 27 21 108
26 27 22 67
26 27 23 87
26 27 24 15
26 27 25 28
26 27 26 0
26 27 27 69
26 27 28 11
26 27 29 44
26 27 30 106
26 27 31 37
26 27 32 94
26 27 33 42
26 27 34 9
26 27 35 55
26 27 36 80
26 28 0 51
26 28 1 11
26 28 2 8
26 28 3 41
26 28 4 60
26 28 5 48
26 28 6 108
26 28 7 27
26 28 8 49
26 28 9 69
26 28 10 67
26 28 11 17
26 28 12 53
26 28 13 5
26 28 14 58
26 28 15 1
26 28 16 6
26 28 17 31
26 28 18 91
26 28 19 52
26 28 20 107
26 28 21 62
26 28 22 86
26 28 23 22
26 28 24 23
26 28 25 20
26 28 26 54
26 28 27 25
26 28 28 71
26 28 29 105
26 28 30 101
26 28 31 93
26 28 32 92
26 28 33 7
26 28 34 61
26 28 35 79
26 28 36 87
26 29 0 35
26 29 1 8
26 29 2 81
26 29 3 69
26 29 4 97
26 29 5 49
26 29 6 16
26 29 7 84
26 29 8 37
26 29 9 75
26 29 10 59
26 29 11 44
26 29 12 33
26 29 13 48
26 29 14 25
26 29 15 11
26 29 16 7
26 29 17 47
26 29 18 56
26 29 19 106
26 29 20 98
26 29 21 46
26 29 22 21
26 29 23 30
26 29 24 31
26 29 25 95
26 29 26 1
26 29 27 51
26 29 28 104
26 29 29 71
26 29 30 73
26 29 31 91
26 29 32 22
26 29 33 62
26 29 34 78
26 29 35 86
26 29 36 43
26 30 0 8
26 30 1 80
26 30 2 51
26 30 3 96
26 30 4 57
26 30 5 1
26 30 6 83
26 30 7 82
26 30 8 67
26 30 9 107
26 30 10 95
26 30 11 19
26 30 12 73
26 30 13 25
26 30 14 13
26 30 15 5
26 30 16 58
26 30 17 71
26 30 18 105
26 30 19 64
26 30 20 84
26 30 21 23
26 30 22 7
26 30 23 33
26 30 24 94
26 30 25 6
26 30 26 45
26 30 27 103
26 30 28 48
26 30 29 72
26 30 30 38
26 30 31 2
26 30 32 49
26 30 33 77
26 30 34 43
26 30 35 52
26 30 36 0
26 31 0 79
26 31 1 87
26 31 2 66
26 31 3 37
26 31 4 9
26 31 5 41
26 31 6 53
26 31 7 68
26 31 8 106
26 31 9 94
26 31 10 4
26 31 11 51
26 31 12 19
26 31 13 22
26 31 14 7
26 31 15 44
26 31 16 75
26 31 17 104
26 31 18 42
26 31 19 83
26 31 20 34
26 31 21 12
26 31 22 30
26 31 23 93
26 31 24 33
26 31 25 63
26 31 26 102
26 31 27 98
26 31 28 90
26 31 29 69
26 31 30 13
26 31 31 70
26 31 32 76
26 31 33 84
26 31 34 92
26 31 35 1
26 31 36 8
26 32 0 86
26 32 1 61
26 32 2 39
26 32 3 1
26 32 4 81
26 32 5 60
26 32 6 73
26 32 7 105
26 32 8 93
26 32 9 18
26 32 10 57
26 32 11 31
26 32 12 0
26 32 13 17
26 32 14 87
26 32 15 40
26 32 16 103
26 32 17 95
26 32 18 65
26 32 19 23
26 32 20 35
26 32 21 10
26 32 22 52
26 32 23 12
26 32 24 46
26 32 25 55
26 32 26 62
26 32 27 89
26 32 28 56
26 32 29 28
26 32 30 42
26 32 31 72
26 32 32 83
26 32 33 91
26 32 34 34
26 32 35 32
26 32 36 78
26 33 0 50
26 33 1 63
26 33 2 13
26 33 3 80
26 33 4 72
26 33 5 108
26 33 6 104
26 33 7 47
26 33 8 31
26 33 9 60
26 33 10 21
26 33 11 30
26 33 12 23
26 33 13 86
26 33 14 45
26 33 15 102
26 33 16 94
26 33 17 81
26 33 18 28
26 33 19 17
26 33 20 10
26 33 21 53
26 33 22 2
26 33 23 75
26 33 24 100
26 33 25 62
26 33 26 88
26 33 27 87
26 33 28 36
26 33 29 101
26 33 30 74
26 33 31 71
26 33 32 67
26 33 33 29
26 33 34 15
26 33 35 77
26 33 36 46
26 34 0 44
26 34 1 12
26 34 2 79
26 34 3 64
26 34 4 53
26 34 5 103
26 34 6 43
26 34 7 1
26 34 8 75
26 34 9 5
26 34 10 14
26 34 11 32
26 34 12 47
26 34 13 70
26 34 14 101
26 34 15 93
26 34 16 80
26 34 17 3
26 34 18 22
26 34 19 4
26 34 20 90
26 34 21 16
26 34 22 57
26 34 23 99
26 34 24 95
26 34 25 66
26 34 26 86
26 34 27 34
26 34 28 39
26 34 29 37
26 34 30 81
26 34 31 61
26 34 32 8
26 34 33 17
26 34 34 76
26 34 35 84
26 34 36 92
26 35 0 24
26 35 1 78
26 35 2 69
26 35 3 43
26 35 4 102
26 35 5 90
26 35 6 19
26 35 7 71
26 35 8 8
26 35 9 6
26 35 10 12
26 35 11 84
26 35 12 108
26 35 13 100
26 35 14 63
26 35 15 79
26 35 16 33
26 35 17 36
26 35 18 30
26 35 19 89
26 35 20 14
26 35 21 59
26 35 22 56
26 35 23 94
26 35 24 50
26 35 25 68
26 35 26 3
26 35 27 65
26 35 28 4
26 35 29 80
26 35 30 51
26 35 31 31
26 35 32 10
26 35 33 73
26 35 34 83
26 35 35 91
26 35 36 101
26 36 0 77
26 36 1 41
26 36 2 63
26 36 3 50
26 36 4 89
26 36 5 27
26 36 6 66
26 36 7 11
26 36 8 24
26 36 9 17
26 36 10 83
26 36 11 40
26 36 12 99
26 36 13 45
26 36 14 78
26 36 15 9
26 36 16 22
26 36 17 21
26 36 18 88
26 36 19 36
26 36 20 43
26 36 21 97
26 36 22 93
26 36 23 85
26 36 24 84
26 36 25 25
26 36 26 98
26 36 27 72
26 36 28 79
26 36 29 87
26 36 30 32
26 36 31 4
26 36 32 74
26 36 33 59
26 36 34 37
26 36 35 57
26 36 36 15
27 0 0 64
27 0 1 51
27 0 2 89
27 0 3 28
27 0 4 67
27 0 5 12
27 0 6 25
27 0 7 18
27 0 8 83
27 0 9 41
27 0 10 99
27 0 11 46
27 0 12 78
27 0 13 10
27 0 14 23
27 0 15 22
27 0 16 88
27 0 17 0
27 0 18 44
27 0 19 97
27 0 20 93
27 0 21 85
27 0 22 84
27 0 23 26
27 0 24 98
27 0 25 73
27 0 26 79
27 0 27 87
27 0 28 33
27 0 29 5
27 0 30 74
27 0 31 60
27 0 32 38
27 0 33 58
27 0 34 16
27 0 35 77
27 0 36 42
27 1 0 100
27 1 1 88
27 1 2 6
27 1 3 69
27 1 4 25
27 1 5 17
27 1 6 30
27 1 7 49
27 1 8 63
27 1 9 98
27 1 10 90
27 1 11 77
27 1 12 10
27 1 13 1
27 1 14 4
27 1 15 51
27 1 16 12
27 1 17 108
27 1 18 96
27 1 19 53
27 1 20 61
27 1 21 83
27 1 22 29
27 1 23 62
27 1 24 107
27 1 25 78
27 1 26 86
27 1 27 0
27 1 28 26
27 1 29 54
27 1 30 81
27 1 31 55
27 1 32 56
27 1 33 3
27 1 34 76
27 1 35 75
27 1 36 68
27 2 0 72
27 2 1 28
27 2 2 108
27 2 3 12
27 2 4 33
27 2 5 11
27 2 6 81
27 2 7 43
27 2 8 97
27 2 9 89
27 2 10 76
27 2 11 30
27 2 12 24
27 2 13 21
27 2 14 69
27 2 15 25
27 2 16 41
27 2 17 73
27 2 18 37
27 2 19 67
27 2 20 49
27 2 21 18
27 2 22 53
27 2 23 106
27 2 24 77
27 2 25 51
27 2 26 3
27 2 27 20
27 2 28 10
27 2 29 80
27 2 30 65
27 2 31 98
27 2 32 9
27 2 33 55
27 2 34 62
27 2 35 70
27 2 36 99
27 3 0 33
27 3 1 64
27 3 2 36
27 3 3 23
27 3 4 24
27 3 5 80
27 3 6 53
27 3 7 96
27 3 8 88
27 3 9 71
27 3 10 35
27 3 11 29
27 3 12 32
27 3 13 85
27 3 14 22
27 3 15 68
27 3 16 62
27 3 17 90
27 3 18 82
27 3 19 81
27 3 20 30
27 3 21 95
27 3 22 105
27 3 23 76
27 3 24 84
27 3 25 5
27 3 26 8
27 3 27 69
27 3 28 79
27 3 29 87
27 3 30 73
27 3 31 31
27 3 32 74
27 3 33 51
27 3 34 52
27 3 35 41
27 3 36 65
27 4 0 41
27 4 1 4
27 4 2 33
27 4 3 11
27 4 4 79
27 4 5 43
27 4 6 95
27 4 7 54
27 4 8 74
27 4 9 28
27 4 10 19
27 4 11 21
27 4 12 69
27 4 13 20
27 4 14 72
27 4 15 62
27 4 16 89
27 4 17 61
27 4 18 80
27 4 19 14
27 4 20 94
27 4 21 104
27 4 22 73
27 4 23 83
27 4 24 7
27 4 25 18
27 4 26 107
27 4 27 78
27 4 28 86
27 4 29 51
27 4 30 2
27 4 31 70
27 4 32 57
27 4 33 101
27 4 34 97
27 4 35 85
27 4 36 6
27 5 0 16
27 5 1 9
27 5 2 1
27 5 3 78
27 5 4 57
27 5 5 94
27 5 6 37
27 5 7 63
27 5 8 36
27 5 9 34
27 5 10 14
27 5 11 41
27 5 12 25
27 5 13 59
27 5 14 92
27 5 15 88
27 5 16 38
27 5 17 79
27 5 18 3
27 5 19 93
27 5 20 103
27 5 21 74
27 5 22 52
27 5 23 6
27 5 24 19
27 5 25 106
27 5 26 77
27 5 27 44
27 5 28 95
27 5 29 7
27 5 30 15
27 5 31 108
27 5 32 60
27 5 33 96
27 5 34 46
27 5 35 23
27 5 36 49
27 6 0 18
27 6 1 12
27 6 2 77
27 6 3 101
27 6 4 93
27 6 5 85
27 6 6 29
27 6 7 16
27 6 8 31
27 6 9 15
27 6 10 82
27 6 11 35
27 6 12 70
27 6 13 91
27 6 14 68
27 6 15 65
27 6 16 78
27 6 17 30
27 6 18 41
27 6 19 102
27 6 20 56
27 6 21 81
27 6 22 7
27 6 23 19
27 6 24 105
27 6 25 76
27 6 26 84
27 6 27 94
27 6 28 32
27 6 29 42
27 6 30 55
27 6 31 61
27 6 32 52
27 6 33 45
27 6 34 23
27 6 35 69
27 6 36 3
27 7 0 20
27 7 1 76
27 7 2 47
27 7 3 92
27 7 4 71
27 7 5 54
27 7 6 5
27 7 7 0
27 7 8 29
27 7 9 58
27 7 10 30
27 7 11 63
27 7 12 43
27 7 13 52
27 7 14 38
27 7 15 77
27 7 16 18
27 7 17 51
27 7 18 46
27 7 19 6
27 7 20 80
27 7 21 32
27 7 22 17
27 7 23 104
27 7 24 48
27 7 25 83
27 7 26 93
27 7 27 13
27 7 28 107
27 7 29 41
27 7 30 98
27 7 31 66
27 7 32 82
27 7 33 14
27 7 34 72
27 7 35 22
27 7 36 15
27 8 0 37
27 8 1 57
27 8 2 91
27 8 3 44
27 8 4 107
27 8 5 30
27 8 6 3
27 8 7 25
27 8 8 56
27 8 9 21
27 8 10 101
27 8 11 62
27 8 12 85
27 8 13 50
27 8 14 76
27 8 15 11
27 8 16 90
27 8 17 100
27 8 18 43
27 8 19 79
27 8 20 34
27 8 21 24
27 8 22 103
27 8 23 74
27 8 24 45
27 8 25 40
27 8 26 14
27 8 27 106
27 8 28 53
27 8 29 39
27 8 30 48
27 8 31 65
27 8 32 20
27 8 33 70
27 8 34 32
27 8 35 4
27 8 36 7
27 9 0 98
27 9 1 90
27 9 2 82
27 9 3 106
27 9 4 10
27 9 5 13
27 9 6 22
27 9 7 59
27 9 8 34
27 9 9 46
27 9 10 39
27 9 11 67
27 9 12 73
27 9 13 49
27 9 14 3
27 9 15 89
27 9 16 99
27 9 17 107
27 9 18 78
27 9 19 30
27 9 20 20
27 9 21 102
27 9 22 72
27 9 23 81
27 9 24 50
27 9 25 6
27 9 26 105
27 9 27 63
27 9 28 60
27 9 29 92
27 9 30 58
27 9 31 33
27 9 32 101
27 9 33 29
27 9 34 14
27 9 35 24
27 9 36 74
27 10 0 89
27 10 1 71
27 10 2 105
27 10 3 34
27 10 4 2
27 10 5 32
27 10 6 42
27 10 7 3
27 10 8 45
27 10 9 87
27 10 10 68
27 10 11 75
27 10 12 74
27 10 13 4
27 10 14 88
27 10 15 47
27 10 16 106
27 10 17 77
27 10 18 0
27 10 19 22
27 10 20 39
27 10 21 11
27 10 22 80
27 10 23 90
27 10 24 36
27 10 25 104
27 10 26 53
27 10 27 95
27 10 28 91
27 10 29 69
27 10 30 24
27 10 31 50
27 10 32 25
27 10 33 17
27 10 34 12
27 10 35 65
27 10 36 54
27 11 0 48
27 11 1 104
27 11 2 5
27 11 3 36
27 11 4 14
27 11 5 50
27 11 6 31
27 11 7 98
27 11 8 86
27 11 9 82
27 11 10 71
27 11 11 58
27 11 12 22
27 11 13 40
27 11 14 97
27 11 15 105
27 11 16 76
27 11 17 35
27 11 18 10
27 11 19 100
27 11 20 55
27 11 21 79
27 11 22 89
27 11 23 24
27 11 24 103
27 11 25 67
27 11 26 94
27 11 27 66
27 11 28 56
27 11 29 19
27 11 30 59
27 11 31 2
27 11 32 23
27 11 33 1
27 11 34 25
27 11 35 37
27 11 36 88
27 12 0 103
27 12 1 16
27 12 2 8
27 12 3 1
27 12 4 64
27 12 5 31
27 12 6 63
27 12 7 50
27 12 8 39
27 12 9 40
27 12 10 2
27 12 11 10
27 12 12 55
27 12 13 96
27 12 14 104
27 12 15 59
27 12 16 35
27 12 17 11
27 12 18 99
27 12 19 107
27 12 20 78
27 12 21 88
27 12 22 14
27 12 23 102
27 12 24 101
27 12 25 93
27 12 26 66
27 12 27 60
27 12 28 29
27 12 29 98
27 12 30 3
27 12 31 20
27 12 32 18
27 12 33 57
27 12 34 95
27 12 35 87
27 12 36 38
27 13 0 6
27 13 1 21
27 13 2 13
27 13 3 75
27 13 4 11
27 13 5 56
27 13 6 84
27 13 7 58
27 13 8 66
27 13 9 73
27 13 10 15
27 13 11 85
27 13 12 63
27 13 13 103
27 13 14 74
27 13 15 36
27 13 16 10
27 13 17 40
27 13 18 106
27 13 19 77
27 13 20 38
27 13 21 3
27 13 22 42
27 13 23 61
27 13 24 54
27 13 25 55
27 13 26 50
27 13 27 34
27 13 28 59
27 13 29 33
27 13 30 35
27 13 31 26
27 13 32 107
27 13 33 94
27 13 34 86
27 13 35 48
27 13 36 102
27 14 0 31
27 14 1 18
27 14 2 59
27 14 3 21
27 14 4 95
27 14 5 83
27 14 6 60
27 14 7 108
27 14 8 107
27 14 9 23
27 14 10 72
27 14 11 73
27 14 12 102
27 14 13 37
27 14 14 9
27 14 15 12
27 14 16 97
27 14 17 105
27 14 18 76
27 14 19 66
27 14 20 24
27 14 21 100
27 14 22 67
27 14 23 38
27 14 24 87
27 14 25 75
27 14 26 32
27 14 27 40
27 14 28 22
27 14 29 25
27 14 30 19
27 14 31 106
27 14 32 93
27 14 33 85
27 14 34 65
27 14 35 42
27 14 36 30
27 15 0 5
27 15 1 61
27 15 2 26
27 15 3 94
27 15 4 40
27 15 5 64
27 15 6 49
27 15 7 106
27 15 8 8
27 15 9 70
27 15 10 53
27 15 11 68
27 15 12 7
27 15 13 34
27 15 14 14
27 15 15 96
27 15 16 104
27 15 17 55
27 15 18 85
27 15 19 36
27 15 20 99
27 15 21 98
27 15 22 90
27 15 23 86
27 15 24 47
27 15 25 29
27 15 26 95
27 15 27 33
27 15 28 30
27 15 29 24
27 15 30 105
27 15 31 45
27 15 32 84
27 15 33 50
27 15 34 100
27 15 35 6
27 15 36 21
27 16 0 56
27 16 1 11
27 16 2 93
27 16 3 81
27 16 4 47
27 16 5 58
27 16 6 105
27 16 7 14
27 16 8 82
27 16 9 92
27 16 10 100
27 16 11 54
27 16 12 28
27 16 13 17
27 16 14 39
27 16 15 103
27 16 16 74
27 16 17 62
27 16 18 25
27 16 19 59
27 16 20 40
27 16 21 89
27 16 22 71
27 16 23 68
27 16 24 5
27 16 25 94
27 16 26 13
27 16 27 16
27 16 28 7
27 16 29 104
27 16 30 64
27 16 31 83
27 16 32 75
27 16 33 99
27 16 34 24
27 16 35 0
27 16 36 29
27 17 0 26
27 17 1 47
27 17 2 80
27 17 3 37
27 17 4 63
27 17 5 104
27 17 6 1
27 17 7 46
27 17 8 91
27 17 9 99
27 17 10 107
27 17 11 12
27 17 12 21
27 17 13 66
27 17 14 102
27 17 15 53
27 17 16 51
27 17 17 28
27 17 18 97
27 17 19 61
27 17 20 88
27 17 21 84
27 17 22 70
27 17 23 17
27 17 24 93
27 17 25 32
27 17 26 31
27 17 27 7
27 17 28 103
27 17 29 90
27 17 30 82
27 17 31 57
27 17 32 43
27 17 33 36
27 17 34 29
27 17 35 5
27 17 36 108
27 18 0 43
27 18 1 79
27 18 2 75
27 18 3 55
27 18 4 103
27 18 5 29
27 18 6 64
27 18 7 40
27 18 8 44
27 18 9 106
27 18 10 6
27 18 11 22
27 18 12 60
27 18 13 56
27 18 14 12
27 18 15 82
27 18 16 13
27 18 17 96
27 18 18 95
27 18 19 65
27 18 20 83
27 18 21 108
27 18 22 2
27 18 23 37
27 18 24 23
27 18 25 17
27 18 26 20
27 18 27 102
27 18 28 89
27 18 29 81
27 18 30 45
27 18 31 97
27 18 32 4
27 18 33 10
27 18 34 8
27 18 35 67
27 18 36 34
27 19 0 78
27 19 1 54
27 19 2 67
27 19 3 102
27 19 4 4
27 19 5 51
27 19 6 66
27 19 7 97
27 19 8 105
27 19 9 36
27 19 10 8
27 19 11 92
27 19 12 100
27 19 13 55
27 19 14 48
27 19 15 19
27 19 16 71
27 19 17 94
27 19 18 65
27 19 19 72
27 19 20 44
27 19 21 0
27 19 22 38
27 19 23 12
27 19 24 31
27 19 25 13
27 19 26 62
27 19 27 88
27 19 28 80
27 19 29 50
27 19 30 96
27 19 31 21
27 19 32 2
27 19 33 11
27 19 34 70
27 19 35 15
27 19 36 90
27 20 0 59
27 20 1 37
27 20 2 49
27 20 3 3
27 20 4 53
27 20 5 61
27 20 6 96
27 20 7 104
27 20 8 1
27 20 9 24
27 20 10 91
27 20 11 99
27 20 12 107
27 20 13 57
27 20 14 17
27 20 15 58
27 20 16 93
27 20 17 85
27 20 18 81
27 20 19 64
27 20 20 14
27 20 21 90
27 20 22 6
27 20 23 36
27 20 24 25
27 20 25 100
27 20 26 48
27 20 27 79
27 20 28 108
27 20 29 46
27 20 30 30
27 20 31 23
27 20 32 32
27 20 33 39
27 20 34 22
27 20 35 89
27 20 36 77
27 21 0 101
27 21 1 100
27 21 2 15
27 21 3 70
27 21 4 87
27 21 5 39
27 21 6 103
27 21 7 21
27 21 8 19
27 21 9 38
27 21 10 47
27 21 11 106
27 21 12 41
27 21 13 25
27 21 14 52
27 21 15 55
27 21 16 42
27 21 17 80
27 21 18 45
27 21 19 4
27 21 20 89
27 21 21 6
27 21 22 18
27 21 23 30
27 21 24 99
27 21 25 63
27 21 26 78
27 21 27 56
27 21 28 69
27 21 29 36
27 21 30 16
27 21 31 22
27 21 32 54
27 21 33 35
27 21 34 88
27 21 35 76
27 21 36 60
27 22 0 99
27 22 1 7
27 22 2 41
27 22 3 86
27 22 4 58
27 22 5 102
27 22 6 8
27 22 7 15
27 22 8 47
27 22 9 97
27 22 10 105
27 22 11 65
27 22 12 3
27 22 13 92
27 22 14 54
27 22 15 56
27 22 16 79
27 22 17 39
27 22 18 20
27 22 19 88
27 22 20 23
27 22 21 4
27 22 22 19
27 22 23 44
27 22 24 85
27 22 25 77
27 22 26 71
27 22 27 43
27 22 28 9
27 22 29 31
27 22 30 34
27 22 31 42
27 22 32 12
27 22 33 46
27 22 34 68
27 22 35 108
27 22 36 53
27 23 0 15
27 23 1 75
27 23 2 42
27 23 3 67
27 23 4 49
27 23 5 8
27 23 6 16
27 23 7 39
27 23 8 96
27 23 9 104
27 23 10 66
27 23 11 14
27 23 12 91
27 23 13 90
27 23 14 82
27 23 15 78
27 23 16 56
27 23 17 10
27 23 18 73
27 23 19 20
27 23 20 9
27 23 21 30
27 23 22 97
27 23 23 65
27 23 24 76
27 23 25 38
27 23 26 92
27 23 27 11
27 23 28 3
27 23 29 28
27 23 30 69
27 23 31 34
27 23 32 37
27 23 33 74
27 23 34 60
27 23 35 58
27 23 36 41
27 24 0 51
27 24 1 84
27 24 2 92
27 24 3 100
27 24 4 8
27 24 5 18
27 24 6 87
27 24 7 47
27 24 8 103
27 24 9 72
27 24 10 31
27 24 11 48
27 24 12 89
27 24 13 53
27 24 14 77
27 24 15 46
27 24 16 15
27 24 17 58
27 24 18 22
27 24 19 23
27 24 20 32
27 24 21 96
27 24 22 60
27 24 23 75
27 24 24 57
27 24 25 91
27 24 26 9
27 24 27 5
27 24 28 28
27 24 29 101
27 24 30 20
27 24 31 85
27 24 32 41
27 24 33 52
27 24 34 98
27 24 35 97
27 24 36 0
27 25 0 83
27 25 1 91
27 25 2 99
27 25 3 8
27 25 4 5
27 25 5 86
27 25 6 45
27 25 7 102
27 25 8 75
27 25 9 9
27 25 10 61
27 25 11 88
27 25 12 56
27 25 13 76
27 25 14 101
27 25 15 28
27 25 16 85
27 25 17 33
27 25 18 30
27 25 19 31
27 25 20 63
27 25 21 82
27 25 22 74
27 25 23 66
27 25 24 43
27 25 25 22
27 25 26 10
27 25 27 15
27 25 28 49
27 25 29 11
27 25 30 41
27 25 31 36
27 25 32 69
27 25 33 64
27 25 34 96
27 25 35 26
27 25 36 57
27 26 0 66
27 26 1 43
27 26 2 9
27 26 3 10
27 26 4 48
27 26 5 62
27 26 6 39
27 26 7 38
27 26 8 7
27 26 9 44
27 26 10 70
27 26 11 56
27 26 12 49
27 26 13 65
27 26 14 5
27 26 15 37
27 26 16 16
27 26 17 25
27 26 18 1
27 26 19 73
27 26 20 41
27 26 21 64
27 26 22 50
27 26 23 55
27 26 24 26
27 26 25 2
27 26 26 17
27 26 27 54
27 26 28 20
27 26 29 63
27 26 30 42
27 26 31 72
27 26 32 58
27 26 33 47
27 26 34 19
27 26 35 53
27 26 36 52
27 27 0 97
27 27 1 0
27 27 2 17
27 27 3 84
27 27 4 92
27 27 5 100
27 27 6 71
27 27 7 28
27 27 8 87
27 27 9 64
27 27 10 59
27 27 11 74
27 27 12 50
27 27 13 19
27 27 14 42
27 27 15 16
27 27 16 33
27 27 17 13
27 27 18 48
27 27 19 62
27 27 20 27
27 27 21 101
27 27 22 65
27 27 23 4
27 27 24 21
27 27 25 1
27 27 26 98
27 27 27 35
27 27 28 82
27 27 29 107
27 27 30 72
27 27 31 95
27 27 32 67
27 27 33 26
27 27 34 108
27 27 35 81
27 27 36 46
27 28 0 7
27 28 1 8
27 28 2 83
27 28 3 91
27 28 4 99
27 28 5 40
27 28 6 35
27 28 7 86
27 28 8 85
27 28 9 39
27 28 10 50
27 28 11 98
27 28 12 34
27 28 13 82
27 28 14 0
27 28 15 15
27 28 16 28
27 28 17 92
27 28 18 71
27 28 19 108
27 28 20 68
27 28 21 87
27 28 22 16
27 28 23 29
27 28 24 1
27 28 25 70
27 28 26 12
27 28 27 45
27 28 28 106
27 28 29 38
27 28 30 94
27 28 31 43
27 28 32 10
27 28 33 56
27 28 34 80
27 28 35 44
27 28 36 96
27 29 0 9
27 29 1 42
27 29 2 61
27 29 3 49
27 29 4 108
27 29 5 28
27 29 6 50
27 29 7 70
27 29 8 68
27 29 9 18
27 29 10 54
27 29 11 6
27 29 12 59
27 29 13 2
27 29 14 7
27 29 15 32
27 29 16 91
27 29 17 53
27 29 18 107
27 29 19 63
27 29 20 86
27 29 21 23
27 29 22 24
27 29 23 21
27 29 24 55
27 29 25 26
27 29 26 72
27 29 27 105
27 29 28 101
27 29 29 93
27 29 30 92
27 29 31 8
27 29 32 62
27 29 33 79
27 29 34 87
27 29 35 52
27 29 36 12
27 30 0 81
27 30 1 70
27 30 2 97
27 30 3 50
27 30 4 17
27 30 5 84
27 30 6 38
27 30 7 75
27 30 8 60
27 30 9 45
27 30 10 34
27 30 11 49
27 30 12 26
27 30 13 12
27 30 14 8
27 30 15 48
27 30 16 57
27 30 17 106
27 30 18 98
27 30 19 47
27 30 20 22
27 30 21 31
27 30 22 32
27 30 23 95
27 30 24 2
27 30 25 52
27 30 26 104
27 30 27 72
27 30 28 37
27 30 29 91
27 30 30 23
27 30 31 63
27 30 32 78
27 30 33 86
27 30 34 44
27 30 35 36
27 30 36 9
27 31 0 52
27 31 1 96
27 31 2 58
27 31 3 2
27 31 4 83
27 31 5 82
27 31 6 68
27 31 7 107
27 31 8 95
27 31 9 20
27 31 10 37
27 31 11 26
27 31 12 14
27 31 13 6
27 31 14 59
27 31 15 72
27 31 16 105
27 31 17 65
27 31 18 84
27 31 19 24
27 31 20 8
27 31 21 34
27 31 22 94
27 31 23 7
27 31 24 46
27 31 25 103
27 31 26 49
27 31 27 73
27 31 28 39
27 31 29 3
27 31 30 50
27 31 31 77
27 31 32 44
27 31 33 53
27 31 34 1
27 31 35 9
27 31 36 80
27 32 0 67
27 32 1 38
27 32 2 10
27 32 3 42
27 32 4 54
27 32 5 69
27 32 6 106
27 32 7 94
27 32 8 5
27 32 9 52
27 32 10 20
27 32 11 23
27 32 12 8
27 32 13 45
27 32 14 75
27 32 15 104
27 32 16 43
27 32 17 83
27 32 18 35
27 32 19 13
27 32 20 31
27 32 21 93
27 32 22 34
27 32 23 64
27 32 24 102
27 32 25 98
27 32 26 90
27 32 27 70
27 32 28 14
27 32 29 71
27 32 30 76
27 32 31 84
27 32 32 92
27 32 33 2
27 32 34 9
27 32 35 79
27 32 36 87
27 33 0 40
27 33 1 2
27 33 2 81
27 33 3 61
27 33 4 37
27 33 5 105
27 33 6 93
27 33 7 19
27 33 8 58
27 33 9 32
27 33 10 1
27 33 11 18
27 33 12 87
27 33 13 41
27 33 14 103
27 33 15 95
27 33 16 66
27 33 17 24
27 33 18 36
27 33 19 11
27 33 20 53
27 33 21 13
27 33 22 47
27 33 23 56
27 33 24 63
27 33 25 89
27 33 26 57
27 33 27 29
27 33 28 43
27 33 29 73
27 33 30 83
27 33 31 91
27 33 32 35
27 33 33 33
27 33 34 78
27 33 35 86
27 33 36 62
27 34 0 14
27 34 1 80
27 34 2 73
27 34 3 108
27 34 4 104
27 34 5 48
27 34 6 32
27 34 7 61
27 34 8 22
27 34 9 31
27 34 10 24
27 34 11 86
27 34 12 46
27 34 13 102
27 34 14 94
27 34 15 81
27 34 16 29
27 34 17 18
27 34 18 11
27 34 19 54
27 34 20 3
27 34 21 75
27 34 22 100
27 34 23 63
27 34 24 88
27 34 25 87
27 34 26 0
27 34 27 101
27 34 28 74
27 34 29 72
27 34 30 68
27 34 31 30
27 34 32 16
27 34 33 77
27 34 34 47
27 34 35 51
27 34 36 64
27 35 0 79
27 35 1 65
27 35 2 54
27 35 3 103
27 35 4 44
27 35 5 2
27 35 6 75
27 35 7 6
27 35 8 15
27 35 9 33
27 35 10 48
27 35 11 71
27 35 12 101
27 35 13 93
27 35 14 80
27 35 15 4
27 35 16 23
27 35 17 5
27 35 18 90
27 35 19 17
27 35 20 58
27 35 21 99
27 35 22 95
27 35 23 67
27 35 24 86
27 35 25 35
27 35 26 40
27 35 27 38
27 35 28 81
27 35 29 62
27 35 30 9
27 35 31 18
27 35 32 76
27 35 33 84
27 35 34 92
27 35 35 45
27 35 36 13
27 36 0 70
27 36 1 44
27 36 2 102
27 36 3 90
27 36 4 20
27 36 5 72
27 36 6 9
27 36 7 7
27 36 8 13
27 36 9 84
27 36 10 108
27 36 11 100
27 36 12 64
27 36 13 79
27 36 14 34
27 36 15 0
27 36 16 31
27 36 17 89
27 36 18 15
27 36 19 60
27 36 20 57
27 36 21 94
27 36 22 51
27 36 23 69
27 36 24 4
27 36 25 66
27 36 26 5
27 36 27 80
27 36 28 52
27 36 29 32
27 36 30 11
27 36 31 37
27 36 32 83
27 36 33 91
27 36 34 101
27 36 35 25
27 36 36 78
28 0 0 102
28 0 1 90
28 0 2 21
28 0 3 73
28 0 4 10
28 0 5 8
28 0 6 14
28 0 7 84
28 0 8 108
28 0 9 100
28 0 10 65
28 0 11 79
28 0 12 35
28 0 13 1
28 0 14 32
28 0 15 89
28 0 16 16
28 0 17 61
28 0 18 58
28 0 19 94
28 0 20 52
28 0 21 70
28 0 22 5
28 0 23 67
28 0 24 6
28 0 25 80
28 0 26 53
28 0 27 33
28 0 28 12
28 0 29 38
28 0 30 83
28 0 31 91
28 0 32 101
28 0 33 26
28 0 34 78
28 0 35 71
28 0 36 45
28 1 0 89
28 1 1 29
28 1 2 68
28 1 3 13
28 1 4 26
28 1 5 19
28 1 6 83
28 1 7 42
28 1 8 99
28 1 9 47
28 1 10 78
28 1 11 11
28 1 12 24
28 1 13 23
28 1 14 88
28 1 15 1
28 1 16 45
28 1 17 97
28 1 18 93
28 1 19 85
28 1 20 84
28 1 21 27
28 1 22 98
28 1 23 37
28 1 24 79
28 1 25 87
28 1 26 34
28 1 27 6
28 1 28 74
28 1 29 61
28 1 30 39
28 1 31 59
28 1 32 17
28 1 33 77
28 1 34 43
28 1 35 65
28 1 36 52
28 2 0 7
28 2 1 70
28 2 2 26
28 2 3 18
28 2 4 31
28 2 5 50
28 2 6 64
28 2 7 98
28 2 8 90
28 2 9 77
28 2 10 11
28 2 11 2
28 2 12 5
28 2 13 52
28 2 14 13
28 2 15 108
28 2 16 96
28 2 17 54
28 2 18 62
28 2 19 83
28 2 20 30
28 2 21 63
28 2 22 107
28 2 23 78
28 2 24 86
28 2 25 1
28 2 26 27
28 2 27 55
28 2 28 81
28 2 29 56
28 2 30 57
28 2 31 4
28 2 32 76
28 2 33 75
28 2 34 69
28 2 35 100
28 2 36 88
28 3 0 108
28 3 1 13
28 3 2 34
28 3 3 12
28 3 4 81
28 3 5 44
28 3 6 97
28 3 7 89
28 3 8 76
28 3 9 31
28 3 10 25
28 3 11 22
28 3 12 70
28 3 13 26
28 3 14 42
28 3 15 37
28 3 16 38
28 3 17 68
28 3 18 50
28 3 19 19
28 3 20 54
28 3 21 106
28 3 22 77
28 3 23 52
28 3 24 4
28 3 25 21
28 3 26 11
28 3 27 80
28 3 28 66
28 3 29 98
28 3 30 10
28 3 31 56
28 3 32 63
28 3 33 71
28 3 34 99
28 3 35 73
28 3 36 29
28 4 0 0
28 4 1 24
28 4 2 25
28 4 3 80
28 4 4 54
28 4 5 96
28 4 6 88
28 4 7 72
28 4 8 36
28 4 9 30
28 4 10 33
28 4 11 85
28 4 12 23
28 4 13 69
28 4 14 63
28 4 15 90
28 4 16 82
28 4 17 81
28 4 18 31
28 4 19 95
28 4 20 105
28 4 21 76
28 4 22 84
28 4 23 6
28 4 24 9
28 4 25 70
28 4 26 79
28 4 27 87
28 4 28 37
28 4 29 32
28 4 30 74
28 4 31 52
28 4 32 53
28 4 33 42
28 4 34 66
28 4 35 34
28 4 36 65
28 5 0 34
28 5 1 12
28 5 2 79
28 5 3 44
28 5 4 95
28 5 5 55
28 5 6 74
28 5 7 29
28 5 8 20
28 5 9 22
28 5 10 70
28 5 11 21
28 5 12 73
28 5 13 63
28 5 14 89
28 5 15 62
28 5 16 80
28 5 17 15
28 5 18 94
28 5 19 104
28 5 20 37
28 5 21 83
28 5 22 8
28 5 23 19
28 5 24 107
28 5 25 78
28 5 26 86
28 5 27 52
28 5 28 3
28 5 29 71
28 5 30 58
28 5 31 101
28 5 32 97
28 5 33 85
28 5 34 7
28 5 35 42
28 5 36 5
28 6 0 2
28 6 1 78
28 6 2 58
28 6 3 94
28 6 4 38
28 6 5 64
28 6 6 0
28 6 7 35
28 6 8 15
28 6 9 42
28 6 10 26
28 6 11 60
28 6 12 92
28 6 13 88
28 6 14 39
28 6 15 79
28 6 16 4
28 6 17 93
28 6 18 103
28 6 19 74
28 6 20 53
28 6 21 7
28 6 22 20
28 6 23 106
28 6 24 77
28 6 25 45
28 6 26 95
28 6 27 8
28 6 28 16
28 6 29 108
28 6 30 61
28 6 31 96
28 6 32 47
28 6 33 24
28 6 34 50
28 6 35 17
28 6 36 10
28 7 0 77
28 7 1 101
28 7 2 93
28 7 3 85
28 7 4 30
28 7 5 17
28 7 6 32
28 7 7 16
28 7 8 82
28 7 9 36
28 7 10 71
28 7 11 91
28 7 12 69
28 7 13 66
28 7 14 78
28 7 15 31
28 7 16 42
28 7 17 102
28 7 18 57
28 7 19 81
28 7 20 8
28 7 21 20
28 7 22 105
28 7 23 76
28 7 24 84
28 7 25 94
28 7 26 33
28 7 27 43
28 7 28 56
28 7 29 62
28 7 30 53
28 7 31 46
28 7 32 24
28 7 33 70
28 7 34 4
28 7 35 19
28 7 36 13
28 8 0 48
28 8 1 92
28 8 2 72
28 8 3 55
28 8 4 6
28 8 5 1
28 8 6 30
28 8 7 59
28 8 8 31
28 8 9 64
28 8 10 44
28 8 11 53
28 8 12 39
28 8 13 77
28 8 14 19
28 8 15 52
28 8 16 47
28 8 17 7
28 8 18 80
28 8 19 33
28 8 20 18
28 8 21 104
28 8 22 49
28 8 23 83
28 8 24 93
28 8 25 14
28 8 26 107
28 8 27 42
28 8 28 98
28 8 29 67
28 8 30 82
28 8 31 15
28 8 32 73
28 8 33 23
28 8 34 16
28 8 35 21
28 8 36 76
28 9 0 91
28 9 1 45
28 9 2 107
28 9 3 31
28 9 4 4
28 9 5 26
28 9 6 57
28 9 7 22
28 9 8 101
28 9 9 63
28 9 10 85
28 9 11 51
28 9 12 76
28 9 13 12
28 9 14 90
28 9 15 100
28 9 16 44
28 9 17 79
28 9 18 35
28 9 19 25
28 9 20 103
28 9 21 74
28 9 22 46
28 9 23 41
28 9 24 15
28 9 25 106
28 9 26 54
28 9 27 40
28 9 28 49
28 9 29 66
28 9 30 21
28 9 31 71
28 9 32 33
28 9 33 5
28 9 34 8
28 9 35 38
28 9 36 58
28 10 0 82
28 10 1 106
28 10 2 11
28 10 3 14
28 10 4 23
28 10 5 60
28 10 6 35
28 10 7 47
28 10 8 40
28 10 9 68
28 10 10 37
28 10 11 50
28 10 12 4
28 10 13 89
28 10 14 99
28 10 15 107
28 10 16 78
28 10 17 31
28 10 18 21
28 10 19 102
28 10 20 73
28 10 21 81
28 10 22 51
28 10 23 7
28 10 24 105
28 10 25 64
28 10 26 61
28 10 27 92
28 10 28 59
28 10 29 34
28 10 30 101
28 10 31 30
28 10 32 15
28 10 33 25
28 10 34 74
28 10 35 98
28 10 36 90
28 11 0 105
28 11 1 35
28 11 2 3
28 11 3 33
28 11 4 43
28 11 5 4
28 11 6 46
28 11 7 87
28 11 8 69
28 11 9 75
28 11 10 74
28 11 11 5
28 11 12 88
28 11 13 48
28 11 14 106
28 11 15 77
28 11 16 1
28 11 17 23
28 11 18 40
28 11 19 12
28 11 20 80
28 11 21 90
28 11 22 0
28 11 23 104
28 11 24 54
28 11 25 95
28 11 26 91
28 11 27 70
28 11 28 25
28 11 29 51
28 11 30 26
28 11 31 18
28 11 32 13
28 11 33 66
28 11 34 55
28 11 35 89
28 11 36 72
28 12 0 6
28 12 1 0
28 12 2 15
28 12 3 51
28 12 4 32
28 12 5 98
28 12 6 86
28 12 7 82
28 12 8 72
28 12 9 59
28 12 10 23
28 12 11 41
28 12 12 97
28 12 13 105
28 12 14 76
28 12 15 36
28 12 16 11
28 12 17 100
28 12 18 56
28 12 19 79
28 12 20 89
28 12 21 25
28 12 22 103
28 12 23 68
28 12 24 94
28 12 25 67
28 12 26 57
28 12 27 20
28 12 28 60
28 12 29 3
28 12 30 24
28 12 31 2
28 12 32 26
28 12 33 38
28 12 34 88
28 12 35 49
28 12 36 104
28 13 0 9
28 13 1 2
28 13 2 65
28 13 3 32
28 13 4 64
28 13 5 51
28 13 6 40
28 13 7 41
28 13 8 3
28 13 9 11
28 13 10 56
28 13 11 96
28 13 12 104
28 13 13 60
28 13 14 36
28 13 15 12
28 13 16 99
28 13 17 107
28 13 18 78
28 13 19 88
28 13 20 15
28 13 21 102
28 13 22 101
28 13 23 93
28 13 24 67
28 13 25 61
28 13 26 30
28 13 27 98
28 13 28 4
28 13 29 21
28 13 30 19
28 13 31 58
28 13 32 95
28 13 33 87
28 13 34 39
28 13 35 103
28 13 36 17
28 14 0 14
28 14 1 75
28 14 2 12
28 14 3 57
28 14 4 84
28 14 5 59
28 14 6 67
28 14 7 37
28 14 8 16
28 14 9 85
28 14 10 64
28 14 11 103
28 14 12 74
28 14 13 0
28 14 14 11
28 14 15 41
28 14 16 106
28 14 17 77
28 14 18 39
28 14 19 4
28 14 20 43
28 14 21 62
28 14 22 55
28 14 23 56
28 14 24 51
28 14 25 35
28 14 26 60
28 14 27 34
28 14 28 36
28 14 29 27
28 14 30 107
28 14 31 94
28 14 32 86
28 14 33 49
28 14 34 102
28 14 35 7
28 14 36 22
28 15 0 60
28 15 1 22
28 15 2 95
28 15 3 83
28 15 4 61
28 15 5 108
28 15 6 107
28 15 7 24
28 15 8 73
28 15 9 37
28 15 10 102
28 15 11 38
28 15 12 10
28 15 13 13
28 15 14 97
28 15 15 105
28 15 16 76
28 15 17 67
28 15 18 25
28 15 19 100
28 15 20 68
28 15 21 39
28 15 22 87
28 15 23 75
28 15 24 33
28 15 25 41
28 15 26 23
28 15 27 26
28 15 28 20
28 15 29 106
28 15 30 93
28 15 31 85
28 15 32 66
28 15 33 43
28 15 34 31
28 15 35 32
28 15 36 19
28 16 0 27
28 16 1 94
28 16 2 41
28 16 3 65
28 16 4 50
28 16 5 106
28 16 6 9
28 16 7 71
28 16 8 54
28 16 9 69
28 16 10 8
28 16 11 35
28 16 12 15
28 16 13 96
28 16 14 104
28 16 15 56
28 16 16 85
28 16 17 0
28 16 18 99
28 16 19 98
28 16 20 90
28 16 21 86
28 16 22 48
28 16 23 30
28 16 24 95
28 16 25 34
28 16 26 31
28 16 27 25
28 16 28 105
28 16 29 46
28 16 30 84
28 16 31 51
28 16 32 100
28 16 33 7
28 16 34 22
28 16 35 6
28 16 36 62
28 17 0 93
28 17 1 81
28 17 2 48
28 17 3 59
28 17 4 105
28 17 5 15
28 17 6 82
28 17 7 92
28 17 8 100
28 17 9 55
28 17 10 29
28 17 11 18
28 17 12 40
28 17 13 103
28 17 14 74
28 17 15 63
28 17 16 26
28 17 17 60
28 17 18 41
28 17 19 89
28 17 20 72
28 17 21 69
28 17 22 6
28 17 23 94
28 17 24 14
28 17 25 17
28 17 26 8
28 17 27 104
28 17 28 65
28 17 29 83
28 17 30 75
28 17 31 99
28 17 32 25
28 17 33 1
28 17 34 30
28 17 35 57
28 17 36 12
28 18 0 80
28 18 1 38
28 18 2 64
28 18 3 104
28 18 4 2
28 18 5 47
28 18 6 91
28 18 7 99
28 18 8 107
28 18 9 13
28 18 10 22
28 18 11 67
28 18 12 102
28 18 13 54
28 18 14 52
28 18 15 29
28 18 16 97
28 18 17 62
28 18 18 88
28 18 19 84
28 18 20 71
28 18 21 18
28 18 22 93
28 18 23 33
28 18 24 32
28 18 25 8
28 18 26 103
28 18 27 90
28 18 28 82
28 18 29 58
28 18 30 44
28 18 31 0
28 18 32 30
28 18 33 6
28 18 34 108
28 18 35 27
28 18 36 48
28 19 0 75
28 19 1 56
28 19 2 103
28 19 3 30
28 19 4 65
28 19 5 41
28 19 6 45
28 19 7 106
28 19 8 7
28 19 9 23
28 19 10 61
28 19 11 57
28 19 12 13
28 19 13 82
28 19 14 14
28 19 15 96
28 19 16 95
28 19 17 66
28 19 18 83
28 19 19 108
28 19 20 3
28 19 21 38
28 19 22 24
28 19 23 18
28 19 24 21
28 19 25 102
28 19 26 89
28 19 27 81
28 19 28 46
28 19 29 97
28 19 30 5
28 19 31 11
28 19 32 9
28 19 33 68
28 19 34 35
28 19 35 44
28 19 36 79
28 20 0 68
28 20 1 102
28 20 2 5
28 20 3 52
28 20 4 67
28 20 5 97
28 20 6 105
28 20 7 0
28 20 8 9
28 20 9 92
28 20 10 100
28 20 11 56
28 20 12 49
28 20 13 20
28 20 14 72
28 20 15 94
28 20 16 66
28 20 17 73
28 20 18 45
28 20 19 1
28 20 20 39
28 20 21 13
28 20 22 32
28 20 23 14
28 20 24 63
28 20 25 88
28 20 26 80
28 20 27 51
28 20 28 96
28 20 29 22
28 20 30 3
28 20 31 12
28 20 32 71
28 20 33 16
28 20 34 90
28 20 35 78
28 20 36 55
28 21 0 50
28 21 1 4
28 21 2 54
28 21 3 62
28 21 4 96
28 21 5 104
28 21 6 2
28 21 7 25
28 21 8 91
28 21 9 99
28 21 10 107
28 21 11 58
28 21 12 18
28 21 13 59
28 21 14 93
28 21 15 85
28 21 16 81
28 21 17 65
28 21 18 15
28 21 19 90
28 21 20 7
28 21 21 0
28 21 22 26
28 21 23 100
28 21 24 49
28 21 25 79
28 21 26 108
28 21 27 47
28 21 28 31
28 21 29 24
28 21 30 33
28 21 31 40
28 21 32 23
28 21 33 89
28 21 34 77
28 21 35 60
28 21 36 38
28 22 0 16
28 22 1 71
28 22 2 87
28 22 3 40
28 22 4 103
28 22 5 22
28 22 6 20
28 22 7 39
28 22 8 48
28 22 9 106
28 22 10 42
28 22 11 26
28 22 12 53
28 22 13 56
28 22 14 43
28 22 15 80
28 22 16 46
28 22 17 5
28 22 18 89
28 22 19 7
28 22 20 19
28 22 21 31
28 22 22 99
28 22 23 64
28 22 24 78
28 22 25 57
28 22 26 70
28 22 27 0
28 22 28 17
28 22 29 23
28 22 30 55
28 22 31 36
28 22 32 88
28 22 33 76
28 22 34 61
28 22 35 101
28 22 36 100
28 23 0 42
28 23 1 86
28 23 2 59
28 23 3 102
28 23 4 9
28 23 5 16
28 23 6 48
28 23 7 97
28 23 8 105
28 23 9 66
28 23 10 4
28 23 11 92
28 23 12 55
28 23 13 57
28 23 14 79
28 23 15 40
28 23 16 21
28 23 17 88
28 23 18 24
28 23 19 5
28 23 20 20
28 23 21 45
28 23 22 85
28 23 23 77
28 23 24 72
28 23 25 44
28 23 26 10
28 23 27 32
28 23 28 35
28 23 29 43
28 23 30 13
28 23 31 47
28 23 32 69
28 23 33 108
28 23 34 54
28 23 35 99
28 23 36 8
28 24 0 43
28 24 1 68
28 24 2 50
28 24 3 9
28 24 4 17
28 24 5 40
28 24 6 96
28 24 7 104
28 24 8 67
28 24 9 15
28 24 10 91
28 24 11 90
28 24 12 82
28 24 13 78
28 24 14 57
28 24 15 11
28 24 16 37
28 24 17 21
28 24 18 10
28 24 19 31
28 24 20 97
28 24 21 66
28 24 22 76
28 24 23 39
28 24 24 92
28 24 25 12
28 24 26 4
28 24 27 29
28 24 28 70
28 24 29 35
28 24 30 38
28 24 31 74
28 24 32 61
28 24 33 59
28 24 34 42
28 24 35 16
28 24 36 75
28 25 0 92
28 25 1 100
28 25 2 9
28 25 3 19
28 25 4 87
28 25 5 48
28 25 6 103
28 25 7 73
28 25 8 32
28 25 9 49
28 25 10 89
28 25 11 54
28 25 12 77
28 25 13 47
28 25 14 16
28 25 15 59
28 25 16 23
28 25 17 24
28 25 18 33
28 25 19 96
28 25 20 61
28 25 21 75
28 25 22 58
28 25 23 91
28 25 24 10
28 25 25 6
28 25 26 29
28 25 27 101
28 25 28 21
28 25 29 85
28 25 30 42
28 25 31 53
28 25 32 98
28 25 33 97
28 25 34 1
28 25 35 52
28 25 36 84
28 26 0 99
28 26 1 9
28 26 2 6
28 26 3 86
28 26 4 46
28 26 5 102
28 26 6 75
28 26 7 10
28 26 8 62
28 26 9 88
28 26 10 57
28 26 11 76
28 26 12 101
28 26 13 29
28 26 14 85
28 26 15 34
28 26 16 31
28 26 17 32
28 26 18 64
28 26 19 82
28 26 20 74
28 26 21 67
28 26 22 44
28 26 23 23
28 26 24 11
28 26 25 16
28 26 26 50
28 26 27 12
28 26 28 42
28 26 29 0
28 26 30 70
28 26 31 65
28 26 32 96
28 26 33 27
28 26 34 58
28 26 35 83
28 26 36 91
28 27 0 10
28 27 1 11
28 27 2 49
28 27 3 63
28 27 4 40
28 27 5 39
28 27 6 8
28 27 7 45
28 27 8 71
28 27 9 57
28 27 10 50
28 27 11 66
28 27 12 6
28 27 13 38
28 27 14 17
28 27 15 26
28 27 16 2
28 27 17 37
28 27 18 42
28 27 19 65
28 27 20 51
28 27 21 56
28 27 22 27
28 27 23 3
28 27 24 18
28 27 25 55
28 27 26 21
28 27 27 64
28 27 28 43
28 27 29 73
28 27 30 59
28 27 31 48
28 27 32 20
28 27 33 54
28 27 34 53
28 27 35 67
28 27 36 44
28 28 0 18
28 28 1 84
28 28 2 92
28 28 3 100
28 28 4 72
28 28 5 29
28 28 6 87
28 28 7 65
28 28 8 60
28 28 9 74
28 28 10 51
28 28 11 20
28 28 12 43
28 28 13 17
28 28 14 34
28 28 15 14
28 28 16 49
28 28 17 63
28 28 18 28
28 28 19 101
28 28 20 66
28 28 21 5
28 28 22 22
28 28 23 2
28 28 24 98
28 28 25 36
28 28 26 82
28 28 27 107
28 28 28 73
28 28 29 95
28 28 30 68
28 28 31 27
28 28 32 108
28 28 33 81
28 28 34 47
28 28 35 97
28 28 36 1
28 29 0 83
28 29 1 91
28 29 2 99
28 29 3 41
28 29 4 36
28 29 5 86
28 29 6 85
28 29 7 40
28 29 8 51
28 29 9 98
28 29 10 35
28 29 11 82
28 29 12 1
28 29 13 16
28 29 14 29
28 29 15 92
28 29 16 72
28 29 17 108
28 29 18 69
28 29 19 87
28 29 20 17
28 29 21 30
28 29 22 2
28 29 23 71
28 29 24 13
28 29 25 46
28 29 26 106
28 29 27 39
28 29 28 94
28 29 29 44
28 29 30 11
28 29 31 57
28 29 32 80
28 29 33 45
28 29 34 96
28 29 35 8
28 29 36 9
28 30 0 62
28 30 1 50
28 30 2 108
28 30 3 29
28 30 4 51
28 30 5 71
28 30 6 69
28 30 7 19
28 30 8 55
28 30 9 7
28 30 10 60
28 30 11 3
28 30 12 8
28 30 13 33
28 30 14 91
28 30 15 54
28 30 16 107
28 30 17 64
28 30 18 86
28 30 19 24
28 30 20 25
28 30 21 22
28 30 22 56
28 30 23 27
28 30 24 73
28 30 25 105
28 30 26 101
28 30 27 93
28 30 28 92
28 30 29 9
28 30 30 63
28 30 31 79
28 30 32 87
28 30 33 53
28 30 34 13
28 30 35 10
28 30 36 43
28 31 0 97
28 31 1 51
28 31 2 18
28 31 3 84
28 31 4 39
28 31 5 75
28 31 6 61
28 31 7 46
28 31 8 35
28 31 9 50
28 31 10 27
28 31 11 13
28 31 12 9
28 31 13 49
28 31 14 58
28 31 15 106
28 31 16 98
28 31 17 48
28 31 18 23
28 31 19 32
28 31 20 33
28 31 21 95
28 31 22 3
28 31 23 53
28 31 24 104
28 31 25 73
28 31 26 38
28 31 27 91
28 31 28 24
28 31 29 64
28 31 30 78
28 31 31 86
28 31 32 45
28 31 33 0
28 31 34 10
28 31 35 81
28 31 36 71
28 32 0 59
28 32 1 3
28 32 2 83
28 32 3 82
28 32 4 69
28 32 5 107
28 32 6 95
28 32 7 21
28 32 8 38
28 32 9 27
28 32 10 15
28 32 11 7
28 32 12 60
28 32 13 73
28 32 14 105
28 32 15 66
28 32 16 84
28 32 17 25
28 32 18 9
28 32 19 35
28 32 20 94
28 32 21 8
28 32 22 47
28 32 23 103
28 32 24 50
28 32 25 37
28 32 26 40
28 32 27 4
28 32 28 51
28 32 29 77
28 32 30 45
28 32 31 54
28 32 32 2
28 32 33 10
28 32 34 80
28 32 35 53
28 32 36 96
28 33 0 11
28 33 1 43
28 33 2 55
28 33 3 70
28 33 4 106
28 33 5 94
28 33 6 6
28 33 7 53
28 33 8 21
28 33 9 24
28 33 10 9
28 33 11 46
28 33 12 75
28 33 13 104
28 33 14 44
28 33 15 83
28 33 16 36
28 33 17 14
28 33 18 32
28 33 19 93
28 33 20 35
28 33 21 65
28 33 22 102
28 33 23 98
28 33 24 90
28 33 25 71
28 33 26 15
28 33 27 72
28 33 28 76
28 33 29 84
28 33 30 92
28 33 31 3
28 33 32 10
28 33 33 79
28 33 34 87
28 33 35 68
28 33 36 39
28 34 0 81
28 34 1 62
28 34 2 38
28 34 3 105
28 34 4 93
28 34 5 20
28 34 6 59
28 34 7 33
28 34 8 2
28 34 9 19
28 34 10 87
28 34 11 42
28 34 12 103
28 34 13 95
28 34 14 67
28 34 15 25
28 34 16 0
28 34 17 12
28 34 18 54
28 34 19 14
28 34 20 48
28 34 21 57
28 34 22 64
28 34 23 89
28 34 24 58
28 34 25 30
28 34 26 44
28 34 27 37
28 34 28 83
28 34 29 91
28 34 30 36
28 34 31 34
28 34 32 78
28 34 33 86
28 34 34 63
28 34 35 41
28 34 36 3
28 35 0 37
28 35 1 108
28 35 2 104
28 35 3 49
28 35 4 33
28 35 5 62
28 35 6 23
28 35 7 32
28 35 8 25
28 35 9 86
28 35 10 47
28 35 11 102
28 35 12 94
28 35 13 81
28 35 14 30
28 35 15 19
28 35 16 12
28 35 17 55
28 35 18 4
28 35 19 75
28 35 20 100
28 35 21 64
28 35 22 88
28 35 23 87
28 35 24 1
28 35 25 101
28 35 26 74
28 35 27 73
28 35 28 69
28 35 29 31
28 35 30 17
28 35 31 77
28 35 32 48
28 35 33 52
28 35 34 65
28 35 35 15
28 35 36 80
28 36 0 55
28 36 1 103
28 36 2 45
28 36 3 3
28 36 4 75
28 36 5 7
28 36 6 16
28 36 7 34
28 36 8 49
28 36 9 72
28 36 10 101
28 36 11 93
28 36 12 80
28 36 13 5
28 36 14 24
28 36 15 6
28 36 16 90
28 36 17 18
28 36 18 59
28 36 19 99
28 36 20 95
28 36 21 68
28 36 22 86
28 36 23 36
28 36 24 41
28 36 25 39
28 36 26 81
28 36 27 63
28 36 28 10
28 36 29 19
28 36 30 76
28 36 31 84
28 36 32 92
28 36 33 46
28 36 34 14
28 36 35 79
28 36 36 66
29 0 0 46
29 0 1 4
29 0 2 75
29 0 3 8
29 0 4 17
29 0 5 35
29 0 6 50
29 0 7 73
29 0 8 101
29 0 9 93
29 0 10 80
29 0 11 6
29 0 12 25
29 0 13 7
29 0 14 90
29 0 15 19
29 0 16 60
29 0 17 99
29 0 18 95
29 0 19 69
29 0 20 86
29 0 21 0
29 0 22 42
29 0 23 40
29 0 24 81
29 0 25 64
29 0 26 11
29 0 27 20
29 0 28 76
29 0 29 84
29 0 30 92
29 0 31 47
29 0 32 15
29 0 33 79
29 0 34 67
29 0 35 56
29 0 36 103
29 1 0 22
29 1 1 37
29 1 2 11
29 1 3 9
29 1 4 15
29 1 5 84
29 1 6 108
29 1 7 100
29 1 8 66
29 1 9 79
29 1 10 36
29 1 11 2
29 1 12 33
29 1 13 89
29 1 14 17
29 1 15 62
29 1 16 59
29 1 17 94
29 1 18 53
29 1 19 71
29 1 20 6
29 1 21 68
29 1 22 7
29 1 23 80
29 1 24 54
29 1 25 34
29 1 26 13
29 1 27 39
29 1 28 83
29 1 29 91
29 1 30 101
29 1 31 27
29 1 32 78
29 1 33 72
29 1 34 46
29 1 35 102
29 1 36 90
29 2 0 69
29 2 1 14
29 2 2 27
29 2 3 20
29 2 4 83
29 2 5 43
29 2 6 99
29 2 7 48
29 2 8 78
29 2 9 12
29 2 10 25
29 2 11 24
29 2 12 88
29 2 13 2
29 2 14 46
29 2 15 97
29 2 16 93
29 2 17 85
29 2 18 84
29 2 19 28
29 2 20 98
29 2 21 38
29 2 22 79
29 2 23 87
29 2 24 35
29 2 25 7
29 2 26 74
29 2 27 62
29 2 28 40
29 2 29 60
29 2 30 18
29 2 31 77
29 2 32 44
29 2 33 66
29 2 34 53
29 2 35 89
29 2 36 30
29 3 0 27
29 3 1 19
29 3 2 32
29 3 3 51
29 3 4 65
29 3 5 98
29 3 6 90
29 3 7 77
29 3 8 12
29 3 9 3
29 3 10 6
29 3 11 53
29 3 12 14
29 3 13 108
29 3 14 96
29 3 15 55
29 3 16 63
29 3 17 83
29 3 18 31
29 3 19 64
29 3 20 107
29 3 21 78
29 3 22 86
29 3 23 2
29 3 24 28
29 3 25 56
29 3 26 81
29 3 27 57
29 3 28 58
29 3 29 5
29 3 30 76
29 3 31 75
29 3 32 70
29 3 33 100
29 3 34 88
29 3 35 8
29 3 36 71
29 4 0 35
29 4 1 13
29 4 2 81
29 4 3 45
29 4 4 97
29 4 5 89
29 4 6 76
29 4 7 32
29 4 8 26
29 4 9 23
29 4 10 71
29 4 11 27
29 4 12 43
29 4 13 38
29 4 14 39
29 4 15 69
29 4 16 51
29 4 17 20
29 4 18 55
29 4 19 106
29 4 20 77
29 4 21 53
29 4 22 5
29 4 23 22
29 4 24 12
29 4 25 80
29 4 26 67
29 4 27 98
29 4 28 11
29 4 29 57
29 4 30 64
29 4 31 72
29 4 32 99
29 4 33 37
29 4 34 30
29 4 35 108
29 4 36 14
29 5 0 26
29 5 1 80
29 5 2 55
29 5 3 96
29 5 4 88
29 5 5 73
29 5 6 0
29 5 7 31
29 5 8 34
29 5 9 85
29 5 10 24
29 5 11 70
29 5 12 64
29 5 13 90
29 5 14 82
29 5 15 81
29 5 16 32
29 5 17 95
29 5 18 105
29 5 19 76
29 5 20 84
29 5 21 7
29 5 22 10
29 5 23 71
29 5 24 79
29 5 25 87
29 5 26 38
29 5 27 33
29 5 28 74
29 5 29 53
29 5 30 54
29 5 31 43
29 5 32 67
29 5 33 35
29 5 34 66
29 5 35 1
29 5 36 25
29 6 0 79
29 6 1 45
29 6 2 95
29 6 3 56
29 6 4 74
29 6 5 30
29 6 6 21
29 6 7 23
29 6 8 71
29 6 9 22
29 6 10 37
29 6 11 64
29 6 12 89
29 6 13 63
29 6 14 80
29 6 15 16
29 6 16 94
29 6 17 104
29 6 18 38
29 6 19 83
29 6 20 9
29 6 21 20
29 6 22 107
29 6 23 78
29 6 24 86
29 6 25 53
29 6 26 4
29 6 27 72
29 6 28 59
29 6 29 101
29 6 30 97
29 6 31 85
29 6 32 8
29 6 33 43
29 6 34 6
29 6 35 35
29 6 36 13
29 7 0 59
29 7 1 94
29 7 2 39
29 7 3 65
29 7 4 1
29 7 5 36
29 7 6 16
29 7 7 43
29 7 8 27
29 7 9 61
29 7 10 92
29 7 11 88
29 7 12 40
29 7 13 79
29 7 14 5
29 7 15 93
29 7 16 103
29 7 17 74
29 7 18 54
29 7 19 8
29 7 20 21
29 7 21 106
29 7 22 77
29 7 23 46
29 7 24 95
29 7 25 9
29 7 26 17
29 7 27 108
29 7 28 62
29 7 29 96
29 7 30 48
29 7 31 25
29 7 32 51
29 7 33 18
29 7 34 11
29 7 35 3
29 7 36 78
29 8 0 93
29 8 1 85
29 8 2 31
29 8 3 18
29 8 4 33
29 8 5 17
29 8 6 82
29 8 7 0
29 8 8 72
29 8 9 91
29 8 10 70
29 8 11 67
29 8 12 78
29 8 13 32
29 8 14 43
29 8 15 102
29 8 16 58
29 8 17 81
29 8 18 9
29 8 19 21
29 8 20 105
29 8 21 76
29 8 22 84
29 8 23 94
29 8 24 34
29 8 25 44
29 8 26 57
29 8 27 63
29 8 28 54
29 8 29 47
29 8 30 25
29 8 31 71
29 8 32 5
29 8 33 20
29 8 34 14
29 8 35 77
29 8 36 101
29 9 0 73
29 9 1 56
29 9 2 7
29 9 3 2
29 9 4 31
29 9 5 60
29 9 6 32
29 9 7 65
29 9 8 45
29 9 9 54
29 9 10 40
29 9 11 77
29 9 12 20
29 9 13 53
29 9 14 48
29 9 15 8
29 9 16 80
29 9 17 34
29 9 18 19
29 9 19 104
29 9 20 50
29 9 21 83
29 9 22 93
29 9 23 15
29 9 24 107
29 9 25 43
29 9 26 98
29 9 27 68
29 9 28 82
29 9 29 16
29 9 30 37
29 9 31 24
29 9 32 17
29 9 33 22
29 9 34 76
29 9 35 49
29 9 36 92
29 10 0 107
29 10 1 32
29 10 2 5
29 10 3 27
29 10 4 58
29 10 5 23
29 10 6 101
29 10 7 64
29 10 8 85
29 10 9 52
29 10 10 76
29 10 11 13
29 10 12 90
29 10 13 100
29 10 14 45
29 10 15 79
29 10 16 36
29 10 17 26
29 10 18 103
29 10 19 74
29 10 20 47
29 10 21 42
29 10 22 16
29 10 23 106
29 10 24 55
29 10 25 41
29 10 26 50
29 10 27 67
29 10 28 22
29 10 29 72
29 10 30 34
29 10 31 6
29 10 32 9
29 10 33 39
29 10 34 59
29 10 35 91
29 10 36 46
29 11 0 12
29 11 1 15
29 11 2 24
29 11 3 61
29 11 4 36
29 11 5 48
29 11 6 41
29 11 7 69
29 11 8 38
29 11 9 51
29 11 10 5
29 11 11 89
29 11 12 99
29 11 13 107
29 11 14 78
29 11 15 32
29 11 16 22
29 11 17 102
29 11 18 37
29 11 19 81
29 11 20 52
29 11 21 8
29 11 22 105
29 11 23 65
29 11 24 62
29 11 25 92
29 11 26 60
29 11 27 35
29 11 28 101
29 11 29 31
29 11 30 16
29 11 31 26
29 11 32 74
29 11 33 98
29 11 34 90
29 11 35 82
29 11 36 106
29 12 0 4
29 12 1 34
29 12 2 44
29 12 3 5
29 12 4 47
29 12 5 87
29 12 6 70
29 12 7 75
29 12 8 74
29 12 9 6
29 12 10 88
29 12 11 49
29 12 12 106
29 12 13 77
29 12 14 2
29 12 15 24
29 12 16 41
29 12 17 13
29 12 18 80
29 12 19 90
29 12 20 1
29 12 21 104
29 12 22 55
29 12 23 95
29 12 24 91
29 12 25 71
29 12 26 26
29 12 27 52
29 12 28 27
29 12 29 19
29 12 30 14
29 12 31 67
29 12 32 56
29 12 33 89
29 12 34 73
29 12 35 105
29 12 36 36
29 13 0 16
29 13 1 52
29 13 2 33
29 13 3 98
29 13 4 86
29 13 5 82
29 13 6 73
29 13 7 60
29 13 8 24
29 13 9 42
29 13 10 97
29 13 11 105
29 13 12 76
29 13 13 0
29 13 14 12
29 13 15 100
29 13 16 57
29 13 17 79
29 13 18 89
29 13 19 26
29 13 20 103
29 13 21 69
29 13 22 94
29 13 23 68
29 13 24 58
29 13 25 21
29 13 26 61
29 13 27 4
29 13 28 25
29 13 29 3
29 13 30 27
29 13 31 39
29 13 32 88
29 13 33 50
29 13 34 104
29 13 35 7
29 13 36 1
29 14 0 66
29 14 1 33
29 14 2 65
29 14 3 52
29 14 4 41
29 14 5 42
29 14 6 4
29 14 7 12
29 14 8 57
29 14 9 96
29 14 10 104
29 14 11 61
29 14 12 0
29 14 13 13
29 14 14 99
29 14 15 107
29 14 16 78
29 14 17 88
29 14 18 16
29 14 19 102
29 14 20 101
29 14 21 93
29 14 22 68
29 14 23 62
29 14 24 31
29 14 25 98
29 14 26 5
29 14 27 22
29 14 28 20
29 14 29 59
29 14 30 95
29 14 31 87
29 14 32 40
29 14 33 103
29 14 34 18
29 14 35 10
29 14 36 3
29 15 0 13
29 15 1 58
29 15 2 84
29 15 3 60
29 15 4 68
29 15 5 38
29 15 6 17
29 15 7 85
29 15 8 65
29 15 9 103
29 15 10 74
29 15 11 1
29 15 12 12
29 15 13 42
29 15 14 106
29 15 15 77
29 15 16 40
29 15 17 5
29 15 18 44
29 15 19 63
29 15 20 56
29 15 21 57
29 15 22 52
29 15 23 36
29 15 24 61
29 15 25 35
29 15 26 0
29 15 27 28
29 15 28 107
29 15 29 94
29 15 30 86
29 15 31 50
29 15 32 102
29 15 33 8
29 15 34 23
29 15 35 15
29 15 36 75
29 16 0 95
29 16 1 83
29 16 2 62
29 16 3 108
29 16 4 107
29 16 5 25
29 16 6 37
29 16 7 38
29 16 8 102
29 16 9 39
29 16 10 11
29 16 11 14
29 16 12 97
29 16 13 105
29 16 14 76
29 16 15 68
29 16 16 26
29 16 17 100
29 16 18 69
29 16 19 40
29 16 20 87
29 16 21 75
29 16 22 34
29 16 23 42
29 16 24 24
29 16 25 27
29 16 26 21
29 16 27 106
29 16 28 93
29 16 29 85
29 16 30 67
29 16 31 44
29 16 32 32
29 16 33 33
29 16 34 20
29 16 35 61
29 16 36 23
29 17 0 42
29 17 1 66
29 17 2 51
29 17 3 106
29 17 4 10
29 17 5 72
29 17 6 55
29 17 7 70
29 17 8 9
29 17 9 36
29 17 10 16
29 17 11 96
29 17 12 104
29 17 13 57
29 17 14 85
29 17 15 1
29 17 16 99
29 17 17 98
29 17 18 90
29 17 19 86
29 17 20 49
29 17 21 31
29 17 22 95
29 17 23 35
29 17 24 32
29 17 25 26
29 17 26 105
29 17 27 47
29 17 28 84
29 17 29 52
29 17 30 100
29 17 31 8
29 17 32 23
29 17 33 7
29 17 34 63
29 17 35 28
29 17 36 94
29 18 0 49
29 18 1 60
29 18 2 105
29 18 3 16
29 18 4 82
29 18 5 92
29 18 6 100
29 18 7 56
29 18 8 30
29 18 9 19
29 18 10 41
29 18 11 103
29 18 12 74
29 18 13 64
29 18 14 27
29 18 15 61
29 18 16 42
29 18 17 89
29 18 18 73
29 18 19 70
29 18 20 7
29 18 21 94
29 18 22 15
29 18 23 18
29 18 24 9
29 18 25 104
29 18 26 66
29 18 27 83
29 18 28 75
29 18 29 99
29 18 30 26
29 18 31 2
29 18 32 31
29 18 33 58
29 18 34 13
29 18 35 93
29 18 36 81
29 19 0 65
29 19 1 104
29 19 2 3
29 19 3 48
29 19 4 91
29 19 5 99
29 19 6 107
29 19 7 14
29 19 8 23
29 19 9 68
29 19 10 102
29 19 11 55
29 19 12 53
29 19 13 30
29 19 14 97
29 19 15 63
29 19 16 88
29 19 17 84
29 19 18 72
29 19 19 19
29 19 20 93
29 19 21 34
29 19 22 33
29 19 23 9
29 19 24 103
29 19 25 90
29 19 26 82
29 19 27 59
29 19 28 45
29 19 29 1
29 19 30 31
29 19 31 7
29 19 32 108
29 19 33 28
29 19 34 49
29 19 35 80
29 19 36 39
29 20 0 103
29 20 1 31
29 20 2 66
29 20 3 42
29 20 4 46
29 20 5 106
29 20 6 8
29 20 7 24
29 20 8 62
29 20 9 58
29 20 10 14
29 20 11 82
29 20 12 15
29 20 13 96
29 20 14 95
29 20 15 67
29 20 16 83
29 20 17 108
29 20 18 4
29 20 19 39
29 20 20 25
29 20 21 19
29 20 22 22
29 20 23 102
29 20 24 89
29 20 25 81
29 20 26 47
29 20 27 97
29 20 28 6
29 20 29 12
29 20 30 10
29 20 31 69
29 20 32 36
29 20 33 45
29 20 34 79
29 20 35 75
29 20 36 57
29 21 0 6
29 21 1 53
29 21 2 68
29 21 3 97
29 21 4 105
29 21 5 1
29 21 6 10
29 21 7 92
29 21 8 100
29 21 9 57
29 21 10 50
29 21 11 21
29 21 12 73
29 21 13 94
29 21 14 67
29 21 15 37
29 21 16 46
29 21 17 2
29 21 18 40
29 21 19 14
29 21 20 33
29 21 21 15
29 21 22 64
29 21 23 88
29 21 24 80
29 21 25 52
29 21 26 96
29 21 27 23
29 21 28 4
29 21 29 13
29 21 30 72
29 21 31 17
29 21 32 90
29 21 33 78
29 21 34 56
29 21 35 69
29 21 36 102
29 22 0 55
29 22 1 63
29 22 2 96
29 22 3 104
29 22 4 3
29 22 5 26
29 22 6 91
29 22 7 99
29 22 8 107
29 22 9 59
29 22 10 19
29 22 11 60
29 22 12 93
29 22 13 85
29 22 14 81
29 22 15 66
29 22 16 16
29 22 17 90
29 22 18 8
29 22 19 1
29 22 20 27
29 22 21 100
29 22 22 50
29 22 23 79
29 22 24 108
29 22 25 48
29 22 26 32
29 22 27 25
29 22 28 34
29 22 29 41
29 22 30 24
29 22 31 89
29 22 32 77
29 22 33 61
29 22 34 39
29 22 35 51
29 22 36 5
29 23 0 87
29 23 1 41
29 23 2 103
29 23 3 23
29 23 4 21
29 23 5 40
29 23 6 49
29 23 7 106
29 23 8 43
29 23 9 27
29 23 10 54
29 23 11 57
29 23 12 44
29 23 13 80
29 23 14 47
29 23 15 6
29 23 16 89
29 23 17 8
29 23 18 20
29 23 19 32
29 23 20 99
29 23 21 65
29 23 22 78
29 23 23 58
29 23 24 71
29 23 25 1
29 23 26 18
29 23 27 24
29 23 28 56
29 23 29 0
29 23 30 88
29 23 31 76
29 23 32 62
29 23 33 101
29 23 34 100
29 23 35 17
29 23 36 72
29 24 0 60
29 24 1 102
29 24 2 10
29 24 3 17
29 24 4 49
29 24 5 97
29 24 6 105
29 24 7 67
29 24 8 5
29 24 9 92
29 24 10 56
29 24 11 58
29 24 12 79
29 24 13 41
29 24 14 22
29 24 15 88
29 24 16 25
29 24 17 6
29 24 18 21
29 24 19 46
29 24 20 85
29 24 21 77
29 24 22 73
29 24 23 45
29 24 24 11
29 24 25 33
29 24 26 36
29 24 27 44
29 24 28 14
29 24 29 48
29 24 30 70
29 24 31 108
29 24 32 55
29 24 33 99
29 24 34 9
29 24 35 43
29 24 36 86
29 25 0 51
29 25 1 10
29 25 2 18
29 25 3 41
29 25 4 96
29 25 5 104
29 25 6 68
29 25 7 16
29 25 8 91
29 25 9 90
29 25 10 82
29 25 11 78
29 25 12 58
29 25 13 12
29 25 14 38
29 25 15 22
29 25 16 11
29 25 17 32
29 25 18 97
29 25 19 67
29 25 20 76
29 25 21 40
29 25 22 92
29 25 23 13
29 25 24 5
29 25 25 30
29 25 26 71
29 25 27 36
29 25 28 39
29 25 29 74
29 25 30 62
29 25 31 60
29 25 32 43
29 25 33 17
29 25 34 75
29 25 35 44
29 25 36 69
29 26 0 10
29 26 1 20
29 26 2 87
29 26 3 49
29 26 4 103
29 26 5 37
29 26 6 33
29 26 7 50
29 26 8 89
29 26 9 55
29 26 10 77
29 26 11 48
29 26 12 17
29 26 13 60
29 26 14 24
29 26 15 25
29 26 16 34
29 26 17 96
29 26 18 62
29 26 19 75
29 26 20 59
29 26 21 91
29 26 22 11
29 26 23 7
29 26 24 30
29 26 25 101
29 26 26 22
29 26 27 85
29 26 28 43
29 26 29 54
29 26 30 98
29 26 31 97
29 26 32 2
29 26 33 53
29 26 34 84
29 26 35 92
29 26 36 100
29 27 0 7
29 27 1 86
29 27 2 47
29 27 3 102
29 27 4 75
29 27 5 11
29 27 6 63
29 27 7 88
29 27 8 58
29 27 9 76
29 27 10 101
29 27 11 30
29 27 12 85
29 27 13 35
29 27 14 32
29 27 15 33
29 27 16 65
29 27 17 82
29 27 18 74
29 27 19 68
29 27 20 45
29 27 21 24
29 27 22 12
29 27 23 17
29 27 24 51
29 27 25 13
29 27 26 43
29 27 27 1
29 27 28 71
29 27 29 66
29 27 30 96
29 27 31 28
29 27 32 59
29 27 33 83
29 27 34 91
29 27 35 99
29 27 36 10
29 28 0 50
29 28 1 64
29 28 2 41
29 28 3 40
29 28 4 9
29 28 5 46
29 28 6 72
29 28 7 58
29 28 8 51
29 28 9 67
29 28 10 7
29 28 11 39
29 28 12 18
29 28 13 27
29 28 14 3
29 28 15 38
29 28 16 43
29 28 17 66
29 28 18 52
29 28 19 57
29 28 20 28
29 28 21 4
29 28 22 19
29 28 23 56
29 28 24 22
29 28 25 65
29 28 26 44
29 28 27 37
29 28 28 60
29 28 29 49
29 28 30 21
29 28 31 55
29 28 32 54
29 28 33 68
29 28 34 45
29 28 35 11
29 28 36 12
29 29 0 92
29 29 1 100
29 29 2 73
29 29 3 30
29 29 4 87
29 29 5 66
29 29 6 61
29 29 7 74
29 29 8 52
29 29 9 21
29 29 10 44
29 29 11 18
29 29 12 35
29 29 13 15
29 29 14 50
29 29 15 64
29 29 16 29
29 29 17 101
29 29 18 67
29 29 19 6
29 29 20 23
29 29 21 3
29 29 22 98
29 29 23 0
29 29 24 82
29 29 25 107
29 29 26 37
29 29 27 95
29 29 28 69
29 29 29 28
29 29 30 108
29 29 31 81
29 29 32 48
29 29 33 97
29 29 34 2
29 29 35 19
29 29 36 84
29 30 0 99
29 30 1 42
29 30 2 0
29 30 3 86
29 30 4 85
29 30 5 41
29 30 6 52
29 30 7 98
29 30 8 36
29 30 9 82
29 30 10 2
29 30 11 17
29 30 12 30
29 30 13 92
29 30 14 73
29 30 15 108
29 30 16 70
29 30 17 87
29 30 18 18
29 30 19 31
29 30 20 3
29 30 21 72
29 30 22 14
29 30 23 47
29 30 24 106
29 30 25 40
29 30 26 94
29 30 27 45
29 30 28 12
29 30 29 58
29 30 30 80
29 30 31 46
29 30 32 96
29 30 33 9
29 30 34 10
29 30 35 83
29 30 36 91
29 31 0 108
29 31 1 30
29 31 2 52
29 31 3 72
29 31 4 70
29 31 5 20
29 31 6 56
29 31 7 8
29 31 8 61
29 31 9 4
29 31 10 9
29 31 11 34
29 31 12 91
29 31 13 55
29 31 14 107
29 31 15 65
29 31 16 86
29 31 17 25
29 31 18 26
29 31 19 23
29 31 20 57
29 31 21 28
29 31 22 37
29 31 23 105
29 31 24 101
29 31 25 93
29 31 26 92
29 31 27 10
29 31 28 64
29 31 29 79
29 31 30 87
29 31 31 54
29 31 32 14
29 31 33 11
29 31 34 44
29 31 35 63
29 31 36 51
29 32 0 19
29 32 1 84
29 32 2 40
29 32 3 75
29 32 4 62
29 32 5 47
29 32 6 36
29 32 7 51
29 32 8 28
29 32 9 14
29 32 10 10
29 32 11 50
29 32 12 59
29 32 13 106
29 32 14 98
29 32 15 49
29 32 16 24
29 32 17 33
29 32 18 34
29 32 19 95
29 32 20 4
29 32 21 54
29 32 22 104
29 32 23 37
29 32 24 39
29 32 25 91
29 32 26 25
29 32 27 65
29 32 28 78
29 32 29 86
29 32 30 46
29 32 31 1
29 32 32 11
29 32 33 81
29 32 34 72
29 32 35 97
29 32 36 52
29 33 0 83
29 33 1 82
29 33 2 70
29 33 3 107
29 33 4 95
29 33 5 22
29 33 6 39
29 33 7 28
29 33 8 16
29 33 9 8
29 33 10 61
29 33 11 37
29 33 12 105
29 33 13 67
29 33 14 84
29 33 15 26
29 33 16 10
29 33 17 36
29 33 18 94
29 33 19 9
29 33 20 48
29 33 21 103
29 33 22 51
29 33 23 38
29 33 24 41
29 33 25 5
29 33 26 52
29 33 27 77
29 33 28 46
29 33 29 55
29 33 30 3
29 33 31 11
29 33 32 80
29 33 33 54
29 33 34 96
29 33 35 60
29 33 36 4
29 34 0 56
29 34 1 71
29 34 2 106
29 34 3 94
29 34 4 7
29 34 5 54
29 34 6 22
29 34 7 25
29 34 8 10
29 34 9 47
29 34 10 75
29 34 11 104
29 34 12 45
29 34 13 83
29 34 14 0
29 34 15 15
29 34 16 33
29 34 17 93
29 34 18 36
29 34 19 66
29 34 20 102
29 34 21 98
29 34 22 90
29 34 23 72
29 34 24 16
29 34 25 73
29 34 26 76
29 34 27 84
29 34 28 92
29 34 29 4
29 34 30 11
29 34 31 79
29 34 32 87
29 34 33 69
29 34 34 40
29 34 35 12
29 34 36 44
29 35 0 39
29 35 1 105
29 35 2 93
29 35 3 21
29 35 4 60
29 35 5 34
29 35 6 3
29 35 7 20
29 35 8 87
29 35 9 43
29 35 10 103
29 35 11 95
29 35 12 68
29 35 13 26
29 35 14 1
29 35 15 13
29 35 16 55
29 35 17 15
29 35 18 49
29 35 19 58
29 35 20 65
29 35 21 89
29 35 22 59
29 35 23 31
29 35 24 45
29 35 25 38
29 35 26 83
29 35 27 91
29 35 28 0
29 35 29 35
29 35 30 78
29 35 31 86
29 35 32 64
29 35 33 42
29 35 34 4
29 35 35 81
29 35 36 63
29 36 0 104
29 36 1 50
29 36 2 34
29 36 3 63
29 36 4 24
29 36 5 33
29 36 6 26
29 36 7 86
29 36 8 48
29 36 9 102
29 36 10 94
29 36 11 81
29 36 12 31
29 36 13 20
29 36 14 13
29 36 15 56
29 36 16 5
29 36 17 75
29 36 18 100
29 36 19 65
29 36 20 88
29 36 21 87
29 36 22 2
29 36 23 101
29 36 24 74
29 36 25 37
29 36 26 70
29 36 27 32
29 36 28 18
29 36 29 77
29 36 30 49
29 36 31 53
29 36 32 66
29 36 33 16
29 36 34 80
29 36 35 38
29 36 36 108
30 0 0 35
30 0 1 64
30 0 2 25
30 0 3 34
30 0 4 27
30 0 5 86
30 0 6 49
30 0 7 102
30 0 8 94
30 0 9 81
30 0 10 32
30 0 11 21
30 0 12 14
30 0 13 57
30 0 14 6
30 0 15 75
30 0 16 100
30 0 17 66
30 0 18 88
30 0 19 87
30 0 20 3
30 0 21 101
30 0 22 74
30 0 23 38
30 0 24 71
30 0 25 33
30 0 26 19
30 0 27 77
30 0 28 50
30 0 29 54
30 0 30 67
30 0 31 17
30 0 32 80
30 0 33 39
30 0 34 108
30 0 35 104
30 0 36 51
30 1 0 75
30 1 1 9
30 1 2 18
30 1 3 36
30 1 4 51
30 1 5 37
30 1 6 101
30 1 7 93
30 1 8 80
30 1 9 7
30 1 10 26
30 1 11 8
30 1 12 90
30 1 13 20
30 1 14 61
30 1 15 99
30 1 16 95
30 1 17 70
30 1 18 86
30 1 19 1
30 1 20 43
30 1 21 41
30 1 22 81
30 1 23 65
30 1 24 12
30 1 25 21
30 1 26 76
30 1 27 84
30 1 28 92
30 1 29 48
30 1 30 16
30 1 31 79
30 1 32 68
30 1 33 57
30 1 34 103
30 1 35 47
30 1 36 5
30 2 0 12
30 2 1 10
30 2 2 16
30 2 3 84
30 2 4 108
30 2 5 100
30 2 6 67
30 2 7 79
30 2 8 0
30 2 9 3
30 2 10 34
30 2 11 89
30 2 12 18
30 2 13 63
30 2 14 60
30 2 15 94
30 2 16 54
30 2 17 72
30 2 18 7
30 2 19 69
30 2 20 8
30 2 21 80
30 2 22 55
30 2 23 35
30 2 24 14
30 2 25 40
30 2 26 83
30 2 27 91
30 2 28 101
30 2 29 28
30 2 30 78
30 2 31 73
30 2 32 47
30 2 33 102
30 2 34 90
30 2 35 23
30 2 36 38
30 3 0 28
30 3 1 21
30 3 2 83
30 3 3 44
30 3 4 99
30 3 5 49
30 3 6 78
30 3 7 13
30 3 8 26
30 3 9 25
30 3 10 88
30 3 11 3
30 3 12 47
30 3 13 97
30 3 14 93
30 3 15 85
30 3 16 84
30 3 17 29
30 3 18 98
30 3 19 39
30 3 20 79
30 3 21 87
30 3 22 36
30 3 23 8
30 3 24 74
30 3 25 63
30 3 26 41
30 3 27 61
30 3 28 19
30 3 29 77
30 3 30 45
30 3 31 67
30 3 32 54
30 3 33 89
30 3 34 31
30 3 35 70
30 3 36 15
30 4 0 33
30 4 1 52
30 4 2 66
30 4 3 98
30 4 4 90
30 4 5 77
30 4 6 13
30 4 7 4
30 4 8 7
30 4 9 54
30 4 10 15
30 4 11 108
30 4 12 96
30 4 13 56
30 4 14 64
30 4 15 83
30 4 16 32
30 4 17 65
30 4 18 107
30 4 19 78
30 4 20 86
30 4 21 3
30 4 22 29
30 4 23 57
30 4 24 81
30 4 25 58
30 4 26 59
30 4 27 6
30 4 28 76
30 4 29 75
30 4 30 71
30 4 31 100
30 4 32 88
30 4 33 9
30 4 34 72
30 4 35 28
30 4 36 20
30 5 0 81
30 5 1 46
30 5 2 97
30 5 3 89
30 5 4 76
30 5 5 33
30 5 6 27
30 5 7 24
30 5 8 72
30 5 9 28
30 5 10 44
30 5 11 39
30 5 12 40
30 5 13 70
30 5 14 52
30 5 15 21
30 5 16 56
30 5 17 106
30 5 18 77
30 5 19 54
30 5 20 6
30 5 21 23
30 5 22 13
30 5 23 80
30 5 24 68
30 5 25 98
30 5 26 12
30 5 27 58
30 5 28 65
30 5 29 73
30 5 30 99
30 5 31 38
30 5 32 31
30 5 33 108
30 5 34 15
30 5 35 36
30 5 36 14
30 6 0 56
30 6 1 96
30 6 2 88
30 6 3 37
30 6 4 1
30 6 5 32
30 6 6 35
30 6 7 85
30 6 8 25
30 6 9 71
30 6 10 65
30 6 11 90
30 6 12 82
30 6 13 81
30 6 14 33
30 6 15 95
30 6 16 105
30 6 17 76
30 6 18 84
30 6 19 8
30 6 20 11
30 6 21 72
30 6 22 79
30 6 23 87
30 6 24 39
30 6 25 34
30 6 26 74
30 6 27 54
30 6 28 55
30 6 29 44
30 6 30 68
30 6 31 36
30 6 32 67
30 6 33 2
30 6 34 26
30 6 35 27
30 6 36 80
30 7 0 95
30 7 1 57
30 7 2 74
30 7 3 31
30 7 4 22
30 7 5 24
30 7 6 72
30 7 7 23
30 7 8 38
30 7 9 65
30 7 10 89
30 7 11 64
30 7 12 80
30 7 13 17
30 7 14 94
30 7 15 104
30 7 16 39
30 7 17 83
30 7 18 10
30 7 19 21
30 7 20 107
30 7 21 78
30 7 22 86
30 7 23 54
30 7 24 5
30 7 25 73
30 7 26 60
30 7 27 101
30 7 28 97
30 7 29 85
30 7 30 9
30 7 31 44
30 7 32 7
30 7 33 36
30 7 34 14
30 7 35 79
30 7 36 46
30 8 0 40
30 8 1 66
30 8 2 2
30 8 3 0
30 8 4 17
30 8 5 44
30 8 6 28
30 8 7 62
30 8 8 92
30 8 9 88
30 8 10 41
30 8 11 79
30 8 12 6
30 8 13 93
30 8 14 103
30 8 15 74
30 8 16 55
30 8 17 9
30 8 18 22
30 8 19 106
30 8 20 77
30 8 21 47
30 8 22 95
30 8 23 10
30 8 24 18
30 8 25 108
30 8 26 63
30 8 27 96
30 8 28 49
30 8 29 26
30 8 30 52
30 8 31 19
30 8 32 12
30 8 33 4
30 8 34 78
30 8 35 60
30 8 36 94
30 9 0 32
30 9 1 19
30 9 2 34
30 9 3 18
30 9 4 82
30 9 5 1
30 9 6 73
30 9 7 91
30 9 8 71
30 9 9 68
30 9 10 78
30 9 11 33
30 9 12 44
30 9 13 102
30 9 14 59
30 9 15 81
30 9 16 10
30 9 17 22
30 9 18 105
30 9 19 76
30 9 20 84
30 9 21 94
30 9 22 35
30 9 23 45
30 9 24 58
30 9 25 64
30 9 26 55
30 9 27 48
30 9 28 26
30 9 29 72
30 9 30 6
30 9 31 21
30 9 32 15
30 9 33 77
30 9 34 101
30 9 35 93
30 9 36 85
30 10 0 8
30 10 1 3
30 10 2 32
30 10 3 61
30 10 4 33
30 10 5 66
30 10 6 46
30 10 7 55
30 10 8 41
30 10 9 77
30 10 10 21
30 10 11 54
30 10 12 49
30 10 13 9
30 10 14 80
30 10 15 35
30 10 16 20
30 10 17 104
30 10 18 51
30 10 19 83
30 10 20 93
30 10 21 16
30 10 22 107
30 10 23 44
30 10 24 98
30 10 25 69
30 10 26 82
30 10 27 17
30 10 28 38
30 10 29 25
30 10 30 18
30 10 31 23
30 10 32 76
30 10 33 50
30 10 34 92
30 10 35 37
30 10 36 57
30 11 0 6
30 11 1 28
30 11 2 59
30 11 3 24
30 11 4 101
30 11 5 65
30 11 6 85
30 11 7 53
30 11 8 76
30 11 9 14
30 11 10 90
30 11 11 100
30 11 12 46
30 11 13 79
30 11 14 0
30 11 15 27
30 11 16 103
30 11 17 74
30 11 18 48
30 11 19 43
30 11 20 17
30 11 21 106
30 11 22 56
30 11 23 42
30 11 24 51
30 11 25 68
30 11 26 23
30 11 27 73
30 11 28 35
30 11 29 7
30 11 30 10
30 11 31 40
30 11 32 60
30 11 33 91
30 11 34 47
30 11 35 107
30 11 36 33
30 12 0 25
30 12 1 62
30 12 2 0
30 12 3 49
30 12 4 42
30 12 5 70
30 12 6 39
30 12 7 52
30 12 8 6
30 12 9 89
30 12 10 99
30 12 11 107
30 12 12 78
30 12 13 33
30 12 14 23
30 12 15 102
30 12 16 38
30 12 17 81
30 12 18 53
30 12 19 9
30 12 20 105
30 12 21 66
30 12 22 63
30 12 23 92
30 12 24 61
30 12 25 36
30 12 26 101
30 12 27 32
30 12 28 17
30 12 29 27
30 12 30 74
30 12 31 98
30 12 32 90
30 12 33 82
30 12 34 106
30 12 35 13
30 12 36 16
30 13 0 45
30 13 1 6
30 13 2 48
30 13 3 87
30 13 4 71
30 13 5 75
30 13 6 74
30 13 7 7
30 13 8 88
30 13 9 50
30 13 10 106
30 13 11 77
30 13 12 3
30 13 13 25
30 13 14 42
30 13 15 14
30 13 16 80
30 13 17 90
30 13 18 2
30 13 19 104
30 13 20 56
30 13 21 95
30 13 22 91
30 13 23 72
30 13 24 27
30 13 25 53
30 13 26 28
30 13 27 20
30 13 28 15
30 13 29 68
30 13 30 57
30 13 31 89
30 13 32 37
30 13 33 105
30 13 34 0
30 13 35 5
30 13 36 35
30 14 0 34
30 14 1 98
30 14 2 86
30 14 3 82
30 14 4 37
30 14 5 61
30 14 6 25
30 14 7 43
30 14 8 97
30 14 9 105
30 14 10 76
30 14 11 1
30 14 12 13
30 14 13 100
30 14 14 58
30 14 15 79
30 14 16 89
30 14 17 27
30 14 18 103
30 14 19 70
30 14 20 94
30 14 21 69
30 14 22 59
30 14 23 22
30 14 24 62
30 14 25 5
30 14 26 26
30 14 27 4
30 14 28 28
30 14 29 40
30 14 30 88
30 14 31 51
30 14 32 104
30 14 33 8
30 14 34 2
30 14 35 17
30 14 36 53
30 15 0 66
30 15 1 53
30 15 2 42
30 15 3 43
30 15 4 5
30 15 5 13
30 15 6 58
30 15 7 96
30 15 8 104
30 15 9 62
30 15 10 1
30 15 11 14
30 15 12 99
30 15 13 107
30 15 14 78
30 15 15 88
30 15 16 17
30 15 17 102
30 15 18 101
30 15 19 93
30 15 20 69
30 15 21 63
30 15 22 32
30 15 23 98
30 15 24 6
30 15 25 23
30 15 26 21
30 15 27 60
30 15 28 95
30 15 29 87
30 15 30 41
30 15 31 103
30 15 32 19
30 15 33 11
30 15 34 4
30 15 35 67
30 15 36 34
30 16 0 84
30 16 1 61
30 16 2 69
30 16 3 39
30 16 4 18
30 16 5 85
30 16 6 66
30 16 7 103
30 16 8 74
30 16 9 2
30 16 10 13
30 16 11 43
30 16 12 106
30 16 13 77
30 16 14 41
30 16 15 6
30 16 16 45
30 16 17 64
30 16 18 57
30 16 19 58
30 16 20 53
30 16 21 0
30 16 22 62
30 16 23 36
30 16 24 1
30 16 25 29
30 16 26 107
30 16 27 94
30 16 28 86
30 16 29 51
30 16 30 102
30 16 31 9
30 16 32 24
30 16 33 16
30 16 34 75
30 16 35 14
30 16 36 59
30 17 0 63
30 17 1 108
30 17 2 107
30 17 3 26
30 17 4 38
30 17 5 39
30 17 6 102
30 17 7 40
30 17 8 12
30 17 9 15
30 17 10 97
30 17 11 105
30 17 12 76
30 17 13 69
30 17 14 27
30 17 15 100
30 17 16 70
30 17 17 41
30 17 18 87
30 17 19 75
30 17 20 35
30 17 21 43
30 17 22 25
30 17 23 28
30 17 24 22
30 17 25 106
30 17 26 93
30 17 27 85
30 17 28 68
30 17 29 45
30 17 30 33
30 17 31 34
30 17 32 21
30 17 33 62
30 17 34 24
30 17 35 95
30 17 36 83
30 18 0 52
30 18 1 106
30 18 2 11
30 18 3 73
30 18 4 56
30 18 5 71
30 18 6 10
30 18 7 0
30 18 8 17
30 18 9 96
30 18 10 104
30 18 11 58
30 18 12 85
30 18 13 2
30 18 14 99
30 18 15 98
30 18 16 90
30 18 17 86
30 18 18 50
30 18 19 32
30 18 20 95
30 18 21 36
30 18 22 33
30 18 23 27
30 18 24 105
30 18 25 48
30 18 26 84
30 18 27 53
30 18 28 100
30 18 29 9
30 18 30 24
30 18 31 8
30 18 32 64
30 18 33 29
30 18 34 94
30 18 35 43
30 18 36 67
30 19 0 105
30 19 1 17
30 19 2 82
30 19 3 92
30 19 4 100
30 19 5 57
30 19 6 31
30 19 7 20
30 19 8 42
30 19 9 103
30 19 10 74
30 19 11 65
30 19 12 28
30 19 13 62
30 19 14 43
30 19 15 89
30 19 16 37
30 19 17 71
30 19 18 8
30 19 19 94
30 19 20 16
30 19 21 19
30 19 22 10
30 19 23 104
30 19 24 67
30 19 25 83
30 19 26 75
30 19 27 99
30 19 28 27
30 19 29 3
30 19 30 32
30 19 31 59
30 19 32 14
30 19 33 93
30 19 34 81
30 19 35 50
30 19 36 61
30 20 0 4
30 20 1 49
30 20 2 91
30 20 3 99
30 20 4 107
30 20 5 15
30 20 6 24
30 20 7 69
30 20 8 102
30 20 9 56
30 20 10 54
30 20 11 31
30 20 12 97
30 20 13 64
30 20 14 88
30 20 15 84
30 20 16 73
30 20 17 20
30 20 18 93
30 20 19 35
30 20 20 34
30 20 21 10
30 20 22 103
30 20 23 90
30 20 24 82
30 20 25 60
30 20 26 46
30 20 27 2
30 20 28 32
30 20 29 8
30 20 30 108
30 20 31 29
30 20 32 50
30 20 33 80
30 20 34 40
30 20 35 66
30 20 36 104
30 21 0 67
30 21 1 43
30 21 2 47
30 21 3 106
30 21 4 9
30 21 5 25
30 21 6 63
30 21 7 59
30 21 8 15
30 21 9 82
30 21 10 16
30 21 11 96
30 21 12 95
30 21 13 68
30 21 14 83
30 21 15 108
30 21 16 5
30 21 17 40
30 21 18 26
30 21 19 20
30 21 20 23
30 21 21 102
30 21 22 89
30 21 23 81
30 21 24 48
30 21 25 97
30 21 26 7
30 21 27 13
30 21 28 11
30 21 29 70
30 21 30 0
30 21 31 46
30 21 32 79
30 21 33 75
30 21 34 58
30 21 35 103
30 21 36 32
30 22 0 69
30 22 1 97
30 22 2 105
30 22 3 2
30 22 4 11
30 22 5 92
30 22 6 100
30 22 7 58
30 22 8 51
30 22 9 22
30 22 10 37
30 22 11 94
30 22 12 68
30 22 13 38
30 22 14 47
30 22 15 3
30 22 16 41
30 22 17 15
30 22 18 34
30 22 19 16
30 22 20 65
30 22 21 88
30 22 22 80
30 22 23 53
30 22 24 96
30 22 25 24
30 22 26 5
30 22 27 14
30 22 28 73
30 22 29 18
30 22 30 90
30 22 31 78
30 22 32 57
30 22 33 70
30 22 34 102
30 22 35 7
30 22 36 54
30 23 0 96
30 23 1 104
30 23 2 4
30 23 3 27
30 23 4 91
30 23 5 99
30 23 6 107
30 23 7 60
30 23 8 20
30 23 9 61
30 23 10 93
30 23 11 85
30 23 12 81
30 23 13 67
30 23 14 17
30 23 15 90
30 23 16 9
30 23 17 2
30 23 18 28
30 23 19 100
30 23 20 51
30 23 21 79
30 23 22 108
30 23 23 49
30 23 24 33
30 23 25 26
30 23 26 35
30 23 27 42
30 23 28 25
30 23 29 89
30 23 30 77
30 23 31 62
30 23 32 40
30 23 33 52
30 23 34 6
30 23 35 56
30 23 36 64
30 24 0 103
30 24 1 24
30 24 2 22
30 24 3 41
30 24 4 50
30 24 5 106
30 24 6 44
30 24 7 28
30 24 8 55
30 24 9 58
30 24 10 45
30 24 11 80
30 24 12 48
30 24 13 7
30 24 14 89
30 24 15 9
30 24 16 21
30 24 17 33
30 24 18 99
30 24 19 66
30 24 20 78
30 24 21 59
30 24 22 72
30 24 23 2
30 24 24 19
30 24 25 25
30 24 26 57
30 24 27 1
30 24 28 88
30 24 29 76
30 24 30 63
30 24 31 101
30 24 32 100
30 24 33 18
30 24 34 73
30 24 35 87
30 24 36 42
30 25 0 11
30 25 1 18
30 25 2 50
30 25 3 97
30 25 4 105
30 25 5 68
30 25 6 6
30 25 7 92
30 25 8 57
30 25 9 59
30 25 10 79
30 25 11 42
30 25 12 23
30 25 13 88
30 25 14 26
30 25 15 7
30 25 16 22
30 25 17 47
30 25 18 85
30 25 19 77
30 25 20 37
30 25 21 46
30 25 22 12
30 25 23 34
30 25 24 0
30 25 25 45
30 25 26 15
30 25 27 49
30 25 28 71
30 25 29 108
30 25 30 56
30 25 31 99
30 25 32 10
30 25 33 44
30 25 34 86
30 25 35 61
30 25 36 102
30 26 0 19
30 26 1 42
30 26 2 96
30 26 3 104
30 26 4 69
30 26 5 17
30 26 6 91
30 26 7 90
30 26 8 82
30 26 9 78
30 26 10 59
30 26 11 13
30 26 12 39
30 26 13 23
30 26 14 12
30 26 15 33
30 26 16 97
30 26 17 68
30 26 18 76
30 26 19 41
30 26 20 92
30 26 21 14
30 26 22 6
30 26 23 31
30 26 24 72
30 26 25 0
30 26 26 40
30 26 27 74
30 26 28 63
30 26 29 61
30 26 30 44
30 26 31 18
30 26 32 75
30 26 33 45
30 26 34 70
30 26 35 52
30 26 36 11
30 27 0 87
30 27 1 50
30 27 2 103
30 27 3 38
30 27 4 34
30 27 5 51
30 27 6 89
30 27 7 56
30 27 8 77
30 27 9 49
30 27 10 18
30 27 11 61
30 27 12 25
30 27 13 26
30 27 14 35
30 27 15 96
30 27 16 63
30 27 17 75
30 27 18 60
30 27 19 91
30 27 20 12
30 27 21 8
30 27 22 31
30 27 23 101
30 27 24 23
30 27 25 85
30 27 26 44
30 27 27 55
30 27 28 98
30 27 29 97
30 27 30 3
30 27 31 54
30 27 32 84
30 27 33 92
30 27 34 100
30 27 35 11
30 27 36 21
30 28 0 48
30 28 1 102
30 28 2 75
30 28 3 12
30 28 4 64
30 28 5 88
30 28 6 59
30 28 7 76
30 28 8 101
30 28 9 31
30 28 10 85
30 28 11 36
30 28 12 33
30 28 13 34
30 28 14 66
30 28 15 82
30 28 16 74
30 28 17 69
30 28 18 46
30 28 19 25
30 28 20 13
30 28 21 18
30 28 22 52
30 28 23 14
30 28 24 44
30 28 25 2
30 28 26 72
30 28 27 67
30 28 28 96
30 28 29 29
30 28 30 60
30 28 31 83
30 28 32 91
30 28 33 99
30 28 34 11
30 28 35 8
30 28 36 86
30 29 0 42
30 29 1 41
30 29 2 10
30 29 3 47
30 29 4 73
30 29 5 59
30 29 6 52
30 29 7 68
30 29 8 8
30 29 9 40
30 29 10 19
30 29 11 28
30 29 12 4
30 29 13 39
30 29 14 44
30 29 15 67
30 29 16 53
30 29 17 58
30 29 18 29
30 29 19 5
30 29 20 20
30 29 21 57
30 29 22 23
30 29 23 66
30 29 24 45
30 29 25 38
30 29 26 61
30 29 27 50
30 29 28 22
30 29 29 56
30 29 30 55
30 29 31 69
30 29 32 46
30 29 33 12
30 29 34 13
30 29 35 51
30 29 36 65
30 30 0 37
30 30 1 31
30 30 2 87
30 30 3 67
30 30 4 62
30 30 5 74
30 30 6 53
30 30 7 22
30 30 8 45
30 30 9 19
30 30 10 36
30 30 11 16
30 30 12 51
30 30 13 65
30 30 14 30
30 30 15 101
30 30 16 68
30 30 17 7
30 30 18 24
30 30 19 4
30 30 20 98
30 30 21 1
30 30 22 82
30 30 23 107
30 30 24 38
30 30 25 95
30 30 26 70
30 30 27 29
30 30 28 108
30 30 29 81
30 30 30 49
30 30 31 97
30 30 32 3
30 30 33 20
30 30 34 84
30 30 35 92
30 30 36 100
30 31 0 1
30 31 1 86
30 31 2 85
30 31 3 42
30 31 4 53
30 31 5 98
30 31 6 0
30 31 7 82
30 31 8 3
30 31 9 18
30 31 10 31
30 31 11 92
30 31 12 37
30 31 13 108
30 31 14 71
30 31 15 87
30 31 16 19
30 31 17 32
30 31 18 4
30 31 19 73
30 31 20 15
30 31 21 48
30 31 22 106
30 31 23 41
30 31 24 94
30 31 25 46
30 31 26 13
30 31 27 59
30 31 28 80
30 31 29 47
30 31 30 96
30 31 31 10
30 31 32 11
30 31 33 83
30 31 34 91
30 31 35 99
30 31 36 43
30 32 0 53
30 32 1 73
30 32 2 71
30 32 3 21
30 32 4 57
30 32 5 9
30 32 6 62
30 32 7 5
30 32 8 10
30 32 9 35
30 32 10 91
30 32 11 56
30 32 12 107
30 32 13 66
30 32 14 86
30 32 15 26
30 32 16 27
30 32 17 24
30 32 18 58
30 32 19 29
30 32 20 38
30 32 21 105
30 32 22 101
30 32 23 93
30 32 24 92
30 32 25 11
30 32 26 65
30 32 27 79
30 32 28 87
30 32 29 55
30 32 30 15
30 32 31 12
30 32 32 45
30 32 33 64
30 32 34 52
30 32 35 108
30 32 36 31
30 33 0 41
30 33 1 75
30 33 2 63
30 33 3 48
30 33 4 0
30 33 5 52
30 33 6 29
30 33 7 15
30 33 8 11
30 33 9 51
30 33 10 60
30 33 11 106
30 33 12 98
30 33 13 50
30 33 14 25
30 33 15 34
30 33 16 35
30 33 17 95
30 33 18 5
30 33 19 55
30 33 20 104
30 33 21 38
30 33 22 40
30 33 23 91
30 33 24 26
30 33 25 66
30 33 26 78
30 33 27 86
30 33 28 47
30 33 29 2
30 33 30 12
30 33 31 81
30 33 32 73
30 33 33 97
30 33 34 53
30 33 35 20
30 33 36 84
30 34 0 71
30 34 1 107
30 34 2 95
30 34 3 23
30 34 4 40
30 34 5 29
30 34 6 17
30 34 7 9
30 34 8 62
30 34 9 38
30 34 10 105
30 34 11 68
30 34 12 84
30 34 13 27
30 34 14 11
30 34 15 0
30 34 16 94
30 34 17 10
30 34 18 49
30 34 19 103
30 34 20 52
30 34 21 39
30 34 22 42
30 34 23 6
30 34 24 53
30 34 25 77
30 34 26 47
30 34 27 56
30 34 28 4
30 34 29 12
30 34 30 80
30 34 31 55
30 34 32 96
30 34 33 61
30 34 34 5
30 34 35 83
30 34 36 82
30 35 0 106
30 35 1 94
30 35 2 8
30 35 3 55
30 35 4 23
30 35 5 26
30 35 6 11
30 35 7 48
30 35 8 75
30 35 9 104
30 35 10 46
30 35 11 83
30 35 12 1
30 35 13 16
30 35 14 34
30 35 15 93
30 35 16 0
30 35 17 67
30 35 18 102
30 35 19 98
30 35 20 90
30 35 21 73
30 35 22 17
30 35 23 37
30 35 24 76
30 35 25 84
30 35 26 92
30 35 27 5
30 35 28 12
30 35 29 79
30 35 30 87
30 35 31 70
30 35 32 41
30 35 33 13
30 35 34 45
30 35 35 57
30 35 36 72
30 36 0 93
30 36 1 22
30 36 2 61
30 36 3 35
30 36 4 4
30 36 5 21
30 36 6 87
30 36 7 44
30 36 8 103
30 36 9 95
30 36 10 69
30 36 11 27
30 36 12 2
30 36 13 14
30 36 14 56
30 36 15 16
30 36 16 50
30 36 17 59
30 36 18 66
30 36 19 89
30 36 20 60
30 36 21 32
30 36 22 46
30 36 23 39
30 36 24 83
30 36 25 91
30 36 26 1
30 36 27 36
30 36 28 78
30 36 29 86
30 36 30 65
30 36 31 43
30 36 32 5
30 36 33 81
30 36 34 64
30 36 35 40
30 36 36 105
31 0 0 62
31 0 1 36
31 0 2 5
31 0 3 22
31 0 4 87
31 0 5 45
31 0 6 103
31 0 7 95
31 0 8 70
31 0 9 28
31 0 10 3
31 0 11 15
31 0 12 57
31 0 13 17
31 0 14 51
31 0 15 60
31 0 16 67
31 0 17 89
31 0 18 61
31 0 19 33
31 0 20 47
31 0 21 40
31 0 22 83
31 0 23 91
31 0 24 2
31 0 25 0
31 0 26 78
31 0 27 86
31 0 28 66
31 0 29 44
31 0 30 6
31 0 31 81
31 0 32 65
31 0 33 41
31 0 34 105
31 0 35 93
31 0 36 23
31 1 0 26
31 1 1 35
31 1 2 28
31 1 3 86
31 1 4 50
31 1 5 102
31 1 6 94
31 1 7 81
31 1 8 33
31 1 9 22
31 1 10 15
31 1 11 58
31 1 12 7
31 1 13 75
31 1 14 100
31 1 15 67
31 1 16 88
31 1 17 87
31 1 18 4
31 1 19 101
31 1 20 74
31 1 21 39
31 1 22 72
31 1 23 34
31 1 24 20
31 1 25 77
31 1 26 51
31 1 27 55
31 1 28 68
31 1 29 18
31 1 30 80
31 1 31 40
31 1 32 108
31 1 33 104
31 1 34 52
31 1 35 36
31 1 36 65
31 2 0 19
31 2 1 0
31 2 2 52
31 2 3 38
31 2 4 101
31 2 5 93
31 2 6 80
31 2 7 8
31 2 8 27
31 2 9 9
31 2 10 90
31 2 11 21
31 2 12 62
31 2 13 99
31 2 14 95
31 2 15 71
31 2 16 86
31 2 17 2
31 2 18 44
31 2 19 42
31 2 20 81
31 2 21 66
31 2 22 13
31 2 23 22
31 2 24 76
31 2 25 84
31 2 26 92
31 2 27 49
31 2 28 17
31 2 29 79
31 2 30 69
31 2 31 58
31 2 32 103
31 2 33 48
31 2 34 6
31 2 35 75
31 2 36 10
31 3 0 17
31 3 1 84
31 3 2 108
31 3 3 100
31 3 4 68
31 3 5 79
31 3 6 1
31 3 7 4
31 3 8 35
31 3 9 89
31 3 10 19
31 3 11 64
31 3 12 61
31 3 13 94
31 3 14 55
31 3 15 73
31 3 16 8
31 3 17 70
31 3 18 9
31 3 19 80
31 3 20 56
31 3 21 36
31 3 22 15
31 3 23 41
31 3 24 83
31 3 25 91
31 3 26 101
31 3 27 29
31 3 28 78
31 3 29 37
31 3 30 48
31 3 31 102
31 3 32 90
31 3 33 24
31 3 34 39
31 3 35 13
31 3 36 11
31 4 0 83
31 4 1 45
31 4 2 99
31 4 3 50
31 4 4 78
31 4 5 14
31 4 6 27
31 4 7 26
31 4 8 88
31 4 9 4
31 4 10 48
31 4 11 97
31 4 12 93
31 4 13 85
31 4 14 84
31 4 15 30
31 4 16 98
31 4 17 40
31 4 18 79
31 4 19 87
31 4 20 0
31 4 21 9
31 4 22 74
31 4 23 64
31 4 24 42
31 4 25 62
31 4 26 20
31 4 27 77
31 4 28 46
31 4 29 68
31 4 30 55
31 4 31 89
31 4 32 32
31 4 33 71
31 4 34 16
31 4 35 29
31 4 36 22
31 5 0 67
31 5 1 98
31 5 2 90
31 5 3 77
31 5 4 14
31 5 5 5
31 5 6 8
31 5 7 55
31 5 8 16
31 5 9 108
31 5 10 96
31 5 11 57
31 5 12 65
31 5 13 83
31 5 14 33
31 5 15 66
31 5 16 107
31 5 17 78
31 5 18 86
31 5 19 4
31 5 20 30
31 5 21 58
31 5 22 81
31 5 23 59
31 5 24 60
31 5 25 7
31 5 26 76
31 5 27 75
31 5 28 72
31 5 29 100
31 5 30 88
31 5 31 10
31 5 32 73
31 5 33 29
31 5 34 21
31 5 35 34
31 5 36 53
31 6 0 97
31 6 1 89
31 6 2 76
31 6 3 34
31 6 4 28
31 6 5 25
31 6 6 73
31 6 7 29
31 6 8 45
31 6 9 40
31 6 10 41
31 6 11 71
31 6 12 53
31 6 13 22
31 6 14 57
31 6 15 106
31 6 16 77
31 6 17 55
31 6 18 7
31 6 19 24
31 6 20 14
31 6 21 80
31 6 22 69
31 6 23 98
31 6 24 13
31 6 25 59
31 6 26 66
31 6 27 37
31 6 28 99
31 6 29 39
31 6 30 32
31 6 31 108
31 6 32 16
31 6 33 0
31 6 34 15
31 6 35 81
31 6 36 47
31 7 0 88
31 7 1 38
31 7 2 2
31 7 3 33
31 7 4 36
31 7 5 85
31 7 6 26
31 7 7 72
31 7 8 66
31 7 9 90
31 7 10 82
31 7 11 81
31 7 12 34
31 7 13 95
31 7 14 105
31 7 15 76
31 7 16 84
31 7 17 9
31 7 18 12
31 7 19 73
31 7 20 79
31 7 21 87
31 7 22 40
31 7 23 35
31 7 24 74
31 7 25 55
31 7 26 56
31 7 27 45
31 7 28 69
31 7 29 0
31 7 30 68
31 7 31 3
31 7 32 27
31 7 33 28
31 7 34 80
31 7 35 57
31 7 36 96
31 8 0 74
31 8 1 32
31 8 2 23
31 8 3 25
31 8 4 73
31 8 5 24
31 8 6 39
31 8 7 66
31 8 8 89
31 8 9 65
31 8 10 80
31 8 11 18
31 8 12 94
31 8 13 104
31 8 14 40
31 8 15 83
31 8 16 11
31 8 17 22
31 8 18 107
31 8 19 78
31 8 20 86
31 8 21 55
31 8 22 6
31 8 23 37
31 8 24 61
31 8 25 101
31 8 26 97
31 8 27 85
31 8 28 10
31 8 29 45
31 8 30 8
31 8 31 0
31 8 32 15
31 8 33 79
31 8 34 47
31 8 35 95
31 8 36 58
31 9 0 3
31 9 1 1
31 9 2 18
31 9 3 45
31 9 4 29
31 9 5 63
31 9 6 92
31 9 7 88
31 9 8 42
31 9 9 79
31 9 10 7
31 9 11 93
31 9 12 103
31 9 13 74
31 9 14 56
31 9 15 10
31 9 16 23
31 9 17 106
31 9 18 77
31 9 19 48
31 9 20 95
31 9 21 11
31 9 22 19
31 9 23 108
31 9 24 64
31 9 25 96
31 9 26 50
31 9 27 27
31 9 28 53
31 9 29 20
31 9 30 13
31 9 31 5
31 9 32 78
31 9 33 61
31 9 34 94
31 9 35 41
31 9 36 67
31 10 0 35
31 10 1 19
31 10 2 82
31 10 3 2
31 10 4 37
31 10 5 91
31 10 6 72
31 10 7 69
31 10 8 78
31 10 9 34
31 10 10 45
31 10 11 102
31 10 12 60
31 10 13 81
31 10 14 11
31 10 15 23
31 10 16 105
31 10 17 76
31 10 18 84
31 10 19 94
31 10 20 36
31 10 21 46
31 10 22 59
31 10 23 65
31 10 24 56
31 10 25 49
31 10 26 27
31 10 27 73
31 10 28 7
31 10 29 22
31 10 30 16
31 10 31 77
31 10 32 101
31 10 33 93
31 10 34 85
31 10 35 33
31 10 36 20
31 11 0 33
31 11 1 62
31 11 2 34
31 11 3 67
31 11 4 47
31 11 5 56
31 11 6 42
31 11 7 77
31 11 8 22
31 11 9 55
31 11 10 50
31 11 11 10
31 11 12 80
31 11 13 36
31 11 14 21
31 11 15 104
31 11 16 52
31 11 17 83
31 11 18 93
31 11 19 17
31 11 20 107
31 11 21 45
31 11 22 98
31 11 23 70
31 11 24 82
31 11 25 18
31 11 26 39
31 11 27 26
31 11 28 19
31 11 29 24
31 11 30 76
31 11 31 51
31 11 32 92
31 11 33 38
31 11 34 58
31 11 35 9
31 11 36 4
31 12 0 60
31 12 1 25
31 12 2 101
31 12 3 66
31 12 4 85
31 12 5 54
31 12 6 76
31 12 7 15
31 12 8 90
31 12 9 100
31 12 10 47
31 12 11 79
31 12 12 1
31 12 13 28
31 12 14 103
31 12 15 74
31 12 16 49
31 12 17 44
31 12 18 18
31 12 19 106
31 12 20 57
31 12 21 43
31 12 22 52
31 12 23 69
31 12 24 24
31 12 25 37
31 12 26 36
31 12 27 8
31 12 28 11
31 12 29 41
31 12 30 61
31 12 31 91
31 12 32 48
31 12 33 107
31 12 34 34
31 12 35 7
31 12 36 29
31 13 0 1
31 13 1 50
31 13 2 43
31 13 3 71
31 13 4 40
31 13 5 53
31 13 6 7
31 13 7 89
31 13 8 99
31 13 9 107
31 13 10 78
31 13 11 34
31 13 12 24
31 13 13 102
31 13 14 39
31 13 15 81
31 13 16 54
31 13 17 10
31 13 18 105
31 13 19 67
31 13 20 64
31 13 21 92
31 13 22 62
31 13 23 0
31 13 24 101
31 13 25 33
31 13 26 18
31 13 27 28
31 13 28 74
31 13 29 98
31 13 30 90
31 13 31 82
31 13 32 106
31 13 33 14
31 13 34 17
31 13 35 26
31 13 36 63
31 14 0 49
31 14 1 87
31 14 2 72
31 14 3 75
31 14 4 74
31 14 5 8
31 14 6 88
31 14 7 51
31 14 8 106
31 14 9 77
31 14 10 4
31 14 11 26
31 14 12 43
31 14 13 15
31 14 14 80
31 14 15 90
31 14 16 3
31 14 17 104
31 14 18 57
31 14 19 95
31 14 20 91
31 14 21 73
31 14 22 28
31 14 23 54
31 14 24 29
31 14 25 21
31 14 26 16
31 14 27 69
31 14 28 58
31 14 29 89
31 14 30 38
31 14 31 105
31 14 32 1
31 14 33 6
31 14 34 36
31 14 35 46
31 14 36 7
31 15 0 86
31 15 1 82
31 15 2 38
31 15 3 62
31 15 4 26
31 15 5 44
31 15 6 97
31 15 7 105
31 15 8 76
31 15 9 2
31 15 10 14
31 15 11 100
31 15 12 59
31 15 13 79
31 15 14 89
31 15 15 28
31 15 16 103
31 15 17 71
31 15 18 94
31 15 19 70
31 15 20 60
31 15 21 23
31 15 22 63
31 15 23 6
31 15 24 27
31 15 25 5
31 15 26 29
31 15 27 41
31 15 28 88
31 15 29 52
31 15 30 104
31 15 31 9
31 15 32 3
31 15 33 18
31 15 34 54
31 15 35 35
31 15 36 98
31 16 0 43
31 16 1 44
31 16 2 6
31 16 3 14
31 16 4 59
31 16 5 96
31 16 6 104
31 16 7 63
31 16 8 2
31 16 9 15
31 16 10 99
31 16 11 107
31 16 12 78
31 16 13 88
31 16 14 18
31 16 15 102
31 16 16 101
31 16 17 93
31 16 18 70
31 16 19 64
31 16 20 33
31 16 21 98
31 16 22 7
31 16 23 24
31 16 24 22
31 16 25 61
31 16 26 95
31 16 27 87
31 16 28 42
31 16 29 103
31 16 30 20
31 16 31 12
31 16 32 5
31 16 33 68
31 16 34 35
31 16 35 67
31 16 36 54
31 17 0 70
31 17 1 40
31 17 2 19
31 17 3 85
31 17 4 67
31 17 5 103
31 17 6 74
31 17 7 3
31 17 8 14
31 17 9 44
31 17 10 106
31 17 11 77
31 17 12 42
31 17 13 7
31 17 14 46
31 17 15 65
31 17 16 58
31 17 17 59
31 17 18 54
31 17 19 1
31 17 20 63
31 17 21 0
31 17 22 2
31 17 23 30
31 17 24 107
31 17 25 94
31 17 26 86
31 17 27 52
31 17 28 102
31 17 29 10
31 17 30 25
31 17 31 17
31 17 32 75
31 17 33 15
31 17 34 60
31 17 35 84
31 17 36 62
31 18 0 107
31 18 1 27
31 18 2 39
31 18 3 40
31 18 4 102
31 18 5 41
31 18 6 13
31 18 7 16
31 18 8 97
31 18 9 105
31 18 10 76
31 18 11 70
31 18 12 28
31 18 13 100
31 18 14 71
31 18 15 42
31 18 16 87
31 18 17 75
31 18 18 36
31 18 19 44
31 18 20 26
31 18 21 29
31 18 22 23
31 18 23 106
31 18 24 93
31 18 25 85
31 18 26 69
31 18 27 46
31 18 28 34
31 18 29 35
31 18 30 22
31 18 31 63
31 18 32 25
31 18 33 95
31 18 34 83
31 18 35 64
31 18 36 108
31 19 0 12
31 19 1 37
31 19 2 57
31 19 3 72
31 19 4 11
31 19 5 1
31 19 6 18
31 19 7 96
31 19 8 104
31 19 9 59
31 19 10 85
31 19 11 3
31 19 12 99
31 19 13 98
31 19 14 90
31 19 15 86
31 19 16 51
31 19 17 33
31 19 18 95
31 19 19 0
31 19 20 34
31 19 21 28
31 19 22 105
31 19 23 49
31 19 24 84
31 19 25 54
31 19 26 100
31 19 27 10
31 19 28 25
31 19 29 9
31 19 30 65
31 19 31 30
31 19 32 94
31 19 33 44
31 19 34 68
31 19 35 53
31 19 36 106
31 20 0 82
31 20 1 92
31 20 2 100
31 20 3 58
31 20 4 32
31 20 5 21
31 20 6 43
31 20 7 103
31 20 8 74
31 20 9 66
31 20 10 29
31 20 11 63
31 20 12 44
31 20 13 89
31 20 14 38
31 20 15 72
31 20 16 9
31 20 17 94
31 20 18 17
31 20 19 20
31 20 20 11
31 20 21 104
31 20 22 68
31 20 23 83
31 20 24 75
31 20 25 99
31 20 26 28
31 20 27 4
31 20 28 33
31 20 29 60
31 20 30 15
31 20 31 93
31 20 32 81
31 20 33 51
31 20 34 62
31 20 35 105
31 20 36 18
31 21 0 91
31 21 1 99
31 21 2 107
31 21 3 16
31 21 4 25
31 21 5 70
31 21 6 102
31 21 7 57
31 21 8 55
31 21 9 32
31 21 10 97
31 21 11 65
31 21 12 88
31 21 13 84
31 21 14 37
31 21 15 21
31 21 16 93
31 21 17 36
31 21 18 35
31 21 19 11
31 21 20 103
31 21 21 90
31 21 22 82
31 21 23 61
31 21 24 47
31 21 25 3
31 21 26 33
31 21 27 9
31 21 28 108
31 21 29 30
31 21 30 51
31 21 31 80
31 21 32 41
31 21 33 67
31 21 34 104
31 21 35 5
31 21 36 50
31 22 0 48
31 22 1 106
31 22 2 10
31 22 3 26
31 22 4 64
31 22 5 60
31 22 6 16
31 22 7 82
31 22 8 17
31 22 9 96
31 22 10 95
31 22 11 69
31 22 12 83
31 22 13 108
31 22 14 6
31 22 15 41
31 22 16 27
31 22 17 21
31 22 18 24
31 22 19 102
31 22 20 89
31 22 21 81
31 22 22 49
31 22 23 97
31 22 24 8
31 22 25 14
31 22 26 12
31 22 27 71
31 22 28 1
31 22 29 47
31 22 30 79
31 22 31 75
31 22 32 59
31 22 33 103
31 22 34 33
31 22 35 68
31 22 36 44
31 23 0 105
31 23 1 3
31 23 2 12
31 23 3 92
31 23 4 100
31 23 5 59
31 23 6 52
31 23 7 23
31 23 8 38
31 23 9 94
31 23 10 69
31 23 11 39
31 23 12 48
31 23 13 4
31 23 14 42
31 23 15 16
31 23 16 35
31 23 17 17
31 23 18 66
31 23 19 88
31 23 20 80
31 23 21 54
31 23 22 96
31 23 23 25
31 23 24 6
31 23 25 15
31 23 26 37
31 23 27 19
31 23 28 90
31 23 29 78
31 23 30 58
31 23 31 71
31 23 32 102
31 23 33 8
31 23 34 55
31 23 35 70
31 23 36 97
31 24 0 5
31 24 1 28
31 24 2 91
31 24 3 99
31 24 4 107
31 24 5 61
31 24 6 21
31 24 7 62
31 24 8 93
31 24 9 85
31 24 10 81
31 24 11 68
31 24 12 18
31 24 13 90
31 24 14 10
31 24 15 3
31 24 16 29
31 24 17 100
31 24 18 52
31 24 19 79
31 24 20 108
31 24 21 50
31 24 22 34
31 24 23 27
31 24 24 36
31 24 25 43
31 24 26 26
31 24 27 89
31 24 28 77
31 24 29 63
31 24 30 41
31 24 31 53
31 24 32 7
31 24 33 57
31 24 34 65
31 24 35 96
31 24 36 104
31 25 0 23
31 25 1 42
31 25 2 51
31 25 3 106
31 25 4 45
31 25 5 29
31 25 6 56
31 25 7 59
31 25 8 46
31 25 9 80
31 25 10 49
31 25 11 8
31 25 12 89
31 25 13 10
31 25 14 22
31 25 15 34
31 25 16 99
31 25 17 67
31 25 18 78
31 25 19 60
31 25 20 73
31 25 21 3
31 25 22 20
31 25 23 26
31 25 24 58
31 25 25 2
31 25 26 88
31 25 27 76
31 25 28 64
31 25 29 101
31 25 30 100
31 25 31 19
31 25 32 37
31 25 33 87
31 25 34 43
31 25 35 103
31 25 36 25
31 26 0 51
31 26 1 97
31 26 2 105
31 26 3 69
31 26 4 7
31 26 5 92
31 26 6 58
31 26 7 60
31 26 8 79
31 26 9 43
31 26 10 24
31 26 11 88
31 26 12 27
31 26 13 8
31 26 14 23
31 26 15 48
31 26 16 85
31 26 17 77
31 26 18 38
31 26 19 47
31 26 20 13
31 26 21 35
31 26 22 1
31 26 23 46
31 26 24 16
31 26 25 50
31 26 26 72
31 26 27 108
31 26 28 57
31 26 29 99
31 26 30 11
31 26 31 45
31 26 32 86
31 26 33 62
31 26 34 102
31 26 35 12
31 26 36 19
31 27 0 96
31 27 1 104
31 27 2 70
31 27 3 18
31 27 4 91
31 27 5 90
31 27 6 82
31 27 7 78
31 27 8 60
31 27 9 14
31 27 10 40
31 27 11 24
31 27 12 13
31 27 13 34
31 27 14 97
31 27 15 69
31 27 16 76
31 27 17 42
31 27 18 92
31 27 19 15
31 27 20 7
31 27 21 32
31 27 22 73
31 27 23 1
31 27 24 41
31 27 25 74
31 27 26 64
31 27 27 62
31 27 28 45
31 27 29 19
31 27 30 75
31 27 31 46
31 27 32 71
31 27 33 53
31 27 34 12
31 27 35 20
31 27 36 43
31 28 0 103
31 28 1 39
31 28 2 35
31 28 3 52
31 28 4 89
31 28 5 57
31 28 6 77
31 28 7 50
31 28 8 19
31 28 9 62
31 28 10 26
31 28 11 27
31 28 12 36
31 28 13 96
31 28 14 64
31 28 15 75
31 28 16 61
31 28 17 91
31 28 18 13
31 28 19 9
31 28 20 32
31 28 21 101
31 28 22 24
31 28 23 85
31 28 24 45
31 28 25 56
31 28 26 98
31 28 27 97
31 28 28 4
31 28 29 55
31 28 30 84
31 28 31 92
31 28 32 100
31 28 33 12
31 28 34 22
31 28 35 87
31 28 36 51
31 29 0 75
31 29 1 13
31 29 2 65
31 29 3 88
31 29 4 60
31 29 5 76
31 29 6 101
31 29 7 32
31 29 8 85
31 29 9 0
31 29 10 34
31 29 11 35
31 29 12 67
31 29 13 82
31 29 14 74
31 29 15 70
31 29 16 47
31 29 17 26
31 29 18 14
31 29 19 19
31 29 20 53
31 29 21 15
31 29 22 45
31 29 23 3
31 29 24 73
31 29 25 68
31 29 26 96
31 29 27 30
31 29 28 61
31 29 29 83
31 29 30 91
31 29 31 99
31 29 32 12
31 29 33 9
31 29 34 86
31 29 35 49
31 29 36 102
31 30 0 11
31 30 1 48
31 30 2 37
31 30 3 60
31 30 4 53
31 30 5 69
31 30 6 9
31 30 7 41
31 30 8 20
31 30 9 29
31 30 10 5
31 30 11 40
31 30 12 45
31 30 13 68
31 30 14 54
31 30 15 59
31 30 16 30
31 30 17 6
31 30 18 21
31 30 19 58
31 30 20 24
31 30 21 67
31 30 22 46
31 30 23 39
31 30 24 62
31 30 25 51
31 30 26 23
31 30 27 57
31 30 28 56
31 30 29 70
31 30 30 47
31 30 31 13
31 30 32 14
31 30 33 52
31 30 34 66
31 30 35 43
31 30 36 42
31 31 0 87
31 31 1 68
31 31 2 63
31 31 3 74
31 31 4 54
31 31 5 23
31 31 6 46
31 31 7 20
31 31 8 0
31 31 9 17
31 31 10 52
31 31 11 66
31 31 12 31
31 31 13 101
31 31 14 69
31 31 15 8
31 31 16 25
31 31 17 5
31 31 18 98
31 31 19 2
31 31 20 82
31 31 21 107
31 31 22 39
31 31 23 95
31 31 24 71
31 31 25 30
31 31 26 108
31 31 27 81
31 31 28 50
31 31 29 97
31 31 30 4
31 31 31 21
31 31 32 84
31 31 33 92
31 31 34 100
31 31 35 38
31 31 36 32
31 32 0 85
31 32 1 43
31 32 2 54
31 32 3 98
31 32 4 1
31 32 5 82
31 32 6 4
31 32 7 19
31 32 8 32
31 32 9 92
31 32 10 38
31 32 11 108
31 32 12 72
31 32 13 87
31 32 14 20
31 32 15 33
31 32 16 5
31 32 17 37
31 32 18 16
31 32 19 49
31 32 20 106
31 32 21 42
31 32 22 94
31 32 23 47
31 32 24 14
31 32 25 60
31 32 26 80
31 32 27 48
31 32 28 96
31 32 29 11
31 32 30 12
31 32 31 83
31 32 32 91
31 32 33 99
31 32 34 44
31 32 35 2
31 32 36 86
31 33 0 72
31 33 1 22
31 33 2 58
31 33 3 10
31 33 4 63
31 33 5 6
31 33 6 11
31 33 7 36
31 33 8 91
31 33 9 57
31 33 10 107
31 33 11 67
31 33 12 86
31 33 13 27
31 33 14 28
31 33 15 25
31 33 16 59
31 33 17 30
31 33 18 39
31 33 19 105
31 33 20 101
31 33 21 93
31 33 22 92
31 33 23 12
31 33 24 66
31 33 25 79
31 33 26 87
31 33 27 56
31 33 28 16
31 33 29 13
31 33 30 46
31 33 31 65
31 33 32 53
31 33 33 108
31 33 34 32
31 33 35 54
31 33 36 37
31 34 0 64
31 34 1 49
31 34 2 1
31 34 3 53
31 34 4 30
31 34 5 16
31 34 6 12
31 34 7 52
31 34 8 61
31 34 9 106
31 34 10 98
31 34 11 51
31 34 12 26
31 34 13 35
31 34 14 36
31 34 15 95
31 34 16 6
31 34 17 56
31 34 18 104
31 34 19 39
31 34 20 41
31 34 21 91
31 34 22 27
31 34 23 67
31 34 24 78
31 34 25 86
31 34 26 48
31 34 27 3
31 34 28 13
31 34 29 81
31 34 30 37
31 34 31 97
31 34 32 54
31 34 33 21
31 34 34 84
31 34 35 42
31 34 36 75
31 35 0 95
31 35 1 24
31 35 2 41
31 35 3 30
31 35 4 18
31 35 5 10
31 35 6 63
31 35 7 39
31 35 8 105
31 35 9 69
31 35 10 84
31 35 11 28
31 35 12 12
31 35 13 1
31 35 14 94
31 35 15 11
31 35 16 50
31 35 17 103
31 35 18 53
31 35 19 40
31 35 20 43
31 35 21 7
31 35 22 54
31 35 23 77
31 35 24 48
31 35 25 57
31 35 26 5
31 35 27 13
31 35 28 80
31 35 29 56
31 35 30 96
31 35 31 62
31 35 32 6
31 35 33 83
31 35 34 82
31 35 35 72
31 35 36 107
31 36 0 9
31 36 1 56
31 36 2 24
31 36 3 27
31 36 4 12
31 36 5 49
31 36 6 75
31 36 7 104
31 36 8 47
31 36 9 83
31 36 10 2
31 36 11 17
31 36 12 35
31 36 13 93
31 36 14 1
31 36 15 68
31 36 16 102
31 36 17 98
31 36 18 90
31 36 19 37
31 36 20 18
31 36 21 38
31 36 22 76
31 36 23 84
31 36 24 92
31 36 25 6
31 36 26 13
31 36 27 79
31 36 28 87
31 36 29 71
31 36 30 42
31 36 31 14
31 36 32 46
31 36 33 58
31 36 34 73
31 36 35 106
31 36 36 94
32 0 0 25
32 0 1 28
32 0 2 13
32 0 3 50
32 0 4 75
32 0 5 104
32 0 6 48
32 0 7 83
32 0 8 3
32 0 9 18
32 0 10 36
32 0 11 93
32 0 12 2
32 0 13 69
32 0 14 102
32 0 15 98
32 0 16 90
32 0 17 38
32 0 18 19
32 0 19 39
32 0 20 76
32 0 21 84
32 0 22 92
32 0 23 7
32 0 24 14
32 0 25 79
32 0 26 87
32 0 27 72
32 0 28 43
32 0 29 15
32 0 30 47
32 0 31 59
32 0 32 37
32 0 33 106
32 0 34 94
32 0 35 10
32 0 36 57
32 1 0 6
32 1 1 23
32 1 2 87
32 1 3 46
32 1 4 103
32 1 5 95
32 1 6 71
32 1 7 29
32 1 8 4
32 1 9 16
32 1 10 58
32 1 11 18
32 1 12 52
32 1 13 61
32 1 14 68
32 1 15 89
32 1 16 62
32 1 17 34
32 1 18 48
32 1 19 41
32 1 20 83
32 1 21 91
32 1 22 3
32 1 23 1
32 1 24 78
32 1 25 86
32 1 26 67
32 1 27 45
32 1 28 7
32 1 29 81
32 1 30 66
32 1 31 42
32 1 32 105
32 1 33 93
32 1 34 24
32 1 35 63
32 1 36 0
32 2 0 29
32 2 1 86
32 2 2 51
32 2 3 102
32 2 4 94
32 2 5 81
32 2 6 34
32 2 7 23
32 2 8 16
32 2 9 59
32 2 10 8
32 2 11 75
32 2 12 100
32 2 13 68
32 2 14 88
32 2 15 87
32 2 16 5
32 2 17 101
32 2 18 74
32 2 19 40
32 2 20 73
32 2 21 35
32 2 22 21
32 2 23 77
32 2 24 52
32 2 25 56
32 2 26 69
32 2 27 19
32 2 28 80
32 2 29 41
32 2 30 108
32 2 31 104
32 2 32 53
32 2 33 0
32 2 34 66
32 2 35 27
32 2 36 36
32 3 0 53
32 3 1 39
32 3 2 101
32 3 3 93
32 3 4 80
32 3 5 9
32 3 6 28
32 3 7 10
32 3 8 90
32 3 9 22
32 3 10 63
32 3 11 99
32 3 12 95
32 3 13 72
32 3 14 86
32 3 15 3
32 3 16 45
32 3 17 43
32 3 18 81
32 3 19 67
32 3 20 14
32 3 21 23
32 3 22 76
32 3 23 84
32 3 24 92
32 3 25 50
32 3 26 18
32 3 27 79
32 3 28 70
32 3 29 59
32 3 30 103
32 3 31 49
32 3 32 7
32 3 33 75
32 3 34 11
32 3 35 20
32 3 36 1
32 4 0 108
32 4 1 100
32 4 2 69
32 4 3 79
32 4 4 2
32 4 5 5
32 4 6 36
32 4 7 89
32 4 8 20
32 4 9 65
32 4 10 62
32 4 11 94
32 4 12 56
32 4 13 37
32 4 14 9
32 4 15 71
32 4 16 10
32 4 17 80
32 4 18 57
32 4 19 0
32 4 20 16
32 4 21 42
32 4 22 83
32 4 23 91
32 4 24 101
32 4 25 30
32 4 26 78
32 4 27 38
32 4 28 49
32 4 29 102
32 4 30 90
32 4 31 25
32 4 32 40
32 4 33 14
32 4 34 12
32 4 35 18
32 4 36 84
32 5 0 99
32 5 1 51
32 5 2 78
32 5 3 15
32 5 4 28
32 5 5 27
32 5 6 88
32 5 7 5
32 5 8 49
32 5 9 97
32 5 10 93
32 5 11 85
32 5 12 84
32 5 13 31
32 5 14 98
32 5 15 41
32 5 16 79
32 5 17 87
32 5 18 1
32 5 19 10
32 5 20 74
32 5 21 65
32 5 22 43
32 5 23 63
32 5 24 21
32 5 25 77
32 5 26 47
32 5 27 69
32 5 28 56
32 5 29 89
32 5 30 33
32 5 31 72
32 5 32 17
32 5 33 30
32 5 34 23
32 5 35 83
32 5 36 46
32 6 0 90
32 6 1 77
32 6 2 15
32 6 3 6
32 6 4 9
32 6 5 56
32 6 6 17
32 6 7 108
32 6 8 96
32 6 9 58
32 6 10 66
32 6 11 83
32 6 12 34
32 6 13 67
32 6 14 107
32 6 15 78
32 6 16 86
32 6 17 5
32 6 18 31
32 6 19 59
32 6 20 81
32 6 21 60
32 6 22 61
32 6 23 8
32 6 24 76
32 6 25 75
32 6 26 73
32 6 27 100
32 6 28 88
32 6 29 11
32 6 30 37
32 6 31 30
32 6 32 22
32 6 33 35
32 6 34 54
32 6 35 68
32 6 36 98
32 7 0 76
32 7 1 35
32 7 2 29
32 7 3 26
32 7 4 37
32 7 5 30
32 7 6 46
32 7 7 41
32 7 8 42
32 7 9 72
32 7 10 54
32 7 11 23
32 7 12 58
32 7 13 106
32 7 14 77
32 7 15 56
32 7 16 8
32 7 17 25
32 7 18 15
32 7 19 80
32 7 20 70
32 7 21 98
32 7 22 14
32 7 23 60
32 7 24 67
32 7 25 38
32 7 26 99
32 7 27 40
32 7 28 33
32 7 29 108
32 7 30 17
32 7 31 1
32 7 32 16
32 7 33 81
32 7 34 48
32 7 35 97
32 7 36 89
32 8 0 3
32 8 1 34
32 8 2 0
32 8 3 85
32 8 4 27
32 8 5 73
32 8 6 67
32 8 7 90
32 8 8 82
32 8 9 81
32 8 10 35
32 8 11 95
32 8 12 105
32 8 13 76
32 8 14 84
32 8 15 10
32 8 16 13
32 8 17 37
32 8 18 79
32 8 19 87
32 8 20 41
32 8 21 36
32 8 22 74
32 8 23 56
32 8 24 57
32 8 25 46
32 8 26 70
32 8 27 1
32 8 28 69
32 8 29 4
32 8 30 28
32 8 31 29
32 8 32 80
32 8 33 58
32 8 34 96
32 8 35 88
32 8 36 39
32 9 0 24
32 9 1 26
32 9 2 37
32 9 3 25
32 9 4 40
32 9 5 67
32 9 6 89
32 9 7 66
32 9 8 80
32 9 9 19
32 9 10 94
32 9 11 104
32 9 12 41
32 9 13 83
32 9 14 12
32 9 15 23
32 9 16 107
32 9 17 78
32 9 18 86
32 9 19 56
32 9 20 7
32 9 21 38
32 9 22 62
32 9 23 101
32 9 24 97
32 9 25 85
32 9 26 11
32 9 27 46
32 9 28 9
32 9 29 1
32 9 30 16
32 9 31 79
32 9 32 48
32 9 33 95
32 9 34 59
32 9 35 74
32 9 36 33
32 10 0 19
32 10 1 46
32 10 2 30
32 10 3 64
32 10 4 92
32 10 5 88
32 10 6 43
32 10 7 79
32 10 8 8
32 10 9 93
32 10 10 103
32 10 11 74
32 10 12 57
32 10 13 11
32 10 14 24
32 10 15 106
32 10 16 77
32 10 17 49
32 10 18 95
32 10 19 12
32 10 20 20
32 10 21 108
32 10 22 65
32 10 23 96
32 10 24 51
32 10 25 28
32 10 26 54
32 10 27 21
32 10 28 14
32 10 29 6
32 10 30 78
32 10 31 62
32 10 32 94
32 10 33 42
32 10 34 68
32 10 35 4
32 10 36 2
32 11 0 82
32 11 1 3
32 11 2 38
32 11 3 91
32 11 4 73
32 11 5 70
32 11 6 78
32 11 7 35
32 11 8 46
32 11 9 102
32 11 10 61
32 11 11 81
32 11 12 12
32 11 13 24
32 11 14 105
32 11 15 76
32 11 16 84
32 11 17 94
32 11 18 0
32 11 19 47
32 11 20 60
32 11 21 66
32 11 22 57
32 11 23 50
32 11 24 28
32 11 25 37
32 11 26 8
32 11 27 23
32 11 28 17
32 11 29 77
32 11 30 101
32 11 31 93
32 11 32 85
32 11 33 34
32 11 34 21
32 11 35 36
32 11 36 20
32 12 0 35
32 12 1 68
32 12 2 48
32 12 3 57
32 12 4 43
32 12 5 77
32 12 6 23
32 12 7 56
32 12 8 51
32 12 9 11
32 12 10 80
32 12 11 0
32 12 12 22
32 12 13 104
32 12 14 53
32 12 15 83
32 12 16 93
32 12 17 18
32 12 18 107
32 12 19 46
32 12 20 98
32 12 21 71
32 12 22 82
32 12 23 19
32 12 24 40
32 12 25 27
32 12 26 20
32 12 27 25
32 12 28 76
32 12 29 52
32 12 30 92
32 12 31 39
32 12 32 59
32 12 33 10
32 12 34 5
32 12 35 34
32 12 36 63
32 13 0 101
32 13 1 67
32 13 2 85
32 13 3 55
32 13 4 76
32 13 5 16
32 13 6 90
32 13 7 100
32 13 8 48
32 13 9 79
32 13 10 2
32 13 11 29
32 13 12 103
32 13 13 74
32 13 14 50
32 13 15 45
32 13 16 19
32 13 17 106
32 13 18 58
32 13 19 44
32 13 20 53
32 13 21 70
32 13 22 25
32 13 23 38
32 13 24 0
32 13 25 9
32 13 26 12
32 13 27 42
32 13 28 62
32 13 29 91
32 13 30 49
32 13 31 107
32 13 32 35
32 13 33 8
32 13 34 30
32 13 35 61
32 13 36 26
32 14 0 44
32 14 1 72
32 14 2 41
32 14 3 54
32 14 4 8
32 14 5 89
32 14 6 99
32 14 7 107
32 14 8 78
32 14 9 35
32 14 10 25
32 14 11 102
32 14 12 40
32 14 13 81
32 14 14 55
32 14 15 11
32 14 16 105
32 14 17 68
32 14 18 65
32 14 19 92
32 14 20 63
32 14 21 1
32 14 22 101
32 14 23 34
32 14 24 19
32 14 25 29
32 14 26 74
32 14 27 98
32 14 28 90
32 14 29 82
32 14 30 106
32 14 31 15
32 14 32 18
32 14 33 27
32 14 34 64
32 14 35 2
32 14 36 51
32 15 0 73
32 15 1 75
32 15 2 74
32 15 3 9
32 15 4 88
32 15 5 52
32 15 6 106
32 15 7 77
32 15 8 5
32 15 9 27
32 15 10 44
32 15 11 16
32 15 12 80
32 15 13 90
32 15 14 4
32 15 15 104
32 15 16 58
32 15 17 95
32 15 18 91
32 15 19 37
32 15 20 29
32 15 21 55
32 15 22 30
32 15 23 22
32 15 24 17
32 15 25 70
32 15 26 59
32 15 27 89
32 15 28 39
32 15 29 105
32 15 30 2
32 15 31 7
32 15 32 0
32 15 33 47
32 15 34 8
32 15 35 50
32 15 36 87
32 16 0 39
32 16 1 63
32 16 2 27
32 16 3 45
32 16 4 97
32 16 5 105
32 16 6 76
32 16 7 3
32 16 8 15
32 16 9 100
32 16 10 60
32 16 11 79
32 16 12 89
32 16 13 29
32 16 14 103
32 16 15 72
32 16 16 94
32 16 17 71
32 16 18 61
32 16 19 24
32 16 20 64
32 16 21 7
32 16 22 28
32 16 23 6
32 16 24 30
32 16 25 42
32 16 26 88
32 16 27 53
32 16 28 104
32 16 29 10
32 16 30 4
32 16 31 19
32 16 32 55
32 16 33 36
32 16 34 98
32 16 35 86
32 16 36 82
32 17 0 7
32 17 1 15
32 17 2 60
32 17 3 96
32 17 4 104
32 17 5 64
32 17 6 3
32 17 7 16
32 17 8 99
32 17 9 107
32 17 10 78
32 17 11 88
32 17 12 19
32 17 13 102
32 17 14 101
32 17 15 93
32 17 16 71
32 17 17 65
32 17 18 34
32 17 19 98
32 17 20 8
32 17 21 25
32 17 22 23
32 17 23 62
32 17 24 95
32 17 25 87
32 17 26 43
32 17 27 103
32 17 28 21
32 17 29 13
32 17 30 6
32 17 31 69
32 17 32 36
32 17 33 68
32 17 34 55
32 17 35 44
32 17 36 45
32 18 0 20
32 18 1 85
32 18 2 68
32 18 3 103
32 18 4 74
32 18 5 4
32 18 6 15
32 18 7 45
32 18 8 106
32 18 9 77
32 18 10 43
32 18 11 8
32 18 12 47
32 18 13 66
32 18 14 59
32 18 15 60
32 18 16 55
32 18 17 2
32 18 18 64
32 18 19 1
32 18 20 3
32 18 21 31
32 18 22 107
32 18 23 94
32 18 24 86
32 18 25 53
32 18 26 102
32 18 27 11
32 18 28 26
32 18 29 18
32 18 30 75
32 18 31 16
32 18 32 61
32 18 33 84
32 18 34 63
32 18 35 71
32 18 36 41
32 19 0 40
32 19 1 41
32 19 2 102
32 19 3 42
32 19 4 14
32 19 5 17
32 19 6 97
32 19 7 105
32 19 8 76
32 19 9 71
32 19 10 29
32 19 11 100
32 19 12 72
32 19 13 43
32 19 14 87
32 19 15 75
32 19 16 0
32 19 17 45
32 19 18 27
32 19 19 30
32 19 20 24
32 19 21 106
32 19 22 93
32 19 23 85
32 19 24 70
32 19 25 47
32 19 26 35
32 19 27 36
32 19 28 23
32 19 29 64
32 19 30 26
32 19 31 95
32 19 32 83
32 19 33 65
32 19 34 108
32 19 35 107
32 19 36 28
32 20 0 58
32 20 1 73
32 20 2 12
32 20 3 2
32 20 4 19
32 20 5 96
32 20 6 104
32 20 7 60
32 20 8 85
32 20 9 4
32 20 10 99
32 20 11 98
32 20 12 90
32 20 13 86
32 20 14 52
32 20 15 34
32 20 16 95
32 20 17 1
32 20 18 35
32 20 19 29
32 20 20 105
32 20 21 50
32 20 22 84
32 20 23 55
32 20 24 100
32 20 25 11
32 20 26 26
32 20 27 10
32 20 28 66
32 20 29 31
32 20 30 94
32 20 31 45
32 20 32 69
32 20 33 54
32 20 34 106
32 20 35 13
32 20 36 38
32 21 0 100
32 21 1 59
32 21 2 33
32 21 3 22
32 21 4 44
32 21 5 103
32 21 6 74
32 21 7 67
32 21 8 30
32 21 9 64
32 21 10 45
32 21 11 89
32 21 12 39
32 21 13 73
32 21 14 10
32 21 15 94
32 21 16 18
32 21 17 21
32 21 18 12
32 21 19 104
32 21 20 69
32 21 21 83
32 21 22 75
32 21 23 99
32 21 24 29
32 21 25 5
32 21 26 34
32 21 27 61
32 21 28 16
32 21 29 93
32 21 30 81
32 21 31 52
32 21 32 63
32 21 33 105
32 21 34 19
32 21 35 82
32 21 36 92
32 22 0 107
32 22 1 17
32 22 2 26
32 22 3 71
32 22 4 102
32 22 5 58
32 22 6 56
32 22 7 33
32 22 8 97
32 22 9 66
32 22 10 88
32 22 11 84
32 22 12 38
32 22 13 22
32 22 14 93
32 22 15 0
32 22 16 36
32 22 17 12
32 22 18 103
32 22 19 90
32 22 20 82
32 22 21 62
32 22 22 48
32 22 23 4
32 22 24 34
32 22 25 10
32 22 26 108
32 22 27 31
32 22 28 52
32 22 29 80
32 22 30 42
32 22 31 68
32 22 32 104
32 22 33 6
32 22 34 51
32 22 35 91
32 22 36 99
32 23 0 11
32 23 1 27
32 23 2 65
32 23 3 61
32 23 4 17
32 23 5 82
32 23 6 18
32 23 7 96
32 23 8 95
32 23 9 70
32 23 10 83
32 23 11 108
32 23 12 7
32 23 13 42
32 23 14 28
32 23 15 22
32 23 16 25
32 23 17 102
32 23 18 89
32 23 19 81
32 23 20 50
32 23 21 97
32 23 22 9
32 23 23 15
32 23 24 13
32 23 25 72
32 23 26 2
32 23 27 48
32 23 28 79
32 23 29 75
32 23 30 60
32 23 31 103
32 23 32 34
32 23 33 69
32 23 34 45
32 23 35 49
32 23 36 106
32 24 0 13
32 24 1 92
32 24 2 100
32 24 3 60
32 24 4 53
32 24 5 24
32 24 6 39
32 24 7 94
32 24 8 70
32 24 9 40
32 24 10 49
32 24 11 5
32 24 12 43
32 24 13 17
32 24 14 36
32 24 15 18
32 24 16 67
32 24 17 88
32 24 18 80
32 24 19 55
32 24 20 96
32 24 21 26
32 24 22 7
32 24 23 16
32 24 24 38
32 24 25 20
32 24 26 90
32 24 27 78
32 24 28 59
32 24 29 72
32 24 30 102
32 24 31 9
32 24 32 56
32 24 33 71
32 24 34 97
32 24 35 105
32 24 36 4
32 25 0 91
32 25 1 99
32 25 2 107
32 25 3 62
32 25 4 22
32 25 5 63
32 25 6 93
32 25 7 85
32 25 8 81
32 25 9 69
32 25 10 19
32 25 11 90
32 25 12 11
32 25 13 4
32 25 14 30
32 25 15 100
32 25 16 53
32 25 17 79
32 25 18 108
32 25 19 51
32 25 20 35
32 25 21 28
32 25 22 0
32 25 23 44
32 25 24 27
32 25 25 89
32 25 26 77
32 25 27 64
32 25 28 42
32 25 29 54
32 25 30 8
32 25 31 58
32 25 32 66
32 25 33 96
32 25 34 104
32 25 35 6
32 25 36 29
32 26 0 52
32 26 1 106
32 26 2 46
32 26 3 30
32 26 4 57
32 26 5 60
32 26 6 47
32 26 7 80
32 26 8 50
32 26 9 9
32 26 10 89
32 26 11 11
32 26 12 23
32 26 13 35
32 26 14 99
32 26 15 68
32 26 16 78
32 26 17 61
32 26 18 37
32 26 19 4
32 26 20 21
32 26 21 27
32 26 22 59
32 26 23 3
32 26 24 88
32 26 25 76
32 26 26 65
32 26 27 101
32 26 28 100
32 26 29 20
32 26 30 38
32 26 31 87
32 26 32 44
32 26 33 103
32 26 34 26
32 26 35 24
32 26 36 43
32 27 0 105
32 27 1 70
32 27 2 8
32 27 3 92
32 27 4 59
32 27 5 61
32 27 6 79
32 27 7 44
32 27 8 25
32 27 9 88
32 27 10 28
32 27 11 9
32 27 12 24
32 27 13 49
32 27 14 85
32 27 15 77
32 27 16 39
32 27 17 48
32 27 18 14
32 27 19 36
32 27 20 2
32 27 21 47
32 27 22 17
32 27 23 51
32 27 24 73
32 27 25 108
32 27 26 58
32 27 27 99
32 27 28 12
32 27 29 46
32 27 30 86
32 27 31 63
32 27 32 102
32 27 33 13
32 27 34 20
32 27 35 52
32 27 36 97
32 28 0 71
32 28 1 19
32 28 2 91
32 28 3 90
32 28 4 82
32 28 5 78
32 28 6 61
32 28 7 15
32 28 8 41
32 28 9 25
32 28 10 14
32 28 11 35
32 28 12 97
32 28 13 70
32 28 14 76
32 28 15 43
32 28 16 92
32 28 17 16
32 28 18 8
32 28 19 33
32 28 20 37
32 28 21 2
32 28 22 42
32 28 23 74
32 28 24 65
32 28 25 63
32 28 26 46
32 28 27 20
32 28 28 75
32 28 29 47
32 28 30 72
32 28 31 54
32 28 32 13
32 28 33 21
32 28 34 44
32 28 35 96
32 28 36 104
32 29 0 36
32 29 1 53
32 29 2 89
32 29 3 58
32 29 4 77
32 29 5 51
32 29 6 20
32 29 7 63
32 29 8 27
32 29 9 28
32 29 10 0
32 29 11 96
32 29 12 65
32 29 13 75
32 29 14 62
32 29 15 91
32 29 16 14
32 29 17 10
32 29 18 33
32 29 19 101
32 29 20 25
32 29 21 85
32 29 22 46
32 29 23 57
32 29 24 98
32 29 25 97
32 29 26 5
32 29 27 56
32 29 28 84
32 29 29 92
32 29 30 100
32 29 31 13
32 29 32 23
32 29 33 87
32 29 34 52
32 29 35 103
32 29 36 40
32 30 0 66
32 30 1 88
32 30 2 61
32 30 3 76
32 30 4 101
32 30 5 33
32 30 6 85
32 30 7 1
32 30 8 35
32 30 9 36
32 30 10 68
32 30 11 82
32 30 12 74
32 30 13 71
32 30 14 48
32 30 15 27
32 30 16 15
32 30 17 20
32 30 18 54
32 30 19 16
32 30 20 46
32 30 21 4
32 30 22 37
32 30 23 69
32 30 24 96
32 30 25 31
32 30 26 62
32 30 27 83
32 30 28 91
32 30 29 99
32 30 30 13
32 30 31 10
32 30 32 86
32 30 33 50
32 30 34 102
32 30 35 75
32 30 36 14
32 31 0 38
32 31 1 61
32 31 2 54
32 31 3 70
32 31 4 10
32 31 5 42
32 31 6 21
32 31 7 30
32 31 8 6
32 31 9 41
32 31 10 46
32 31 11 69
32 31 12 55
32 31 13 60
32 31 14 31
32 31 15 7
32 31 16 22
32 31 17 59
32 31 18 25
32 31 19 68
32 31 20 47
32 31 21 40
32 31 22 63
32 31 23 52
32 31 24 24
32 31 25 58
32 31 26 57
32 31 27 71
32 31 28 48
32 31 29 14
32 31 30 15
32 31 31 53
32 31 32 67
32 31 33 44
32 31 34 43
32 31 35 12
32 31 36 49
32 32 0 64
32 32 1 74
32 32 2 55
32 32 3 24
32 32 4 47
32 32 5 21
32 32 6 1
32 32 7 18
32 32 8 53
32 32 9 67
32 32 10 32
32 32 11 101
32 32 12 70
32 32 13 9
32 32 14 26
32 32 15 6
32 32 16 98
32 32 17 3
32 32 18 82
32 32 19 107
32 32 20 40
32 32 21 95
32 32 22 72
32 32 23 31
32 32 24 108
32 32 25 81
32 32 26 51
32 32 27 97
32 32 28 5
32 32 29 22
32 32 30 84
32 32 31 92
32 32 32 100
32 32 33 39
32 32 34 33
32 32 35 87
32 32 36 69
32 33 0 55
32 33 1 98
32 33 2 2
32 33 3 82
32 33 4 5
32 33 5 20
32 33 6 33
32 33 7 92
32 33 8 39
32 33 9 108
32 33 10 73
32 33 11 87
32 33 12 21
32 33 13 34
32 33 14 6
32 33 15 38
32 33 16 17
32 33 17 50
32 33 18 106
32 33 19 43
32 33 20 94
32 33 21 48
32 33 22 15
32 33 23 61
32 33 24 80
32 33 25 49
32 33 26 96
32 33 27 12
32 33 28 13
32 33 29 83
32 33 30 91
32 33 31 99
32 33 32 45
32 33 33 3
32 33 34 86
32 33 35 85
32 33 36 44
32 34 0 59
32 34 1 11
32 34 2 64
32 34 3 7
32 34 4 12
32 34 5 0
32 34 6 91
32 34 7 58
32 34 8 107
32 34 9 68
32 34 10 86
32 34 11 28
32 34 12 29
32 34 13 26
32 34 14 60
32 34 15 31
32 34 16 40
32 34 17 105
32 34 18 101
32 34 19 93
32 34 20 92
32 34 21 13
32 34 22 67
32 34 23 79
32 34 24 87
32 34 25 57
32 34 26 17
32 34 27 14
32 34 28 47
32 34 29 66
32 34 30 54
32 34 31 108
32 34 32 33
32 34 33 55
32 34 34 38
32 34 35 73
32 34 36 23
32 35 0 2
32 35 1 54
32 35 2 31
32 35 3 17
32 35 4 13
32 35 5 53
32 35 6 62
32 35 7 106
32 35 8 98
32 35 9 52
32 35 10 27
32 35 11 36
32 35 12 0
32 35 13 95
32 35 14 7
32 35 15 57
32 35 16 104
32 35 17 40
32 35 18 42
32 35 19 91
32 35 20 28
32 35 21 68
32 35 22 78
32 35 23 86
32 35 24 49
32 35 25 4
32 35 26 14
32 35 27 81
32 35 28 38
32 35 29 97
32 35 30 55
32 35 31 22
32 35 32 84
32 35 33 43
32 35 34 75
32 35 35 65
32 35 36 50
32 36 0 42
32 36 1 31
32 36 2 19
32 36 3 11
32 36 4 64
32 36 5 40
32 36 6 105
32 36 7 70
32 36 8 84
32 36 9 29
32 36 10 13
32 36 11 2
32 36 12 94
32 36 13 12
32 36 14 51
32 36 15 103
32 36 16 54
32 36 17 41
32 36 18 44
32 36 19 8
32 36 20 55
32 36 21 77
32 36 22 49
32 36 23 58
32 36 24 6
32 36 25 14
32 36 26 80
32 36 27 57
32 36 28 96
32 36 29 63
32 36 30 7
32 36 31 83
32 36 32 82
32 36 33 73
32 36 34 107
32 36 35 95
32 36 36 25
33 0 0 20
33 0 1 12
33 0 2 65
33 0 3 41
33 0 4 105
33 0 5 71
33 0 6 84
33 0 7 30
33 0 8 14
33 0 9 3
33 0 10 94
33 0 11 13
33 0 12 52
33 0 13 103
33 0 14 55
33 0 15 42
33 0 16 45
33 0 17 9
33 0 18 56
33 0 19 77
33 0 20 50
33 0 21 59
33 0 22 7
33 0 23 15
33 0 24 80
33 0 25 58
33 0 26 96
33 0 27 64
33 0 28 8
33 0 29 83
33 0 30 82
33 0 31 37
33 0 32 107
33 0 33 95
33 0 34 26
33 0 35 43
33 0 36 32
33 1 0 14
33 1 1 51
33 1 2 75
33 1 3 104
33 1 4 49
33 1 5 83
33 1 6 4
33 1 7 19
33 1 8 0
33 1 9 93
33 1 10 3
33 1 11 70
33 1 12 102
33 1 13 98
33 1 14 90
33 1 15 39
33 1 16 20
33 1 17 40
33 1 18 76
33 1 19 84
33 1 20 92
33 1 21 8
33 1 22 15
33 1 23 79
33 1 24 87
33 1 25 73
33 1 26 44
33 1 27 16
33 1 28 48
33 1 29 60
33 1 30 38
33 1 31 106
33 1 32 94
33 1 33 11
33 1 34 58
33 1 35 26
33 1 36 29
33 2 0 87
33 2 1 47
33 2 2 103
33 2 3 95
33 2 4 72
33 2 5 30
33 2 6 5
33 2 7 17
33 2 8 59
33 2 9 19
33 2 10 53
33 2 11 62
33 2 12 69
33 2 13 89
33 2 14 63
33 2 15 35
33 2 16 49
33 2 17 42
33 2 18 83
33 2 19 91
33 2 20 4
33 2 21 2
33 2 22 78
33 2 23 86
33 2 24 68
33 2 25 46
33 2 26 8
33 2 27 81
33 2 28 67
33 2 29 43
33 2 30 105
33 2 31 93
33 2 32 25
33 2 33 64
33 2 34 1
33 2 35 7
33 2 36 24
33 3 0 52
33 3 1 102
33 3 2 94
33 3 3 81
33 3 4 35
33 3 5 24
33 3 6 17
33 3 7 60
33 3 8 9
33 3 9 75
33 3 10 100
33 3 11 69
33 3 12 88
33 3 13 87
33 3 14 6
33 3 15 101
33 3 16 74
33 3 17 41
33 3 18 37
33 3 19 36
33 3 20 22
33 3 21 77
33 3 22 53
33 3 23 57
33 3 24 70
33 3 25 20
33 3 26 80
33 3 27 42
33 3 28 108
33 3 29 104
33 3 30 54
33 3 31 1
33 3 32 67
33 3 33 28
33 3 34 0
33 3 35 30
33 3 36 86
33 4 0 101
33 4 1 93
33 4 2 80
33 4 3 10
33 4 4 29
33 4 5 11
33 4 6 90
33 4 7 23
33 4 8 64
33 4 9 99
33 4 10 95
33 4 11 73
33 4 12 86
33 4 13 4
33 4 14 46
33 4 15 44
33 4 16 81
33 4 17 68
33 4 18 15
33 4 19 24
33 4 20 76
33 4 21 84
33 4 22 92
33 4 23 51
33 4 24 19
33 4 25 79
33 4 26 71
33 4 27 60
33 4 28 103
33 4 29 50
33 4 30 8
33 4 31 75
33 4 32 12
33 4 33 21
33 4 34 2
33 4 35 54
33 4 36 40
33 5 0 70
33 5 1 79
33 5 2 3
33 5 3 6
33 5 4 0
33 5 5 89
33 5 6 21
33 5 7 66
33 5 8 63
33 5 9 94
33 5 10 57
33 5 11 38
33 5 12 10
33 5 13 72
33 5 14 11
33 5 15 80
33 5 16 58
33 5 17 1
33 5 18 17
33 5 19 43
33 5 20 83
33 5 21 91
33 5 22 101
33 5 23 31
33 5 24 78
33 5 25 39
33 5 26 50
33 5 27 102
33 5 28 90
33 5 29 26
33 5 30 41
33 5 31 15
33 5 32 13
33 5 33 19
33 5 34 84
33 5 35 108
33 5 36 100
33 6 0 78
33 6 1 16
33 6 2 29
33 6 3 28
33 6 4 88
33 6 5 6
33 6 6 50
33 6 7 97
33 6 8 93
33 6 9 85
33 6 10 84
33 6 11 32
33 6 12 98
33 6 13 42
33 6 14 79
33 6 15 87
33 6 16 2
33 6 17 11
33 6 18 74
33 6 19 66
33 6 20 44
33 6 21 64
33 6 22 22
33 6 23 77
33 6 24 48
33 6 25 70
33 6 26 57
33 6 27 89
33 6 28 34
33 6 29 73
33 6 30 18
33 6 31 31
33 6 32 24
33 6 33 83
33 6 34 47
33 6 35 99
33 6 36 52
33 7 0 16
33 7 1 7
33 7 2 10
33 7 3 57
33 7 4 18
33 7 5 108
33 7 6 96
33 7 7 59
33 7 8 67
33 7 9 83
33 7 10 35
33 7 11 68
33 7 12 107
33 7 13 78
33 7 14 86
33 7 15 6
33 7 16 32
33 7 17 60
33 7 18 81
33 7 19 61
33 7 20 62
33 7 21 9
33 7 22 76
33 7 23 75
33 7 24 37
33 7 25 100
33 7 26 88
33 7 27 12
33 7 28 38
33 7 29 31
33 7 30 23
33 7 31 36
33 7 32 55
33 7 33 69
33 7 34 98
33 7 35 90
33 7 36 77
33 8 0 30
33 8 1 27
33 8 2 38
33 8 3 31
33 8 4 47
33 8 5 42
33 8 6 43
33 8 7 73
33 8 8 55
33 8 9 24
33 8 10 59
33 8 11 106
33 8 12 77
33 8 13 57
33 8 14 9
33 8 15 26
33 8 16 16
33 8 17 80
33 8 18 71
33 8 19 98
33 8 20 15
33 8 21 61
33 8 22 68
33 8 23 39
33 8 24 99
33 8 25 41
33 8 26 34
33 8 27 108
33 8 28 18
33 8 29 2
33 8 30 17
33 8 31 81
33 8 32 49
33 8 33 97
33 8 34 89
33 8 35 76
33 8 36 36
33 9 0 1
33 9 1 85
33 9 2 28
33 9 3 37
33 9 4 68
33 9 5 90
33 9 6 82
33 9 7 81
33 9 8 36
33 9 9 95
33 9 10 105
33 9 11 76
33 9 12 84
33 9 13 11
33 9 14 14
33 9 15 38
33 9 16 79
33 9 17 87
33 9 18 42
33 9 19 0
33 9 20 74
33 9 21 57
33 9 22 58
33 9 23 47
33 9 24 71
33 9 25 2
33 9 26 70
33 9 27 5
33 9 28 29
33 9 29 30
33 9 30 80
33 9 31 59
33 9 32 96
33 9 33 88
33 9 34 40
33 9 35 4
33 9 36 35
33 10 0 38
33 10 1 26
33 10 2 41
33 10 3 68
33 10 4 89
33 10 5 67
33 10 6 80
33 10 7 20
33 10 8 94
33 10 9 104
33 10 10 42
33 10 11 83
33 10 12 13
33 10 13 24
33 10 14 107
33 10 15 78
33 10 16 86
33 10 17 57
33 10 18 8
33 10 19 39
33 10 20 63
33 10 21 101
33 10 22 97
33 10 23 85
33 10 24 12
33 10 25 47
33 10 26 10
33 10 27 2
33 10 28 17
33 10 29 79
33 10 30 49
33 10 31 95
33 10 32 60
33 10 33 74
33 10 34 34
33 10 35 25
33 10 36 27
33 11 0 31
33 11 1 65
33 11 2 92
33 11 3 88
33 11 4 44
33 11 5 79
33 11 6 9
33 11 7 93
33 11 8 103
33 11 9 74
33 11 10 58
33 11 11 12
33 11 12 25
33 11 13 106
33 11 14 77
33 11 15 50
33 11 16 95
33 11 17 13
33 11 18 21
33 11 19 108
33 11 20 66
33 11 21 96
33 11 22 52
33 11 23 29
33 11 24 55
33 11 25 22
33 11 26 15
33 11 27 7
33 11 28 78
33 11 29 63
33 11 30 94
33 11 31 43
33 11 32 69
33 11 33 5
33 11 34 3
33 11 35 20
33 11 36 47
33 12 0 39
33 12 1 91
33 12 2 37
33 12 3 71
33 12 4 78
33 12 5 36
33 12 6 47
33 12 7 102
33 12 8 62
33 12 9 81
33 12 10 13
33 12 11 25
33 12 12 105
33 12 13 76
33 12 14 84
33 12 15 94
33 12 16 1
33 12 17 48
33 12 18 61
33 12 19 67
33 12 20 58
33 12 21 51
33 12 22 29
33 12 23 38
33 12 24 9
33 12 25 24
33 12 26 18
33 12 27 77
33 12 28 101
33 12 29 93
33 12 30 85
33 12 31 35
33 12 32 22
33 12 33 0
33 12 34 21
33 12 35 82
33 12 36 4
33 13 0 49
33 13 1 58
33 13 2 44
33 13 3 77
33 13 4 24
33 13 5 57
33 13 6 52
33 13 7 12
33 13 8 80
33 13 9 1
33 13 10 23
33 13 11 104
33 13 12 54
33 13 13 83
33 13 14 93
33 13 15 19
33 13 16 107
33 13 17 47
33 13 18 98
33 13 19 72
33 13 20 82
33 13 21 20
33 13 22 41
33 13 23 28
33 13 24 21
33 13 25 26
33 13 26 76
33 13 27 53
33 13 28 92
33 13 29 40
33 13 30 60
33 13 31 11
33 13 32 6
33 13 33 35
33 13 34 64
33 13 35 36
33 13 36 69
33 14 0 85
33 14 1 56
33 14 2 76
33 14 3 17
33 14 4 90
33 14 5 100
33 14 6 49
33 14 7 79
33 14 8 3
33 14 9 30
33 14 10 103
33 14 11 74
33 14 12 51
33 14 13 46
33 14 14 20
33 14 15 106
33 14 16 59
33 14 17 45
33 14 18 54
33 14 19 71
33 14 20 26
33 14 21 39
33 14 22 1
33 14 23 10
33 14 24 13
33 14 25 43
33 14 26 63
33 14 27 91
33 14 28 50
33 14 29 107
33 14 30 36
33 14 31 9
33 14 32 31
33 14 33 62
33 14 34 27
33 14 35 101
33 14 36 68
33 15 0 42
33 15 1 55
33 15 2 9
33 15 3 89
33 15 4 99
33 15 5 107
33 15 6 78
33 15 7 36
33 15 8 26
33 15 9 102
33 15 10 41
33 15 11 81
33 15 12 56
33 15 13 12
33 15 14 105
33 15 15 69
33 15 16 66
33 15 17 92
33 15 18 64
33 15 19 2
33 15 20 101
33 15 21 35
33 15 22 20
33 15 23 30
33 15 24 74
33 15 25 98
33 15 26 90
33 15 27 82
33 15 28 106
33 15 29 16
33 15 30 19
33 15 31 28
33 15 32 65
33 15 33 3
33 15 34 52
33 15 35 45
33 15 36 73
33 16 0 74
33 16 1 10
33 16 2 88
33 16 3 53
33 16 4 106
33 16 5 77
33 16 6 6
33 16 7 28
33 16 8 45
33 16 9 17
33 16 10 80
33 16 11 90
33 16 12 5
33 16 13 104
33 16 14 59
33 16 15 95
33 16 16 91
33 16 17 38
33 16 18 30
33 16 19 56
33 16 20 31
33 16 21 23
33 16 22 18
33 16 23 71
33 16 24 60
33 16 25 89
33 16 26 40
33 16 27 105
33 16 28 3
33 16 29 8
33 16 30 1
33 16 31 48
33 16 32 9
33 16 33 51
33 16 34 87
33 16 35 37
33 16 36 75
33 17 0 28
33 17 1 46
33 17 2 97
33 17 3 105
33 17 4 76
33 17 5 4
33 17 6 16
33 17 7 100
33 17 8 61
33 17 9 79
33 17 10 89
33 17 11 30
33 17 12 103
33 17 13 73
33 17 14 94
33 17 15 72
33 17 16 62
33 17 17 25
33 17 18 65
33 17 19 8
33 17 20 29
33 17 21 7
33 17 22 31
33 17 23 43
33 17 24 88
33 17 25 54
33 17 26 104
33 17 27 11
33 17 28 5
33 17 29 20
33 17 30 56
33 17 31 0
33 17 32 98
33 17 33 86
33 17 34 82
33 17 35 40
33 17 36 64
33 18 0 61
33 18 1 96
33 18 2 104
33 18 3 65
33 18 4 4
33 18 5 17
33 18 6 99
33 18 7 107
33 18 8 78
33 18 9 88
33 18 10 20
33 18 11 102
33 18 12 101
33 18 13 93
33 18 14 72
33 18 15 66
33 18 16 35
33 18 17 98
33 18 18 9
33 18 19 26
33 18 20 24
33 18 21 63
33 18 22 95
33 18 23 87
33 18 24 44
33 18 25 103
33 18 26 22
33 18 27 14
33 18 28 7
33 18 29 70
33 18 30 0
33 18 31 69
33 18 32 56
33 18 33 45
33 18 34 46
33 18 35 8
33 18 36 16
33 19 0 69
33 19 1 103
33 19 2 74
33 19 3 5
33 19 4 16
33 19 5 46
33 19 6 106
33 19 7 77
33 19 8 44
33 19 9 9
33 19 10 48
33 19 11 67
33 19 12 60
33 19 13 61
33 19 14 56
33 19 15 3
33 19 16 65
33 19 17 2
33 19 18 4
33 19 19 32
33 19 20 107
33 19 21 94
33 19 22 86
33 19 23 54
33 19 24 102
33 19 25 12
33 19 26 27
33 19 27 19
33 19 28 75
33 19 29 17
33 19 30 62
33 19 31 84
33 19 32 64
33 19 33 72
33 19 34 42
33 19 35 21
33 19 36 85
33 20 0 102
33 20 1 43
33 20 2 15
33 20 3 18
33 20 4 97
33 20 5 105
33 20 6 76
33 20 7 72
33 20 8 30
33 20 9 100
33 20 10 73
33 20 11 44
33 20 12 87
33 20 13 75
33 20 14 1
33 20 15 46
33 20 16 28
33 20 17 31
33 20 18 25
33 20 19 106
33 20 20 93
33 20 21 85
33 20 22 71
33 20 23 48
33 20 24 36
33 20 25 0
33 20 26 24
33 20 27 65
33 20 28 27
33 20 29 95
33 20 30 83
33 20 31 66
33 20 32 108
33 20 33 107
33 20 34 29
33 20 35 41
33 20 36 42
33 21 0 13
33 21 1 3
33 21 2 20
33 21 3 96
33 21 4 104
33 21 5 61
33 21 6 85
33 21 7 5
33 21 8 99
33 21 9 98
33 21 10 90
33 21 11 86
33 21 12 53
33 21 13 35
33 21 14 95
33 21 15 2
33 21 16 36
33 21 17 30
33 21 18 105
33 21 19 51
33 21 20 84
33 21 21 56
33 21 22 100
33 21 23 12
33 21 24 27
33 21 25 11
33 21 26 67
33 21 27 32
33 21 28 94
33 21 29 46
33 21 30 70
33 21 31 55
33 21 32 106
33 21 33 14
33 21 34 39
33 21 35 59
33 21 36 37
33 22 0 34
33 22 1 23
33 22 2 45
33 22 3 103
33 22 4 74
33 22 5 68
33 22 6 31
33 22 7 65
33 22 8 46
33 22 9 89
33 22 10 40
33 22 11 37
33 22 12 11
33 22 13 94
33 22 14 19
33 22 15 22
33 22 16 13
33 22 17 104
33 22 18 70
33 22 19 83
33 22 20 75
33 22 21 99
33 22 22 30
33 22 23 6
33 22 24 35
33 22 25 62
33 22 26 17
33 22 27 93
33 22 28 81
33 22 29 53
33 22 30 64
33 22 31 105
33 22 32 20
33 22 33 82
33 22 34 92
33 22 35 100
33 22 36 60
33 23 0 27
33 23 1 72
33 23 2 102
33 23 3 59
33 23 4 57
33 23 5 34
33 23 6 97
33 23 7 67
33 23 8 88
33 23 9 84
33 23 10 39
33 23 11 23
33 23 12 93
33 23 13 1
33 23 14 0
33 23 15 13
33 23 16 103
33 23 17 90
33 23 18 82
33 23 19 63
33 23 20 49
33 23 21 5
33 23 22 35
33 23 23 11
33 23 24 108
33 23 25 32
33 23 26 53
33 23 27 80
33 23 28 43
33 23 29 69
33 23 30 104
33 23 31 7
33 23 32 52
33 23 33 91
33 23 34 99
33 23 35 107
33 23 36 18
33 24 0 66
33 24 1 62
33 24 2 18
33 24 3 82
33 24 4 19
33 24 5 96
33 24 6 95
33 24 7 71
33 24 8 83
33 24 9 108
33 24 10 8
33 24 11 43
33 24 12 29
33 24 13 23
33 24 14 26
33 24 15 102
33 24 16 89
33 24 17 81
33 24 18 51
33 24 19 97
33 24 20 10
33 24 21 16
33 24 22 14
33 24 23 73
33 24 24 3
33 24 25 49
33 24 26 79
33 24 27 75
33 24 28 61
33 24 29 103
33 24 30 35
33 24 31 70
33 24 32 46
33 24 33 50
33 24 34 106
33 24 35 12
33 24 36 28
33 25 0 100
33 25 1 61
33 25 2 54
33 25 3 25
33 25 4 40
33 25 5 94
33 25 6 71
33 25 7 41
33 25 8 50
33 25 9 6
33 25 10 44
33 25 11 18
33 25 12 0
33 25 13 19
33 25 14 68
33 25 15 88
33 25 16 80
33 25 17 56
33 25 18 96
33 25 19 27
33 25 20 8
33 25 21 17
33 25 22 39
33 25 23 21
33 25 24 90
33 25 25 78
33 25 26 60
33 25 27 73
33 25 28 102
33 25 29 10
33 25 30 57
33 25 31 72
33 25 32 97
33 25 33 105
33 25 34 5
33 25 35 14
33 25 36 92
33 26 0 107
33 26 1 63
33 26 2 23
33 26 3 64
33 26 4 93
33 26 5 85
33 26 6 81
33 26 7 70
33 26 8 20
33 26 9 90
33 26 10 12
33 26 11 5
33 26 12 31
33 26 13 100
33 26 14 54
33 26 15 79
33 26 16 108
33 26 17 52
33 26 18 36
33 26 19 29
33 26 20 1
33 26 21 45
33 26 22 28
33 26 23 89
33 26 24 77
33 26 25 65
33 26 26 43
33 26 27 55
33 26 28 9
33 26 29 59
33 26 30 67
33 26 31 96
33 26 32 104
33 26 33 7
33 26 34 30
33 26 35 91
33 26 36 99
33 27 0 47
33 27 1 31
33 27 2 58
33 27 3 61
33 27 4 48
33 27 5 80
33 27 6 51
33 27 7 10
33 27 8 89
33 27 9 12
33 27 10 24
33 27 11 36
33 27 12 99
33 27 13 69
33 27 14 78
33 27 15 62
33 27 16 38
33 27 17 5
33 27 18 22
33 27 19 28
33 27 20 60
33 27 21 4
33 27 22 88
33 27 23 76
33 27 24 66
33 27 25 101
33 27 26 100
33 27 27 21
33 27 28 39
33 27 29 87
33 27 30 45
33 27 31 103
33 27 32 27
33 27 33 25
33 27 34 44
33 27 35 53
33 27 36 106
33 28 0 9
33 28 1 92
33 28 2 60
33 28 3 62
33 28 4 79
33 28 5 45
33 28 6 26
33 28 7 88
33 28 8 29
33 28 9 10
33 28 10 25
33 28 11 50
33 28 12 85
33 28 13 77
33 28 14 40
33 28 15 49
33 28 16 15
33 28 17 0
33 28 18 3
33 28 19 48
33 28 20 18
33 28 21 52
33 28 22 37
33 28 23 108
33 28 24 59
33 28 25 99
33 28 26 13
33 28 27 47
33 28 28 86
33 28 29 64
33 28 30 102
33 28 31 14
33 28 32 21
33 28 33 53
33 28 34 97
33 28 35 105
33 28 36 71
33 29 0 91
33 29 1 90
33 29 2 82
33 29 3 78
33 29 4 62
33 29 5 16
33 29 6 42
33 29 7 26
33 29 8 15
33 29 9 36
33 29 10 97
33 29 11 71
33 29 12 76
33 29 13 44
33 29 14 92
33 29 15 17
33 29 16 9
33 29 17 34
33 29 18 38
33 29 19 3
33 29 20 43
33 29 21 74
33 29 22 66
33 29 23 64
33 29 24 47
33 29 25 21
33 29 26 75
33 29 27 48
33 29 28 73
33 29 29 55
33 29 30 14
33 29 31 22
33 29 32 45
33 29 33 96
33 29 34 104
33 29 35 72
33 29 36 20
33 30 0 89
33 30 1 59
33 30 2 77
33 30 3 52
33 30 4 21
33 30 5 64
33 30 6 28
33 30 7 29
33 30 8 1
33 30 9 96
33 30 10 66
33 30 11 75
33 30 12 63
33 30 13 91
33 30 14 15
33 30 15 11
33 30 16 34
33 30 17 101
33 30 18 26
33 30 19 85
33 30 20 47
33 30 21 58
33 30 22 98
33 30 23 97
33 30 24 6
33 30 25 57
33 30 26 84
33 30 27 92
33 30 28 100
33 30 29 14
33 30 30 24
33 30 31 87
33 30 32 53
33 30 33 103
33 30 34 41
33 30 35 0
33 30 36 54
33 31 0 62
33 31 1 76
33 31 2 101
33 31 3 34
33 31 4 85
33 31 5 2
33 31 6 36
33 31 7 0
33 31 8 69
33 31 9 82
33 31 10 74
33 31 11 72
33 31 12 49
33 31 13 28
33 31 14 16
33 31 15 21
33 31 16 55
33 31 17 17
33 31 18 47
33 31 19 5
33 31 20 38
33 31 21 70
33 31 22 96
33 31 23 32
33 31 24 63
33 31 25 83
33 31 26 91
33 31 27 99
33 31 28 14
33 31 29 11
33 31 30 86
33 31 31 51
33 31 32 102
33 31 33 75
33 31 34 15
33 31 35 67
33 31 36 88
33 32 0 55
33 32 1 71
33 32 2 11
33 32 3 43
33 32 4 22
33 32 5 31
33 32 6 7
33 32 7 42
33 32 8 47
33 32 9 70
33 32 10 56
33 32 11 61
33 32 12 32
33 32 13 8
33 32 14 23
33 32 15 60
33 32 16 26
33 32 17 69
33 32 18 48
33 32 19 41
33 32 20 64
33 32 21 53
33 32 22 25
33 32 23 59
33 32 24 58
33 32 25 72
33 32 26 49
33 32 27 15
33 32 28 16
33 32 29 54
33 32 30 68
33 32 31 45
33 32 32 44
33 32 33 13
33 32 34 50
33 32 35 39
33 32 36 62
33 33 0 56
33 33 1 25
33 33 2 48
33 33 3 22
33 33 4 2
33 33 5 19
33 33 6 54
33 33 7 68
33 33 8 33
33 33 9 101
33 33 10 71
33 33 11 10
33 33 12 27
33 33 13 7
33 33 14 98
33 33 15 4
33 33 16 82
33 33 17 107
33 33 18 41
33 33 19 95
33 33 20 73
33 33 21 32
33 33 22 108
33 33 23 81
33 33 24 52
33 33 25 97
33 33 26 6
33 33 27 23
33 33 28 84
33 33 29 92
33 33 30 100
33 33 31 40
33 33 32 34
33 33 33 87
33 33 34 70
33 33 35 65
33 33 36 74
33 34 0 3
33 34 1 82
33 34 2 6
33 34 3 21
33 34 4 34
33 34 5 92
33 34 6 40
33 34 7 108
33 34 8 37
33 34 9 87
33 34 10 22
33 34 11 35
33 34 12 7
33 34 13 39
33 34 14 18
33 34 15 51
33 34 16 106
33 34 17 44
33 34 18 94
33 34 19 49
33 34 20 16
33 34 21 62
33 34 22 80
33 34 23 50
33 34 24 96
33 34 25 13
33 34 26 14
33 34 27 83
33 34 28 91
33 34 29 99
33 34 30 46
33 34 31 4
33 34 32 86
33 34 33 85
33 34 34 45
33 34 35 56
33 34 36 98
33 35 0 65
33 35 1 8
33 35 2 13
33 35 3 1
33 35 4 91
33 35 5 59
33 35 6 107
33 35 7 69
33 35 8 86
33 35 9 29
33 35 10 30
33 35 11 27
33 35 12 61
33 35 13 32
33 35 14 41
33 35 15 105
33 35 16 101
33 35 17 93
33 35 18 92
33 35 19 14
33 35 20 68
33 35 21 79
33 35 22 87
33 35 23 58
33 35 24 18
33 35 25 15
33 35 26 48
33 35 27 67
33 35 28 55
33 35 29 108
33 35 30 34
33 35 31 56
33 35 32 39
33 35 33 37
33 35 34 24
33 35 35 60
33 35 36 12
33 36 0 32
33 36 1 18
33 36 2 14
33 36 3 54
33 36 4 63
33 36 5 106
33 36 6 98
33 36 7 53
33 36 8 28
33 36 9 0
33 36 10 1
33 36 11 95
33 36 12 8
33 36 13 58
33 36 14 104
33 36 15 41
33 36 16 43
33 36 17 91
33 36 18 29
33 36 19 69
33 36 20 78
33 36 21 86
33 36 22 50
33 36 23 5
33 36 24 15
33 36 25 81
33 36 26 39
33 36 27 97
33 36 28 56
33 36 29 23
33 36 30 84
33 36 31 44
33 36 32 75
33 36 33 66
33 36 34 51
33 36 35 3
33 36 36 55
34 0 0 15
34 0 1 55
34 0 2 64
34 0 3 106
34 0 4 98
34 0 5 54
34 0 6 29
34 0 7 1
34 0 8 2
34 0 9 95
34 0 10 9
34 0 11 59
34 0 12 104
34 0 13 42
34 0 14 44
34 0 15 91
34 0 16 30
34 0 17 70
34 0 18 78
34 0 19 86
34 0 20 51
34 0 21 6
34 0 22 16
34 0 23 81
34 0 24 40
34 0 25 97
34 0 26 57
34 0 27 24
34 0 28 84
34 0 29 45
34 0 30 75
34 0 31 67
34 0 32 52
34 0 33 4
34 0 34 56
34 0 35 33
34 0 36 19
34 1 0 66
34 1 1 42
34 1 2 105
34 1 3 72
34 1 4 84
34 1 5 31
34 1 6 15
34 1 7 4
34 1 8 94
34 1 9 14
34 1 10 53
34 1 11 103
34 1 12 56
34 1 13 43
34 1 14 46
34 1 15 10
34 1 16 57
34 1 17 77
34 1 18 51
34 1 19 60
34 1 20 8
34 1 21 16
34 1 22 80
34 1 23 59
34 1 24 96
34 1 25 65
34 1 26 9
34 1 27 83
34 1 28 82
34 1 29 38
34 1 30 107
34 1 31 95
34 1 32 27
34 1 33 44
34 1 34 33
34 1 35 21
34 1 36 13
34 2 0 75
34 2 1 104
34 2 2 50
34 2 3 83
34 2 4 5
34 2 5 20
34 2 6 1
34 2 7 93
34 2 8 4
34 2 9 71
34 2 10 102
34 2 11 98
34 2 12 90
34 2 13 40
34 2 14 21
34 2 15 41
34 2 16 76
34 2 17 84
34 2 18 92
34 2 19 9
34 2 20 16
34 2 21 79
34 2 22 87
34 2 23 37
34 2 24 45
34 2 25 17
34 2 26 49
34 2 27 61
34 2 28 39
34 2 29 106
34 2 30 94
34 2 31 12
34 2 32 59
34 2 33 27
34 2 34 30
34 2 35 15
34 2 36 52
34 3 0 103
34 3 1 95
34 3 2 73
34 3 3 31
34 3 4 6
34 3 5 18
34 3 6 60
34 3 7 20
34 3 8 54
34 3 9 63
34 3 10 70
34 3 11 89
34 3 12 64
34 3 13 36
34 3 14 50
34 3 15 43
34 3 16 83
34 3 17 91
34 3 18 5
34 3 19 3
34 3 20 78
34 3 21 86
34 3 22 69
34 3 23 47
34 3 24 9
34 3 25 81
34 3 26 68
34 3 27 44
34 3 28 105
34 3 29 93
34 3 30 26
34 3 31 65
34 3 32 2
34 3 33 8
34 3 34 25
34 3 35 87
34 3 36 48
34 4 0 94
34 4 1 81
34 4 2 36
34 4 3 25
34 4 4 18
34 4 5 61
34 4 6 10
34 4 7 75
34 4 8 100
34 4 9 70
34 4 10 88
34 4 11 87
34 4 12 7
34 4 13 101
34 4 14 74
34 4 15 42
34 4 16 38
34 4 17 0
34 4 18 23
34 4 19 77
34 4 20 54
34 4 21 58
34 4 22 71
34 4 23 21
34 4 24 80
34 4 25 43
34 4 26 108
34 4 27 104
34 4 28 55
34 4 29 2
34 4 30 68
34 4 31 29
34 4 32 1
34 4 33 31
34 4 34 86
34 4 35 53
34 4 36 102
34 5 0 80
34 5 1 11
34 5 2 30
34 5 3 12
34 5 4 90
34 5 5 24
34 5 6 65
34 5 7 99
34 5 8 95
34 5 9 37
34 5 10 86
34 5 11 5
34 5 12 47
34 5 13 45
34 5 14 81
34 5 15 69
34 5 16 16
34 5 17 25
34 5 18 76
34 5 19 84
34 5 20 92
34 5 21 52
34 5 22 20
34 5 23 79
34 5 24 72
34 5 25 61
34 5 26 103
34 5 27 51
34 5 28 9
34 5 29 75
34 5 30 13
34 5 31 22
34 5 32 3
34 5 33 55
34 5 34 41
34 5 35 101
34 5 36 93
34 6 0 4
34 6 1 7
34 6 2 1
34 6 3 89
34 6 4 22
34 6 5 67
34 6 6 64
34 6 7 94
34 6 8 58
34 6 9 39
34 6 10 11
34 6 11 73
34 6 12 12
34 6 13 80
34 6 14 59
34 6 15 2
34 6 16 18
34 6 17 44
34 6 18 83
34 6 19 91
34 6 20 101
34 6 21 32
34 6 22 78
34 6 23 40
34 6 24 51
34 6 25 102
34 6 26 90
34 6 27 27
34 6 28 42
34 6 29 16
34 6 30 14
34 6 31 20
34 6 32 84
34 6 33 108
34 6 34 100
34 6 35 71
34 6 36 79
34 7 0 30
34 7 1 29
34 7 2 88
34 7 3 7
34 7 4 51
34 7 5 97
34 7 6 93
34 7 7 85
34 7 8 84
34 7 9 33
34 7 10 98
34 7 11 43
34 7 12 79
34 7 13 87
34 7 14 3
34 7 15 12
34 7 16 74
34 7 17 67
34 7 18 45
34 7 19 65
34 7 20 23
34 7 21 77
34 7 22 49
34 7 23 71
34 7 24 58
34 7 25 89
34 7 26 35
34 7 27 37
34 7 28 19
34 7 29 32
34 7 30 25
34 7 31 83
34 7 32 48
34 7 33 99
34 7 34 53
34 7 35 78
34 7 36 17
34 8 0 11
34 8 1 58
34 8 2 19
34 8 3 108
34 8 4 96
34 8 5 60
34 8 6 68
34 8 7 83
34 8 8 36
34 8 9 69
34 8 10 107
34 8 11 78
34 8 12 86
34 8 13 7
34 8 14 33
34 8 15 61
34 8 16 81
34 8 17 62
34 8 18 63
34 8 19 10
34 8 20 76
34 8 21 75
34 8 22 38
34 8 23 100
34 8 24 88
34 8 25 13
34 8 26 39
34 8 27 32
34 8 28 24
34 8 29 0
34 8 30 56
34 8 31 70
34 8 32 98
34 8 33 90
34 8 34 77
34 8 35 17
34 8 36 8
34 9 0 39
34 9 1 32
34 9 2 48
34 9 3 43
34 9 4 44
34 9 5 37
34 9 6 56
34 9 7 25
34 9 8 60
34 9 9 106
34 9 10 77
34 9 11 58
34 9 12 10
34 9 13 27
34 9 14 17
34 9 15 80
34 9 16 72
34 9 17 98
34 9 18 16
34 9 19 62
34 9 20 69
34 9 21 40
34 9 22 99
34 9 23 42
34 9 24 35
34 9 25 108
34 9 26 19
34 9 27 3
34 9 28 18
34 9 29 81
34 9 30 50
34 9 31 97
34 9 32 89
34 9 33 76
34 9 34 0
34 9 35 31
34 9 36 28
34 10 0 29
34 10 1 38
34 10 2 69
34 10 3 90
34 10 4 82
34 10 5 81
34 10 6 0
34 10 7 95
34 10 8 105
34 10 9 76
34 10 10 84
34 10 11 12
34 10 12 15
34 10 13 39
34 10 14 79
34 10 15 87
34 10 16 43
34 10 17 1
34 10 18 74
34 10 19 58
34 10 20 59
34 10 21 48
34 10 22 72
34 10 23 3
34 10 24 71
34 10 25 6
34 10 26 30
34 10 27 31
34 10 28 80
34 10 29 60
34 10 30 96
34 10 31 88
34 10 32 41
34 10 33 5
34 10 34 36
34 10 35 2
34 10 36 85
34 11 0 42
34 11 1 69
34 11 2 89
34 11 3 68
34 11 4 80
34 11 5 21
34 11 6 94
34 11 7 104
34 11 8 43
34 11 9 83
34 11 10 14
34 11 11 25
34 11 12 107
34 11 13 78
34 11 14 86
34 11 15 58
34 11 16 9
34 11 17 40
34 11 18 64
34 11 19 101
34 11 20 97
34 11 21 85
34 11 22 13
34 11 23 48
34 11 24 11
34 11 25 3
34 11 26 18
34 11 27 79
34 11 28 50
34 11 29 95
34 11 30 61
34 11 31 74
34 11 32 35
34 11 33 26
34 11 34 28
34 11 35 39
34 11 36 27
34 12 0 92
34 12 1 88
34 12 2 45
34 12 3 79
34 12 4 10
34 12 5 93
34 12 6 103
34 12 7 74
34 12 8 59
34 12 9 13
34 12 10 26
34 12 11 106
34 12 12 77
34 12 13 51
34 12 14 95
34 12 15 14
34 12 16 22
34 12 17 108
34 12 18 67
34 12 19 96
34 12 20 53
34 12 21 30
34 12 22 56
34 12 23 23
34 12 24 16
34 12 25 8
34 12 26 78
34 12 27 64
34 12 28 94
34 12 29 44
34 12 30 70
34 12 31 6
34 12 32 4
34 12 33 21
34 12 34 48
34 12 35 32
34 12 36 66
34 13 0 38
34 13 1 72
34 13 2 78
34 13 3 0
34 13 4 48
34 13 5 102
34 13 6 63
34 13 7 81
34 13 8 14
34 13 9 26
34 13 10 105
34 13 11 76
34 13 12 84
34 13 13 94
34 13 14 2
34 13 15 49
34 13 16 62
34 13 17 68
34 13 18 59
34 13 19 52
34 13 20 30
34 13 21 39
34 13 22 10
34 13 23 25
34 13 24 19
34 13 25 77
34 13 26 101
34 13 27 93
34 13 28 85
34 13 29 36
34 13 30 23
34 13 31 1
34 13 32 22
34 13 33 82
34 13 34 5
34 13 35 40
34 13 36 91
34 14 0 45
34 14 1 77
34 14 2 25
34 14 3 58
34 14 4 53
34 14 5 13
34 14 6 80
34 14 7 2
34 14 8 24
34 14 9 104
34 14 10 55
34 14 11 83
34 14 12 93
34 14 13 20
34 14 14 107
34 14 15 48
34 14 16 98
34 14 17 73
34 14 18 82
34 14 19 21
34 14 20 42
34 14 21 29
34 14 22 22
34 14 23 27
34 14 24 76
34 14 25 54
34 14 26 92
34 14 27 41
34 14 28 61
34 14 29 12
34 14 30 7
34 14 31 36
34 14 32 65
34 14 33 0
34 14 34 70
34 14 35 50
34 14 36 59
34 15 0 76
34 15 1 18
34 15 2 90
34 15 3 100
34 15 4 50
34 15 5 79
34 15 6 4
34 15 7 31
34 15 8 103
34 15 9 74
34 15 10 52
34 15 11 47
34 15 12 21
34 15 13 106
34 15 14 60
34 15 15 46
34 15 16 55
34 15 17 72
34 15 18 27
34 15 19 40
34 15 20 2
34 15 21 11
34 15 22 14
34 15 23 44
34 15 24 64
34 15 25 91
34 15 26 51
34 15 27 107
34 15 28 0
34 15 29 10
34 15 30 32
34 15 31 63
34 15 32 28
34 15 33 101
34 15 34 69
34 15 35 85
34 15 36 57
34 16 0 10
34 16 1 89
34 16 2 99
34 16 3 107
34 16 4 78
34 16 5 0
34 16 6 27
34 16 7 102
34 16 8 42
34 16 9 81
34 16 10 57
34 16 11 13
34 16 12 105
34 16 13 70
34 16 14 67
34 16 15 92
34 16 16 65
34 16 17 3
34 16 18 101
34 16 19 36
34 16 20 21
34 16 21 31
34 16 22 74
34 16 23 98
34 16 24 90
34 16 25 82
34 16 26 106
34 16 27 17
34 16 28 20
34 16 29 29
34 16 30 66
34 16 31 4
34 16 32 53
34 16 33 46
34 16 34 37
34 16 35 43
34 16 36 56
34 17 0 88
34 17 1 54
34 17 2 106
34 17 3 77
34 17 4 7
34 17 5 29
34 17 6 46
34 17 7 18
34 17 8 80
34 17 9 90
34 17 10 6
34 17 11 104
34 17 12 60
34 17 13 95
34 17 14 91
34 17 15 39
34 17 16 31
34 17 17 57
34 17 18 32
34 17 19 24
34 17 20 19
34 17 21 72
34 17 22 61
34 17 23 89
34 17 24 41
34 17 25 105
34 17 26 4
34 17 27 9
34 17 28 2
34 17 29 49
34 17 30 10
34 17 31 52
34 17 32 87
34 17 33 38
34 17 34 75
34 17 35 74
34 17 36 11
34 18 0 97
34 18 1 105
34 18 2 76
34 18 3 5
34 18 4 17
34 18 5 100
34 18 6 62
34 18 7 79
34 18 8 89
34 18 9 31
34 18 10 103
34 18 11 37
34 18 12 94
34 18 13 73
34 18 14 63
34 18 15 26
34 18 16 66
34 18 17 9
34 18 18 30
34 18 19 8
34 18 20 32
34 18 21 44
34 18 22 88
34 18 23 55
34 18 24 104
34 18 25 12
34 18 26 6
34 18 27 21
34 18 28 57
34 18 29 1
34 18 30 98
34 18 31 86
34 18 32 82
34 18 33 41
34 18 34 65
34 18 35 29
34 18 36 47
34 19 0 104
34 19 1 66
34 19 2 5
34 19 3 18
34 19 4 99
34 19 5 107
34 19 6 78
34 19 7 88
34 19 8 21
34 19 9 102
34 19 10 101
34 19 11 93
34 19 12 73
34 19 13 67
34 19 14 36
34 19 15 98
34 19 16 10
34 19 17 27
34 19 18 25
34 19 19 64
34 19 20 95
34 19 21 87
34 19 22 45
34 19 23 103
34 19 24 23
34 19 25 15
34 19 26 8
34 19 27 71
34 19 28 1
34 19 29 70
34 19 30 57
34 19 31 46
34 19 32 47
34 19 33 9
34 19 34 17
34 19 35 62
34 19 36 96
34 20 0 74
34 20 1 6
34 20 2 17
34 20 3 47
34 20 4 106
34 20 5 77
34 20 6 45
34 20 7 10
34 20 8 49
34 20 9 68
34 20 10 61
34 20 11 62
34 20 12 57
34 20 13 4
34 20 14 66
34 20 15 3
34 20 16 5
34 20 17 33
34 20 18 107
34 20 19 94
34 20 20 86
34 20 21 55
34 20 22 102
34 20 23 13
34 20 24 28
34 20 25 20
34 20 26 75
34 20 27 18
34 20 28 63
34 20 29 84
34 20 30 65
34 20 31 73
34 20 32 43
34 20 33 22
34 20 34 85
34 20 35 70
34 20 36 103
34 21 0 16
34 21 1 19
34 21 2 97
34 21 3 105
34 21 4 76
34 21 5 73
34 21 6 31
34 21 7 100
34 21 8 37
34 21 9 45
34 21 10 87
34 21 11 75
34 21 12 2
34 21 13 47
34 21 14 29
34 21 15 32
34 21 16 26
34 21 17 106
34 21 18 93
34 21 19 85
34 21 20 72
34 21 21 49
34 21 22 0
34 21 23 1
34 21 24 25
34 21 25 66
34 21 26 28
34 21 27 95
34 21 28 83
34 21 29 67
34 21 30 108
34 21 31 107
34 21 32 30
34 21 33 42
34 21 34 43
34 21 35 102
34 21 36 44
34 22 0 21
34 22 1 96
34 22 2 104
34 22 3 62
34 22 4 85
34 22 5 6
34 22 6 99
34 22 7 98
34 22 8 90
34 22 9 86
34 22 10 54
34 22 11 36
34 22 12 95
34 22 13 3
34 22 14 0
34 22 15 31
34 22 16 105
34 22 17 52
34 22 18 84
34 22 19 57
34 22 20 100
34 22 21 13
34 22 22 28
34 22 23 12
34 22 24 68
34 22 25 33
34 22 26 94
34 22 27 47
34 22 28 71
34 22 29 56
34 22 30 106
34 22 31 15
34 22 32 40
34 22 33 60
34 22 34 38
34 22 35 14
34 22 36 4
34 23 0 46
34 23 1 103
34 23 2 74
34 23 3 69
34 23 4 32
34 23 5 66
34 23 6 47
34 23 7 89
34 23 8 41
34 23 9 38
34 23 10 12
34 23 11 94
34 23 12 20
34 23 13 23
34 23 14 14
34 23 15 104
34 23 16 71
34 23 17 83
34 23 18 75
34 23 19 99
34 23 20 31
34 23 21 7
34 23 22 36
34 23 23 63
34 23 24 18
34 23 25 93
34 23 26 81
34 23 27 54
34 23 28 65
34 23 29 105
34 23 30 21
34 23 31 82
34 23 32 92
34 23 33 100
34 23 34 61
34 23 35 35
34 23 36 24
34 24 0 102
34 24 1 60
34 24 2 58
34 24 3 35
34 24 4 97
34 24 5 68
34 24 6 88
34 24 7 84
34 24 8 40
34 24 9 24
34 24 10 93
34 24 11 2
34 24 12 1
34 24 13 14
34 24 14 103
34 24 15 90
34 24 16 82
34 24 17 64
34 24 18 50
34 24 19 6
34 24 20 36
34 24 21 12
34 24 22 108
34 24 23 33
34 24 24 54
34 24 25 80
34 24 26 44
34 24 27 70
34 24 28 104
34 24 29 8
34 24 30 53
34 24 31 91
34 24 32 99
34 24 33 107
34 24 34 19
34 24 35 28
34 24 36 73
34 25 0 19
34 25 1 82
34 25 2 20
34 25 3 96
34 25 4 95
34 25 5 72
34 25 6 83
34 25 7 108
34 25 8 9
34 25 9 44
34 25 10 30
34 25 11 24
34 25 12 27
34 25 13 102
34 25 14 89
34 25 15 81
34 25 16 52
34 25 17 97
34 25 18 11
34 25 19 17
34 25 20 15
34 25 21 37
34 25 22 4
34 25 23 50
34 25 24 79
34 25 25 75
34 25 26 62
34 25 27 103
34 25 28 36
34 25 29 71
34 25 30 47
34 25 31 51
34 25 32 106
34 25 33 13
34 25 34 29
34 25 35 67
34 25 36 63
34 26 0 55
34 26 1 26
34 26 2 41
34 26 3 94
34 26 4 72
34 26 5 42
34 26 6 51
34 26 7 7
34 26 8 45
34 26 9 19
34 26 10 1
34 26 11 20
34 26 12 69
34 26 13 88
34 26 14 80
34 26 15 57
34 26 16 96
34 26 17 28
34 26 18 9
34 26 19 18
34 26 20 40
34 26 21 22
34 26 22 90
34 26 23 78
34 26 24 61
34 26 25 37
34 26 26 102
34 26 27 11
34 26 28 58
34 26 29 73
34 26 30 97
34 26 31 105
34 26 32 6
34 26 33 15
34 26 34 92
34 26 35 100
34 26 36 62
34 27 0 24
34 27 1 65
34 27 2 93
34 27 3 85
34 27 4 81
34 27 5 71
34 27 6 21
34 27 7 90
34 27 8 13
34 27 9 6
34 27 10 32
34 27 11 100
34 27 12 55
34 27 13 79
34 27 14 108
34 27 15 53
34 27 16 0
34 27 17 30
34 27 18 2
34 27 19 46
34 27 20 29
34 27 21 89
34 27 22 77
34 27 23 66
34 27 24 44
34 27 25 56
34 27 26 10
34 27 27 60
34 27 28 68
34 27 29 96
34 27 30 104
34 27 31 8
34 27 32 31
34 27 33 91
34 27 34 99
34 27 35 107
34 27 36 64
34 28 0 59
34 28 1 62
34 28 2 49
34 28 3 80
34 28 4 52
34 28 5 11
34 28 6 89
34 28 7 13
34 28 8 25
34 28 9 0
34 28 10 99
34 28 11 70
34 28 12 78
34 28 13 63
34 28 14 39
34 28 15 6
34 28 16 23
34 28 17 29
34 28 18 61
34 28 19 5
34 28 20 88
34 28 21 76
34 28 22 67
34 28 23 101
34 28 24 100
34 28 25 22
34 28 26 40
34 28 27 87
34 28 28 46
34 28 29 103
34 28 30 28
34 28 31 26
34 28 32 45
34 28 33 54
34 28 34 106
34 28 35 48
34 28 36 32
34 29 0 61
34 29 1 63
34 29 2 79
34 29 3 46
34 29 4 27
34 29 5 88
34 29 6 30
34 29 7 11
34 29 8 26
34 29 9 51
34 29 10 85
34 29 11 77
34 29 12 41
34 29 13 50
34 29 14 16
34 29 15 1
34 29 16 4
34 29 17 49
34 29 18 19
34 29 19 53
34 29 20 38
34 29 21 108
34 29 22 60
34 29 23 99
34 29 24 14
34 29 25 48
34 29 26 86
34 29 27 65
34 29 28 102
34 29 29 15
34 29 30 22
34 29 31 54
34 29 32 97
34 29 33 105
34 29 34 72
34 29 35 10
34 29 36 92
34 30 0 82
34 30 1 78
34 30 2 63
34 30 3 17
34 30 4 43
34 30 5 27
34 30 6 16
34 30 7 0
34 30 8 97
34 30 9 72
34 30 10 76
34 30 11 45
34 30 12 92
34 30 13 18
34 30 14 10
34 30 15 35
34 30 16 39
34 30 17 4
34 30 18 44
34 30 19 74
34 30 20 67
34 30 21 65
34 30 22 48
34 30 23 22
34 30 24 75
34 30 25 49
34 30 26 37
34 30 27 56
34 30 28 15
34 30 29 23
34 30 30 46
34 30 31 96
34 30 32 104
34 30 33 73
34 30 34 21
34 30 35 91
34 30 36 90
34 31 0 77
34 31 1 53
34 31 2 22
34 31 3 65
34 31 4 29
34 31 5 30
34 31 6 2
34 31 7 96
34 31 8 67
34 31 9 75
34 31 10 64
34 31 11 91
34 31 12 16
34 31 13 12
34 31 14 35
34 31 15 101
34 31 16 27
34 31 17 85
34 31 18 48
34 31 19 59
34 31 20 98
34 31 21 97
34 31 22 7
34 31 23 58
34 31 24 84
34 31 25 92
34 31 26 100
34 31 27 15
34 31 28 25
34 31 29 87
34 31 30 54
34 31 31 103
34 31 32 42
34 31 33 1
34 31 34 55
34 31 35 89
34 31 36 60
34 32 0 101
34 32 1 35
34 32 2 85
34 32 3 3
34 32 4 0
34 32 5 1
34 32 6 70
34 32 7 82
34 32 8 74
34 32 9 73
34 32 10 50
34 32 11 29
34 32 12 17
34 32 13 22
34 32 14 56
34 32 15 18
34 32 16 48
34 32 17 6
34 32 18 39
34 32 19 71
34 32 20 96
34 32 21 33
34 32 22 64
34 32 23 83
34 32 24 91
34 32 25 99
34 32 26 15
34 32 27 12
34 32 28 86
34 32 29 52
34 32 30 102
34 32 31 75
34 32 32 16
34 32 33 68
34 32 34 88
34 32 35 63
34 32 36 76
34 33 0 12
34 33 1 44
34 33 2 23
34 33 3 32
34 33 4 8
34 33 5 43
34 33 6 48
34 33 7 71
34 33 8 57
34 33 9 62
34 33 10 33
34 33 11 9
34 33 12 24
34 33 13 61
34 33 14 27
34 33 15 70
34 33 16 49
34 33 17 42
34 33 18 65
34 33 19 54
34 33 20 26
34 33 21 60
34 33 22 59
34 33 23 73
34 33 24 50
34 33 25 16
34 33 26 17
34 33 27 55
34 33 28 69
34 33 29 46
34 33 30 45
34 33 31 14
34 33 32 51
34 33 33 40
34 33 34 63
34 33 35 56
34 33 36 72
34 34 0 49
34 34 1 23
34 34 2 3
34 34 3 20
34 34 4 55
34 34 5 69
34 34 6 34
34 34 7 101
34 34 8 72
34 34 9 11
34 34 10 28
34 34 11 8
34 34 12 98
34 34 13 5
34 34 14 82
34 34 15 107
34 34 16 42
34 34 17 95
34 34 18 37
34 34 19 33
34 34 20 108
34 34 21 81
34 34 22 53
34 34 23 97
34 34 24 7
34 34 25 24
34 34 26 84
34 34 27 92
34 34 28 100
34 34 29 41
34 34 30 35
34 34 31 87
34 34 32 71
34 34 33 66
34 34 34 74
34 34 35 57
34 34 36 26
34 35 0 7
34 35 1 22
34 35 2 35
34 35 3 92
34 35 4 41
34 35 5 108
34 35 6 38
34 35 7 87
34 35 8 23
34 35 9 36
34 35 10 8
34 35 11 40
34 35 12 19
34 35 13 52
34 35 14 106
34 35 15 45
34 35 16 94
34 35 17 50
34 35 18 17
34 35 19 63
34 35 20 80
34 35 21 51
34 35 22 96
34 35 23 14
34 35 24 15
34 35 25 83
34 35 26 91
34 35 27 99
34 35 28 47
34 35 29 5
34 35 30 86
34 35 31 85
34 35 32 46
34 35 33 57
34 35 34 98
34 35 35 4
34 35 36 82
34 36 0 14
34 36 1 2
34 36 2 91
34 36 3 60
34 36 4 107
34 36 5 70
34 36 6 86
34 36 7 30
34 36 8 31
34 36 9 28
34 36 10 62
34 36 11 33
34 36 12 42
34 36 13 105
34 36 14 101
34 36 15 93
34 36 16 92
34 36 17 15
34 36 18 69
34 36 19 79
34 36 20 87
34 36 21 59
34 36 22 19
34 36 23 16
34 36 24 49
34 36 25 68
34 36 26 56
34 36 27 108
34 36 28 35
34 36 29 57
34 36 30 40
34 36 31 38
34 36 32 25
34 36 33 61
34 36 34 13
34 36 35 66
34 36 36 9
35 0 0 91
35 0 1 61
35 0 2 107
35 0 3 71
35 0 4 86
35 0 5 31
35 0 6 32
35 0 7 29
35 0 8 63
35 0 9 34
35 0 10 43
35 0 11 105
35 0 12 101
35 0 13 93
35 0 14 92
35 0 15 16
35 0 16 70
35 0 17 79
35 0 18 87
35 0 19 60
35 0 20 20
35 0 21 17
35 0 22 50
35 0 23 69
35 0 24 57
35 0 25 108
35 0 26 36
35 0 27 58
35 0 28 41
35 0 29 39
35 0 30 26
35 0 31 62
35 0 32 14
35 0 33 67
35 0 34 10
35 0 35 15
35 0 36 3
35 1 0 65
35 1 1 106
35 1 2 98
35 1 3 55
35 1 4 30
35 1 5 2
35 1 6 3
35 1 7 95
35 1 8 10
35 1 9 60
35 1 10 104
35 1 11 43
35 1 12 45
35 1 13 91
35 1 14 31
35 1 15 71
35 1 16 78
35 1 17 86
35 1 18 52
35 1 19 7
35 1 20 17
35 1 21 81
35 1 22 41
35 1 23 97
35 1 24 58
35 1 25 25
35 1 26 84
35 1 27 46
35 1 28 75
35 1 29 68
35 1 30 53
35 1 31 5
35 1 32 57
35 1 33 34
35 1 34 20
35 1 35 16
35 1 36 56
35 2 0 105
35 2 1 73
35 2 2 84
35 2 3 32
35 2 4 16
35 2 5 5
35 2 6 94
35 2 7 15
35 2 8 54
35 2 9 103
35 2 10 57
35 2 11 44
35 2 12 47
35 2 13 11
35 2 14 58
35 2 15 77
35 2 16 52
35 2 17 61
35 2 18 9
35 2 19 17
35 2 20 80
35 2 21 60
35 2 22 96
35 2 23 66
35 2 24 10
35 2 25 83
35 2 26 82
35 2 27 39
35 2 28 107
35 2 29 95
35 2 30 28
35 2 31 45
35 2 32 34
35 2 33 22
35 2 34 14
35 2 35 67
35 2 36 43
35 3 0 51
35 3 1 83
35 3 2 6
35 3 3 21
35 3 4 2
35 3 5 93
35 3 6 5
35 3 7 72
35 3 8 102
35 3 9 98
35 3 10 90
35 3 11 41
35 3 12 22
35 3 13 42
35 3 14 76
35 3 15 84
35 3 16 92
35 3 17 10
35 3 18 17
35 3 19 79
35 3 20 87
35 3 21 38
35 3 22 46
35 3 23 18
35 3 24 50
35 3 25 62
35 3 26 40
35 3 27 106
35 3 28 94
35 3 29 13
35 3 30 60
35 3 31 28
35 3 32 31
35 3 33 16
35 3 34 53
35 3 35 75
35 3 36 104
35 4 0 37
35 4 1 32
35 4 2 7
35 4 3 19
35 4 4 61
35 4 5 21
35 4 6 55
35 4 7 64
35 4 8 71
35 4 9 89
35 4 10 65
35 4 11 0
35 4 12 51
35 4 13 44
35 4 14 83
35 4 15 91
35 4 16 6
35 4 17 4
35 4 18 78
35 4 19 86
35 4 20 70
35 4 21 48
35 4 22 10
35 4 23 81
35 4 24 69
35 4 25 45
35 4 26 105
35 4 27 93
35 4 28 27
35 4 29 66
35 4 30 3
35 4 31 9
35 4 32 26
35 4 33 87
35 4 34 49
35 4 35 103
35 4 36 95
35 5 0 0
35 5 1 26
35 5 2 19
35 5 3 62
35 5 4 11
35 5 5 75
35 5 6 100
35 5 7 71
35 5 8 88
35 5 9 87
35 5 10 8
35 5 11 101
35 5 12 74
35 5 13 43
35 5 14 39
35 5 15 1
35 5 16 24
35 5 17 77
35 5 18 55
35 5 19 59
35 5 20 72
35 5 21 22
35 5 22 80
35 5 23 44
35 5 24 108
35 5 25 104
35 5 26 56
35 5 27 3
35 5 28 69
35 5 29 30
35 5 30 2
35 5 31 32
35 5 32 86
35 5 33 54
35 5 34 102
35 5 35 94
35 5 36 81
35 6 0 31
35 6 1 13
35 6 2 90
35 6 3 25
35 6 4 66
35 6 5 99
35 6 6 95
35 6 7 38
35 6 8 86
35 6 9 6
35 6 10 48
35 6 11 46
35 6 12 81
35 6 13 70
35 6 14 17
35 6 15 26
35 6 16 76
35 6 17 84
35 6 18 92
35 6 19 53
35 6 20 21
35 6 21 79
35 6 22 73
35 6 23 62
35 6 24 103
35 6 25 52
35 6 26 10
35 6 27 75
35 6 28 14
35 6 29 23
35 6 30 4
35 6 31 56
35 6 32 42
35 6 33 101
35 6 34 93
35 6 35 80
35 6 36 12
35 7 0 2
35 7 1 89
35 7 2 23
35 7 3 68
35 7 4 65
35 7 5 94
35 7 6 59
35 7 7 40
35 7 8 12
35 7 9 37
35 7 10 13
35 7 11 80
35 7 12 60
35 7 13 3
35 7 14 19
35 7 15 45
35 7 16 83
35 7 17 91
35 7 18 101
35 7 19 33
35 7 20 78
35 7 21 41
35 7 22 52
35 7 23 102
35 7 24 90
35 7 25 28
35 7 26 43
35 7 27 17
35 7 28 15
35 7 29 21
35 7 30 84
35 7 31 108
35 7 32 100
35 7 33 72
35 7 34 79
35 7 35 5
35 7 36 8
35 8 0 88
35 8 1 8
35 8 2 52
35 8 3 97
35 8 4 93
35 8 5 85
35 8 6 84
35 8 7 34
35 8 8 98
35 8 9 44
35 8 10 79
35 8 11 87
35 8 12 4
35 8 13 13
35 8 14 74
35 8 15 68
35 8 16 46
35 8 17 66
35 8 18 24
35 8 19 77
35 8 20 50
35 8 21 72
35 8 22 59
35 8 23 89
35 8 24 36
35 8 25 38
35 8 26 20
35 8 27 33
35 8 28 26
35 8 29 83
35 8 30 49
35 8 31 99
35 8 32 54
35 8 33 78
35 8 34 18
35 8 35 31
35 8 36 30
35 9 0 20
35 9 1 108
35 9 2 96
35 9 3 61
35 9 4 69
35 9 5 83
35 9 6 0
35 9 7 70
35 9 8 107
35 9 9 78
35 9 10 86
35 9 11 8
35 9 12 34
35 9 13 62
35 9 14 81
35 9 15 63
35 9 16 64
35 9 17 11
35 9 18 76
35 9 19 75
35 9 20 39
35 9 21 100
35 9 22 88
35 9 23 14
35 9 24 40
35 9 25 33
35 9 26 25
35 9 27 1
35 9 28 57
35 9 29 71
35 9 30 98
35 9 31 90
35 9 32 77
35 9 33 18
35 9 34 9
35 9 35 12
35 9 36 59
35 10 0 49
35 10 1 44
35 10 2 45
35 10 3 38
35 10 4 57
35 10 5 26
35 10 6 61
35 10 7 106
35 10 8 77
35 10 9 59
35 10 10 11
35 10 11 28
35 10 12 18
35 10 13 80
35 10 14 73
35 10 15 98
35 10 16 17
35 10 17 63
35 10 18 70
35 10 19 41
35 10 20 99
35 10 21 43
35 10 22 36
35 10 23 108
35 10 24 20
35 10 25 4
35 10 26 19
35 10 27 81
35 10 28 51
35 10 29 97
35 10 30 89
35 10 31 76
35 10 32 1
35 10 33 32
35 10 34 29
35 10 35 40
35 10 36 33
35 11 0 70
35 11 1 90
35 11 2 82
35 11 3 81
35 11 4 1
35 11 5 95
35 11 6 105
35 11 7 76
35 11 8 84
35 11 9 13
35 11 10 16
35 11 11 40
35 11 12 79
35 11 13 87
35 11 14 44
35 11 15 2
35 11 16 74
35 11 17 59
35 11 18 60
35 11 19 49
35 11 20 73
35 11 21 4
35 11 22 72
35 11 23 7
35 11 24 31
35 11 25 32
35 11 26 80
35 11 27 61
35 11 28 96
35 11 29 88
35 11 30 42
35 11 31 6
35 11 32 0
35 11 33 3
35 11 34 85
35 11 35 30
35 11 36 39
35 12 0 89
35 12 1 69
35 12 2 80
35 12 3 22
35 12 4 94
35 12 5 104
35 12 6 44
35 12 7 83
35 12 8 15
35 12 9 26
35 12 10 107
35 12 11 78
35 12 12 86
35 12 13 59
35 12 14 10
35 12 15 41
35 12 16 65
35 12 17 101
35 12 18 97
35 12 19 85
35 12 20 14
35 12 21 49
35 12 22 12
35 12 23 4
35 12 24 19
35 12 25 79
35 12 26 51
35 12 27 95
35 12 28 62
35 12 29 74
35 12 30 36
35 12 31 27
35 12 32 29
35 12 33 40
35 12 34 28
35 12 35 43
35 12 36 70
35 13 0 46
35 13 1 79
35 13 2 11
35 13 3 93
35 13 4 103
35 13 5 74
35 13 6 60
35 13 7 14
35 13 8 27
35 13 9 106
35 13 10 77
35 13 11 52
35 13 12 95
35 13 13 15
35 13 14 23
35 13 15 108
35 13 16 68
35 13 17 96
35 13 18 54
35 13 19 31
35 13 20 57
35 13 21 24
35 13 22 17
35 13 23 9
35 13 24 78
35 13 25 65
35 13 26 94
35 13 27 45
35 13 28 71
35 13 29 7
35 13 30 5
35 13 31 22
35 13 32 49
35 13 33 33
35 13 34 67
35 13 35 92
35 13 36 88
35 14 0 78
35 14 1 1
35 14 2 49
35 14 3 102
35 14 4 64
35 14 5 81
35 14 6 15
35 14 7 27
35 14 8 105
35 14 9 76
35 14 10 84
35 14 11 94
35 14 12 3
35 14 13 50
35 14 14 63
35 14 15 69
35 14 16 60
35 14 17 53
35 14 18 31
35 14 19 40
35 14 20 11
35 14 21 26
35 14 22 20
35 14 23 77
35 14 24 101
35 14 25 93
35 14 26 85
35 14 27 0
35 14 28 24
35 14 29 2
35 14 30 23
35 14 31 82
35 14 32 6
35 14 33 41
35 14 34 91
35 14 35 39
35 14 36 73
35 15 0 26
35 15 1 59
35 15 2 54
35 15 3 14
35 15 4 80
35 15 5 3
35 15 6 25
35 15 7 104
35 15 8 56
35 15 9 83
35 15 10 93
35 15 11 21
35 15 12 107
35 15 13 49
35 15 14 98
35 15 15 37
35 15 16 82
35 15 17 22
35 15 18 43
35 15 19 30
35 15 20 23
35 15 21 28
35 15 22 76
35 15 23 55
35 15 24 92
35 15 25 42
35 15 26 62
35 15 27 13
35 15 28 8
35 15 29 0
35 15 30 66
35 15 31 1
35 15 32 71
35 15 33 51
35 15 34 60
35 15 35 46
35 15 36 77
35 16 0 90
35 16 1 100
35 16 2 51
35 16 3 79
35 16 4 5
35 16 5 32
35 16 6 103
35 16 7 74
35 16 8 53
35 16 9 48
35 16 10 22
35 16 11 106
35 16 12 61
35 16 13 47
35 16 14 56
35 16 15 73
35 16 16 28
35 16 17 41
35 16 18 3
35 16 19 12
35 16 20 15
35 16 21 45
35 16 22 65
35 16 23 91
35 16 24 52
35 16 25 107
35 16 26 1
35 16 27 11
35 16 28 33
35 16 29 64
35 16 30 29
35 16 31 101
35 16 32 70
35 16 33 85
35 16 34 58
35 16 35 76
35 16 36 19
35 17 0 99
35 17 1 107
35 17 2 78
35 17 3 1
35 17 4 28
35 17 5 102
35 17 6 43
35 17 7 81
35 17 8 58
35 17 9 14
35 17 10 105
35 17 11 71
35 17 12 68
35 17 13 92
35 17 14 66
35 17 15 4
35 17 16 101
35 17 17 0
35 17 18 22
35 17 19 32
35 17 20 74
35 17 21 98
35 17 22 90
35 17 23 82
35 17 24 106
35 17 25 18
35 17 26 21
35 17 27 30
35 17 28 67
35 17 29 5
35 17 30 54
35 17 31 47
35 17 32 38
35 17 33 44
35 17 34 57
35 17 35 11
35 17 36 89
35 18 0 106
35 18 1 77
35 18 2 8
35 18 3 30
35 18 4 47
35 18 5 19
35 18 6 80
35 18 7 90
35 18 8 7
35 18 9 104
35 18 10 61
35 18 11 95
35 18 12 91
35 18 13 40
35 18 14 32
35 18 15 58
35 18 16 33
35 18 17 25
35 18 18 20
35 18 19 73
35 18 20 62
35 18 21 89
35 18 22 42
35 18 23 105
35 18 24 5
35 18 25 10
35 18 26 3
35 18 27 50
35 18 28 11
35 18 29 53
35 18 30 87
35 18 31 39
35 18 32 75
35 18 33 74
35 18 34 12
35 18 35 88
35 18 36 55
35 19 0 76
35 19 1 6
35 19 2 18
35 19 3 100
35 19 4 63
35 19 5 79
35 19 6 89
35 19 7 32
35 19 8 103
35 19 9 38
35 19 10 94
35 19 11 37
35 19 12 64
35 19 13 27
35 19 14 67
35 19 15 10
35 19 16 31
35 19 17 9
35 19 18 33
35 19 19 45
35 19 20 88
35 19 21 56
35 19 22 104
35 19 23 13
35 19 24 7
35 19 25 22
35 19 26 58
35 19 27 2
35 19 28 98
35 19 29 86
35 19 30 82
35 19 31 42
35 19 32 66
35 19 33 30
35 19 34 48
35 19 35 97
35 19 36 105
35 20 0 6
35 20 1 19
35 20 2 99
35 20 3 107
35 20 4 78
35 20 5 88
35 20 6 22
35 20 7 102
35 20 8 101
35 20 9 93
35 20 10 37
35 20 11 68
35 20 12 0
35 20 13 98
35 20 14 11
35 20 15 28
35 20 16 26
35 20 17 65
35 20 18 95
35 20 19 87
35 20 20 46
35 20 21 103
35 20 22 24
35 20 23 16
35 20 24 9
35 20 25 72
35 20 26 2
35 20 27 71
35 20 28 58
35 20 29 47
35 20 30 48
35 20 31 10
35 20 32 18
35 20 33 63
35 20 34 96
35 20 35 104
35 20 36 67
35 21 0 18
35 21 1 48
35 21 2 106
35 21 3 77
35 21 4 46
35 21 5 11
35 21 6 50
35 21 7 69
35 21 8 62
35 21 9 63
35 21 10 58
35 21 11 5
35 21 12 67
35 21 13 4
35 21 14 6
35 21 15 34
35 21 16 107
35 21 17 94
35 21 18 86
35 21 19 56
35 21 20 102
35 21 21 14
35 21 22 29
35 21 23 21
35 21 24 75
35 21 25 19
35 21 26 64
35 21 27 84
35 21 28 66
35 21 29 37
35 21 30 44
35 21 31 23
35 21 32 85
35 21 33 71
35 21 34 103
35 21 35 74
35 21 36 7
35 22 0 97
35 22 1 105
35 22 2 76
35 22 3 37
35 22 4 32
35 22 5 100
35 22 6 38
35 22 7 46
35 22 8 87
35 22 9 75
35 22 10 3
35 22 11 48
35 22 12 30
35 22 13 33
35 22 14 27
35 22 15 106
35 22 16 93
35 22 17 85
35 22 18 73
35 22 19 50
35 22 20 1
35 22 21 2
35 22 22 26
35 22 23 67
35 22 24 29
35 22 25 95
35 22 26 83
35 22 27 68
35 22 28 108
35 22 29 107
35 22 30 31
35 22 31 43
35 22 32 44
35 22 33 102
35 22 34 45
35 22 35 17
35 22 36 20
35 23 0 104
35 23 1 63
35 23 2 85
35 23 3 7
35 23 4 99
35 23 5 98
35 23 6 90
35 23 7 86
35 23 8 55
35 23 9 0
35 23 10 95
35 23 11 4
35 23 12 1
35 23 13 32
35 23 14 105
35 23 15 53
35 23 16 84
35 23 17 58
35 23 18 100
35 23 19 14
35 23 20 29
35 23 21 13
35 23 22 69
35 23 23 34
35 23 24 94
35 23 25 48
35 23 26 72
35 23 27 57
35 23 28 106
35 23 29 16
35 23 30 41
35 23 31 61
35 23 32 39
35 23 33 15
35 23 34 5
35 23 35 22
35 23 36 96
35 24 0 74
35 24 1 70
35 24 2 33
35 24 3 67
35 24 4 48
35 24 5 89
35 24 6 42
35 24 7 39
35 24 8 13
35 24 9 94
35 24 10 21
35 24 11 24
35 24 12 15
35 24 13 104
35 24 14 72
35 24 15 83
35 24 16 75
35 24 17 99
35 24 18 32
35 24 19 8
35 24 20 0
35 24 21 64
35 24 22 19
35 24 23 93
35 24 24 81
35 24 25 55
35 24 26 66
35 24 27 105
35 24 28 22
35 24 29 82
35 24 30 92
35 24 31 100
35 24 32 62
35 24 33 36
35 24 34 25
35 24 35 47
35 24 36 103
35 25 0 59
35 25 1 36
35 25 2 97
35 25 3 69
35 25 4 88
35 25 5 84
35 25 6 41
35 25 7 25
35 25 8 93
35 25 9 3
35 25 10 2
35 25 11 15
35 25 12 103
35 25 13 90
35 25 14 82
35 25 15 65
35 25 16 51
35 25 17 7
35 25 18 0
35 25 19 13
35 25 20 108
35 25 21 34
35 25 22 55
35 25 23 80
35 25 24 45
35 25 25 71
35 25 26 104
35 25 27 9
35 25 28 54
35 25 29 91
35 25 30 99
35 25 31 107
35 25 32 20
35 25 33 29
35 25 34 37
35 25 35 102
35 25 36 61
35 26 0 21
35 26 1 96
35 26 2 95
35 26 3 73
35 26 4 83
35 26 5 108
35 26 6 10
35 26 7 45
35 26 8 31
35 26 9 25
35 26 10 28
35 26 11 102
35 26 12 89
35 26 13 81
35 26 14 53
35 26 15 97
35 26 16 12
35 26 17 18
35 26 18 16
35 26 19 38
35 26 20 5
35 26 21 51
35 26 22 79
35 26 23 75
35 26 24 63
35 26 25 103
35 26 26 0
35 26 27 72
35 26 28 48
35 26 29 52
35 26 30 106
35 26 31 14
35 26 32 30
35 26 33 68
35 26 34 64
35 26 35 20
35 26 36 82
35 27 0 42
35 27 1 94
35 27 2 73
35 27 3 43
35 27 4 52
35 27 5 8
35 27 6 46
35 27 7 20
35 27 8 2
35 27 9 21
35 27 10 70
35 27 11 88
35 27 12 80
35 27 13 58
35 27 14 96
35 27 15 29
35 27 16 10
35 27 17 19
35 27 18 41
35 27 19 23
35 27 20 90
35 27 21 78
35 27 22 62
35 27 23 38
35 27 24 102
35 27 25 12
35 27 26 59
35 27 27 37
35 27 28 97
35 27 29 105
35 27 30 7
35 27 31 16
35 27 32 92
35 27 33 100
35 27 34 63
35 27 35 56
35 27 36 27
35 28 0 93
35 28 1 85
35 28 2 81
35 28 3 72
35 28 4 22
35 28 5 90
35 28 6 14
35 28 7 7
35 28 8 33
35 28 9 100
35 28 10 56
35 28 11 79
35 28 12 108
35 28 13 54
35 28 14 1
35 28 15 31
35 28 16 3
35 28 17 47
35 28 18 30
35 28 19 89
35 28 20 77
35 28 21 67
35 28 22 45
35 28 23 57
35 28 24 11
35 28 25 61
35 28 26 69
35 28 27 96
35 28 28 104
35 28 29 9
35 28 30 32
35 28 31 91
35 28 32 99
35 28 33 107
35 28 34 65
35 28 35 25
35 28 36 66
35 29 0 50
35 29 1 80
35 29 2 53
35 29 3 12
35 29 4 89
35 29 5 14
35 29 6 26
35 29 7 1
35 29 8 99
35 29 9 71
35 29 10 78
35 29 11 64
35 29 12 40
35 29 13 7
35 29 14 24
35 29 15 30
35 29 16 62
35 29 17 6
35 29 18 88
35 29 19 76
35 29 20 68
35 29 21 101
35 29 22 100
35 29 23 23
35 29 24 41
35 29 25 87
35 29 26 47
35 29 27 103
35 29 28 29
35 29 29 27
35 29 30 46
35 29 31 55
35 29 32 106
35 29 33 49
35 29 34 33
35 29 35 60
35 29 36 63
35 30 0 79
35 30 1 47
35 30 2 28
35 30 3 88
35 30 4 31
35 30 5 12
35 30 6 27
35 30 7 52
35 30 8 85
35 30 9 77
35 30 10 42
35 30 11 51
35 30 12 17
35 30 13 2
35 30 14 5
35 30 15 50
35 30 16 20
35 30 17 54
35 30 18 39
35 30 19 108
35 30 20 61
35 30 21 99
35 30 22 15
35 30 23 49
35 30 24 86
35 30 25 66
35 30 26 102
35 30 27 16
35 30 28 23
35 30 29 55
35 30 30 97
35 30 31 105
35 30 32 73
35 30 33 11
35 30 34 92
35 30 35 62
35 30 36 64
35 31 0 64
35 31 1 18
35 31 2 44
35 31 3 28
35 31 4 17
35 31 5 1
35 31 6 97
35 31 7 73
35 31 8 76
35 31 9 46
35 31 10 92
35 31 11 19
35 31 12 11
35 31 13 36
35 31 14 40
35 31 15 5
35 31 16 45
35 31 17 74
35 31 18 68
35 31 19 66
35 31 20 49
35 31 21 23
35 31 22 75
35 31 23 50
35 31 24 38
35 31 25 57
35 31 26 16
35 31 27 24
35 31 28 47
35 31 29 96
35 31 30 104
35 31 31 37
35 31 32 22
35 31 33 91
35 31 34 90
35 31 35 82
35 31 36 78
35 32 0 23
35 32 1 66
35 32 2 30
35 32 3 31
35 32 4 3
35 32 5 96
35 32 6 68
35 32 7 75
35 32 8 65
35 32 9 91
35 32 10 17
35 32 11 13
35 32 12 36
35 32 13 101
35 32 14 28
35 32 15 85
35 32 16 49
35 32 17 60
35 32 18 98
35 32 19 97
35 32 20 8
35 32 21 59
35 32 22 84
35 32 23 92
35 32 24 100
35 32 25 16
35 32 26 26
35 32 27 87
35 32 28 55
35 32 29 103
35 32 30 43
35 32 31 2
35 32 32 56
35 32 33 89
35 32 34 61
35 32 35 77
35 32 36 54
35 33 0 85
35 33 1 4
35 33 2 1
35 33 3 2
35 33 4 71
35 33 5 82
35 33 6 74
35 33 7 37
35 33 8 51
35 33 9 30
35 33 10 18
35 33 11 23
35 33 12 57
35 33 13 19
35 33 14 49
35 33 15 7
35 33 16 40
35 33 17 72
35 33 18 96
35 33 19 34
35 33 20 65
35 33 21 83
35 33 22 91
35 33 23 99
35 33 24 16
35 33 25 13
35 33 26 86
35 33 27 53
35 33 28 102
35 33 29 75
35 33 30 17
35 33 31 69
35 33 32 88
35 33 33 64
35 33 34 76
35 33 35 101
35 33 36 36
35 34 0 24
35 34 1 33
35 34 2 9
35 34 3 44
35 34 4 49
35 34 5 72
35 34 6 58
35 34 7 63
35 34 8 34
35 34 9 10
35 34 10 25
35 34 11 62
35 34 12 28
35 34 13 71
35 34 14 50
35 34 15 43
35 34 16 66
35 34 17 55
35 34 18 27
35 34 19 61
35 34 20 60
35 34 21 37
35 34 22 51
35 34 23 17
35 34 24 18
35 34 25 56
35 34 26 70
35 34 27 47
35 34 28 46
35 34 29 15
35 34 30 52
35 34 31 41
35 34 32 64
35 34 33 57
35 34 34 73
35 34 35 13
35 34 36 45
35 35 0 4
35 35 1 21
35 35 2 56
35 35 3 70
35 35 4 35
35 35 5 101
35 35 6 73
35 35 7 12
35 35 8 29
35 35 9 9
35 35 10 98
35 35 11 6
35 35 12 82
35 35 13 107
35 35 14 43
35 35 15 95
35 35 16 38
35 35 17 34
35 35 18 108
35 35 19 81
35 35 20 54
35 35 21 97
35 35 22 8
35 35 23 25
35 35 24 84
35 35 25 92
35 35 26 100
35 35 27 42
35 35 28 36
35 35 29 87
35 35 30 72
35 35 31 67
35 35 32 74
35 35 33 58
35 35 34 27
35 35 35 50
35 35 36 24
35 36 0 36
35 36 1 92
35 36 2 42
35 36 3 108
35 36 4 39
35 36 5 87
35 36 6 24
35 36 7 0
35 36 8 9
35 36 9 41
35 36 10 20
35 36 11 53
35 36 12 106
35 36 13 46
35 36 14 94
35 36 15 51
35 36 16 18
35 36 17 64
35 36 18 80
35 36 19 52
35 36 20 96
35 36 21 15
35 36 22 16
35 36 23 83
35 36 24 91
35 36 25 99
35 36 26 48
35 36 27 6
35 36 28 86
35 36 29 85
35 36 30 47
35 36 31 58
35 36 32 98
35 36 33 5
35 36 34 82
35 36 35 8
35 36 36 23
36 0 0 43
36 0 1 108
36 0 2 40
36 0 3 87
36 0 4 25
36 0 5 1
36 0 6 10
36 0 7 42
36 0 8 21
36 0 9 54
36 0 10 106
36 0 11 47
36 0 12 94
36 0 13 52
36 0 14 19
36 0 15 65
36 0 16 80
36 0 17 53
36 0 18 96
36 0 19 16
36 0 20 17
36 0 21 83
36 0 22 91
36 0 23 99
36 0 24 49
36 0 25 7
36 0 26 86
36 0 27 85
36 0 28 48
36 0 29 59
36 0 30 98
36 0 31 6
36 0 32 82
36 0 33 9
36 0 34 24
36 0 35 0
36 0 36 92
36 1 0 107
36 1 1 72
36 1 2 86
36 1 3 32
36 1 4 33
36 1 5 30
36 1 6 64
36 1 7 35
36 1 8 44
36 1 9 105
36 1 10 101
36 1 11 93
36 1 12 92
36 1 13 17
36 1 14 71
36 1 15 79
36 1 16 87
36 1 17 61
36 1 18 21
36 1 19 18
36 1 20 51
36 1 21 70
36 1 22 58
36 1 23 108
36 1 24 0
36 1 25 59
36 1 26 42
36 1 27 40
36 1 28 27
36 1 29 63
36 1 30 15
36 1 31 68
36 1 32 11
36 1 33 16
36 1 34 4
36 1 35 91
36 1 36 62
36 2 0 98
36 2 1 56
36 2 2 31
36 2 3 3
36 2 4 4
36 2 5 95
36 2 6 11
36 2 7 61
36 2 8 104
36 2 9 44
36 2 10 46
36 2 11 91
36 2 12 32
36 2 13 72
36 2 14 78
36 2 15 86
36 2 16 53
36 2 17 8
36 2 18 18
36 2 19 81
36 2 20 42
36 2 21 97
36 2 22 59
36 2 23 26
36 2 24 84
36 2 25 47
36 2 26 75
36 2 27 69
36 2 28 54
36 2 29 6
36 2 30 58
36 2 31 35
36 2 32 21
36 2 33 17
36 2 34 57
36 2 35 66
36 2 36 106
36 3 0 84
36 3 1 33
36 3 2 17
36 3 3 6
36 3 4 94
36 3 5 16
36 3 6 55
36 3 7 103
36 3 8 58
36 3 9 45
36 3 10 48
36 3 11 12
36 3 12 59
36 3 13 77
36 3 14 53
36 3 15 62
36 3 16 10
36 3 17 18
36 3 18 80
36 3 19 61
36 3 20 96
36 3 21 67
36 3 22 11
36 3 23 83
36 3 24 82
36 3 25 40
36 3 26 107
36 3 27 95
36 3 28 29
36 3 29 46
36 3 30 35
36 3 31 23
36 3 32 15
36 3 33 68
36 3 34 44
36 3 35 105
36 3 36 37
36 4 0 7
36 4 1 22
36 4 2 3
36 4 3 93
36 4 4 6
36 4 5 73
36 4 6 102
36 4 7 98
36 4 8 90
36 4 9 42
36 4 10 23
36 4 11 43
36 4 12 76
36 4 13 84
36 4 14 92
36 4 15 11
36 4 16 18
36 4 17 79
36 4 18 87
36 4 19 39
36 4 20 47
36 4 21 19
36 4 22 51
36 4 23 63
36 4 24 41
36 4 25 106
36 4 26 94
36 4 27 14
36 4 28 61
36 4 29 29
36 4 30 32
36 4 31 17
36 4 32 54
36 4 33 75
36 4 34 104
36 4 35 52
36 4 36 83
36 5 0 8
36 5 1 20
36 5 2 62
36 5 3 22
36 5 4 56
36 5 5 65
36 5 6 72
36 5 7 89
36 5 8 66
36 5 9 1
36 5 10 52
36 5 11 45
36 5 12 83
36 5 13 91
36 5 14 7
36 5 15 5
36 5 16 78
36 5 17 86
36 5 18 71
36 5 19 49
36 5 20 11
36 5 21 81
36 5 22 70
36 5 23 46
36 5 24 105
36 5 25 93
36 5 26 28
36 5 27 67
36 5 28 4
36 5 29 10
36 5 30 27
36 5 31 87
36 5 32 50
36 5 33 103
36 5 34 95
36 5 35 38
36 5 36 33
36 6 0 20
36 6 1 63
36 6 2 12
36 6 3 75
36 6 4 100
36 6 5 72
36 6 6 88
36 6 7 87
36 6 8 9
36 6 9 101
36 6 10 74
36 6 11 44
36 6 12 40
36 6 13 2
36 6 14 25
36 6 15 77
36 6 16 56
36 6 17 60
36 6 18 73
36 6 19 23
36 6 20 80
36 6 21 45
36 6 22 108
36 6 23 104
36 6 24 57
36 6 25 4
36 6 26 70
36 6 27 31
36 6 28 3
36 6 29 33
36 6 30 86
36 6 31 55
36 6 32 102
36 6 33 94
36 6 34 81
36 6 35 1
36 6 36 27
36 7 0 90
36 7 1 26
36 7 2 67
36 7 3 99
36 7 4 95
36 7 5 39
36 7 6 86
36 7 7 7
36 7 8 49
36 7 9 47
36 7 10 81
36 7 11 71
36 7 12 18
36 7 13 27
36 7 14 76
36 7 15 84
36 7 16 92
36 7 17 54
36 7 18 22
36 7 19 79
36 7 20 37
36 7 21 63
36 7 22 103
36 7 23 53
36 7 24 11
36 7 25 75
36 7 26 15
36 7 27 24
36 7 28 5
36 7 29 57
36 7 30 43
36 7 31 101
36 7 32 93
36 7 33 80
36 7 34 13
36 7 35 32
36 7 36 14
36 8 0 24
36 8 1 69
36 8 2 66
36 8 3 94
36 8 4 60
36 8 5 41
36 8 6 13
36 8 7 38
36 8 8 14
36 8 9 80
36 8 10 61
36 8 11 4
36 8 12 20
36 8 13 46
36 8 14 83
36 8 15 91
36 8 16 101
36 8 17 34
36 8 18 78
36 8 19 42
36 8 20 53
36 8 21 102
36 8 22 90
36 8 23 29
36 8 24 44
36 8 25 18
36 8 26 16
36 8 27 22
36 8 28 84
36 8 29 108
36 8 30 100
36 8 31 73
36 8 32 79
36 8 33 6
36 8 34 9
36 8 35 3
36 8 36 89
36 9 0 53
36 9 1 97
36 9 2 93
36 9 3 85
36 9 4 84
36 9 5 35
36 9 6 98
36 9 7 45
36 9 8 79
36 9 9 87
36 9 10 5
36 9 11 14
36 9 12 74
36 9 13 69
36 9 14 47
36 9 15 67
36 9 16 25
36 9 17 77
36 9 18 51
36 9 19 73
36 9 20 60
36 9 21 89
36 9 22 0
36 9 23 39
36 9 24 21
36 9 25 34
36 9 26 27
36 9 27 83
36 9 28 50
36 9 29 99
36 9 30 55
36 9 31 78
36 9 32 19
36 9 33 32
36 9 34 31
36 9 35 88
36 9 36 9
36 10 0 96
36 10 1 62
36 10 2 70
36 10 3 83
36 10 4 1
36 10 5 71
36 10 6 107
36 10 7 78
36 10 8 86
36 10 9 9
36 10 10 35
36 10 11 63
36 10 12 81
36 10 13 64
36 10 14 65
36 10 15 12
36 10 16 76
36 10 17 75
36 10 18 40
36 10 19 100
36 10 20 88
36 10 21 15
36 10 22 41
36 10 23 34
36 10 24 26
36 10 25 2
36 10 26 58
36 10 27 72
36 10 28 98
36 10 29 90
36 10 30 77
36 10 31 19
36 10 32 10
36 10 33 13
36 10 34 60
36 10 35 21
36 10 36 108
36 11 0 46
36 11 1 39
36 11 2 58
36 11 3 27
36 11 4 62
36 11 5 106
36 11 6 77
36 11 7 60
36 11 8 12
36 11 9 29
36 11 10 19
36 11 11 80
36 11 12 37
36 11 13 98
36 11 14 18
36 11 15 64
36 11 16 71
36 11 17 42
36 11 18 99
36 11 19 44
36 11 20 0
36 11 21 108
36 11 22 21
36 11 23 5
36 11 24 20
36 11 25 81
36 11 26 52
36 11 27 97
36 11 28 89
36 11 29 76
36 11 30 2
36 11 31 33
36 11 32 30
36 11 33 41
36 11 34 34
36 11 35 50
36 11 36 45
36 12 0 82
36 12 1 81
36 12 2 2
36 12 3 95
36 12 4 105
36 12 5 76
36 12 6 84
36 12 7 14
36 12 8 17
36 12 9 41
36 12 10 79
36 12 11 87
36 12 12 45
36 12 13 3
36 12 14 74
36 12 15 60
36 12 16 61
36 12 17 50
36 12 18 37
36 12 19 5
36 12 20 73
36 12 21 8
36 12 22 32
36 12 23 33
36 12 24 80
36 12 25 62
36 12 26 96
36 12 27 88
36 12 28 43
36 12 29 7
36 12 30 1
36 12 31 4
36 12 32 85
36 12 33 31
36 12 34 40
36 12 35 71
36 12 36 90
36 13 0 80
36 13 1 23
36 13 2 94
36 13 3 104
36 13 4 45
36 13 5 83
36 13 6 16
36 13 7 27
36 13 8 107
36 13 9 78
36 13 10 86
36 13 11 60
36 13 12 11
36 13 13 42
36 13 14 66
36 13 15 101
36 13 16 97
36 13 17 85
36 13 18 15
36 13 19 50
36 13 20 13
36 13 21 5
36 13 22 20
36 13 23 79
36 13 24 52
36 13 25 95
36 13 26 63
36 13 27 74
36 13 28 0
36 13 29 28
36 13 30 30
36 13 31 41
36 13 32 29
36 13 33 44
36 13 34 71
36 13 35 89
36 13 36 70
36 14 0 12
36 14 1 93
36 14 2 103
36 14 3 74
36 14 4 61
36 14 5 15
36 14 6 28
36 14 7 106
36 14 8 77
36 14 9 53
36 14 10 95
36 14 11 16
36 14 12 24
36 14 13 108
36 14 14 69
36 14 15 96
36 14 16 55
36 14 17 32
36 14 18 58
36 14 19 25
36 14 20 18
36 14 21 10
36 14 22 78
36 14 23 66
36 14 24 94
36 14 25 46
36 14 26 72
36 14 27 8
36 14 28 6
36 14 29 23
36 14 30 50
36 14 31 34
36 14 32 68
36 14 33 92
36 14 34 88
36 14 35 47
36 14 36 79
36 15 0 50
36 15 1 102
36 15 2 65
36 15 3 81
36 15 4 16
36 15 5 28
36 15 6 105
36 15 7 76
36 15 8 84
36 15 9 94
36 15 10 4
36 15 11 51
36 15 12 64
36 15 13 70
36 15 14 61
36 15 15 54
36 15 16 32
36 15 17 41
36 15 18 12
36 15 19 27
36 15 20 21
36 15 21 77
36 15 22 101
36 15 23 93
36 15 24 85
36 15 25 1
36 15 26 25
36 15 27 3
36 15 28 24
36 15 29 82
36 15 30 7
36 15 31 42
36 15 32 91
36 15 33 40
36 15 34 37
36 15 35 78
36 15 36 2
36 16 0 55
36 16 1 15
36 16 2 80
36 16 3 4
36 16 4 26
36 16 5 104
36 16 6 57
36 16 7 83
36 16 8 93
36 16 9 22
36 16 10 107
36 16 11 50
36 16 12 98
36 16 13 38
36 16 14 82
36 16 15 23
36 16 16 44
36 16 17 31
36 16 18 24
36 16 19 29
36 16 20 76
36 16 21 56
36 16 22 92
36 16 23 43
36 16 24 63
36 16 25 14
36 16 26 9
36 16 27 1
36 16 28 67
36 16 29 2
36 16 30 72
36 16 31 52
36 16 32 61
36 16 33 47
36 16 34 77
36 16 35 27
36 16 36 60
36 17 0 52
36 17 1 79
36 17 2 6
36 17 3 33
36 17 4 103
36 17 5 74
36 17 6 54
36 17 7 49
36 17 8 23
36 17 9 106
36 17 10 62
36 17 11 48
36 17 12 57
36 17 13 37
36 17 14 29
36 17 15 42
36 17 16 4
36 17 17 13
36 17 18 16
36 17 19 46
36 17 20 66
36 17 21 91
36 17 22 53
36 17 23 107
36 17 24 2
36 17 25 12
36 17 26 34
36 17 27 65
36 17 28 30
36 17 29 101
36 17 30 71
36 17 31 85
36 17 32 59
36 17 33 76
36 17 34 20
36 17 35 90
36 17 36 100
36 18 0 78
36 18 1 2
36 18 2 29
36 18 3 102
36 18 4 44
36 18 5 81
36 18 6 59
36 18 7 15
36 18 8 105
36 18 9 72
36 18 10 69
36 18 11 92
36 18 12 67
36 18 13 5
36 18 14 101
36 18 15 1
36 18 16 23
36 18 17 33
36 18 18 74
36 18 19 98
36 18 20 90
36 18 21 82
36 18 22 106
36 18 23 19
36 18 24 22
36 18 25 31
36 18 26 68
36 18 27 6
36 18 28 55
36 18 29 48
36 18 30 39
36 18 31 45
36 18 32 58
36 18 33 12
36 18 34 89
36 18 35 99
36 18 36 107
36 19 0 9
36 19 1 31
36 19 2 48
36 19 3 20
36 19 4 80
36 19 5 90
36 19 6 8
36 19 7 104
36 19 8 62
36 19 9 95
36 19 10 91
36 19 11 41
36 19 12 33
36 19 13 59
36 19 14 34
36 19 15 26
36 19 16 21
36 19 17 37
36 19 18 63
36 19 19 89
36 19 20 43
36 19 21 105
36 19 22 6
36 19 23 11
36 19 24 4
36 19 25 51
36 19 26 12
36 19 27 54
36 19 28 87
36 19 29 40
36 19 30 75
36 19 31 74
36 19 32 13
36 19 33 88
36 19 34 56
36 19 35 106
36 19 36 77
36 20 0 19
36 20 1 100
36 20 2 64
36 20 3 79
36 20 4 89
36 20 5 33
36 20 6 103
36 20 7 39
36 20 8 94
36 20 9 38
36 20 10 65
36 20 11 28
36 20 12 68
36 20 13 11
36 20 14 32
36 20 15 10
36 20 16 34
36 20 17 46
36 20 18 88
36 20 19 57
36 20 20 104
36 20 21 14
36 20 22 8
36 20 23 23
36 20 24 59
36 20 25 3
36 20 26 98
36 20 27 86
36 20 28 82
36 20 29 43
36 20 30 67
36 20 31 31
36 20 32 49
36 20 33 97
36 20 34 105
36 20 35 76
36 20 36 7
36 21 0 99
36 21 1 107
36 21 2 78
36 21 3 88
36 21 4 23
36 21 5 102
36 21 6 101
36 21 7 93
36 21 8 38
36 21 9 69
36 21 10 1
36 21 11 98
36 21 12 12
36 21 13 29
36 21 14 27
36 21 15 66
36 21 16 95
36 21 17 87
36 21 18 47
36 21 19 103
36 21 20 25
36 21 21 17
36 21 22 10
36 21 23 73
36 21 24 3
36 21 25 72
36 21 26 59
36 21 27 48
36 21 28 49
36 21 29 11
36 21 30 19
36 21 31 64
36 21 32 96
36 21 33 104
36 21 34 68
36 21 35 7
36 21 36 20
36 22 0 106
36 22 1 77
36 22 2 47
36 22 3 12
36 22 4 51
36 22 5 70
36 22 6 63
36 22 7 64
36 22 8 59
36 22 9 6
36 22 10 68
36 22 11 5
36 22 12 7
36 22 13 35
36 22 14 107
36 22 15 94
36 22 16 86
36 22 17 57
36 22 18 102
36 22 19 15
36 22 20 30
36 22 21 22
36 22 22 75
36 22 23 20
36 22 24 65
36 22 25 84
36 22 26 67
36 22 27 38
36 22 28 45
36 22 29 24
36 22 30 85
36 22 31 72
36 22 32 103
36 22 33 74
36 22 34 8
36 22 35 19
36 22 36 49
36 23 0 76
36 23 1 38
36 23 2 33
36 23 3 100
36 23 4 39
36 23 5 47
36 23 6 87
36 23 7 75
36 23 8 4
36 23 9 49
36 23 10 31
36 23 11 34
36 23 12 28
36 23 13 106
36 23 14 93
36 23 15 85
36 23 16 37
36 23 17 51
36 23 18 2
36 23 19 3
36 23 20 27
36 23 21 68
36 23 22 30
36 23 23 95
36 23 24 83
36 23 25 69
36 23 26 108
36 23 27 107
36 23 28 32
36 23 29 44
36 23 30 45
36 23 31 102
36 23 32 46
36 23 33 18
36 23 34 21
36 23 35 97
36 23 36 105
36 24 0 85
36 24 1 8
36 24 2 99
36 24 3 98
36 24 4 90
36 24 5 86
36 24 6 56
36 24 7 1
36 24 8 95
36 24 9 5
36 24 10 2
36 24 11 33
36 24 12 105
36 24 13 54
36 24 14 84
36 24 15 59
36 24 16 100
36 24 17 15
36 24 18 30
36 24 19 14
36 24 20 70
36 24 21 35
36 24 22 94
36 24 23 49
36 24 24 73
36 24 25 58
36 24 26 106
36 24 27 17
36 24 28 42
36 24 29 62
36 24 30 40
36 24 31 16
36 24 32 6
36 24 33 23
36 24 34 96
36 24 35 104
36 24 36 64
36 25 0 34
36 25 1 68
36 25 2 49
36 25 3 89
36 25 4 43
36 25 5 40
36 25 6 14
36 25 7 94
36 25 8 22
36 25 9 25
36 25 10 16
36 25 11 104
36 25 12 73
36 25 13 83
36 25 14 75
36 25 15 99
36 25 16 33
36 25 17 9
36 25 18 1
36 25 19 65
36 25 20 20
36 25 21 93
36 25 22 81
36 25 23 56
36 25 24 67
36 25 25 105
36 25 26 23
36 25 27 82
36 25 28 92
36 25 29 100
36 25 30 63
36 25 31 0
36 25 32 26
36 25 33 48
36 25 34 103
36 25 35 74
36 25 36 71
36 26 0 97
36 26 1 70
36 26 2 88
36 26 3 84
36 26 4 42
36 26 5 26
36 26 6 93
36 26 7 4
36 26 8 3
36 26 9 16
36 26 10 103
36 26 11 90
36 26 12 82
36 26 13 66
36 26 14 52
36 26 15 8
36 26 16 1
36 26 17 14
36 26 18 108
36 26 19 35
36 26 20 56
36 26 21 80
36 26 22 46
36 26 23 72
36 26 24 104
36 26 25 10
36 26 26 55
36 26 27 91
36 26 28 99
36 26 29 107
36 26 30 21
36 26 31 30
36 26 32 38
36 26 33 102
36 26 34 62
36 26 35 60
36 26 36 0
36 27 0 95
36 27 1 37
36 27 2 83
36 27 3 108
36 27 4 11
36 27 5 46
36 27 6 32
36 27 7 26
36 27 8 29
36 27 9 102
36 27 10 89
36 27 11 81
36 27 12 54
36 27 13 97
36 27 14 13
36 27 15 19
36 27 16 17
36 27 17 39
36 27 18 6
36 27 19 52
36 27 20 79
36 27 21 75
36 27 22 64
36 27 23 103
36 27 24 1
36 27 25 73
36 27 26 49
36 27 27 53
36 27 28 106
36 27 29 15
36 27 30 31
36 27 31 69
36 27 32 65
36 27 33 21
36 27 34 82
36 27 35 22
36 27 36 96
36 28 0 37
36 28 1 44
36 28 2 53
36 28 3 9
36 28 4 47
36 28 5 21
36 28 6 3
36 28 7 22
36 28 8 71
36 28 9 88
36 28 10 80
36 28 11 59
36 28 12 96
36 28 13 30
36 28 14 11
36 28 15 20
36 28 16 42
36 28 17 24
36 28 18 90
36 28 19 78
36 28 20 63
36 28 21 39
36 28 22 102
36 28 23 13
36 28 24 60
36 28 25 38
36 28 26 97
36 28 27 105
36 28 28 8
36 28 29 17
36 28 30 92
36 28 31 100
36 28 32 64
36 28 33 57
36 28 34 28
36 28 35 43
36 28 36 94
36 29 0 81
36 29 1 73
36 29 2 23
36 29 3 90
36 29 4 15
36 29 5 8
36 29 6 34
36 29 7 100
36 29 8 57
36 29 9 79
36 29 10 108
36 29 11 55
36 29 12 2
36 29 13 32
36 29 14 4
36 29 15 48
36 29 16 31
36 29 17 89
36 29 18 77
36 29 19 68
36 29 20 46
36 29 21 58
36 29 22 12
36 29 23 62
36 29 24 70
36 29 25 96
36 29 26 104
36 29 27 10
36 29 28 33
36 29 29 91
36 29 30 99
36 29 31 107
36 29 32 66
36 29 33 26
36 29 34 67
36 29 35 93
36 29 36 85
36 30 0 54
36 30 1 13
36 30 2 89
36 30 3 15
36 30 4 27
36 30 5 2
36 30 6 99
36 30 7 72
36 30 8 78
36 30 9 65
36 30 10 41
36 30 11 8
36 30 12 25
36 30 13 31
36 30 14 63
36 30 15 7
36 30 16 88
36 30 17 76
36 30 18 69
36 30 19 101
36 30 20 100
36 30 21 24
36 30 22 42
36 30 23 87
36 30 24 48
36 30 25 103
36 30 26 30
36 30 27 28
36 30 28 47
36 30 29 56
36 30 30 106
36 30 31 50
36 30 32 34
36 30 33 61
36 30 34 64
36 30 35 51
36 30 36 80
36 31 0 29
36 31 1 88
36 31 2 32
36 31 3 13
36 31 4 28
36 31 5 53
36 31 6 85
36 31 7 77
36 31 8 43
36 31 9 52
36 31 10 18
36 31 11 3
36 31 12 6
36 31 13 51
36 31 14 21
36 31 15 55
36 31 16 40
36 31 17 108
36 31 18 62
36 31 19 99
36 31 20 16
36 31 21 50
36 31 22 86
36 31 23 67
36 31 24 102
36 31 25 17
36 31 26 24
36 31 27 56
36 31 28 97
36 31 29 105
36 31 30 37
36 31 31 12
36 31 32 92
36 31 33 63
36 31 34 65
36 31 35 79
36 31 36 48
36 32 0 45
36 32 1 29
36 32 2 18
36 32 3 2
36 32 4 97
36 32 5 37
36 32 6 76
36 32 7 47
36 32 8 92
36 32 9 20
36 32 10 12
36 32 11 0
36 32 12 41
36 32 13 6
36 32 14 46
36 32 15 74
36 32 16 69
36 32 17 67
36 32 18 50
36 32 19 24
36 32 20 75
36 32 21 51
36 32 22 39
36 32 23 58
36 32 24 17
36 32 25 25
36 32 26 48
36 32 27 96
36 32 28 104
36 32 29 38
36 32 30 23
36 32 31 91
36 32 32 90
36 32 33 82
36 32 34 78
36 32 35 65
36 32 36 19
36 33 0 31
36 33 1 32
36 33 2 4
36 33 3 96
36 33 4 69
36 33 5 75
36 33 6 66
36 33 7 91
36 33 8 18
36 33 9 14
36 33 10 0
36 33 11 101
36 33 12 29
36 33 13 85
36 33 14 50
36 33 15 61
36 33 16 98
36 33 17 97
36 33 18 9
36 33 19 60
36 33 20 84
36 33 21 92
36 33 22 100
36 33 23 17
36 33 24 27
36 33 25 87
36 33 26 56
36 33 27 103
36 33 28 44
36 33 29 3
36 33 30 57
36 33 31 89
36 33 32 62
36 33 33 77
36 33 34 55
36 33 35 24
36 33 36 67
36 34 0 2
36 34 1 3
36 34 2 72
36 34 3 82
36 34 4 74
36 34 5 38
36 34 6 52
36 34 7 31
36 34 8 19
36 34 9 24
36 34 10 58
36 34 11 20
36 34 12 50
36 34 13 8
36 34 14 41
36 34 15 73
36 34 16 96
36 34 17 35
36 34 18 66
36 34 19 83
36 34 20 91
36 34 21 99
36 34 22 17
36 34 23 14
36 34 24 86
36 34 25 54
36 34 26 102
36 34 27 75
36 34 28 18
36 34 29 70
36 34 30 88
36 34 31 65
36 34 32 76
36 34 33 101
36 34 34 0
36 34 35 85
36 34 36 5
36 35 0 10
36 35 1 45
36 35 2 50
36 35 3 73
36 35 4 59
36 35 5 64
36 35 6 35
36 35 7 11
36 35 8 26
36 35 9 63
36 35 10 29
36 35 11 72
36 35 12 51
36 35 13 44
36 35 14 67
36 35 15 56
36 35 16 28
36 35 17 62
36 35 18 61
36 35 19 38
36 35 20 52
36 35 21 18
36 35 22 19
36 35 23 57
36 35 24 71
36 35 25 48
36 35 26 47
36 35 27 16
36 35 28 53
36 35 29 42
36 35 30 65
36 35 31 58
36 35 32 37
36 35 33 14
36 35 34 46
36 35 35 25
36 35 36 34
36 36 0 57
36 36 1 71
36 36 2 36
36 36 3 101
36 36 4 37
36 36 5 13
36 36 6 30
36 36 7 10
36 36 8 98
36 36 9 7
36 36 10 82
36 36 11 107
36 36 12 44
36 36 13 95
36 36 14 39
36 36 15 35
36 36 16 108
36 36 17 81
36 36 18 55
36 36 19 97
36 36 20 9
36 36 21 26
36 36 22 84
36 36 23 92
36 36 24 100
36 36 25 43
36 36 26 0
36 36 27 87
36 36 28 73
36 36 29 68
36 36 30 74
36 36 31 59
36 36 32 28
36 36 33 51
36 36 34 25
36 36 35 5
36 36 36 22
