# silver (31,3)-cube, colors=91
# every colour class is one K-orbit (K = cubic residues) about
# its own diagonal coset; cycle holes 0,1; fixed shape index v=4
# diagonal x+y+z=0 mod 31; lines: x y z color
0 0 0 0
0 0 1 52
0 0 2 37
0 0 3 22
0 0 4 60
0 0 5 80
0 0 6 13
0 0 7 10
0 0 8 50
0 0 9 65
0 0 10 69
0 0 11 73
0 0 12 26
0 0 13 81
0 0 14 20
0 0 15 33
0 0 16 44
0 0 17 11
0 0 18 70
0 0 19 5
0 0 20 78
0 0 21 82
0 0 22 86
0 0 23 36
0 0 24 21
0 0 25 18
0 0 26 71
0 0 27 61
0 0 28 9
0 0 29 41
0 0 30 40
0 1 0 57
0 1 1 42
0 1 2 16
0 1 3 43
0 1 4 79
0 1 5 83
0 1 6 87
0 1 7 58
0 1 8 21
0 1 9 8
0 1 10 72
0 1 11 76
0 1 12 80
0 1 13 27
0 1 14 41
0 1 15 38
0 1 16 14
0 1 17 69
0 1 18 13
0 1 19 77
0 1 20 81
0 1 21 85
0 1 22 60
0 1 23 62
0 1 24 5
0 1 25 70
0 1 26 51
0 1 27 10
0 1 28 49
0 1 29 35
0 1 30 90
0 2 0 38
0 2 1 28
0 2 2 46
0 2 3 78
0 2 4 1
0 2 5 26
0 2 6 55
0 2 7 63
0 2 8 67
0 2 9 71
0 2 10 75
0 2 11 79
0 2 12 83
0 2 13 44
0 2 14 47
0 2 15 64
0 2 16 11
0 2 17 10
0 2 18 16
0 2 19 80
0 2 20 84
0 2 21 56
0 2 22 32
0 2 23 20
0 2 24 69
0 2 25 42
0 2 26 23
0 2 27 34
0 2 28 60
0 2 29 89
0 2 30 31
0 3 0 23
0 3 1 53
0 3 2 77
0 3 3 16
0 3 4 4
0 3 5 55
0 3 6 22
0 3 7 66
0 3 8 70
0 3 9 7
0 3 10 78
0 3 11 10
0 3 12 58
0 3 13 54
0 3 14 1
0 3 15 67
0 3 16 29
0 3 17 28
0 3 18 79
0 3 19 12
0 3 20 40
0 3 21 27
0 3 22 64
0 3 23 5
0 3 24 36
0 3 25 76
0 3 26 39
0 3 27 51
0 3 28 88
0 3 29 45
0 3 30 52
0 4 0 58
0 4 1 22
0 4 2 25
0 4 3 20
0 4 4 50
0 4 5 1
0 4 6 65
0 4 7 69
0 4 8 2
0 4 9 77
0 4 10 21
0 4 11 35
0 4 12 53
0 4 13 62
0 4 14 66
0 4 15 9
0 4 16 74
0 4 17 78
0 4 18 82
0 4 19 44
0 4 20 90
0 4 21 15
0 4 22 67
0 4 23 57
0 4 24 75
0 4 25 55
0 4 26 49
0 4 27 87
0 4 28 41
0 4 29 37
0 4 30 68
0 5 0 12
0 5 1 16
0 5 2 83
0 5 3 61
0 5 4 27
0 5 5 22
0 5 6 14
0 5 7 28
0 5 8 19
0 5 9 6
0 5 10 50
0 5 11 48
0 5 12 33
0 5 13 65
0 5 14 4
0 5 15 73
0 5 16 77
0 5 17 81
0 5 18 53
0 5 19 89
0 5 20 62
0 5 21 66
0 5 22 37
0 5 23 17
0 5 24 58
0 5 25 57
0 5 26 86
0 5 27 32
0 5 28 31
0 5 29 13
0 5 30 45
0 6 0 15
0 6 1 27
0 6 2 47
0 6 3 25
0 6 4 63
0 6 5 67
0 6 6 1
0 6 7 24
0 6 8 8
0 6 9 37
0 6 10 38
0 6 11 23
0 6 12 13
0 6 13 68
0 6 14 72
0 6 15 10
0 6 16 80
0 6 17 31
0 6 18 14
0 6 19 54
0 6 20 65
0 6 21 58
0 6 22 20
0 6 23 56
0 6 24 35
0 6 25 85
0 6 26 36
0 6 27 48
0 6 28 2
0 6 29 51
0 6 30 74
0 7 0 2
0 7 1 44
0 7 2 22
0 7 3 28
0 7 4 66
0 7 5 13
0 7 6 74
0 7 7 27
0 7 8 49
0 7 9 48
0 7 10 90
0 7 11 63
0 7 12 23
0 7 13 71
0 7 14 10
0 7 15 79
0 7 16 41
0 7 17 87
0 7 18 1
0 7 19 24
0 7 20 47
0 7 21 6
0 7 22 40
0 7 23 54
0 7 24 84
0 7 25 46
0 7 26 59
0 7 27 16
0 7 28 42
0 7 29 73
0 7 30 30
0 8 0 49
0 8 1 88
0 8 2 13
0 8 3 65
0 8 4 19
0 8 5 73
0 8 6 9
0 8 7 37
0 8 8 48
0 8 9 89
0 8 10 2
0 8 11 30
0 8 12 70
0 8 13 74
0 8 14 78
0 8 15 51
0 8 16 4
0 8 17 90
0 8 18 63
0 8 19 32
0 8 20 11
0 8 21 42
0 8 22 53
0 8 23 83
0 8 24 61
0 8 25 59
0 8 26 64
0 8 27 52
0 8 28 72
0 8 29 76
0 8 30 18
0 9 0 3
0 9 1 30
0 9 2 28
0 9 3 68
0 9 4 72
0 9 5 76
0 9 6 57
0 9 7 38
0 9 8 4
0 9 9 21
0 9 10 17
0 9 11 69
0 9 12 73
0 9 13 77
0 9 14 52
0 9 15 11
0 9 16 89
0 9 17 19
0 9 18 48
0 9 19 1
0 9 20 36
0 9 21 39
0 9 22 82
0 9 23 44
0 9 24 51
0 9 25 7
0 9 26 43
0 9 27 71
0 9 28 75
0 9 29 12
0 9 30 54
0 10 0 24
0 10 1 63
0 10 2 1
0 10 3 71
0 10 4 75
0 10 5 47
0 10 6 51
0 10 7 87
0 10 8 23
0 10 9 64
0 10 10 13
0 10 11 72
0 10 12 28
0 10 13 38
0 10 14 25
0 10 15 3
0 10 16 7
0 10 17 53
0 10 18 12
0 10 19 36
0 10 20 48
0 10 21 81
0 10 22 41
0 10 23 46
0 10 24 62
0 10 25 52
0 10 26 70
0 10 27 26
0 10 28 8
0 10 29 59
0 10 30 86
0 11 0 14
0 11 1 25
0 11 2 70
0 11 3 12
0 11 4 44
0 11 5 60
0 11 6 15
0 11 7 6
0 11 8 10
0 11 9 67
0 11 10 71
0 11 11 5
0 11 12 43
0 11 13 83
0 11 14 87
0 11 15 16
0 11 16 54
0 11 17 68
0 11 18 52
0 11 19 38
0 11 20 80
0 11 21 34
0 11 22 33
0 11 23 35
0 11 24 31
0 11 25 69
0 11 26 7
0 11 27 29
0 11 28 59
0 11 29 85
0 11 30 17
0 12 0 30
0 12 1 69
0 12 2 23
0 12 3 57
0 12 4 53
0 12 5 28
0 12 6 19
0 12 7 62
0 12 8 66
0 12 9 70
0 12 10 74
0 12 11 51
0 12 12 2
0 12 13 9
0 12 14 17
0 12 15 37
0 12 16 16
0 12 17 33
0 12 18 59
0 12 19 79
0 12 20 50
0 12 21 49
0 12 22 15
0 12 23 40
0 12 24 26
0 12 25 4
0 12 26 76
0 12 27 60
0 12 28 84
0 12 29 88
0 12 30 20
0 13 0 25
0 13 1 9
0 13 2 31
0 13 3 32
0 13 4 7
0 13 5 88
0 13 6 46
0 13 7 65
0 13 8 69
0 13 9 73
0 13 10 54
0 13 11 28
0 13 12 17
0 13 13 20
0 13 14 50
0 13 15 23
0 13 16 39
0 13 17 43
0 13 18 78
0 13 19 45
0 13 20 41
0 13 21 90
0 13 22 34
0 13 23 67
0 13 24 29
0 13 25 75
0 13 26 40
0 13 27 6
0 13 28 24
0 13 29 2
0 13 30 64
0 14 0 4
0 14 1 36
0 14 2 42
0 14 3 83
0 14 4 13
0 14 5 2
0 14 6 25
0 14 7 17
0 14 8 72
0 14 9 40
0 14 10 26
0 14 11 12
0 14 12 88
0 14 13 37
0 14 14 23
0 14 15 32
0 14 16 59
0 14 17 77
0 14 18 57
0 14 19 47
0 14 20 89
0 14 21 44
0 14 22 66
0 14 23 1
0 14 24 15
0 14 25 61
0 14 26 82
0 14 27 86
0 14 28 20
0 14 29 29
0 14 30 67
0 15 0 51
0 15 1 57
0 15 2 26
0 15 3 86
0 15 4 90
0 15 5 63
0 15 6 67
0 15 7 71
0 15 8 32
0 15 9 2
0 15 10 83
0 15 11 27
0 15 12 49
0 15 13 64
0 15 14 46
0 15 15 36
0 15 16 76
0 15 17 34
0 15 18 61
0 15 19 13
0 15 20 56
0 15 21 65
0 15 22 9
0 15 23 24
0 15 24 53
0 15 25 81
0 15 26 85
0 15 27 5
0 15 28 62
0 15 29 66
0 15 30 23
0 16 0 31
0 16 1 8
0 16 2 85
0 16 3 89
0 16 4 26
0 16 5 66
0 16 6 70
0 16 7 53
0 16 8 7
0 16 9 22
0 16 10 86
0 16 11 59
0 16 12 18
0 16 13 52
0 16 14 48
0 16 15 75
0 16 16 50
0 16 17 54
0 16 18 87
0 16 19 43
0 16 20 4
0 16 21 68
0 16 22 29
0 16 23 39
0 16 24 80
0 16 25 84
0 16 26 88
0 16 27 47
0 16 28 65
0 16 29 5
0 16 30 61
0 17 0 27
0 17 1 84
0 17 2 2
0 17 3 11
0 17 4 65
0 17 5 69
0 17 6 33
0 17 7 16
0 17 8 30
0 17 9 85
0 17 10 53
0 17 11 62
0 17 12 44
0 17 13 43
0 17 14 74
0 17 15 34
0 17 16 60
0 17 17 8
0 17 18 56
0 17 19 63
0 17 20 19
0 17 21 5
0 17 22 42
0 17 23 79
0 17 24 14
0 17 25 6
0 17 26 29
0 17 27 18
0 17 28 68
0 17 29 40
0 17 30 36
0 18 0 6
0 18 1 87
0 18 2 29
0 18 3 7
0 18 4 25
0 18 5 34
0 18 6 76
0 18 7 2
0 18 8 84
0 18 9 31
0 18 10 58
0 18 11 60
0 18 12 59
0 18 13 73
0 18 14 55
0 18 15 41
0 18 16 8
0 18 17 39
0 18 18 11
0 18 19 14
0 18 20 3
0 18 21 50
0 18 22 78
0 18 23 82
0 18 24 86
0 18 25 90
0 18 26 63
0 18 27 24
0 18 28 33
0 18 29 49
0 18 30 22
0 19 0 1
0 19 1 11
0 19 2 63
0 19 3 67
0 19 4 34
0 19 5 75
0 19 6 27
0 19 7 5
0 19 8 41
0 19 9 16
0 19 10 47
0 19 11 52
0 19 12 72
0 19 13 45
0 19 14 57
0 19 15 15
0 19 16 40
0 19 17 14
0 19 18 22
0 19 19 29
0 19 20 55
0 19 21 77
0 19 22 81
0 19 23 85
0 19 24 89
0 19 25 12
0 19 26 3
0 19 27 42
0 19 28 46
0 19 29 8
0 19 30 82
0 20 0 17
0 20 1 14
0 20 2 66
0 20 3 39
0 20 4 2
0 20 5 24
0 20 6 82
0 20 7 50
0 20 8 90
0 20 9 42
0 20 10 49
0 20 11 71
0 20 12 54
0 20 13 57
0 20 14 83
0 20 15 45
0 20 16 15
0 20 17 64
0 20 18 68
0 20 19 41
0 20 20 26
0 20 21 80
0 20 22 84
0 20 23 21
0 20 24 25
0 20 25 16
0 20 26 55
0 20 27 36
0 20 28 19
0 20 29 81
0 20 30 6
0 21 0 7
0 21 1 65
0 21 2 44
0 21 3 23
0 21 4 5
0 21 5 81
0 21 6 41
0 21 7 89
0 21 8 34
0 21 9 32
0 21 10 70
0 21 11 40
0 21 12 51
0 21 13 19
0 21 14 61
0 21 15 24
0 21 16 28
0 21 17 6
0 21 18 42
0 21 19 3
0 21 20 79
0 21 21 18
0 21 22 87
0 21 23 8
0 21 24 64
0 21 25 45
0 21 26 56
0 21 27 76
0 21 28 80
0 21 29 30
0 21 30 88
0 22 0 28
0 22 1 49
0 22 2 19
0 22 3 76
0 22 4 80
0 22 5 51
0 22 6 24
0 22 7 34
0 22 8 47
0 22 9 69
0 22 10 39
0 22 11 53
0 22 12 30
0 22 13 46
0 22 14 12
0 22 15 62
0 22 16 20
0 22 17 52
0 22 18 74
0 22 19 78
0 22 20 82
0 22 21 14
0 22 22 10
0 22 23 27
0 22 24 45
0 22 25 44
0 22 26 75
0 22 27 79
0 22 28 83
0 22 29 3
0 22 30 1
0 23 0 46
0 23 1 13
0 23 2 75
0 23 3 79
0 23 4 42
0 23 5 87
0 23 6 45
0 23 7 57
0 23 8 68
0 23 9 58
0 23 10 37
0 23 11 20
0 23 12 35
0 23 13 88
0 23 14 39
0 23 15 27
0 23 16 31
0 23 17 73
0 23 18 77
0 23 19 81
0 23 20 1
0 23 21 29
0 23 22 62
0 23 23 55
0 23 24 56
0 23 25 22
0 23 26 78
0 23 27 12
0 23 28 86
0 23 29 18
0 23 30 63
0 24 0 29
0 24 1 1
0 24 2 78
0 24 3 48
0 24 4 15
0 24 5 31
0 24 6 61
0 24 7 67
0 24 8 36
0 24 9 35
0 24 10 25
0 24 11 56
0 24 12 7
0 24 13 30
0 24 14 64
0 24 15 40
0 24 16 72
0 24 17 21
0 24 18 80
0 24 19 8
0 24 20 88
0 24 21 60
0 24 22 45
0 24 23 43
0 24 24 4
0 24 25 77
0 24 26 18
0 24 27 85
0 24 28 3
0 24 29 9
0 24 30 32
0 25 0 16
0 25 1 77
0 25 2 35
0 25 3 29
0 25 4 56
0 25 5 52
0 25 6 66
0 25 7 44
0 25 8 38
0 25 9 11
0 25 10 36
0 25 11 86
0 25 12 90
0 25 13 17
0 25 14 49
0 25 15 71
0 25 16 21
0 25 17 79
0 25 18 83
0 25 19 18
0 25 20 8
0 25 21 40
0 25 22 58
0 25 23 23
0 25 24 7
0 25 25 30
0 25 26 84
0 25 27 88
0 25 28 6
0 25 29 43
0 25 30 4
0 26 0 19
0 26 1 40
0 26 2 18
0 26 3 41
0 26 4 48
0 26 5 65
0 26 6 42
0 26 7 54
0 26 8 14
0 26 9 57
0 26 10 85
0 26 11 89
0 26 12 62
0 26 13 53
0 26 14 70
0 26 15 74
0 26 16 78
0 26 17 27
0 26 18 86
0 26 19 90
0 26 20 39
0 26 21 35
0 26 22 25
0 26 23 12
0 26 24 3
0 26 25 17
0 26 26 9
0 26 27 4
0 26 28 38
0 26 29 68
0 26 30 15
0 27 0 47
0 27 1 83
0 27 2 55
0 27 3 31
0 27 4 64
0 27 5 33
0 27 6 59
0 27 7 76
0 27 8 51
0 27 9 84
0 27 10 16
0 27 11 61
0 27 12 37
0 27 13 69
0 27 14 73
0 27 15 77
0 27 16 22
0 27 17 85
0 27 18 89
0 27 19 46
0 27 20 49
0 27 21 10
0 27 22 74
0 27 23 29
0 27 24 82
0 27 25 86
0 27 26 30
0 27 27 38
0 27 28 11
0 27 29 6
0 27 30 9
0 28 0 8
0 28 1 51
0 28 2 36
0 28 3 63
0 28 4 58
0 28 5 44
0 28 6 75
0 28 7 42
0 28 8 26
0 28 9 87
0 28 10 4
0 28 11 33
0 28 12 19
0 28 13 72
0 28 14 3
0 28 15 2
0 28 16 84
0 28 17 30
0 28 18 55
0 28 19 52
0 28 20 21
0 28 21 73
0 28 22 24
0 28 23 81
0 28 24 85
0 28 25 9
0 28 26 35
0 28 27 27
0 28 28 15
0 28 29 74
0 28 30 50
0 29 0 56
0 29 1 41
0 29 2 62
0 29 3 53
0 29 4 52
0 29 5 8
0 29 6 32
0 29 7 82
0 29 8 11
0 29 9 90
0 29 10 57
0 29 11 67
0 29 12 71
0 29 13 15
0 29 14 21
0 29 15 20
0 29 16 87
0 29 17 49
0 29 18 60
0 29 19 68
0 29 20 72
0 29 21 76
0 29 22 80
0 29 23 84
0 29 24 88
0 29 25 43
0 29 26 5
0 29 27 30
0 29 28 73
0 29 29 33
0 29 30 3
0 30 0 59
0 30 1 31
0 30 2 34
0 30 3 37
0 30 4 21
0 30 5 43
0 30 6 81
0 30 7 26
0 30 8 89
0 30 9 55
0 30 10 66
0 30 11 70
0 30 12 74
0 30 13 18
0 30 14 82
0 30 15 17
0 30 16 45
0 30 17 48
0 30 18 4
0 30 19 71
0 30 20 75
0 30 21 79
0 30 22 23
0 30 23 10
0 30 24 38
0 30 25 64
0 30 26 68
0 30 27 72
0 30 28 50
0 30 29 15
0 30 30 56
1 0 0 35
1 0 1 38
1 0 2 22
1 0 3 44
1 0 4 81
1 0 5 27
1 0 6 89
1 0 7 56
1 0 8 66
1 0 9 70
1 0 10 74
1 0 11 19
1 0 12 82
1 0 13 18
1 0 14 46
1 0 15 49
1 0 16 5
1 0 17 71
1 0 18 75
1 0 19 79
1 0 20 24
1 0 21 11
1 0 22 39
1 0 23 64
1 0 24 68
1 0 25 72
1 0 26 51
1 0 27 16
1 0 28 57
1 0 29 60
1 0 30 32
1 1 0 38
1 1 1 23
1 1 2 61
1 1 3 80
1 1 4 14
1 1 5 11
1 1 6 51
1 1 7 65
1 1 8 69
1 1 9 73
1 1 10 27
1 1 11 81
1 1 12 21
1 1 13 34
1 1 14 45
1 1 15 12
1 1 16 70
1 1 17 6
1 1 18 78
1 1 19 82
1 1 20 86
1 1 21 37
1 1 22 22
1 1 23 19
1 1 24 71
1 1 25 31
1 1 26 10
1 1 27 42
1 1 28 41
1 1 29 1
1 1 30 53
1 2 0 17
1 2 1 44
1 2 2 79
1 2 3 83
1 2 4 87
1 2 5 59
1 2 6 22
1 2 7 9
1 2 8 72
1 2 9 76
1 2 10 80
1 2 11 28
1 2 12 42
1 2 13 39
1 2 14 15
1 2 15 69
1 2 16 14
1 2 17 77
1 2 18 81
1 2 19 85
1 2 20 61
1 2 21 62
1 2 22 6
1 2 23 70
1 2 24 52
1 2 25 11
1 2 26 50
1 2 27 36
1 2 28 90
1 2 29 58
1 2 30 43
1 3 0 47
1 3 1 78
1 3 2 2
1 3 3 27
1 3 4 56
1 3 5 63
1 3 6 67
1 3 7 71
1 3 8 75
1 3 9 79
1 3 10 83
1 3 11 45
1 3 12 48
1 3 13 64
1 3 14 12
1 3 15 11
1 3 16 17
1 3 17 80
1 3 18 84
1 3 19 57
1 3 20 33
1 3 21 21
1 3 22 69
1 3 23 43
1 3 24 24
1 3 25 35
1 3 26 61
1 3 27 89
1 3 28 32
1 3 29 39
1 3 30 29
1 4 0 77
1 4 1 17
1 4 2 5
1 4 3 56
1 4 4 23
1 4 5 66
1 4 6 70
1 4 7 8
1 4 8 78
1 4 9 11
1 4 10 59
1 4 11 55
1 4 12 2
1 4 13 67
1 4 14 30
1 4 15 29
1 4 16 79
1 4 17 13
1 4 18 41
1 4 19 28
1 4 20 64
1 4 21 6
1 4 22 37
1 4 23 76
1 4 24 40
1 4 25 52
1 4 26 88
1 4 27 46
1 4 28 53
1 4 29 24
1 4 30 54
1 5 0 26
1 5 1 21
1 5 2 51
1 5 3 2
1 5 4 65
1 5 5 69
1 5 6 3
1 5 7 77
1 5 8 22
1 5 9 36
1 5 10 54
1 5 11 62
1 5 12 66
1 5 13 10
1 5 14 74
1 5 15 78
1 5 16 82
1 5 17 45
1 5 18 90
1 5 19 16
1 5 20 67
1 5 21 58
1 5 22 75
1 5 23 56
1 5 24 50
1 5 25 87
1 5 26 42
1 5 27 38
1 5 28 68
1 5 29 59
1 5 30 23
1 6 0 83
1 6 1 31
1 6 2 28
1 6 3 23
1 6 4 15
1 6 5 29
1 6 6 20
1 6 7 7
1 6 8 51
1 6 9 49
1 6 10 34
1 6 11 65
1 6 12 5
1 6 13 73
1 6 14 77
1 6 15 81
1 6 16 54
1 6 17 89
1 6 18 62
1 6 19 66
1 6 20 38
1 6 21 18
1 6 22 59
1 6 23 58
1 6 24 86
1 6 25 33
1 6 26 32
1 6 27 14
1 6 28 46
1 6 29 13
1 6 30 17
1 7 0 48
1 7 1 26
1 7 2 63
1 7 3 67
1 7 4 2
1 7 5 25
1 7 6 9
1 7 7 38
1 7 8 39
1 7 9 24
1 7 10 14
1 7 11 68
1 7 12 72
1 7 13 11
1 7 14 80
1 7 15 32
1 7 16 15
1 7 17 55
1 7 18 65
1 7 19 59
1 7 20 21
1 7 21 57
1 7 22 36
1 7 23 85
1 7 24 37
1 7 25 49
1 7 26 3
1 7 27 52
1 7 28 74
1 7 29 16
1 7 30 28
1 8 0 23
1 8 1 29
1 8 2 66
1 8 3 14
1 8 4 74
1 8 5 28
1 8 6 50
1 8 7 49
1 8 8 90
1 8 9 63
1 8 10 24
1 8 11 71
1 8 12 11
1 8 13 79
1 8 14 42
1 8 15 87
1 8 16 2
1 8 17 25
1 8 18 48
1 8 19 7
1 8 20 41
1 8 21 55
1 8 22 84
1 8 23 47
1 8 24 60
1 8 25 17
1 8 26 43
1 8 27 73
1 8 28 0
1 8 29 3
1 8 30 45
1 9 0 14
1 9 1 65
1 9 2 20
1 9 3 73
1 9 4 10
1 9 5 38
1 9 6 49
1 9 7 89
1 9 8 3
1 9 9 0
1 9 10 70
1 9 11 74
1 9 12 78
1 9 13 52
1 9 14 5
1 9 15 90
1 9 16 63
1 9 17 33
1 9 18 12
1 9 19 43
1 9 20 54
1 9 21 83
1 9 22 31
1 9 23 60
1 9 24 64
1 9 25 53
1 9 26 72
1 9 27 76
1 9 28 19
1 9 29 50
1 9 30 88
1 10 0 29
1 10 1 68
1 10 2 72
1 10 3 76
1 10 4 58
1 10 5 39
1 10 6 5
1 10 7 22
1 10 8 18
1 10 9 69
1 10 10 73
1 10 11 77
1 10 12 53
1 10 13 12
1 10 14 89
1 10 15 20
1 10 16 49
1 10 17 2
1 10 18 37
1 10 19 40
1 10 20 82
1 10 21 45
1 10 22 52
1 10 23 8
1 10 24 44
1 10 25 71
1 10 26 75
1 10 27 13
1 10 28 55
1 10 29 4
1 10 30 0
1 11 0 2
1 11 1 71
1 11 2 75
1 11 3 48
1 11 4 52
1 11 5 87
1 11 6 24
1 11 7 64
1 11 8 14
1 11 9 72
1 11 10 29
1 11 11 39
1 11 12 26
1 11 13 4
1 11 14 8
1 11 15 54
1 11 16 13
1 11 17 37
1 11 18 49
1 11 19 81
1 11 20 42
1 11 21 47
1 11 22 62
1 11 23 53
1 11 24 70
1 11 25 27
1 11 26 9
1 11 27 60
1 11 28 86
1 11 29 25
1 11 30 63
1 12 0 70
1 12 1 13
1 12 2 45
1 12 3 61
1 12 4 16
1 12 5 7
1 12 6 11
1 12 7 67
1 12 8 71
1 12 9 6
1 12 10 44
1 12 11 83
1 12 12 87
1 12 13 17
1 12 14 55
1 12 15 68
1 12 16 53
1 12 17 39
1 12 18 80
1 12 19 35
1 12 20 34
1 12 21 36
1 12 22 32
1 12 23 69
1 12 24 8
1 12 25 30
1 12 26 60
1 12 27 85
1 12 28 18
1 12 29 15
1 12 30 26
1 13 0 24
1 13 1 58
1 13 2 54
1 13 3 29
1 13 4 20
1 13 5 62
1 13 6 66
1 13 7 70
1 13 8 74
1 13 9 52
1 13 10 3
1 13 11 10
1 13 12 18
1 13 13 38
1 13 14 17
1 13 15 34
1 13 16 60
1 13 17 79
1 13 18 51
1 13 19 50
1 13 20 16
1 13 21 41
1 13 22 27
1 13 23 5
1 13 24 76
1 13 25 61
1 13 26 84
1 13 27 88
1 13 28 21
1 13 29 0
1 13 30 69
1 14 0 32
1 14 1 33
1 14 2 8
1 14 3 88
1 14 4 47
1 14 5 65
1 14 6 69
1 14 7 73
1 14 8 55
1 14 9 29
1 14 10 18
1 14 11 21
1 14 12 51
1 14 13 24
1 14 14 40
1 14 15 44
1 14 16 78
1 14 17 46
1 14 18 42
1 14 19 90
1 14 20 35
1 14 21 67
1 14 22 30
1 14 23 75
1 14 24 41
1 14 25 7
1 14 26 25
1 14 27 3
1 14 28 64
1 14 29 26
1 14 30 10
1 15 0 43
1 15 1 83
1 15 2 14
1 15 3 3
1 15 4 26
1 15 5 18
1 15 6 72
1 15 7 41
1 15 8 27
1 15 9 13
1 15 10 88
1 15 11 38
1 15 12 24
1 15 13 33
1 15 14 60
1 15 15 77
1 15 16 58
1 15 17 48
1 15 18 89
1 15 19 45
1 15 20 66
1 15 21 2
1 15 22 16
1 15 23 31
1 15 24 82
1 15 25 86
1 15 26 21
1 15 27 30
1 15 28 67
1 15 29 5
1 15 30 37
1 16 0 27
1 16 1 86
1 16 2 90
1 16 3 63
1 16 4 67
1 16 5 71
1 16 6 33
1 16 7 3
1 16 8 83
1 16 9 28
1 16 10 50
1 16 11 64
1 16 12 47
1 16 13 37
1 16 14 76
1 16 15 35
1 16 16 31
1 16 17 14
1 16 18 57
1 16 19 65
1 16 20 10
1 16 21 25
1 16 22 54
1 16 23 81
1 16 24 85
1 16 25 6
1 16 26 62
1 16 27 66
1 16 28 24
1 16 29 52
1 16 30 58
1 17 0 85
1 17 1 89
1 17 2 27
1 17 3 66
1 17 4 70
1 17 5 54
1 17 6 8
1 17 7 23
1 17 8 86
1 17 9 60
1 17 10 19
1 17 11 53
1 17 12 49
1 17 13 75
1 17 14 51
1 17 15 55
1 17 16 87
1 17 17 44
1 17 18 5
1 17 19 68
1 17 20 30
1 17 21 40
1 17 22 80
1 17 23 84
1 17 24 88
1 17 25 48
1 17 26 65
1 17 27 6
1 17 28 31
1 17 29 32
1 17 30 9
1 18 0 3
1 18 1 12
1 18 2 65
1 18 3 69
1 18 4 34
1 18 5 17
1 18 6 0
1 18 7 85
1 18 8 54
1 18 9 62
1 18 10 45
1 18 11 44
1 18 12 74
1 18 13 35
1 18 14 61
1 18 15 9
1 18 16 57
1 18 17 63
1 18 18 20
1 18 19 6
1 18 20 43
1 18 21 79
1 18 22 15
1 18 23 7
1 18 24 30
1 18 25 19
1 18 26 68
1 18 27 41
1 18 28 37
1 18 29 28
1 18 30 84
1 19 0 30
1 19 1 8
1 19 2 26
1 19 3 35
1 19 4 76
1 19 5 3
1 19 6 84
1 19 7 32
1 19 8 59
1 19 9 61
1 19 10 60
1 19 11 73
1 19 12 56
1 19 13 42
1 19 14 9
1 19 15 40
1 19 16 12
1 19 17 15
1 19 18 4
1 19 19 51
1 19 20 78
1 19 21 82
1 19 22 86
1 19 23 90
1 19 24 63
1 19 25 25
1 19 26 34
1 19 27 50
1 19 28 23
1 19 29 7
1 19 30 87
1 20 0 63
1 20 1 67
1 20 2 35
1 20 3 75
1 20 4 28
1 20 5 6
1 20 6 42
1 20 7 17
1 20 8 48
1 20 9 53
1 20 10 72
1 20 11 46
1 20 12 58
1 20 13 16
1 20 14 41
1 20 15 15
1 20 16 23
1 20 17 30
1 20 18 56
1 20 19 77
1 20 20 81
1 20 21 85
1 20 22 89
1 20 23 13
1 20 24 4
1 20 25 43
1 20 26 47
1 20 27 9
1 20 28 82
1 20 29 2
1 20 30 12
1 21 0 66
1 21 1 40
1 21 2 3
1 21 3 25
1 21 4 82
1 21 5 51
1 21 6 90
1 21 7 43
1 21 8 50
1 21 9 71
1 21 10 55
1 21 11 58
1 21 12 83
1 21 13 46
1 21 14 16
1 21 15 64
1 21 16 68
1 21 17 42
1 21 18 27
1 21 19 80
1 21 20 84
1 21 21 22
1 21 22 26
1 21 23 17
1 21 24 56
1 21 25 37
1 21 26 20
1 21 27 81
1 21 28 7
1 21 29 18
1 21 30 15
1 22 0 45
1 22 1 24
1 22 2 6
1 22 3 81
1 22 4 42
1 22 5 89
1 22 6 35
1 22 7 33
1 22 8 70
1 22 9 41
1 22 10 52
1 22 11 20
1 22 12 31
1 22 13 25
1 22 14 29
1 22 15 7
1 22 16 43
1 22 17 4
1 22 18 79
1 22 19 19
1 22 20 87
1 22 21 9
1 22 22 64
1 22 23 46
1 22 24 57
1 22 25 76
1 22 26 80
1 22 27 0
1 22 28 88
1 22 29 8
1 22 30 65
1 23 0 20
1 23 1 76
1 23 2 80
1 23 3 52
1 23 4 25
1 23 5 35
1 23 6 48
1 23 7 69
1 23 8 40
1 23 9 54
1 23 10 0
1 23 11 47
1 23 12 13
1 23 13 62
1 23 14 21
1 23 15 53
1 23 16 74
1 23 17 78
1 23 18 82
1 23 19 15
1 23 20 11
1 23 21 28
1 23 22 46
1 23 23 45
1 23 24 75
1 23 25 79
1 23 26 83
1 23 27 4
1 23 28 2
1 23 29 29
1 23 30 50
1 24 0 75
1 24 1 79
1 24 2 43
1 24 3 87
1 24 4 46
1 24 5 58
1 24 6 68
1 24 7 59
1 24 8 38
1 24 9 21
1 24 10 36
1 24 11 88
1 24 12 40
1 24 13 28
1 24 14 32
1 24 15 73
1 24 16 77
1 24 17 81
1 24 18 2
1 24 19 30
1 24 20 62
1 24 21 56
1 24 22 57
1 24 23 23
1 24 24 78
1 24 25 13
1 24 26 86
1 24 27 19
1 24 28 63
1 24 29 47
1 24 30 14
1 25 0 78
1 25 1 49
1 25 2 16
1 25 3 32
1 25 4 31
1 25 5 67
1 25 6 37
1 25 7 36
1 25 8 26
1 25 9 57
1 25 10 8
1 25 11 0
1 25 12 64
1 25 13 41
1 25 14 72
1 25 15 22
1 25 16 80
1 25 17 9
1 25 18 88
1 25 19 61
1 25 20 46
1 25 21 44
1 25 22 5
1 25 23 77
1 25 24 19
1 25 25 85
1 25 26 4
1 25 27 10
1 25 28 33
1 25 29 30
1 25 30 2
1 26 0 36
1 26 1 30
1 26 2 57
1 26 3 53
1 26 4 66
1 26 5 45
1 26 6 39
1 26 7 12
1 26 8 37
1 26 9 86
1 26 10 90
1 26 11 18
1 26 12 50
1 26 13 71
1 26 14 22
1 26 15 79
1 26 16 83
1 26 17 19
1 26 18 9
1 26 19 41
1 26 20 59
1 26 21 24
1 26 22 8
1 26 23 0
1 26 24 84
1 26 25 88
1 26 26 7
1 26 27 44
1 26 28 5
1 26 29 17
1 26 30 77
1 27 0 19
1 27 1 42
1 27 2 49
1 27 3 65
1 27 4 43
1 27 5 55
1 27 6 15
1 27 7 58
1 27 8 85
1 27 9 89
1 27 10 62
1 27 11 54
1 27 12 70
1 27 13 74
1 27 14 78
1 27 15 28
1 27 16 86
1 27 17 90
1 27 18 40
1 27 19 36
1 27 20 26
1 27 21 13
1 27 22 4
1 27 23 18
1 27 24 10
1 27 25 5
1 27 26 39
1 27 27 68
1 27 28 16
1 27 29 20
1 27 30 41
1 28 0 56
1 28 1 32
1 28 2 64
1 28 3 34
1 28 4 60
1 28 5 76
1 28 6 52
1 28 7 84
1 28 8 17
1 28 9 31
1 28 10 38
1 28 11 69
1 28 12 73
1 28 13 77
1 28 14 23
1 28 15 85
1 28 16 89
1 28 17 47
1 28 18 50
1 28 19 11
1 28 20 74
1 28 21 30
1 28 22 82
1 28 23 86
1 28 24 0
1 28 25 39
1 28 26 12
1 28 27 7
1 28 28 10
1 28 29 48
1 28 30 83
1 29 0 37
1 29 1 63
1 29 2 59
1 29 3 45
1 29 4 75
1 29 5 43
1 29 6 27
1 29 7 87
1 29 8 5
1 29 9 34
1 29 10 20
1 29 11 72
1 29 12 4
1 29 13 3
1 29 14 84
1 29 15 0
1 29 16 56
1 29 17 53
1 29 18 22
1 29 19 73
1 29 20 25
1 29 21 81
1 29 22 85
1 29 23 10
1 29 24 36
1 29 25 28
1 29 26 16
1 29 27 74
1 29 28 51
1 29 29 9
1 29 30 52
1 30 0 62
1 30 1 54
1 30 2 53
1 30 3 9
1 30 4 33
1 30 5 82
1 30 6 12
1 30 7 90
1 30 8 58
1 30 9 67
1 30 10 71
1 30 11 16
1 30 12 22
1 30 13 21
1 30 14 87
1 30 15 50
1 30 16 61
1 30 17 68
1 30 18 72
1 30 19 76
1 30 20 80
1 30 21 84
1 30 22 88
1 30 23 44
1 30 24 6
1 30 25 0
1 30 26 73
1 30 27 34
1 30 28 4
1 30 29 57
1 30 30 42
2 0 0 54
2 0 1 10
2 0 2 34
2 0 3 82
2 0 4 13
2 0 5 90
2 0 6 59
2 0 7 67
2 0 8 71
2 0 9 17
2 0 10 23
2 0 11 22
2 0 12 87
2 0 13 51
2 0 14 31
2 0 15 68
2 0 16 72
2 0 17 76
2 0 18 80
2 0 19 84
2 0 20 88
2 0 21 45
2 0 22 7
2 0 23 1
2 0 24 73
2 0 25 35
2 0 26 5
2 0 27 58
2 0 28 43
2 0 29 62
2 0 30 55
2 1 0 23
2 1 1 45
2 1 2 81
2 1 3 28
2 1 4 89
2 1 5 57
2 1 6 66
2 1 7 70
2 1 8 74
2 1 9 20
2 1 10 82
2 1 11 19
2 1 12 47
2 1 13 50
2 1 14 6
2 1 15 71
2 1 16 75
2 1 17 79
2 1 18 25
2 1 19 12
2 1 20 40
2 1 21 64
2 1 22 68
2 1 23 72
2 1 24 52
2 1 25 17
2 1 26 58
2 1 27 61
2 1 28 33
2 1 29 36
2 1 30 39
2 2 0 31
2 2 1 80
2 2 2 15
2 2 3 12
2 2 4 52
2 2 5 65
2 2 6 69
2 2 7 73
2 2 8 28
2 2 9 81
2 2 10 22
2 2 11 35
2 2 12 46
2 2 13 13
2 2 14 70
2 2 15 7
2 2 16 78
2 2 17 82
2 2 18 86
2 2 19 38
2 2 20 23
2 2 21 20
2 2 22 71
2 2 23 32
2 2 24 11
2 2 25 43
2 2 26 42
2 2 27 2
2 2 28 54
2 2 29 39
2 2 30 24
2 3 0 79
2 3 1 83
2 3 2 87
2 3 3 60
2 3 4 23
2 3 5 10
2 3 6 72
2 3 7 76
2 3 8 80
2 3 9 29
2 3 10 43
2 3 11 40
2 3 12 16
2 3 13 69
2 3 14 15
2 3 15 77
2 3 16 81
2 3 17 85
2 3 18 31
2 3 19 62
2 3 20 7
2 3 21 70
2 3 22 53
2 3 23 12
2 3 24 51
2 3 25 37
2 3 26 90
2 3 27 59
2 3 28 44
2 3 29 18
2 3 30 45
2 4 0 3
2 4 1 28
2 4 2 57
2 4 3 63
2 4 4 67
2 4 5 71
2 4 6 75
2 4 7 79
2 4 8 83
2 4 9 46
2 4 10 49
2 4 11 64
2 4 12 13
2 4 13 12
2 4 14 18
2 4 15 80
2 4 16 84
2 4 17 58
2 4 18 34
2 4 19 22
2 4 20 69
2 4 21 44
2 4 22 25
2 4 23 36
2 4 24 31
2 4 25 89
2 4 26 33
2 4 27 40
2 4 28 30
2 4 29 48
2 4 30 78
2 5 0 6
2 5 1 57
2 5 2 24
2 5 3 66
2 5 4 70
2 5 5 9
2 5 6 78
2 5 7 12
2 5 8 60
2 5 9 56
2 5 10 3
2 5 11 67
2 5 12 0
2 5 13 30
2 5 14 79
2 5 15 14
2 5 16 42
2 5 17 29
2 5 18 64
2 5 19 7
2 5 20 38
2 5 21 76
2 5 22 41
2 5 23 53
2 5 24 88
2 5 25 47
2 5 26 54
2 5 27 25
2 5 28 55
2 5 29 77
2 5 30 18
2 6 0 52
2 6 1 3
2 6 2 65
2 6 3 69
2 6 4 4
2 6 5 77
2 6 6 23
2 6 7 37
2 6 8 55
2 6 9 62
2 6 10 66
2 6 11 11
2 6 12 74
2 6 13 78
2 6 14 82
2 6 15 46
2 6 16 90
2 6 17 17
2 6 18 67
2 6 19 59
2 6 20 75
2 6 21 57
2 6 22 51
2 6 23 87
2 6 24 43
2 6 25 39
2 6 26 68
2 6 27 60
2 6 28 24
2 6 29 27
2 6 30 22
2 7 0 29
2 7 1 24
2 7 2 16
2 7 3 30
2 7 4 21
2 7 5 8
2 7 6 52
2 7 7 50
2 7 8 35
2 7 9 65
2 7 10 6
2 7 11 73
2 7 12 77
2 7 13 81
2 7 14 55
2 7 15 89
2 7 16 62
2 7 17 66
2 7 18 39
2 7 19 19
2 7 20 60
2 7 21 59
2 7 22 86
2 7 23 34
2 7 24 33
2 7 25 15
2 7 26 47
2 7 27 14
2 7 28 18
2 7 29 83
2 7 30 32
2 8 0 63
2 8 1 67
2 8 2 3
2 8 3 26
2 8 4 10
2 8 5 39
2 8 6 40
2 8 7 25
2 8 8 15
2 8 9 68
2 8 10 72
2 8 11 12
2 8 12 80
2 8 13 33
2 8 14 16
2 8 15 56
2 8 16 65
2 8 17 60
2 8 18 22
2 8 19 58
2 8 20 37
2 8 21 85
2 8 22 38
2 8 23 50
2 8 24 4
2 8 25 53
2 8 26 74
2 8 27 17
2 8 28 29
2 8 29 49
2 8 30 27
2 9 0 66
2 9 1 15
2 9 2 74
2 9 3 29
2 9 4 51
2 9 5 50
2 9 6 90
2 9 7 63
2 9 8 25
2 9 9 71
2 9 10 12
2 9 11 79
2 9 12 43
2 9 13 87
2 9 14 3
2 9 15 26
2 9 16 49
2 9 17 8
2 9 18 42
2 9 19 56
2 9 20 84
2 9 21 48
2 9 22 61
2 9 23 18
2 9 24 44
2 9 25 73
2 9 26 1
2 9 27 4
2 9 28 46
2 9 29 24
2 9 30 30
2 10 0 21
2 10 1 73
2 10 2 11
2 10 3 39
2 10 4 50
2 10 5 89
2 10 6 4
2 10 7 1
2 10 8 70
2 10 9 74
2 10 10 78
2 10 11 53
2 10 12 6
2 10 13 90
2 10 14 63
2 10 15 34
2 10 16 13
2 10 17 44
2 10 18 55
2 10 19 83
2 10 20 32
2 10 21 61
2 10 22 64
2 10 23 54
2 10 24 72
2 10 25 76
2 10 26 20
2 10 27 51
2 10 28 88
2 10 29 15
2 10 30 65
2 11 0 72
2 11 1 76
2 11 2 59
2 11 3 40
2 11 4 6
2 11 5 23
2 11 6 19
2 11 7 69
2 11 8 73
2 11 9 77
2 11 10 54
2 11 11 13
2 11 12 89
2 11 13 21
2 11 14 50
2 11 15 3
2 11 16 38
2 11 17 41
2 11 18 82
2 11 19 46
2 11 20 53
2 11 21 9
2 11 22 45
2 11 23 71
2 11 24 75
2 11 25 14
2 11 26 56
2 11 27 5
2 11 28 1
2 11 29 30
2 11 30 68
2 12 0 75
2 12 1 49
2 12 2 53
2 12 3 87
2 12 4 25
2 12 5 64
2 12 6 15
2 12 7 72
2 12 8 30
2 12 9 40
2 12 10 27
2 12 11 5
2 12 12 9
2 12 13 55
2 12 14 14
2 12 15 38
2 12 16 50
2 12 17 81
2 12 18 43
2 12 19 48
2 12 20 62
2 12 21 54
2 12 22 70
2 12 23 28
2 12 24 10
2 12 25 61
2 12 26 86
2 12 27 26
2 12 28 63
2 12 29 3
2 12 30 71
2 13 0 46
2 13 1 31
2 13 2 17
2 13 3 8
2 13 4 12
2 13 5 67
2 13 6 71
2 13 7 7
2 13 8 45
2 13 9 83
2 13 10 87
2 13 11 18
2 13 12 56
2 13 13 68
2 13 14 54
2 13 15 40
2 13 16 80
2 13 17 36
2 13 18 35
2 13 19 37
2 13 20 33
2 13 21 69
2 13 22 9
2 13 23 0
2 13 24 61
2 13 25 85
2 13 26 19
2 13 27 16
2 13 28 27
2 13 29 70
2 13 30 14
2 14 0 55
2 14 1 30
2 14 2 21
2 14 3 62
2 14 4 66
2 14 5 70
2 14 6 74
2 14 7 53
2 14 8 4
2 14 9 11
2 14 10 19
2 14 11 39
2 14 12 18
2 14 13 35
2 14 14 61
2 14 15 79
2 14 16 52
2 14 17 51
2 14 18 17
2 14 19 42
2 14 20 28
2 14 21 6
2 14 22 76
2 14 23 31
2 14 24 84
2 14 25 88
2 14 26 22
2 14 27 1
2 14 28 69
2 14 29 25
2 14 30 59
2 15 0 9
2 15 1 88
2 15 2 48
2 15 3 65
2 15 4 69
2 15 5 73
2 15 6 56
2 15 7 30
2 15 8 19
2 15 9 22
2 15 10 52
2 15 11 25
2 15 12 41
2 15 13 45
2 15 14 78
2 15 15 47
2 15 16 43
2 15 17 90
2 15 18 36
2 15 19 67
2 15 20 0
2 15 21 75
2 15 22 42
2 15 23 8
2 15 24 26
2 15 25 4
2 15 26 64
2 15 27 27
2 15 28 11
2 15 29 33
2 15 30 34
2 16 0 15
2 16 1 4
2 16 2 27
2 16 3 19
2 16 4 72
2 16 5 42
2 16 6 28
2 16 7 14
2 16 8 88
2 16 9 39
2 16 10 25
2 16 11 34
2 16 12 61
2 16 13 77
2 16 14 59
2 16 15 49
2 16 16 89
2 16 17 46
2 16 18 66
2 16 19 3
2 16 20 17
2 16 21 32
2 16 22 82
2 16 23 86
2 16 24 22
2 16 25 0
2 16 26 67
2 16 27 6
2 16 28 38
2 16 29 44
2 16 30 83
2 17 0 90
2 17 1 63
2 17 2 67
2 17 3 71
2 17 4 34
2 17 5 4
2 17 6 83
2 17 7 29
2 17 8 51
2 17 9 64
2 17 10 48
2 17 11 38
2 17 12 76
2 17 13 36
2 17 14 32
2 17 15 15
2 17 16 58
2 17 17 65
2 17 18 11
2 17 19 26
2 17 20 55
2 17 21 81
2 17 22 85
2 17 23 7
2 17 24 62
2 17 25 66
2 17 26 25
2 17 27 53
2 17 28 59
2 17 29 28
2 17 30 86
2 18 0 28
2 18 1 66
2 18 2 70
2 18 3 55
2 18 4 9
2 18 5 24
2 18 6 86
2 18 7 61
2 18 8 20
2 18 9 54
2 18 10 50
2 18 11 75
2 18 12 52
2 18 13 56
2 18 14 87
2 18 15 45
2 18 16 6
2 18 17 68
2 18 18 0
2 18 19 41
2 18 20 80
2 18 21 84
2 18 22 88
2 18 23 49
2 18 24 65
2 18 25 7
2 18 26 32
2 18 27 33
2 18 28 10
2 18 29 85
2 18 30 89
2 19 0 65
2 19 1 69
2 19 2 35
2 19 3 18
2 19 4 1
2 19 5 85
2 19 6 55
2 19 7 62
2 19 8 46
2 19 9 45
2 19 10 74
2 19 11 36
2 19 12 31
2 19 13 10
2 19 14 58
2 19 15 63
2 19 16 21
2 19 17 7
2 19 18 44
2 19 19 79
2 19 20 16
2 19 21 8
2 19 22 0
2 19 23 20
2 19 24 68
2 19 25 42
2 19 26 38
2 19 27 29
2 19 28 84
2 19 29 4
2 19 30 13
2 20 0 27
2 20 1 36
2 20 2 76
2 20 3 4
2 20 4 84
2 20 5 33
2 20 6 60
2 20 7 31
2 20 8 61
2 20 9 73
2 20 10 57
2 20 11 43
2 20 12 10
2 20 13 41
2 20 14 13
2 20 15 16
2 20 16 5
2 20 17 52
2 20 18 78
2 20 19 82
2 20 20 86
2 20 21 90
2 20 22 63
2 20 23 26
2 20 24 35
2 20 25 51
2 20 26 24
2 20 27 8
2 20 28 87
2 20 29 0
2 20 30 9
2 21 0 36
2 21 1 75
2 21 2 29
2 21 3 7
2 21 4 43
2 21 5 18
2 21 6 49
2 21 7 54
2 21 8 72
2 21 9 47
2 21 10 59
2 21 11 17
2 21 12 42
2 21 13 16
2 21 14 24
2 21 15 0
2 21 16 57
2 21 17 77
2 21 18 81
2 21 19 85
2 21 20 89
2 21 21 14
2 21 22 5
2 21 23 44
2 21 24 48
2 21 25 10
2 21 26 82
2 21 27 3
2 21 28 13
2 21 29 63
2 21 30 67
2 22 0 4
2 22 1 26
2 22 2 82
2 22 3 52
2 22 4 90
2 22 5 44
2 22 6 51
2 22 7 71
2 22 8 56
2 22 9 59
2 22 10 83
2 22 11 47
2 22 12 17
2 22 13 64
2 22 14 68
2 22 15 43
2 22 16 28
2 22 17 80
2 22 18 84
2 22 19 23
2 22 20 27
2 22 21 18
2 22 22 57
2 22 23 38
2 22 24 21
2 22 25 81
2 22 26 8
2 22 27 19
2 22 28 16
2 22 29 66
2 22 30 41
2 23 0 7
2 23 1 81
2 23 2 43
2 23 3 89
2 23 4 36
2 23 5 34
2 23 6 70
2 23 7 42
2 23 8 53
2 23 9 21
2 23 10 32
2 23 11 26
2 23 12 30
2 23 13 8
2 23 14 44
2 23 15 5
2 23 16 79
2 23 17 20
2 23 18 87
2 23 19 10
2 23 20 64
2 23 21 47
2 23 22 58
2 23 23 76
2 23 24 80
2 23 25 1
2 23 26 88
2 23 27 9
2 23 28 65
2 23 29 46
2 23 30 25
2 24 0 80
2 24 1 53
2 24 2 26
2 24 3 36
2 24 4 49
2 24 5 69
2 24 6 41
2 24 7 55
2 24 8 1
2 24 9 48
2 24 10 14
2 24 11 62
2 24 12 22
2 24 13 54
2 24 14 74
2 24 15 78
2 24 16 82
2 24 17 16
2 24 18 12
2 24 19 29
2 24 20 47
2 24 21 46
2 24 22 75
2 24 23 79
2 24 24 83
2 24 25 5
2 24 26 3
2 24 27 30
2 24 28 51
2 24 29 21
2 24 30 76
2 25 0 44
2 25 1 87
2 25 2 47
2 25 3 59
2 25 4 68
2 25 5 60
2 25 6 39
2 25 7 22
2 25 8 37
2 25 9 88
2 25 10 41
2 25 11 29
2 25 12 33
2 25 13 73
2 25 14 77
2 25 15 81
2 25 16 3
2 25 17 0
2 25 18 62
2 25 19 57
2 25 20 58
2 25 21 24
2 25 22 78
2 25 23 14
2 25 24 86
2 25 25 20
2 25 26 63
2 25 27 48
2 25 28 15
2 25 29 75
2 25 30 79
2 26 0 17
2 26 1 33
2 26 2 32
2 26 3 67
2 26 4 38
2 26 5 37
2 26 6 27
2 26 7 58
2 26 8 9
2 26 9 1
2 26 10 64
2 26 11 42
2 26 12 72
2 26 13 23
2 26 14 80
2 26 15 10
2 26 16 88
2 26 17 31
2 26 18 47
2 26 19 45
2 26 20 6
2 26 21 77
2 26 22 20
2 26 23 85
2 26 24 5
2 26 25 11
2 26 26 34
2 26 27 0
2 26 28 3
2 26 29 78
2 26 30 50
2 27 0 58
2 27 1 54
2 27 2 66
2 27 3 46
2 27 4 40
2 27 5 13
2 27 6 38
2 27 7 86
2 27 8 90
2 27 9 19
2 27 10 51
2 27 11 71
2 27 12 23
2 27 13 79
2 27 14 83
2 27 15 20
2 27 16 10
2 27 17 42
2 27 18 60
2 27 19 25
2 27 20 9
2 27 21 1
2 27 22 84
2 27 23 88
2 27 24 8
2 27 25 45
2 27 26 6
2 27 27 18
2 27 28 77
2 27 29 37
2 27 30 0
2 28 0 50
2 28 1 65
2 28 2 44
2 28 3 56
2 28 4 16
2 28 5 59
2 28 6 85
2 28 7 89
2 28 8 62
2 28 9 55
2 28 10 70
2 28 11 74
2 28 12 78
2 28 13 29
2 28 14 86
2 28 15 90
2 28 16 41
2 28 17 37
2 28 18 27
2 28 19 14
2 28 20 5
2 28 21 19
2 28 22 11
2 28 23 6
2 28 24 40
2 28 25 68
2 28 26 17
2 28 27 21
2 28 28 42
2 28 29 20
2 28 30 43
2 29 0 64
2 29 1 35
2 29 2 61
2 29 3 76
2 29 4 53
2 29 5 84
2 29 6 18
2 29 7 32
2 29 8 39
2 29 9 69
2 29 10 73
2 29 11 77
2 29 12 24
2 29 13 85
2 29 14 89
2 29 15 48
2 29 16 51
2 29 17 12
2 29 18 74
2 29 19 0
2 29 20 82
2 29 21 86
2 29 22 1
2 29 23 40
2 29 24 13
2 29 25 8
2 29 26 11
2 29 27 49
2 29 28 83
2 29 29 57
2 29 30 33
2 30 0 60
2 30 1 46
2 30 2 75
2 30 3 44
2 30 4 28
2 30 5 87
2 30 6 6
2 30 7 35
2 30 8 21
2 30 9 72
2 30 10 5
2 30 11 4
2 30 12 84
2 30 13 1
2 30 14 57
2 30 15 54
2 30 16 23
2 30 17 73
2 30 18 26
2 30 19 81
2 30 20 85
2 30 21 11
2 30 22 37
2 30 23 29
2 30 24 17
2 30 25 74
2 30 26 52
2 30 27 10
2 30 28 53
2 30 29 38
2 30 30 63
3 0 0 75
3 0 1 45
3 0 2 29
3 0 3 87
3 0 4 7
3 0 5 36
3 0 6 22
3 0 7 72
3 0 8 6
3 0 9 5
3 0 10 84
3 0 11 2
3 0 12 58
3 0 13 55
3 0 14 24
3 0 15 73
3 0 16 27
3 0 17 81
3 0 18 85
3 0 19 12
3 0 20 38
3 0 21 30
3 0 22 18
3 0 23 74
3 0 24 53
3 0 25 11
3 0 26 54
3 0 27 39
3 0 28 63
3 0 29 61
3 0 30 47
3 1 0 35
3 1 1 82
3 1 2 14
3 1 3 90
3 1 4 60
3 1 5 67
3 1 6 71
3 1 7 18
3 1 8 24
3 1 9 23
3 1 10 87
3 1 11 52
3 1 12 32
3 1 13 68
3 1 14 72
3 1 15 76
3 1 16 80
3 1 17 84
3 1 18 88
3 1 19 46
3 1 20 8
3 1 21 2
3 1 22 73
3 1 23 36
3 1 24 6
3 1 25 59
3 1 26 44
3 1 27 62
3 1 28 56
3 1 29 55
3 1 30 11
3 2 0 81
3 2 1 29
3 2 2 89
3 2 3 58
3 2 4 66
3 2 5 70
3 2 6 74
3 2 7 21
3 2 8 82
3 2 9 20
3 2 10 48
3 2 11 51
3 2 12 7
3 2 13 71
3 2 14 75
3 2 15 79
3 2 16 26
3 2 17 13
3 2 18 41
3 2 19 64
3 2 20 68
3 2 21 72
3 2 22 53
3 2 23 18
3 2 24 59
3 2 25 31
3 2 26 34
3 2 27 37
3 2 28 40
3 2 29 24
3 2 30 46
3 3 0 16
3 3 1 13
3 3 2 53
3 3 3 65
3 3 4 69
3 3 5 73
3 3 6 29
3 3 7 81
3 3 8 23
3 3 9 36
3 3 10 47
3 3 11 14
3 3 12 70
3 3 13 8
3 3 14 78
3 3 15 82
3 3 16 86
3 3 17 39
3 3 18 24
3 3 19 21
3 3 20 71
3 3 21 33
3 3 22 12
3 3 23 44
3 3 24 43
3 3 25 3
3 3 26 55
3 3 27 40
3 3 28 25
3 3 29 32
3 3 30 80
3 4 0 87
3 4 1 61
3 4 2 24
3 4 3 11
3 4 4 72
3 4 5 76
3 4 6 80
3 4 7 30
3 4 8 44
3 4 9 41
3 4 10 17
3 4 11 69
3 4 12 16
3 4 13 77
3 4 14 81
3 4 15 85
3 4 16 32
3 4 17 62
3 4 18 8
3 4 19 70
3 4 20 54
3 4 21 13
3 4 22 52
3 4 23 38
3 4 24 90
3 4 25 60
3 4 26 45
3 4 27 19
3 4 28 46
3 4 29 79
3 4 30 83
3 5 0 58
3 5 1 63
3 5 2 67
3 5 3 71
3 5 4 75
3 5 5 79
3 5 6 83
3 5 7 47
3 5 8 50
3 5 9 64
3 5 10 14
3 5 11 13
3 5 12 19
3 5 13 80
3 5 14 84
3 5 15 59
3 5 16 35
3 5 17 23
3 5 18 69
3 5 19 45
3 5 20 26
3 5 21 37
3 5 22 32
3 5 23 89
3 5 24 34
3 5 25 41
3 5 26 0
3 5 27 49
3 5 28 78
3 5 29 4
3 5 30 29
3 6 0 25
3 6 1 66
3 6 2 70
3 6 3 10
3 6 4 78
3 6 5 13
3 6 6 61
3 6 7 57
3 6 8 4
3 6 9 67
3 6 10 1
3 6 11 0
3 6 12 79
3 6 13 15
3 6 14 43
3 6 15 30
3 6 16 64
3 6 17 8
3 6 18 39
3 6 19 76
3 6 20 42
3 6 21 54
3 6 22 88
3 6 23 48
3 6 24 55
3 6 25 26
3 6 26 56
3 6 27 77
3 6 28 19
3 6 29 7
3 6 30 58
3 7 0 65
3 7 1 69
3 7 2 5
3 7 3 77
3 7 4 24
3 7 5 38
3 7 6 56
3 7 7 62
3 7 8 66
3 7 9 12
3 7 10 74
3 7 11 78
3 7 12 82
3 7 13 47
3 7 14 90
3 7 15 18
3 7 16 67
3 7 17 60
3 7 18 75
3 7 19 58
3 7 20 52
3 7 21 87
3 7 22 44
3 7 23 40
3 7 24 68
3 7 25 61
3 7 26 25
3 7 27 28
3 7 28 23
3 7 29 53
3 7 30 4
3 8 0 17
3 8 1 0
3 8 2 22
3 8 3 9
3 8 4 53
3 8 5 51
3 8 6 36
3 8 7 65
3 8 8 7
3 8 9 73
3 8 10 77
3 8 11 81
3 8 12 56
3 8 13 89
3 8 14 62
3 8 15 66
3 8 16 40
3 8 17 20
3 8 18 61
3 8 19 60
3 8 20 86
3 8 21 35
3 8 22 34
3 8 23 16
3 8 24 48
3 8 25 15
3 8 26 19
3 8 27 83
3 8 28 33
3 8 29 30
3 8 30 25
3 9 0 4
3 9 1 27
3 9 2 11
3 9 3 40
3 9 4 41
3 9 5 26
3 9 6 16
3 9 7 68
3 9 8 72
3 9 9 13
3 9 10 80
3 9 11 34
3 9 12 17
3 9 13 57
3 9 14 65
3 9 15 61
3 9 16 23
3 9 17 59
3 9 18 38
3 9 19 85
3 9 20 39
3 9 21 51
3 9 22 5
3 9 23 54
3 9 24 74
3 9 25 18
3 9 26 30
3 9 27 50
3 9 28 28
3 9 29 63
3 9 30 67
3 10 0 74
3 10 1 30
3 10 2 52
3 10 3 51
3 10 4 90
3 10 5 63
3 10 6 26
3 10 7 71
3 10 8 13
3 10 9 79
3 10 10 44
3 10 11 87
3 10 12 4
3 10 13 27
3 10 14 50
3 10 15 9
3 10 16 43
3 10 17 57
3 10 18 84
3 10 19 49
3 10 20 31
3 10 21 19
3 10 22 45
3 10 23 73
3 10 24 2
3 10 25 5
3 10 26 47
3 10 27 25
3 10 28 0
3 10 29 66
3 10 30 16
3 11 0 12
3 11 1 40
3 11 2 51
3 11 3 89
3 11 4 5
3 11 5 2
3 11 6 70
3 11 7 74
3 11 8 78
3 11 9 54
3 11 10 7
3 11 11 90
3 11 12 63
3 11 13 35
3 11 14 14
3 11 15 45
3 11 16 56
3 11 17 83
3 11 18 33
3 11 19 31
3 11 20 64
3 11 21 55
3 11 22 72
3 11 23 76
3 11 24 21
3 11 25 52
3 11 26 88
3 11 27 16
3 11 28 65
3 11 29 22
3 11 30 73
3 12 0 60
3 12 1 41
3 12 2 7
3 12 3 24
3 12 4 20
3 12 5 69
3 12 6 73
3 12 7 77
3 12 8 55
3 12 9 14
3 12 10 89
3 12 11 22
3 12 12 51
3 12 13 4
3 12 14 39
3 12 15 42
3 12 16 82
3 12 17 47
3 12 18 54
3 12 19 10
3 12 20 46
3 12 21 71
3 12 22 75
3 12 23 15
3 12 24 57
3 12 25 6
3 12 26 2
3 12 27 0
3 12 28 68
3 12 29 72
3 12 30 76
3 13 0 54
3 13 1 87
3 13 2 26
3 13 3 64
3 13 4 16
3 13 5 72
3 13 6 0
3 13 7 41
3 13 8 28
3 13 9 6
3 13 10 10
3 13 11 56
3 13 12 15
3 13 13 39
3 13 14 51
3 13 15 81
3 13 16 44
3 13 17 49
3 13 18 62
3 13 19 55
3 13 20 70
3 13 21 29
3 13 22 11
3 13 23 31
3 13 24 86
3 13 25 27
3 13 26 63
3 13 27 4
3 13 28 71
3 13 29 75
3 13 30 50
3 14 0 18
3 14 1 9
3 14 2 13
3 14 3 67
3 14 4 71
3 14 5 8
3 14 6 46
3 14 7 83
3 14 8 87
3 14 9 19
3 14 10 57
3 14 11 68
3 14 12 55
3 14 13 41
3 14 14 80
3 14 15 37
3 14 16 36
3 14 17 38
3 14 18 34
3 14 19 69
3 14 20 10
3 14 21 1
3 14 22 31
3 14 23 85
3 14 24 20
3 14 25 17
3 14 26 28
3 14 27 70
3 14 28 15
3 14 29 47
3 14 30 32
3 15 0 22
3 15 1 62
3 15 2 66
3 15 3 70
3 15 4 74
3 15 5 54
3 15 6 5
3 15 7 12
3 15 8 20
3 15 9 40
3 15 10 19
3 15 11 36
3 15 12 31
3 15 13 79
3 15 14 53
3 15 15 52
3 15 16 18
3 15 17 43
3 15 18 29
3 15 19 7
3 15 20 76
3 15 21 32
3 15 22 84
3 15 23 88
3 15 24 23
3 15 25 2
3 15 26 69
3 15 27 26
3 15 28 60
3 15 29 56
3 15 30 0
3 16 0 49
3 16 1 65
3 16 2 69
3 16 3 73
3 16 4 57
3 16 5 0
3 16 6 20
3 16 7 23
3 16 8 53
3 16 9 26
3 16 10 42
3 16 11 46
3 16 12 78
3 16 13 48
3 16 14 44
3 16 15 90
3 16 16 37
3 16 17 67
3 16 18 1
3 16 19 75
3 16 20 43
3 16 21 9
3 16 22 27
3 16 23 5
3 16 24 64
3 16 25 28
3 16 26 12
3 16 27 34
3 16 28 35
3 16 29 10
3 16 30 88
3 17 0 28
3 17 1 20
3 17 2 72
3 17 3 43
3 17 4 29
3 17 5 15
3 17 6 88
3 17 7 40
3 17 8 26
3 17 9 35
3 17 10 31
3 17 11 77
3 17 12 60
3 17 13 50
3 17 14 89
3 17 15 47
3 17 16 66
3 17 17 4
3 17 18 18
3 17 19 33
3 17 20 82
3 17 21 86
3 17 22 23
3 17 23 1
3 17 24 67
3 17 25 7
3 17 26 39
3 17 27 45
3 17 28 83
3 17 29 16
3 17 30 5
3 18 0 67
3 18 1 71
3 18 2 35
3 18 3 5
3 18 4 83
3 18 5 30
3 18 6 52
3 18 7 64
3 18 8 49
3 18 9 39
3 18 10 76
3 18 11 37
3 18 12 33
3 18 13 16
3 18 14 59
3 18 15 65
3 18 16 12
3 18 17 27
3 18 18 56
3 18 19 81
3 18 20 85
3 18 21 8
3 18 22 62
3 18 23 66
3 18 24 26
3 18 25 54
3 18 26 60
3 18 27 29
3 18 28 86
3 18 29 90
3 18 30 63
3 19 0 70
3 19 1 56
3 19 2 10
3 19 3 25
3 19 4 86
3 19 5 31
3 19 6 21
3 19 7 55
3 19 8 51
3 19 9 75
3 19 10 53
3 19 11 57
3 19 12 87
3 19 13 46
3 19 14 7
3 19 15 68
3 19 16 1
3 19 17 42
3 19 18 80
3 19 19 84
3 19 20 88
3 19 21 50
3 19 22 65
3 19 23 8
3 19 24 33
3 19 25 34
3 19 26 11
3 19 27 85
3 19 28 89
3 19 29 29
3 19 30 66
3 20 0 36
3 20 1 19
3 20 2 2
3 20 3 85
3 20 4 56
3 20 5 62
3 20 6 47
3 20 7 46
3 20 8 74
3 20 9 37
3 20 10 32
3 20 11 11
3 20 12 59
3 20 13 63
3 20 14 22
3 20 15 8
3 20 16 45
3 20 17 79
3 20 18 17
3 20 19 9
3 20 20 1
3 20 21 21
3 20 22 68
3 20 23 43
3 20 24 39
3 20 25 30
3 20 26 84
3 20 27 5
3 20 28 14
3 20 29 65
3 20 30 69
3 21 0 76
3 21 1 5
3 21 2 84
3 21 3 34
3 21 4 61
3 21 5 32
3 21 6 31
3 21 7 73
3 21 8 58
3 21 9 44
3 21 10 11
3 21 11 42
3 21 12 14
3 21 13 17
3 21 14 6
3 21 15 53
3 21 16 78
3 21 17 82
3 21 18 86
3 21 19 90
3 21 20 63
3 21 21 27
3 21 22 36
3 21 23 52
3 21 24 25
3 21 25 9
3 21 26 87
3 21 27 1
3 21 28 10
3 21 29 28
3 21 30 37
3 22 0 30
3 22 1 8
3 22 2 44
3 22 3 19
3 22 4 50
3 22 5 55
3 22 6 72
3 22 7 48
3 22 8 60
3 22 9 18
3 22 10 43
3 22 11 17
3 22 12 25
3 22 13 1
3 22 14 58
3 22 15 77
3 22 16 81
3 22 17 85
3 22 18 89
3 22 19 15
3 22 20 6
3 22 21 45
3 22 22 49
3 22 23 11
3 22 24 82
3 22 25 4
3 22 26 14
3 22 27 63
3 22 28 67
3 22 29 37
3 22 30 75
3 23 0 82
3 23 1 53
3 23 2 90
3 23 3 45
3 23 4 52
3 23 5 71
3 23 6 57
3 23 7 60
3 23 8 83
3 23 9 48
3 23 10 18
3 23 11 64
3 23 12 68
3 23 13 44
3 23 14 29
3 23 15 80
3 23 16 84
3 23 17 24
3 23 18 28
3 23 19 19
3 23 20 58
3 23 21 39
3 23 22 22
3 23 23 81
3 23 24 9
3 23 25 20
3 23 26 17
3 23 27 66
3 23 28 42
3 23 29 5
3 23 30 27
3 24 0 44
3 24 1 89
3 24 2 37
3 24 3 35
3 24 4 70
3 24 5 43
3 24 6 54
3 24 7 22
3 24 8 33
3 24 9 27
3 24 10 0
3 24 11 9
3 24 12 45
3 24 13 6
3 24 14 79
3 24 15 21
3 24 16 87
3 24 17 11
3 24 18 64
3 24 19 48
3 24 20 59
3 24 21 76
3 24 22 80
3 24 23 2
3 24 24 88
3 24 25 10
3 24 26 65
3 24 27 47
3 24 28 26
3 24 29 8
3 24 30 81
3 25 0 27
3 25 1 37
3 25 2 50
3 25 3 69
3 25 4 42
3 25 5 56
3 25 6 2
3 25 7 49
3 25 8 15
3 25 9 62
3 25 10 23
3 25 11 55
3 25 12 74
3 25 13 78
3 25 14 82
3 25 15 17
3 25 16 13
3 25 17 30
3 25 18 48
3 25 19 47
3 25 20 75
3 25 21 79
3 25 22 83
3 25 23 6
3 25 24 4
3 25 25 0
3 25 26 52
3 25 27 22
3 25 28 76
3 25 29 80
3 25 30 54
3 26 0 48
3 26 1 60
3 26 2 68
3 26 3 61
3 26 4 40
3 26 5 23
3 26 6 38
3 26 7 88
3 26 8 42
3 26 9 30
3 26 10 34
3 26 11 73
3 26 12 77
3 26 13 81
3 26 14 4
3 26 15 1
3 26 16 62
3 26 17 58
3 26 18 59
3 26 19 25
3 26 20 78
3 26 21 15
3 26 22 86
3 26 23 21
3 26 24 63
3 26 25 49
3 26 26 16
3 26 27 75
3 26 28 79
3 26 29 45
3 26 30 87
3 27 0 33
3 27 1 67
3 27 2 39
3 27 3 38
3 27 4 28
3 27 5 59
3 27 6 10
3 27 7 2
3 27 8 64
3 27 9 43
3 27 10 72
3 27 11 24
3 27 12 80
3 27 13 11
3 27 14 88
3 27 15 32
3 27 16 48
3 27 17 46
3 27 18 7
3 27 19 77
3 27 20 21
3 27 21 85
3 27 22 6
3 27 23 12
3 27 24 35
3 27 25 1
3 27 26 4
3 27 27 78
3 27 28 51
3 27 29 18
3 27 30 34
3 28 0 66
3 28 1 47
3 28 2 41
3 28 3 14
3 28 4 39
3 28 5 86
3 28 6 90
3 28 7 20
3 28 8 52
3 28 9 71
3 28 10 24
3 28 11 79
3 28 12 83
3 28 13 21
3 28 14 11
3 28 15 43
3 28 16 61
3 28 17 26
3 28 18 10
3 28 19 2
3 28 20 84
3 28 21 88
3 28 22 9
3 28 23 46
3 28 24 7
3 28 25 19
3 28 26 77
3 28 27 38
3 28 28 1
3 28 29 59
3 28 30 55
3 29 0 45
3 29 1 57
3 29 2 17
3 29 3 60
3 29 4 85
3 29 5 89
3 29 6 62
3 29 7 56
3 29 8 70
3 29 9 74
3 29 10 78
3 29 11 30
3 29 12 86
3 29 13 90
3 29 14 42
3 29 15 38
3 29 16 28
3 29 17 15
3 29 18 6
3 29 19 20
3 29 20 12
3 29 21 7
3 29 22 41
3 29 23 68
3 29 24 18
3 29 25 22
3 29 26 43
3 29 27 21
3 29 28 44
3 29 29 51
3 29 30 65
3 30 0 31
3 30 1 76
3 30 2 54
3 30 3 84
3 30 4 19
3 30 5 33
3 30 6 40
3 30 7 69
3 30 8 73
3 30 9 77
3 30 10 25
3 30 11 85
3 30 12 89
3 30 13 49
3 30 14 52
3 30 15 13
3 30 16 74
3 30 17 1
3 30 18 82
3 30 19 86
3 30 20 2
3 30 21 41
3 30 22 14
3 30 23 9
3 30 24 12
3 30 25 50
3 30 26 83
3 30 27 58
3 30 28 34
3 30 29 64
3 30 30 36
4 0 0 55
4 0 1 84
4 0 2 20
4 0 3 34
4 0 4 41
4 0 5 69
4 0 6 73
4 0 7 77
4 0 8 26
4 0 9 85
4 0 10 89
4 0 11 50
4 0 12 53
4 0 13 14
4 0 14 74
4 0 15 2
4 0 16 82
4 0 17 86
4 0 18 3
4 0 19 42
4 0 20 15
4 0 21 10
4 0 22 13
4 0 23 51
4 0 24 83
4 0 25 59
4 0 26 35
4 0 27 64
4 0 28 37
4 0 29 32
4 0 30 76
4 1 0 30
4 1 1 87
4 1 2 8
4 1 3 37
4 1 4 23
4 1 5 72
4 1 6 7
4 1 7 6
4 1 8 84
4 1 9 3
4 1 10 59
4 1 11 56
4 1 12 25
4 1 13 73
4 1 14 28
4 1 15 81
4 1 16 85
4 1 17 13
4 1 18 39
4 1 19 0
4 1 20 19
4 1 21 74
4 1 22 54
4 1 23 12
4 1 24 55
4 1 25 40
4 1 26 63
4 1 27 31
4 1 28 48
4 1 29 75
4 1 30 46
4 2 0 15
4 2 1 90
4 2 2 61
4 2 3 67
4 2 4 71
4 2 5 19
4 2 6 25
4 2 7 24
4 2 8 87
4 2 9 53
4 2 10 33
4 2 11 68
4 2 12 72
4 2 13 76
4 2 14 80
4 2 15 84
4 2 16 88
4 2 17 47
4 2 18 9
4 2 19 3
4 2 20 73
4 2 21 37
4 2 22 7
4 2 23 60
4 2 24 45
4 2 25 62
4 2 26 57
4 2 27 56
4 2 28 12
4 2 29 36
4 2 30 82
4 3 0 89
4 3 1 59
4 3 2 66
4 3 3 70
4 3 4 74
4 3 5 22
4 3 6 82
4 3 7 21
4 3 8 49
4 3 9 52
4 3 10 8
4 3 11 71
4 3 12 75
4 3 13 79
4 3 14 27
4 3 15 14
4 3 16 42
4 3 17 64
4 3 18 68
4 3 19 72
4 3 20 54
4 3 21 19
4 3 22 60
4 3 23 32
4 3 24 35
4 3 25 38
4 3 26 41
4 3 27 25
4 3 28 47
4 3 29 81
4 3 30 30
4 4 0 54
4 4 1 65
4 4 2 69
4 4 3 73
4 4 4 30
4 4 5 81
4 4 6 24
4 4 7 37
4 4 8 48
4 4 9 15
4 4 10 70
4 4 11 9
4 4 12 78
4 4 13 82
4 4 14 86
4 4 15 40
4 4 16 25
4 4 17 22
4 4 18 71
4 4 19 34
4 4 20 13
4 4 21 45
4 4 22 44
4 4 23 4
4 4 24 56
4 4 25 41
4 4 26 26
4 4 27 33
4 4 28 80
4 4 29 17
4 4 30 14
4 5 0 25
4 5 1 12
4 5 2 72
4 5 3 76
4 5 4 80
4 5 5 0
4 5 6 45
4 5 7 42
4 5 8 18
4 5 9 69
4 5 10 17
4 5 11 77
4 5 12 81
4 5 13 85
4 5 14 33
4 5 15 62
4 5 16 9
4 5 17 70
4 5 18 55
4 5 19 14
4 5 20 53
4 5 21 39
4 5 22 90
4 5 23 61
4 5 24 46
4 5 25 20
4 5 26 47
4 5 27 79
4 5 28 83
4 5 29 87
4 5 30 31
4 6 0 67
4 6 1 71
4 6 2 75
4 6 3 79
4 6 4 83
4 6 5 48
4 6 6 51
4 6 7 64
4 6 8 15
4 6 9 14
4 6 10 20
4 6 11 80
4 6 12 84
4 6 13 60
4 6 14 36
4 6 15 24
4 6 16 69
4 6 17 46
4 6 18 27
4 6 19 38
4 6 20 33
4 6 21 89
4 6 22 35
4 6 23 42
4 6 24 1
4 6 25 50
4 6 26 78
4 6 27 5
4 6 28 30
4 6 29 59
4 6 30 63
4 7 0 70
4 7 1 11
4 7 2 78
4 7 3 14
4 7 4 31
4 7 5 58
4 7 6 5
4 7 7 67
4 7 8 2
4 7 9 1
4 7 10 79
4 7 11 16
4 7 12 44
4 7 13 0
4 7 14 64
4 7 15 9
4 7 16 40
4 7 17 76
4 7 18 43
4 7 19 55
4 7 20 88
4 7 21 49
4 7 22 56
4 7 23 27
4 7 24 57
4 7 25 77
4 7 26 20
4 7 27 8
4 7 28 59
4 7 29 26
4 7 30 66
4 8 0 6
4 8 1 77
4 8 2 25
4 8 3 39
4 8 4 57
4 8 5 62
4 8 6 66
4 8 7 13
4 8 8 74
4 8 9 78
4 8 10 82
4 8 11 48
4 8 12 90
4 8 13 19
4 8 14 67
4 8 15 61
4 8 16 75
4 8 17 59
4 8 18 53
4 8 19 87
4 8 20 45
4 8 21 41
4 8 22 68
4 8 23 31
4 8 24 26
4 8 25 29
4 8 26 24
4 8 27 54
4 8 28 5
4 8 29 65
4 8 30 69
4 9 0 23
4 9 1 10
4 9 2 54
4 9 3 52
4 9 4 37
4 9 5 65
4 9 6 8
4 9 7 73
4 9 8 77
4 9 9 81
4 9 10 57
4 9 11 89
4 9 12 62
4 9 13 66
4 9 14 41
4 9 15 21
4 9 16 31
4 9 17 61
4 9 18 86
4 9 19 36
4 9 20 35
4 9 21 17
4 9 22 49
4 9 23 16
4 9 24 20
4 9 25 83
4 9 26 34
4 9 27 0
4 9 28 26
4 9 29 18
4 9 30 1
4 10 0 12
4 10 1 41
4 10 2 42
4 10 3 27
4 10 4 17
4 10 5 68
4 10 6 72
4 10 7 14
4 10 8 80
4 10 9 35
4 10 10 18
4 10 11 58
4 10 12 65
4 10 13 31
4 10 14 24
4 10 15 60
4 10 16 39
4 10 17 85
4 10 18 40
4 10 19 52
4 10 20 6
4 10 21 55
4 10 22 74
4 10 23 19
4 10 24 0
4 10 25 51
4 10 26 29
4 10 27 63
4 10 28 67
4 10 29 5
4 10 30 28
4 11 0 53
4 11 1 52
4 11 2 90
4 11 3 63
4 11 4 27
4 11 5 71
4 11 6 14
4 11 7 79
4 11 8 45
4 11 9 87
4 11 10 5
4 11 11 28
4 11 12 51
4 11 13 10
4 11 14 44
4 11 15 58
4 11 16 84
4 11 17 50
4 11 18 32
4 11 19 20
4 11 20 46
4 11 21 73
4 11 22 3
4 11 23 6
4 11 24 48
4 11 25 26
4 11 26 1
4 11 27 66
4 11 28 17
4 11 29 74
4 11 30 0
4 12 0 52
4 12 1 89
4 12 2 6
4 12 3 3
4 12 4 70
4 12 5 74
4 12 6 78
4 12 7 55
4 12 8 8
4 12 9 90
4 12 10 63
4 12 11 36
4 12 12 15
4 12 13 46
4 12 14 57
4 12 15 83
4 12 16 34
4 12 17 32
4 12 18 64
4 12 19 56
4 12 20 72
4 12 21 76
4 12 22 22
4 12 23 53
4 12 24 88
4 12 25 17
4 12 26 65
4 12 27 23
4 12 28 73
4 12 29 13
4 12 30 41
4 13 0 8
4 13 1 25
4 13 2 21
4 13 3 69
4 13 4 73
4 13 5 77
4 13 6 56
4 13 7 15
4 13 8 89
4 13 9 23
4 13 10 52
4 13 11 5
4 13 12 40
4 13 13 43
4 13 14 82
4 13 15 48
4 13 16 55
4 13 17 11
4 13 18 47
4 13 19 71
4 13 20 75
4 13 21 16
4 13 22 58
4 13 23 7
4 13 24 3
4 13 25 1
4 13 26 68
4 13 27 72
4 13 28 76
4 13 29 61
4 13 30 42
4 14 0 27
4 14 1 64
4 14 2 17
4 14 3 72
4 14 4 1
4 14 5 42
4 14 6 29
4 14 7 7
4 14 8 11
4 14 9 57
4 14 10 16
4 14 11 40
4 14 12 52
4 14 13 81
4 14 14 45
4 14 15 50
4 14 16 62
4 14 17 56
4 14 18 70
4 14 19 30
4 14 20 12
4 14 21 32
4 14 22 86
4 14 23 28
4 14 24 63
4 14 25 5
4 14 26 71
4 14 27 75
4 14 28 51
4 14 29 55
4 14 30 87
4 15 0 14
4 15 1 67
4 15 2 71
4 15 3 9
4 15 4 47
4 15 5 83
4 15 6 87
4 15 7 20
4 15 8 58
4 15 9 68
4 15 10 56
4 15 11 42
4 15 12 80
4 15 13 38
4 15 14 37
4 15 15 39
4 15 16 35
4 15 17 69
4 15 18 11
4 15 19 2
4 15 20 32
4 15 21 85
4 15 22 21
4 15 23 18
4 15 24 29
4 15 25 70
4 15 26 16
4 15 27 48
4 15 28 33
4 15 29 19
4 15 30 10
4 16 0 66
4 16 1 70
4 16 2 74
4 16 3 55
4 16 4 6
4 16 5 13
4 16 6 21
4 16 7 41
4 16 8 20
4 16 9 37
4 16 10 32
4 16 11 79
4 16 12 54
4 16 13 53
4 16 14 19
4 16 15 44
4 16 16 30
4 16 17 8
4 16 18 76
4 16 19 33
4 16 20 84
4 16 21 88
4 16 22 24
4 16 23 3
4 16 24 69
4 16 25 27
4 16 26 61
4 16 27 57
4 16 28 1
4 16 29 23
4 16 30 62
4 17 0 69
4 17 1 73
4 17 2 58
4 17 3 1
4 17 4 21
4 17 5 24
4 17 6 54
4 17 7 27
4 17 8 43
4 17 9 47
4 17 10 78
4 17 11 49
4 17 12 45
4 17 13 90
4 17 14 38
4 17 15 67
4 17 16 2
4 17 17 75
4 17 18 44
4 17 19 10
4 17 20 28
4 17 21 6
4 17 22 64
4 17 23 29
4 17 24 13
4 17 25 35
4 17 26 36
4 17 27 11
4 17 28 88
4 17 29 50
4 17 30 65
4 18 0 72
4 18 1 44
4 18 2 30
4 18 3 16
4 18 4 88
4 18 5 41
4 18 6 27
4 18 7 36
4 18 8 32
4 18 9 77
4 18 10 61
4 18 11 51
4 18 12 89
4 18 13 48
4 18 14 66
4 18 15 5
4 18 16 19
4 18 17 34
4 18 18 82
4 18 19 86
4 18 20 24
4 18 21 2
4 18 22 67
4 18 23 8
4 18 24 40
4 18 25 46
4 18 26 83
4 18 27 17
4 18 28 6
4 18 29 29
4 18 30 21
4 19 0 36
4 19 1 6
4 19 2 83
4 19 3 0
4 19 4 53
4 19 5 64
4 19 6 50
4 19 7 40
4 19 8 76
4 19 9 38
4 19 10 34
4 19 11 17
4 19 12 60
4 19 13 65
4 19 14 13
4 19 15 28
4 19 16 57
4 19 17 81
4 19 18 85
4 19 19 9
4 19 20 62
4 19 21 66
4 19 22 27
4 19 23 55
4 19 24 61
4 19 25 30
4 19 26 86
4 19 27 90
4 19 28 63
4 19 29 67
4 19 30 71
4 20 0 11
4 20 1 26
4 20 2 86
4 20 3 32
4 20 4 22
4 20 5 56
4 20 6 52
4 20 7 75
4 20 8 54
4 20 9 58
4 20 10 87
4 20 11 47
4 20 12 8
4 20 13 68
4 20 14 2
4 20 15 43
4 20 16 80
4 20 17 84
4 20 18 88
4 20 19 51
4 20 20 65
4 20 21 9
4 20 22 34
4 20 23 35
4 20 24 12
4 20 25 85
4 20 26 89
4 20 27 30
4 20 28 66
4 20 29 70
4 20 30 57
4 21 0 3
4 21 1 85
4 21 2 57
4 21 3 62
4 21 4 48
4 21 5 47
4 21 6 74
4 21 7 38
4 21 8 33
4 21 9 12
4 21 10 60
4 21 11 63
4 21 12 23
4 21 13 9
4 21 14 46
4 21 15 79
4 21 16 18
4 21 17 10
4 21 18 2
4 21 19 22
4 21 20 68
4 21 21 44
4 21 22 40
4 21 23 0
4 21 24 84
4 21 25 6
4 21 26 15
4 21 27 65
4 21 28 69
4 21 29 37
4 21 30 20
4 22 0 84
4 22 1 35
4 22 2 31
4 22 3 33
4 22 4 32
4 22 5 73
4 22 6 59
4 22 7 45
4 22 8 12
4 22 9 43
4 22 10 15
4 22 11 18
4 22 12 7
4 22 13 54
4 22 14 78
4 22 15 82
4 22 16 86
4 22 17 90
4 22 18 63
4 22 19 28
4 22 20 37
4 22 21 53
4 22 22 26
4 22 23 10
4 22 24 87
4 22 25 2
4 22 26 11
4 22 27 29
4 22 28 38
4 22 29 76
4 22 30 6
4 23 0 45
4 23 1 20
4 23 2 51
4 23 3 56
4 23 4 72
4 23 5 49
4 23 6 61
4 23 7 19
4 23 8 44
4 23 9 18
4 23 10 26
4 23 11 2
4 23 12 59
4 23 13 77
4 23 14 81
4 23 15 85
4 23 16 89
4 23 17 16
4 23 18 7
4 23 19 46
4 23 20 50
4 23 21 12
4 23 22 82
4 23 23 5
4 23 24 15
4 23 25 63
4 23 26 67
4 23 27 38
4 23 28 75
4 23 29 0
4 23 30 9
4 24 0 90
4 24 1 46
4 24 2 53
4 24 3 71
4 24 4 58
4 24 5 61
4 24 6 83
4 24 7 49
4 24 8 19
4 24 9 64
4 24 10 68
4 24 11 45
4 24 12 30
4 24 13 80
4 24 14 84
4 24 15 25
4 24 16 29
4 24 17 20
4 24 18 59
4 24 19 40
4 24 20 23
4 24 21 81
4 24 22 10
4 24 23 21
4 24 24 18
4 24 25 66
4 24 26 43
4 24 27 6
4 24 28 28
4 24 29 82
4 24 30 54
4 25 0 38
4 25 1 36
4 25 2 70
4 25 3 44
4 25 4 55
4 25 5 23
4 25 6 34
4 25 7 28
4 25 8 1
4 25 9 10
4 25 10 46
4 25 11 7
4 25 12 79
4 25 13 22
4 25 14 87
4 25 15 12
4 25 16 64
4 25 17 49
4 25 18 60
4 25 19 76
4 25 20 80
4 25 21 3
4 25 22 88
4 25 23 11
4 25 24 65
4 25 25 48
4 25 26 27
4 25 27 9
4 25 28 81
4 25 29 45
4 25 30 89
4 26 0 51
4 26 1 69
4 26 2 43
4 26 3 57
4 26 4 3
4 26 5 50
4 26 6 16
4 26 7 62
4 26 8 24
4 26 9 56
4 26 10 74
4 26 11 78
4 26 12 82
4 26 13 18
4 26 14 14
4 26 15 0
4 26 16 49
4 26 17 48
4 26 18 75
4 26 19 79
4 26 20 83
4 26 21 7
4 26 22 5
4 26 23 1
4 26 24 53
4 26 25 23
4 26 26 76
4 26 27 80
4 26 28 55
4 26 29 28
4 26 30 38
4 27 0 68
4 27 1 31
4 27 2 41
4 27 3 24
4 27 4 39
4 27 5 88
4 27 6 43
4 27 7 0
4 27 8 35
4 27 9 73
4 27 10 77
4 27 11 81
4 27 12 5
4 27 13 2
4 27 14 62
4 27 15 59
4 27 16 60
4 27 17 26
4 27 18 78
4 27 19 16
4 27 20 86
4 27 21 22
4 27 22 63
4 27 23 50
4 27 24 17
4 27 25 75
4 27 26 79
4 27 27 46
4 27 28 87
4 27 29 49
4 27 30 61
4 28 0 40
4 28 1 39
4 28 2 29
4 28 3 60
4 28 4 11
4 28 5 3
4 28 6 64
4 28 7 44
4 28 8 72
4 28 9 25
4 28 10 80
4 28 11 12
4 28 12 88
4 28 13 33
4 28 14 49
4 28 15 47
4 28 16 8
4 28 17 77
4 28 18 22
4 28 19 85
4 28 20 7
4 28 21 13
4 28 22 36
4 28 23 2
4 28 24 5
4 28 25 78
4 28 26 52
4 28 27 19
4 28 28 35
4 28 29 34
4 28 30 67
4 29 0 42
4 29 1 15
4 29 2 40
4 29 3 86
4 29 4 90
4 29 5 21
4 29 6 53
4 29 7 71
4 29 8 25
4 29 9 79
4 29 10 83
4 29 11 22
4 29 12 12
4 29 13 44
4 29 14 31
4 29 15 27
4 29 16 11
4 29 17 3
4 29 18 84
4 29 19 88
4 29 20 10
4 29 21 47
4 29 22 8
4 29 23 20
4 29 24 77
4 29 25 39
4 29 26 2
4 29 27 60
4 29 28 56
4 29 29 66
4 29 30 48
4 30 0 18
4 30 1 61
4 30 2 85
4 30 3 89
4 30 4 62
4 30 5 57
4 30 6 70
4 30 7 74
4 30 8 78
4 30 9 0
4 30 10 86
4 30 11 90
4 30 12 43
4 30 13 39
4 30 14 29
4 30 15 16
4 30 16 7
4 30 17 21
4 30 18 13
4 30 19 8
4 30 20 42
4 30 21 68
4 30 22 19
4 30 23 23
4 30 24 44
4 30 25 22
4 30 26 45
4 30 27 52
4 30 28 65
4 30 29 46
4 30 30 58
5 0 0 85
5 0 1 89
5 0 2 62
5 0 3 58
5 0 4 70
5 0 5 74
5 0 6 78
5 0 7 1
5 0 8 86
5 0 9 90
5 0 10 44
5 0 11 40
5 0 12 30
5 0 13 17
5 0 14 8
5 0 15 22
5 0 16 14
5 0 17 9
5 0 18 43
5 0 19 68
5 0 20 20
5 0 21 24
5 0 22 45
5 0 23 23
5 0 24 46
5 0 25 53
5 0 26 65
5 0 27 47
5 0 28 59
5 0 29 19
5 0 30 31
5 1 0 21
5 1 1 35
5 1 2 42
5 1 3 69
5 1 4 73
5 1 5 77
5 1 6 27
5 1 7 85
5 1 8 89
5 1 9 51
5 1 10 54
5 1 11 15
5 1 12 74
5 1 13 3
5 1 14 82
5 1 15 86
5 1 16 4
5 1 17 43
5 1 18 16
5 1 19 11
5 1 20 14
5 1 21 52
5 1 22 83
5 1 23 60
5 1 24 36
5 1 25 64
5 1 26 38
5 1 27 33
5 1 28 76
5 1 29 56
5 1 30 84
5 2 0 9
5 2 1 38
5 2 2 24
5 2 3 72
5 2 4 8
5 2 5 7
5 2 6 84
5 2 7 4
5 2 8 60
5 2 9 57
5 2 10 26
5 2 11 73
5 2 12 29
5 2 13 81
5 2 14 85
5 2 15 14
5 2 16 40
5 2 17 1
5 2 18 20
5 2 19 74
5 2 20 55
5 2 21 13
5 2 22 56
5 2 23 41
5 2 24 63
5 2 25 32
5 2 26 49
5 2 27 75
5 2 28 47
5 2 29 0
5 2 30 87
5 3 0 31
5 3 1 67
5 3 2 71
5 3 3 20
5 3 4 26
5 3 5 25
5 3 6 87
5 3 7 54
5 3 8 34
5 3 9 68
5 3 10 72
5 3 11 76
5 3 12 80
5 3 13 84
5 3 14 88
5 3 15 48
5 3 16 10
5 3 17 4
5 3 18 73
5 3 19 38
5 3 20 8
5 3 21 61
5 3 22 46
5 3 23 62
5 3 24 58
5 3 25 57
5 3 26 13
5 3 27 37
5 3 28 82
5 3 29 16
5 3 30 90
5 4 0 66
5 4 1 70
5 4 2 74
5 4 3 23
5 4 4 82
5 4 5 22
5 4 6 50
5 4 7 53
5 4 8 9
5 4 9 71
5 4 10 75
5 4 11 79
5 4 12 28
5 4 13 15
5 4 14 43
5 4 15 64
5 4 16 68
5 4 17 72
5 4 18 55
5 4 19 20
5 4 20 61
5 4 21 33
5 4 22 36
5 4 23 39
5 4 24 42
5 4 25 26
5 4 26 48
5 4 27 81
5 4 28 0
5 4 29 89
5 4 30 60
5 5 0 69
5 5 1 73
5 5 2 0
5 5 3 81
5 5 4 25
5 5 5 38
5 5 6 49
5 5 7 16
5 5 8 70
5 5 9 10
5 5 10 78
5 5 11 82
5 5 12 86
5 5 13 41
5 5 14 26
5 5 15 23
5 5 16 71
5 5 17 35
5 5 18 14
5 5 19 46
5 5 20 45
5 5 21 5
5 5 22 57
5 5 23 42
5 5 24 27
5 5 25 34
5 5 26 80
5 5 27 18
5 5 28 15
5 5 29 55
5 5 30 65
5 6 0 72
5 6 1 76
5 6 2 80
5 6 3 1
5 6 4 46
5 6 5 43
5 6 6 19
5 6 7 69
5 6 8 18
5 6 9 77
5 6 10 81
5 6 11 85
5 6 12 34
5 6 13 62
5 6 14 10
5 6 15 70
5 6 16 56
5 6 17 15
5 6 18 54
5 6 19 40
5 6 20 90
5 6 21 31
5 6 22 47
5 6 23 21
5 6 24 48
5 6 25 79
5 6 26 83
5 6 27 87
5 6 28 32
5 6 29 26
5 6 30 13
5 7 0 75
5 7 1 79
5 7 2 83
5 7 3 49
5 7 4 52
5 7 5 64
5 7 6 16
5 7 7 15
5 7 8 21
5 7 9 80
5 7 10 84
5 7 11 61
5 7 12 37
5 7 13 25
5 7 14 69
5 7 15 47
5 7 16 28
5 7 17 39
5 7 18 34
5 7 19 89
5 7 20 36
5 7 21 43
5 7 22 2
5 7 23 51
5 7 24 78
5 7 25 6
5 7 26 0
5 7 27 60
5 7 28 63
5 7 29 67
5 7 30 71
5 8 0 78
5 8 1 15
5 8 2 32
5 8 3 59
5 8 4 6
5 8 5 67
5 8 6 3
5 8 7 2
5 8 8 79
5 8 9 17
5 8 10 45
5 8 11 1
5 8 12 64
5 8 13 10
5 8 14 41
5 8 15 76
5 8 16 44
5 8 17 56
5 8 18 88
5 8 19 50
5 8 20 57
5 8 21 28
5 8 22 58
5 8 23 77
5 8 24 21
5 8 25 9
5 8 26 60
5 8 27 27
5 8 28 66
5 8 29 70
5 8 30 12
5 9 0 26
5 9 1 40
5 9 2 58
5 9 3 62
5 9 4 66
5 9 5 14
5 9 6 74
5 9 7 78
5 9 8 82
5 9 9 49
5 9 10 90
5 9 11 20
5 9 12 67
5 9 13 31
5 9 14 75
5 9 15 60
5 9 16 54
5 9 17 87
5 9 18 46
5 9 19 42
5 9 20 68
5 9 21 32
5 9 22 27
5 9 23 30
5 9 24 25
5 9 25 55
5 9 26 6
5 9 27 65
5 9 28 69
5 9 29 7
5 9 30 77
5 10 0 55
5 10 1 53
5 10 2 38
5 10 3 65
5 10 4 9
5 10 5 73
5 10 6 77
5 10 7 81
5 10 8 58
5 10 9 89
5 10 10 62
5 10 11 66
5 10 12 42
5 10 13 22
5 10 14 32
5 10 15 31
5 10 16 86
5 10 17 37
5 10 18 36
5 10 19 18
5 10 20 50
5 10 21 17
5 10 22 21
5 10 23 83
5 10 24 35
5 10 25 1
5 10 26 27
5 10 27 19
5 10 28 2
5 10 29 24
5 10 30 11
5 11 0 43
5 11 1 28
5 11 2 18
5 11 3 68
5 11 4 72
5 11 5 15
5 11 6 80
5 11 7 36
5 11 8 19
5 11 9 59
5 11 10 65
5 11 11 32
5 11 12 25
5 11 13 61
5 11 14 40
5 11 15 85
5 11 16 41
5 11 17 53
5 11 18 7
5 11 19 56
5 11 20 74
5 11 21 20
5 11 22 1
5 11 23 52
5 11 24 30
5 11 25 63
5 11 26 67
5 11 27 6
5 11 28 29
5 11 29 13
5 11 30 42
5 12 0 90
5 12 1 63
5 12 2 28
5 12 3 71
5 12 4 15
5 12 5 79
5 12 6 46
5 12 7 87
5 12 8 6
5 12 9 29
5 12 10 52
5 12 11 11
5 12 12 45
5 12 13 59
5 12 14 84
5 12 15 51
5 12 16 33
5 12 17 21
5 12 18 47
5 12 19 73
5 12 20 4
5 12 21 7
5 12 22 49
5 12 23 27
5 12 24 2
5 12 25 66
5 12 26 18
5 12 27 74
5 12 28 1
5 12 29 54
5 12 30 53
5 13 0 7
5 13 1 4
5 13 2 70
5 13 3 74
5 13 4 78
5 13 5 56
5 13 6 9
5 13 7 90
5 13 8 63
5 13 9 37
5 13 10 16
5 13 11 47
5 13 12 58
5 13 13 83
5 13 14 35
5 13 15 33
5 13 16 64
5 13 17 57
5 13 18 72
5 13 19 76
5 13 20 23
5 13 21 54
5 13 22 88
5 13 23 18
5 13 24 65
5 13 25 24
5 13 26 73
5 13 27 14
5 13 28 42
5 13 29 53
5 13 30 89
5 14 0 22
5 14 1 69
5 14 2 73
5 14 3 77
5 14 4 57
5 14 5 16
5 14 6 89
5 14 7 24
5 14 8 53
5 14 9 6
5 14 10 41
5 14 11 44
5 14 12 82
5 14 13 49
5 14 14 56
5 14 15 12
5 14 16 48
5 14 17 71
5 14 18 75
5 14 19 17
5 14 20 59
5 14 21 8
5 14 22 4
5 14 23 2
5 14 24 68
5 14 25 72
5 14 26 76
5 14 27 31
5 14 28 43
5 14 29 9
5 14 30 26
5 15 0 18
5 15 1 72
5 15 2 2
5 15 3 43
5 15 4 30
5 15 5 8
5 15 6 12
5 15 7 58
5 15 8 17
5 15 9 41
5 15 10 53
5 15 11 81
5 15 12 46
5 15 13 51
5 15 14 62
5 15 15 57
5 15 16 70
5 15 17 0
5 15 18 13
5 15 19 33
5 15 20 86
5 15 21 29
5 15 22 63
5 15 23 6
5 15 24 71
5 15 25 75
5 15 26 52
5 15 27 56
5 15 28 87
5 15 29 28
5 15 30 64
5 16 0 71
5 16 1 10
5 16 2 48
5 16 3 83
5 16 4 87
5 16 5 21
5 16 6 59
5 16 7 68
5 16 8 57
5 16 9 43
5 16 10 80
5 16 11 39
5 16 12 38
5 16 13 40
5 16 14 36
5 16 15 69
5 16 16 12
5 16 17 3
5 16 18 33
5 16 19 85
5 16 20 22
5 16 21 19
5 16 22 30
5 16 23 70
5 16 24 17
5 16 25 49
5 16 26 34
5 16 27 20
5 16 28 11
5 16 29 15
5 16 30 67
5 17 0 74
5 17 1 56
5 17 2 7
5 17 3 14
5 17 4 22
5 17 5 42
5 17 6 21
5 17 7 38
5 17 8 33
5 17 9 79
5 17 10 55
5 17 11 54
5 17 12 20
5 17 13 45
5 17 14 0
5 17 15 9
5 17 16 76
5 17 17 34
5 17 18 84
5 17 19 88
5 17 20 25
5 17 21 4
5 17 22 69
5 17 23 28
5 17 24 31
5 17 25 58
5 17 26 2
5 17 27 24
5 17 28 62
5 17 29 66
5 17 30 70
5 18 0 59
5 18 1 2
5 18 2 22
5 18 3 25
5 18 4 55
5 18 5 28
5 18 6 44
5 18 7 48
5 18 8 78
5 18 9 50
5 18 10 46
5 18 11 90
5 18 12 39
5 18 13 67
5 18 14 3
5 18 15 75
5 18 16 45
5 18 17 11
5 18 18 29
5 18 19 7
5 18 20 64
5 18 21 30
5 18 22 14
5 18 23 36
5 18 24 37
5 18 25 12
5 18 26 88
5 18 27 51
5 18 28 65
5 18 29 69
5 18 30 73
5 19 0 0
5 19 1 17
5 19 2 88
5 19 3 42
5 19 4 28
5 19 5 37
5 19 6 33
5 19 7 77
5 19 8 31
5 19 9 52
5 19 10 89
5 19 11 49
5 19 12 66
5 19 13 6
5 19 14 20
5 19 15 35
5 19 16 82
5 19 17 86
5 19 18 25
5 19 19 3
5 19 20 67
5 19 21 9
5 19 22 41
5 19 23 47
5 19 24 83
5 19 25 18
5 19 26 7
5 19 27 30
5 19 28 22
5 19 29 72
5 19 30 45
5 20 0 83
5 20 1 1
5 20 2 54
5 20 3 64
5 20 4 51
5 20 5 41
5 20 6 76
5 20 7 39
5 20 8 35
5 20 9 18
5 20 10 61
5 20 11 65
5 20 12 14
5 20 13 29
5 20 14 58
5 20 15 81
5 20 16 85
5 20 17 10
5 20 18 62
5 20 19 66
5 20 20 28
5 20 21 56
5 20 22 31
5 20 23 0
5 20 24 86
5 20 25 90
5 20 26 63
5 20 27 67
5 20 28 71
5 20 29 37
5 20 30 7
5 21 0 86
5 21 1 33
5 21 2 23
5 21 3 57
5 21 4 53
5 21 5 75
5 21 6 55
5 21 7 59
5 21 8 87
5 21 9 48
5 21 10 9
5 21 11 68
5 21 12 3
5 21 13 44
5 21 14 80
5 21 15 84
5 21 16 88
5 21 17 52
5 21 18 65
5 21 19 10
5 21 20 35
5 21 21 36
5 21 22 13
5 21 23 85
5 21 24 89
5 21 25 0
5 21 26 66
5 21 27 70
5 21 28 58
5 21 29 12
5 21 30 27
5 22 0 58
5 22 1 62
5 22 2 49
5 22 3 48
5 22 4 74
5 22 5 39
5 22 6 34
5 22 7 13
5 22 8 61
5 22 9 63
5 22 10 24
5 22 11 10
5 22 12 47
5 22 13 79
5 22 14 19
5 22 15 11
5 22 16 3
5 22 17 23
5 22 18 68
5 22 19 45
5 22 20 41
5 22 21 1
5 22 22 84
5 22 23 7
5 22 24 16
5 22 25 65
5 22 26 69
5 22 27 38
5 22 28 21
5 22 29 4
5 22 30 85
5 23 0 32
5 23 1 34
5 23 2 33
5 23 3 73
5 23 4 60
5 23 5 46
5 23 6 13
5 23 7 44
5 23 8 16
5 23 9 19
5 23 10 8
5 23 11 55
5 23 12 78
5 23 13 82
5 23 14 86
5 23 15 90
5 23 16 63
5 23 17 29
5 23 18 38
5 23 19 54
5 23 20 27
5 23 21 11
5 23 22 87
5 23 23 3
5 23 24 12
5 23 25 30
5 23 26 39
5 23 27 76
5 23 28 7
5 23 29 84
5 23 30 36
5 24 0 52
5 24 1 57
5 24 2 72
5 24 3 50
5 24 4 31
5 24 5 20
5 24 6 45
5 24 7 19
5 24 8 27
5 24 9 3
5 24 10 60
5 24 11 77
5 24 12 81
5 24 13 85
5 24 14 89
5 24 15 17
5 24 16 8
5 24 17 47
5 24 18 51
5 24 19 13
5 24 20 82
5 24 21 6
5 24 22 16
5 24 23 63
5 24 24 67
5 24 25 39
5 24 26 75
5 24 27 1
5 24 28 10
5 24 29 46
5 24 30 21
5 25 0 54
5 25 1 71
5 25 2 59
5 25 3 31
5 25 4 83
5 25 5 50
5 25 6 20
5 25 7 64
5 25 8 68
5 25 9 46
5 25 10 0
5 25 11 80
5 25 12 84
5 25 13 26
5 25 14 30
5 25 15 21
5 25 16 60
5 25 17 41
5 25 18 24
5 25 19 81
5 25 20 11
5 25 21 22
5 25 22 19
5 25 23 66
5 25 24 44
5 25 25 7
5 25 26 29
5 25 27 82
5 25 28 55
5 25 29 90
5 25 30 47
5 26 0 70
5 26 1 45
5 26 2 56
5 26 3 24
5 26 4 35
5 26 5 29
5 26 6 2
5 26 7 11
5 26 8 47
5 26 9 8
5 26 10 79
5 26 11 23
5 26 12 87
5 26 13 13
5 26 14 64
5 26 15 50
5 26 16 61
5 26 17 76
5 26 18 80
5 26 19 4
5 26 20 88
5 26 21 12
5 26 22 65
5 26 23 49
5 26 24 28
5 26 25 10
5 26 26 81
5 26 27 46
5 26 28 89
5 26 29 39
5 26 30 37
5 27 0 44
5 27 1 58
5 27 2 4
5 27 3 51
5 27 4 17
5 27 5 62
5 27 6 25
5 27 7 57
5 27 8 74
5 27 9 78
5 27 10 82
5 27 11 19
5 27 12 15
5 27 13 1
5 27 14 50
5 27 15 49
5 27 16 75
5 27 17 79
5 27 18 83
5 27 19 8
5 27 20 6
5 27 21 2
5 27 22 54
5 27 23 24
5 27 24 76
5 27 25 80
5 27 26 56
5 27 27 29
5 27 28 39
5 27 29 52
5 27 30 69
5 28 0 42
5 28 1 25
5 28 2 40
5 28 3 88
5 28 4 44
5 28 5 1
5 28 6 36
5 28 7 73
5 28 8 77
5 28 9 81
5 28 10 6
5 28 11 3
5 28 12 62
5 28 13 60
5 28 14 61
5 28 15 27
5 28 16 78
5 28 17 17
5 28 18 86
5 28 19 23
5 28 20 63
5 28 21 51
5 28 22 18
5 28 23 75
5 28 24 79
5 28 25 47
5 28 26 87
5 28 27 50
5 28 28 31
5 28 29 68
5 28 30 32
5 29 0 30
5 29 1 61
5 29 2 12
5 29 3 4
5 29 4 64
5 29 5 45
5 29 6 72
5 29 7 26
5 29 8 80
5 29 9 13
5 29 10 88
5 29 11 34
5 29 12 50
5 29 13 48
5 29 14 9
5 29 15 77
5 29 16 23
5 29 17 85
5 29 18 8
5 29 19 14
5 29 20 37
5 29 21 3
5 29 22 6
5 29 23 78
5 29 24 53
5 29 25 20
5 29 26 36
5 29 27 35
5 29 28 67
5 29 29 41
5 29 30 40
5 30 0 41
5 30 1 86
5 30 2 90
5 30 3 22
5 30 4 54
5 30 5 71
5 30 6 26
5 30 7 79
5 30 8 83
5 30 9 23
5 30 10 13
5 30 11 45
5 30 12 32
5 30 13 28
5 30 14 12
5 30 15 4
5 30 16 84
5 30 17 88
5 30 18 11
5 30 19 48
5 30 20 9
5 30 21 21
5 30 22 77
5 30 23 40
5 30 24 3
5 30 25 61
5 30 26 57
5 30 27 66
5 30 28 49
5 30 29 43
5 30 30 16
6 0 0 90
6 0 1 23
6 0 2 55
6 0 3 71
6 0 4 27
6 0 5 79
6 0 6 83
6 0 7 24
6 0 8 14
6 0 9 46
6 0 10 33
6 0 11 29
6 0 12 13
6 0 13 5
6 0 14 84
6 0 15 88
6 0 16 12
6 0 17 49
6 0 18 10
6 0 19 22
6 0 20 77
6 0 21 41
6 0 22 4
6 0 23 31
6 0 24 58
6 0 25 66
6 0 26 50
6 0 27 44
6 0 28 17
6 0 29 42
6 0 30 86
6 1 0 62
6 1 1 59
6 1 2 70
6 1 3 74
6 1 4 78
6 1 5 2
6 1 6 86
6 1 7 90
6 1 8 45
6 1 9 41
6 1 10 0
6 1 11 18
6 1 12 9
6 1 13 23
6 1 14 15
6 1 15 10
6 1 16 44
6 1 17 68
6 1 18 21
6 1 19 25
6 1 20 46
6 1 21 24
6 1 22 47
6 1 23 54
6 1 24 65
6 1 25 48
6 1 26 60
6 1 27 20
6 1 28 32
6 1 29 85
6 1 30 89
6 2 0 43
6 2 1 69
6 2 2 73
6 2 3 77
6 2 4 28
6 2 5 85
6 2 6 89
6 2 7 52
6 2 8 55
6 2 9 16
6 2 10 74
6 2 11 4
6 2 12 82
6 2 13 86
6 2 14 5
6 2 15 44
6 2 16 17
6 2 17 12
6 2 18 15
6 2 19 53
6 2 20 83
6 2 21 61
6 2 22 37
6 2 23 64
6 2 24 39
6 2 25 34
6 2 26 76
6 2 27 57
6 2 28 84
6 2 29 22
6 2 30 36
6 3 0 25
6 3 1 72
6 3 2 9
6 3 3 8
6 3 4 84
6 3 5 5
6 3 6 61
6 3 7 58
6 3 8 27
6 3 9 73
6 3 10 30
6 3 11 81
6 3 12 85
6 3 13 15
6 3 14 41
6 3 15 2
6 3 16 21
6 3 17 74
6 3 18 56
6 3 19 14
6 3 20 57
6 3 21 42
6 3 22 63
6 3 23 33
6 3 24 50
6 3 25 75
6 3 26 48
6 3 27 1
6 3 28 87
6 3 29 10
6 3 30 39
6 4 0 71
6 4 1 21
6 4 2 27
6 4 3 26
6 4 4 87
6 4 5 55
6 4 6 35
6 4 7 68
6 4 8 72
6 4 9 76
6 4 10 80
6 4 11 84
6 4 12 88
6 4 13 49
6 4 14 11
6 4 15 5
6 4 16 73
6 4 17 39
6 4 18 9
6 4 19 31
6 4 20 47
6 4 21 62
6 4 22 59
6 4 23 58
6 4 24 14
6 4 25 38
6 4 26 82
6 4 27 17
6 4 28 90
6 4 29 32
6 4 30 67
6 5 0 74
6 5 1 24
6 5 2 82
6 5 3 23
6 5 4 51
6 5 5 54
6 5 6 10
6 5 7 71
6 5 8 75
6 5 9 79
6 5 10 29
6 5 11 16
6 5 12 44
6 5 13 64
6 5 14 68
6 5 15 72
6 5 16 56
6 5 17 21
6 5 18 31
6 5 19 34
6 5 20 37
6 5 21 40
6 5 22 43
6 5 23 27
6 5 24 49
6 5 25 81
6 5 26 1
6 5 27 89
6 5 28 61
6 5 29 66
6 5 30 70
6 6 0 1
6 6 1 81
6 6 2 26
6 6 3 39
6 6 4 50
6 6 5 17
6 6 6 70
6 6 7 11
6 6 8 78
6 6 9 82
6 6 10 86
6 6 11 42
6 6 12 27
6 6 13 24
6 6 14 71
6 6 15 36
6 6 16 15
6 6 17 47
6 6 18 46
6 6 19 6
6 6 20 58
6 6 21 43
6 6 22 28
6 6 23 35
6 6 24 80
6 6 25 19
6 6 26 16
6 6 27 56
6 6 28 65
6 6 29 69
6 6 30 73
6 7 0 80
6 7 1 2
6 7 2 47
6 7 3 44
6 7 4 20
6 7 5 69
6 7 6 19
6 7 7 77
6 7 8 81
6 7 9 85
6 7 10 35
6 7 11 62
6 7 12 11
6 7 13 70
6 7 14 57
6 7 15 16
6 7 16 55
6 7 17 41
6 7 18 90
6 7 19 32
6 7 20 48
6 7 21 22
6 7 22 49
6 7 23 79
6 7 24 83
6 7 25 87
6 7 26 33
6 7 27 27
6 7 28 14
6 7 29 72
6 7 30 76
6 8 0 83
6 8 1 50
6 8 2 53
6 8 3 64
6 8 4 17
6 8 5 16
6 8 6 22
6 8 7 80
6 8 8 84
6 8 9 31
6 8 10 38
6 8 11 26
6 8 12 69
6 8 13 48
6 8 14 29
6 8 15 40
6 8 16 35
6 8 17 89
6 8 18 37
6 8 19 44
6 8 20 3
6 8 21 52
6 8 22 78
6 8 23 7
6 8 24 1
6 8 25 61
6 8 26 63
6 8 27 67
6 8 28 71
6 8 29 75
6 8 30 79
6 9 0 33
6 9 1 60
6 9 2 7
6 9 3 67
6 9 4 4
6 9 5 3
6 9 6 79
6 9 7 18
6 9 8 46
6 9 9 2
6 9 10 64
6 9 11 11
6 9 12 42
6 9 13 76
6 9 14 45
6 9 15 57
6 9 16 88
6 9 17 51
6 9 18 58
6 9 19 29
6 9 20 59
6 9 21 77
6 9 22 22
6 9 23 10
6 9 24 61
6 9 25 28
6 9 26 66
6 9 27 70
6 9 28 13
6 9 29 78
6 9 30 16
6 10 0 59
6 10 1 62
6 10 2 66
6 10 3 15
6 10 4 74
6 10 5 78
6 10 6 82
6 10 7 50
6 10 8 90
6 10 9 21
6 10 10 67
6 10 11 32
6 10 12 75
6 10 13 61
6 10 14 55
6 10 15 87
6 10 16 47
6 10 17 43
6 10 18 68
6 10 19 33
6 10 20 28
6 10 21 0
6 10 22 26
6 10 23 56
6 10 24 7
6 10 25 65
6 10 26 69
6 10 27 8
6 10 28 77
6 10 29 27
6 10 30 41
6 11 0 39
6 11 1 65
6 11 2 10
6 11 3 73
6 11 4 77
6 11 5 81
6 11 6 59
6 11 7 89
6 11 8 62
6 11 9 66
6 11 10 43
6 11 11 23
6 11 12 33
6 11 13 32
6 11 14 86
6 11 15 38
6 11 16 37
6 11 17 19
6 11 18 51
6 11 19 18
6 11 20 22
6 11 21 83
6 11 22 36
6 11 23 2
6 11 24 28
6 11 25 20
6 11 26 3
6 11 27 25
6 11 28 12
6 11 29 56
6 11 30 54
6 12 0 19
6 12 1 68
6 12 2 72
6 12 3 16
6 12 4 80
6 12 5 37
6 12 6 20
6 12 7 60
6 12 8 65
6 12 9 33
6 12 10 26
6 12 11 31
6 12 12 41
6 12 13 85
6 12 14 42
6 12 15 54
6 12 16 8
6 12 17 57
6 12 18 74
6 12 19 21
6 12 20 2
6 12 21 53
6 12 22 0
6 12 23 63
6 12 24 67
6 12 25 7
6 12 26 30
6 12 27 14
6 12 28 43
6 12 29 44
6 12 30 29
6 13 0 29
6 13 1 71
6 13 2 16
6 13 3 79
6 13 4 47
6 13 5 87
6 13 6 7
6 13 7 30
6 13 8 53
6 13 9 12
6 13 10 46
6 13 11 60
6 13 12 84
6 13 13 52
6 13 14 34
6 13 15 22
6 13 16 48
6 13 17 73
6 13 18 5
6 13 19 8
6 13 20 50
6 13 21 28
6 13 22 3
6 13 23 66
6 13 24 19
6 13 25 74
6 13 26 2
6 13 27 55
6 13 28 54
6 13 29 90
6 13 30 63
6 14 0 70
6 14 1 74
6 14 2 78
6 14 3 57
6 14 4 10
6 14 5 90
6 14 6 63
6 14 7 38
6 14 8 17
6 14 9 48
6 14 10 59
6 14 11 83
6 14 12 36
6 14 13 34
6 14 14 64
6 14 15 58
6 14 16 72
6 14 17 76
6 14 18 24
6 14 19 55
6 14 20 88
6 14 21 19
6 14 22 65
6 14 23 25
6 14 24 73
6 14 25 15
6 14 26 43
6 14 27 54
6 14 28 89
6 14 29 8
6 14 30 5
6 15 0 73
6 15 1 77
6 15 2 58
6 15 3 17
6 15 4 89
6 15 5 25
6 15 6 54
6 15 7 7
6 15 8 42
6 15 9 45
6 15 10 82
6 15 11 50
6 15 12 57
6 15 13 13
6 15 14 49
6 15 15 71
6 15 16 75
6 15 17 18
6 15 18 60
6 15 19 9
6 15 20 5
6 15 21 3
6 15 22 68
6 15 23 72
6 15 24 76
6 15 25 32
6 15 26 44
6 15 27 10
6 15 28 27
6 15 29 23
6 15 30 69
6 16 0 3
6 16 1 44
6 16 2 0
6 16 3 9
6 16 4 13
6 16 5 59
6 16 6 18
6 16 7 42
6 16 8 54
6 16 9 81
6 16 10 47
6 16 11 52
6 16 12 62
6 16 13 58
6 16 14 70
6 16 15 1
6 16 16 14
6 16 17 34
6 16 18 86
6 16 19 30
6 16 20 63
6 16 21 7
6 16 22 71
6 16 23 75
6 16 24 53
6 16 25 57
6 16 26 87
6 16 27 29
6 16 28 64
6 16 29 19
6 16 30 72
6 17 0 49
6 17 1 83
6 17 2 87
6 17 3 22
6 17 4 60
6 17 5 68
6 17 6 58
6 17 7 44
6 17 8 80
6 17 9 40
6 17 10 39
6 17 11 41
6 17 12 37
6 17 13 69
6 17 14 13
6 17 15 4
6 17 16 34
6 17 17 85
6 17 18 23
6 17 19 20
6 17 20 0
6 17 21 70
6 17 22 18
6 17 23 50
6 17 24 35
6 17 25 21
6 17 26 12
6 17 27 16
6 17 28 67
6 17 29 71
6 17 30 11
6 18 0 8
6 18 1 15
6 18 2 23
6 18 3 43
6 18 4 22
6 18 5 39
6 18 6 34
6 18 7 79
6 18 8 56
6 18 9 55
6 18 10 21
6 18 11 46
6 18 12 1
6 18 13 10
6 18 14 76
6 18 15 35
6 18 16 84
6 18 17 88
6 18 18 26
6 18 19 5
6 18 20 69
6 18 21 29
6 18 22 32
6 18 23 59
6 18 24 3
6 18 25 25
6 18 26 62
6 18 27 66
6 18 28 70
6 18 29 74
6 18 30 57
6 19 0 23
6 19 1 26
6 19 2 56
6 19 3 29
6 19 4 45
6 19 5 49
6 19 6 78
6 19 7 51
6 19 8 47
6 19 9 90
6 19 10 40
6 19 11 67
6 19 12 4
6 19 13 75
6 19 14 46
6 19 15 12
6 19 16 30
6 19 17 8
6 19 18 64
6 19 19 0
6 19 20 15
6 19 21 37
6 19 22 38
6 19 23 13
6 19 24 88
6 19 25 52
6 19 26 65
6 19 27 69
6 19 28 73
6 19 29 60
6 19 30 3
6 20 0 88
6 20 1 43
6 20 2 29
6 20 3 38
6 20 4 34
6 20 5 77
6 20 6 32
6 20 7 53
6 20 8 89
6 20 9 50
6 20 10 66
6 20 11 7
6 20 12 21
6 20 13 36
6 20 14 82
6 20 15 86
6 20 16 26
6 20 17 4
6 20 18 67
6 20 19 10
6 20 20 42
6 20 21 48
6 20 22 83
6 20 23 19
6 20 24 8
6 20 25 0
6 20 26 23
6 20 27 72
6 20 28 46
6 20 29 1
6 20 30 18
6 21 0 55
6 21 1 64
6 21 2 52
6 21 3 42
6 21 4 76
6 21 5 40
6 21 6 36
6 21 7 19
6 21 8 31
6 21 9 65
6 21 10 15
6 21 11 30
6 21 12 59
6 21 13 81
6 21 14 85
6 21 15 11
6 21 16 62
6 21 17 66
6 21 18 29
6 21 19 57
6 21 20 32
6 21 21 1
6 21 22 86
6 21 23 90
6 21 24 63
6 21 25 67
6 21 26 71
6 21 27 38
6 21 28 8
6 21 29 83
6 21 30 2
6 22 0 24
6 22 1 58
6 22 2 54
6 22 3 75
6 22 4 56
6 22 5 60
6 22 6 87
6 22 7 49
6 22 8 10
6 22 9 68
6 22 10 4
6 22 11 45
6 22 12 80
6 22 13 84
6 22 14 88
6 22 15 53
6 22 16 65
6 22 17 11
6 22 18 36
6 22 19 37
6 22 20 14
6 22 21 85
6 22 22 89
6 22 23 1
6 22 24 66
6 22 25 70
6 22 26 59
6 22 27 13
6 22 28 28
6 22 29 86
6 22 30 34
6 23 0 50
6 23 1 49
6 23 2 74
6 23 3 40
6 23 4 35
6 23 5 14
6 23 6 31
6 23 7 63
6 23 8 25
6 23 9 11
6 23 10 48
6 23 11 79
6 23 12 20
6 23 13 12
6 23 14 4
6 23 15 24
6 23 16 68
6 23 17 46
6 23 18 42
6 23 19 2
6 23 20 84
6 23 21 8
6 23 22 17
6 23 23 65
6 23 24 69
6 23 25 39
6 23 26 22
6 23 27 5
6 23 28 85
6 23 29 59
6 23 30 62
6 24 0 34
6 24 1 73
6 24 2 61
6 24 3 47
6 24 4 14
6 24 5 45
6 24 6 17
6 24 7 20
6 24 8 9
6 24 9 56
6 24 10 78
6 24 11 82
6 24 12 86
6 24 13 90
6 24 14 63
6 24 15 30
6 24 16 39
6 24 17 55
6 24 18 28
6 24 19 12
6 24 20 87
6 24 21 4
6 24 22 13
6 24 23 0
6 24 24 40
6 24 25 76
6 24 26 8
6 24 27 84
6 24 28 37
6 24 29 33
6 24 30 35
6 25 0 72
6 25 1 51
6 25 2 32
6 25 3 21
6 25 4 46
6 25 5 20
6 25 6 28
6 25 7 4
6 25 8 61
6 25 9 77
6 25 10 81
6 25 11 85
6 25 12 89
6 25 13 18
6 25 14 9
6 25 15 48
6 25 16 52
6 25 17 14
6 25 18 82
6 25 19 7
6 25 20 17
6 25 21 63
6 25 22 67
6 25 23 40
6 25 24 75
6 25 25 2
6 25 26 11
6 25 27 47
6 25 28 22
6 25 29 53
6 25 30 58
6 26 0 60
6 26 1 32
6 26 2 83
6 26 3 51
6 26 4 21
6 26 5 64
6 26 6 68
6 26 7 47
6 26 8 1
6 26 9 80
6 26 10 84
6 26 11 27
6 26 12 0
6 26 13 22
6 26 14 61
6 26 15 42
6 26 16 25
6 26 17 81
6 26 18 12
6 26 19 23
6 26 20 20
6 26 21 66
6 26 22 45
6 26 23 8
6 26 24 30
6 26 25 82
6 26 26 56
6 26 27 90
6 26 28 48
6 26 29 55
6 26 30 71
6 27 0 57
6 27 1 25
6 27 2 36
6 27 3 30
6 27 4 3
6 27 5 12
6 27 6 48
6 27 7 9
6 27 8 79
6 27 9 24
6 27 10 87
6 27 11 14
6 27 12 64
6 27 13 51
6 27 14 31
6 27 15 76
6 27 16 80
6 27 17 5
6 27 18 88
6 27 19 13
6 27 20 65
6 27 21 50
6 27 22 29
6 27 23 11
6 27 24 81
6 27 25 47
6 27 26 89
6 27 27 40
6 27 28 38
6 27 29 70
6 27 30 46
6 28 0 5
6 28 1 52
6 28 2 18
6 28 3 62
6 28 4 26
6 28 5 58
6 28 6 74
6 28 7 78
6 28 8 82
6 28 9 20
6 28 10 16
6 28 11 2
6 28 12 51
6 28 13 50
6 28 14 75
6 28 15 79
6 28 16 83
6 28 17 9
6 28 18 7
6 28 19 3
6 28 20 55
6 28 21 25
6 28 22 76
6 28 23 80
6 28 24 57
6 28 25 30
6 28 26 40
6 28 27 53
6 28 28 69
6 28 29 45
6 28 30 59
6 29 0 41
6 29 1 88
6 29 2 45
6 29 3 2
6 29 4 37
6 29 5 73
6 29 6 77
6 29 7 81
6 29 8 7
6 29 9 4
6 29 10 62
6 29 11 61
6 29 12 31
6 29 13 28
6 29 14 78
6 29 15 18
6 29 16 86
6 29 17 24
6 29 18 63
6 29 19 52
6 29 20 19
6 29 21 75
6 29 22 79
6 29 23 48
6 29 24 87
6 29 25 51
6 29 26 32
6 29 27 68
6 29 28 33
6 29 29 43
6 29 30 26
6 30 0 13
6 30 1 5
6 30 2 64
6 30 3 46
6 30 4 72
6 30 5 27
6 30 6 80
6 30 7 14
6 30 8 88
6 30 9 35
6 30 10 51
6 30 11 49
6 30 12 10
6 30 13 77
6 30 14 24
6 30 15 85
6 30 16 9
6 30 17 15
6 30 18 38
6 30 19 4
6 30 20 7
6 30 21 78
6 30 22 54
6 30 23 21
6 30 24 37
6 30 25 36
6 30 26 67
6 30 27 42
6 30 28 41
6 30 29 0
6 30 30 31
7 0 0 64
7 0 1 47
7 0 2 72
7 0 3 28
7 0 4 80
7 0 5 15
7 0 6 88
7 0 7 36
7 0 8 52
7 0 9 50
7 0 10 11
7 0 11 77
7 0 12 25
7 0 13 85
7 0 14 10
7 0 15 16
7 0 16 39
7 0 17 5
7 0 18 8
7 0 19 78
7 0 20 55
7 0 21 22
7 0 22 38
7 0 23 37
7 0 24 67
7 0 25 43
7 0 26 42
7 0 27 1
7 0 28 32
7 0 29 14
7 0 30 6
7 1 0 56
7 1 1 71
7 1 2 28
7 1 3 79
7 1 4 83
7 1 5 25
7 1 6 15
7 1 7 47
7 1 8 34
7 1 9 30
7 1 10 14
7 1 11 6
7 1 12 84
7 1 13 88
7 1 14 13
7 1 15 50
7 1 16 11
7 1 17 23
7 1 18 77
7 1 19 42
7 1 20 5
7 1 21 32
7 1 22 59
7 1 23 66
7 1 24 51
7 1 25 45
7 1 26 18
7 1 27 43
7 1 28 86
7 1 29 90
7 1 30 24
7 2 0 70
7 2 1 74
7 2 2 78
7 2 3 3
7 2 4 86
7 2 5 90
7 2 6 46
7 2 7 42
7 2 8 1
7 2 9 19
7 2 10 10
7 2 11 24
7 2 12 16
7 2 13 11
7 2 14 45
7 2 15 68
7 2 16 22
7 2 17 26
7 2 18 47
7 2 19 25
7 2 20 48
7 2 21 55
7 2 22 65
7 2 23 49
7 2 24 61
7 2 25 21
7 2 26 33
7 2 27 85
7 2 28 89
7 2 29 62
7 2 30 60
7 3 0 73
7 3 1 77
7 3 2 29
7 3 3 85
7 3 4 89
7 3 5 53
7 3 6 56
7 3 7 17
7 3 8 74
7 3 9 5
7 3 10 82
7 3 11 86
7 3 12 6
7 3 13 45
7 3 14 18
7 3 15 13
7 3 16 16
7 3 17 54
7 3 18 83
7 3 19 31
7 3 20 38
7 3 21 64
7 3 22 40
7 3 23 35
7 3 24 76
7 3 25 58
7 3 26 84
7 3 27 23
7 3 28 37
7 3 29 44
7 3 30 69
7 4 0 10
7 4 1 9
7 4 2 84
7 4 3 6
7 4 4 31
7 4 5 59
7 4 6 28
7 4 7 73
7 4 8 0
7 4 9 81
7 4 10 85
7 4 11 16
7 4 12 42
7 4 13 3
7 4 14 22
7 4 15 74
7 4 16 57
7 4 17 15
7 4 18 58
7 4 19 43
7 4 20 63
7 4 21 34
7 4 22 51
7 4 23 75
7 4 24 49
7 4 25 2
7 4 26 87
7 4 27 11
7 4 28 40
7 4 29 26
7 4 30 72
7 5 0 28
7 5 1 27
7 5 2 87
7 5 3 56
7 5 4 36
7 5 5 68
7 5 6 72
7 5 7 76
7 5 8 80
7 5 9 84
7 5 10 88
7 5 11 50
7 5 12 12
7 5 13 6
7 5 14 73
7 5 15 40
7 5 16 10
7 5 17 32
7 5 18 48
7 5 19 62
7 5 20 60
7 5 21 59
7 5 22 15
7 5 23 39
7 5 24 82
7 5 25 18
7 5 26 90
7 5 27 33
7 5 28 67
7 5 29 71
7 5 30 22
7 6 0 82
7 6 1 24
7 6 2 52
7 6 3 55
7 6 4 11
7 6 5 71
7 6 6 75
7 6 7 79
7 6 8 30
7 6 9 17
7 6 10 45
7 6 11 64
7 6 12 68
7 6 13 72
7 6 14 57
7 6 15 22
7 6 16 32
7 6 17 35
7 6 18 38
7 6 19 41
7 6 20 44
7 6 21 28
7 6 22 50
7 6 23 81
7 6 24 2
7 6 25 89
7 6 26 31
7 6 27 66
7 6 28 70
7 6 29 74
7 6 30 25
7 7 0 27
7 7 1 40
7 7 2 51
7 7 3 18
7 7 4 70
7 7 5 12
7 7 6 78
7 7 7 82
7 7 8 86
7 7 9 43
7 7 10 28
7 7 11 25
7 7 12 71
7 7 13 37
7 7 14 16
7 7 15 48
7 7 16 47
7 7 17 7
7 7 18 59
7 7 19 44
7 7 20 29
7 7 21 36
7 7 22 80
7 7 23 20
7 7 24 17
7 7 25 57
7 7 26 65
7 7 27 69
7 7 28 73
7 7 29 2
7 7 30 81
7 8 0 48
7 8 1 45
7 8 2 21
7 8 3 69
7 8 4 20
7 8 5 77
7 8 6 81
7 8 7 85
7 8 8 36
7 8 9 62
7 8 10 12
7 8 11 70
7 8 12 58
7 8 13 17
7 8 14 56
7 8 15 42
7 8 16 90
7 8 17 33
7 8 18 49
7 8 19 23
7 8 20 50
7 8 21 79
7 8 22 83
7 8 23 87
7 8 24 34
7 8 25 28
7 8 26 15
7 8 27 72
7 8 28 76
7 8 29 80
7 8 30 3
7 9 0 54
7 9 1 64
7 9 2 18
7 9 3 17
7 9 4 23
7 9 5 80
7 9 6 84
7 9 7 32
7 9 8 39
7 9 9 27
7 9 10 69
7 9 11 49
7 9 12 30
7 9 13 41
7 9 14 36
7 9 15 89
7 9 16 38
7 9 17 45
7 9 18 4
7 9 19 53
7 9 20 78
7 9 21 8
7 9 22 2
7 9 23 31
7 9 24 63
7 9 25 67
7 9 26 71
7 9 27 75
7 9 28 79
7 9 29 83
7 9 30 51
7 10 0 8
7 10 1 67
7 10 2 5
7 10 3 4
7 10 4 79
7 10 5 19
7 10 6 47
7 10 7 3
7 10 8 64
7 10 9 12
7 10 10 43
7 10 11 76
7 10 12 46
7 10 13 58
7 10 14 88
7 10 15 52
7 10 16 59
7 10 17 30
7 10 18 60
7 10 19 77
7 10 20 23
7 10 21 11
7 10 22 31
7 10 23 29
7 10 24 66
7 10 25 70
7 10 26 14
7 10 27 78
7 10 28 17
7 10 29 34
7 10 30 61
7 11 0 66
7 11 1 16
7 11 2 74
7 11 3 78
7 11 4 82
7 11 5 51
7 11 6 90
7 11 7 22
7 11 8 67
7 11 9 33
7 11 10 75
7 11 11 31
7 11 12 56
7 11 13 87
7 11 14 48
7 11 15 44
7 11 16 68
7 11 17 34
7 11 18 29
7 11 19 1
7 11 20 27
7 11 21 57
7 11 22 8
7 11 23 65
7 11 24 69
7 11 25 9
7 11 26 77
7 11 27 28
7 11 28 42
7 11 29 60
7 11 30 62
7 12 0 11
7 12 1 73
7 12 2 77
7 12 3 81
7 12 4 60
7 12 5 89
7 12 6 62
7 12 7 66
7 12 8 44
7 12 9 24
7 12 10 34
7 12 11 33
7 12 12 86
7 12 13 39
7 12 14 38
7 12 15 20
7 12 16 52
7 12 17 19
7 12 18 23
7 12 19 83
7 12 20 37
7 12 21 3
7 12 22 29
7 12 23 21
7 12 24 4
7 12 25 26
7 12 26 13
7 12 27 57
7 12 28 55
7 12 29 40
7 12 30 65
7 13 0 72
7 13 1 17
7 13 2 80
7 13 3 38
7 13 4 21
7 13 5 61
7 13 6 65
7 13 7 34
7 13 8 27
7 13 9 32
7 13 10 42
7 13 11 85
7 13 12 43
7 13 13 55
7 13 14 9
7 13 15 58
7 13 16 74
7 13 17 22
7 13 18 3
7 13 19 54
7 13 20 1
7 13 21 63
7 13 22 67
7 13 23 8
7 13 24 0
7 13 25 15
7 13 26 44
7 13 27 45
7 13 28 30
7 13 29 20
7 13 30 68
7 14 0 17
7 14 1 79
7 14 2 48
7 14 3 87
7 14 4 8
7 14 5 0
7 14 6 54
7 14 7 13
7 14 8 47
7 14 9 61
7 14 10 84
7 14 11 53
7 14 12 35
7 14 13 23
7 14 14 49
7 14 15 73
7 14 16 6
7 14 17 9
7 14 18 51
7 14 19 29
7 14 20 4
7 14 21 66
7 14 22 20
7 14 23 74
7 14 24 3
7 14 25 56
7 14 26 55
7 14 27 90
7 14 28 63
7 14 29 30
7 14 30 71
7 15 0 78
7 15 1 58
7 15 2 11
7 15 3 90
7 15 4 63
7 15 5 39
7 15 6 18
7 15 7 49
7 15 8 60
7 15 9 83
7 15 10 37
7 15 11 35
7 15 12 64
7 15 13 59
7 15 14 72
7 15 15 76
7 15 16 25
7 15 17 56
7 15 18 88
7 15 19 20
7 15 20 65
7 15 21 26
7 15 22 73
7 15 23 16
7 15 24 44
7 15 25 55
7 15 26 89
7 15 27 9
7 15 28 6
7 15 29 70
7 15 30 74
7 16 0 59
7 16 1 18
7 16 2 89
7 16 3 26
7 16 4 55
7 16 5 8
7 16 6 43
7 16 7 46
7 16 8 82
7 16 9 51
7 16 10 58
7 16 11 14
7 16 12 50
7 16 13 71
7 16 14 75
7 16 15 19
7 16 16 61
7 16 17 10
7 16 18 6
7 16 19 4
7 16 20 68
7 16 21 72
7 16 22 76
7 16 23 33
7 16 24 45
7 16 25 11
7 16 26 28
7 16 27 24
7 16 28 69
7 16 29 73
7 16 30 77
7 17 0 1
7 17 1 10
7 17 2 14
7 17 3 60
7 17 4 19
7 17 5 43
7 17 6 55
7 17 7 81
7 17 8 48
7 17 9 53
7 17 10 62
7 17 11 59
7 17 12 70
7 17 13 2
7 17 14 15
7 17 15 35
7 17 16 86
7 17 17 0
7 17 18 63
7 17 19 8
7 17 20 71
7 17 21 75
7 17 22 54
7 17 23 58
7 17 24 87
7 17 25 30
7 17 26 64
7 17 27 20
7 17 28 72
7 17 29 4
7 17 30 45
7 18 0 87
7 18 1 23
7 18 2 61
7 18 3 68
7 18 4 59
7 18 5 45
7 18 6 80
7 18 7 41
7 18 8 40
7 18 9 42
7 18 10 38
7 18 11 69
7 18 12 14
7 18 13 5
7 18 14 35
7 18 15 85
7 18 16 24
7 18 17 21
7 18 18 1
7 18 19 70
7 18 20 19
7 18 21 51
7 18 22 36
7 18 23 22
7 18 24 13
7 18 25 17
7 18 26 67
7 18 27 71
7 18 28 12
7 18 29 50
7 18 30 83
7 19 0 24
7 19 1 44
7 19 2 23
7 19 3 40
7 19 4 35
7 19 5 79
7 19 6 57
7 19 7 56
7 19 8 22
7 19 9 47
7 19 10 2
7 19 11 11
7 19 12 76
7 19 13 36
7 19 14 84
7 19 15 88
7 19 16 27
7 19 17 6
7 19 18 69
7 19 19 30
7 19 20 33
7 19 21 60
7 19 22 4
7 19 23 26
7 19 24 62
7 19 25 66
7 19 26 70
7 19 27 74
7 19 28 58
7 19 29 9
7 19 30 16
7 20 0 57
7 20 1 30
7 20 2 46
7 20 3 50
7 20 4 78
7 20 5 52
7 20 6 48
7 20 7 90
7 20 8 41
7 20 9 67
7 20 10 5
7 20 11 75
7 20 12 47
7 20 13 13
7 20 14 0
7 20 15 9
7 20 16 64
7 20 17 1
7 20 18 16
7 20 19 38
7 20 20 39
7 20 21 14
7 20 22 88
7 20 23 53
7 20 24 65
7 20 25 69
7 20 26 73
7 20 27 61
7 20 28 4
7 20 29 24
7 20 30 27
7 21 0 30
7 21 1 39
7 21 2 35
7 21 3 77
7 21 4 33
7 21 5 54
7 21 6 89
7 21 7 51
7 21 8 66
7 21 9 8
7 21 10 22
7 21 11 37
7 21 12 82
7 21 13 86
7 21 14 27
7 21 15 5
7 21 16 67
7 21 17 11
7 21 18 43
7 21 19 49
7 21 20 83
7 21 21 20
7 21 22 9
7 21 23 1
7 21 24 24
7 21 25 72
7 21 26 47
7 21 27 2
7 21 28 19
7 21 29 88
7 21 30 44
7 22 0 53
7 22 1 43
7 22 2 76
7 22 3 41
7 22 4 37
7 22 5 20
7 22 6 32
7 22 7 65
7 22 8 16
7 22 9 0
7 22 10 60
7 22 11 81
7 22 12 85
7 22 13 12
7 22 14 62
7 22 15 66
7 22 16 30
7 22 17 58
7 22 18 33
7 22 19 2
7 22 20 86
7 22 21 90
7 22 22 63
7 22 23 67
7 22 24 71
7 22 25 39
7 22 26 9
7 22 27 83
7 22 28 3
7 22 29 56
7 22 30 64
7 23 0 55
7 23 1 75
7 23 2 57
7 23 3 61
7 23 4 87
7 23 5 50
7 23 6 11
7 23 7 68
7 23 8 5
7 23 9 46
7 23 10 80
7 23 11 84
7 23 12 88
7 23 13 54
7 23 14 65
7 23 15 12
7 23 16 37
7 23 17 38
7 23 18 15
7 23 19 85
7 23 20 89
7 23 21 2
7 23 22 66
7 23 23 70
7 23 24 60
7 23 25 14
7 23 26 29
7 23 27 86
7 23 28 35
7 23 29 25
7 23 30 59
7 24 0 74
7 24 1 41
7 24 2 36
7 24 3 15
7 24 4 32
7 24 5 63
7 24 6 26
7 24 7 12
7 24 8 49
7 24 9 79
7 24 10 21
7 24 11 13
7 24 12 5
7 24 13 25
7 24 14 68
7 24 15 47
7 24 16 43
7 24 17 3
7 24 18 84
7 24 19 9
7 24 20 18
7 24 21 65
7 24 22 69
7 24 23 40
7 24 24 23
7 24 25 6
7 24 26 85
7 24 27 60
7 24 28 62
7 24 29 51
7 24 30 50
7 25 0 31
7 25 1 48
7 25 2 15
7 25 3 46
7 25 4 18
7 25 5 21
7 25 6 10
7 25 7 57
7 25 8 78
7 25 9 82
7 25 10 86
7 25 11 90
7 25 12 63
7 25 13 0
7 25 14 40
7 25 15 56
7 25 16 29
7 25 17 13
7 25 18 87
7 25 19 5
7 25 20 14
7 25 21 1
7 25 22 41
7 25 23 76
7 25 24 9
7 25 25 84
7 25 26 38
7 25 27 34
7 25 28 36
7 25 29 35
7 25 30 73
7 26 0 33
7 26 1 22
7 26 2 47
7 26 3 21
7 26 4 29
7 26 5 5
7 26 6 31
7 26 7 77
7 26 8 81
7 26 9 85
7 26 10 89
7 26 11 19
7 26 12 10
7 26 13 49
7 26 14 53
7 26 15 15
7 26 16 82
7 26 17 8
7 26 18 18
7 26 19 63
7 26 20 67
7 26 21 41
7 26 22 75
7 26 23 3
7 26 24 12
7 26 25 48
7 26 26 23
7 26 27 54
7 26 28 59
7 26 29 72
7 26 30 52
7 27 0 83
7 27 1 52
7 27 2 22
7 27 3 64
7 27 4 68
7 27 5 48
7 27 6 2
7 27 7 80
7 27 8 84
7 27 9 28
7 27 10 1
7 27 11 23
7 27 12 31
7 27 13 43
7 27 14 26
7 27 15 81
7 27 16 13
7 27 17 24
7 27 18 21
7 27 19 66
7 27 20 46
7 27 21 9
7 27 22 0
7 27 23 82
7 27 24 57
7 27 25 90
7 27 26 49
7 27 27 56
7 27 28 71
7 27 29 61
7 27 30 33
7 28 0 37
7 28 1 0
7 28 2 4
7 28 3 13
7 28 4 49
7 28 5 10
7 28 6 79
7 28 7 25
7 28 8 87
7 28 9 15
7 28 10 64
7 28 11 52
7 28 12 32
7 28 13 76
7 28 14 80
7 28 15 6
7 28 16 88
7 28 17 14
7 28 18 65
7 28 19 51
7 28 20 30
7 28 21 12
7 28 22 81
7 28 23 48
7 28 24 89
7 28 25 41
7 28 26 39
7 28 27 70
7 28 28 47
7 28 29 58
7 28 30 26
7 29 0 19
7 29 1 62
7 29 2 27
7 29 3 59
7 29 4 74
7 29 5 78
7 29 6 82
7 29 7 21
7 29 8 17
7 29 9 3
7 29 10 52
7 29 11 51
7 29 12 75
7 29 13 79
7 29 14 83
7 29 15 10
7 29 16 8
7 29 17 4
7 29 18 56
7 29 19 26
7 29 20 76
7 29 21 80
7 29 22 58
7 29 23 0
7 29 24 41
7 29 25 54
7 29 26 69
7 29 27 46
7 29 28 60
7 29 29 6
7 29 30 53
7 30 0 46
7 30 1 3
7 30 2 38
7 30 3 73
7 30 4 77
7 30 5 81
7 30 6 8
7 30 7 5
7 30 8 62
7 30 9 31
7 30 10 32
7 30 11 29
7 30 12 78
7 30 13 19
7 30 14 86
7 30 15 25
7 30 16 63
7 30 17 53
7 30 18 20
7 30 19 75
7 30 20 79
7 30 21 49
7 30 22 87
7 30 23 52
7 30 24 33
7 30 25 68
7 30 26 34
7 30 27 44
7 30 28 27
7 30 29 42
7 30 30 88
8 0 0 39
8 0 1 73
8 0 2 77
8 0 3 81
8 0 4 9
8 0 5 6
8 0 6 62
8 0 7 32
8 0 8 33
8 0 9 30
8 0 10 78
8 0 11 20
8 0 12 86
8 0 13 26
8 0 14 63
8 0 15 54
8 0 16 21
8 0 17 75
8 0 18 79
8 0 19 50
8 0 20 87
8 0 21 53
8 0 22 34
8 0 23 68
8 0 24 35
8 0 25 45
8 0 26 28
8 0 27 43
8 0 28 88
8 0 29 47
8 0 30 4
8 1 0 72
8 1 1 29
8 1 2 80
8 1 3 16
8 1 4 88
8 1 5 37
8 1 6 53
8 1 7 51
8 1 8 12
8 1 9 77
8 1 10 26
8 1 11 85
8 1 12 11
8 1 13 17
8 1 14 40
8 1 15 6
8 1 16 9
8 1 17 78
8 1 18 56
8 1 19 23
8 1 20 39
8 1 21 38
8 1 22 67
8 1 23 44
8 1 24 43
8 1 25 2
8 1 26 33
8 1 27 15
8 1 28 7
8 1 29 64
8 1 30 48
8 2 0 29
8 2 1 79
8 2 2 83
8 2 3 26
8 2 4 16
8 2 5 48
8 2 6 35
8 2 7 0
8 2 8 15
8 2 9 7
8 2 10 84
8 2 11 88
8 2 12 14
8 2 13 51
8 2 14 12
8 2 15 24
8 2 16 77
8 2 17 43
8 2 18 6
8 2 19 33
8 2 20 60
8 2 21 66
8 2 22 52
8 2 23 46
8 2 24 19
8 2 25 44
8 2 26 86
8 2 27 90
8 2 28 25
8 2 29 57
8 2 30 71
8 3 0 78
8 3 1 4
8 3 2 86
8 3 3 90
8 3 4 47
8 3 5 43
8 3 6 2
8 3 7 20
8 3 8 11
8 3 9 25
8 3 10 17
8 3 11 12
8 3 12 46
8 3 13 68
8 3 14 23
8 3 15 27
8 3 16 48
8 3 17 26
8 3 18 49
8 3 19 56
8 3 20 65
8 3 21 50
8 3 22 31
8 3 23 22
8 3 24 34
8 3 25 85
8 3 26 89
8 3 27 62
8 3 28 61
8 3 29 70
8 3 30 74
8 4 0 30
8 4 1 85
8 4 2 89
8 4 3 54
8 4 4 57
8 4 5 18
8 4 6 74
8 4 7 6
8 4 8 82
8 4 9 86
8 4 10 7
8 4 11 46
8 4 12 19
8 4 13 14
8 4 14 17
8 4 15 55
8 4 16 83
8 4 17 32
8 4 18 39
8 4 19 64
8 4 20 41
8 4 21 36
8 4 22 76
8 4 23 59
8 4 24 84
8 4 25 24
8 4 26 38
8 4 27 45
8 4 28 69
8 4 29 73
8 4 30 77
8 5 0 84
8 5 1 7
8 5 2 32
8 5 3 60
8 5 4 29
8 5 5 73
8 5 6 1
8 5 7 81
8 5 8 85
8 5 9 17
8 5 10 43
8 5 11 4
8 5 12 23
8 5 13 74
8 5 14 58
8 5 15 16
8 5 16 59
8 5 17 44
8 5 18 63
8 5 19 35
8 5 20 52
8 5 21 75
8 5 22 50
8 5 23 3
8 5 24 87
8 5 25 12
8 5 26 41
8 5 27 27
8 5 28 72
8 5 29 11
8 5 30 10
8 6 0 87
8 6 1 57
8 6 2 37
8 6 3 68
8 6 4 72
8 6 5 76
8 6 6 80
8 6 7 84
8 6 8 88
8 6 9 51
8 6 10 13
8 6 11 7
8 6 12 73
8 6 13 41
8 6 14 11
8 6 15 33
8 6 16 49
8 6 17 62
8 6 18 61
8 6 19 60
8 6 20 16
8 6 21 40
8 6 22 82
8 6 23 19
8 6 24 90
8 6 25 34
8 6 26 67
8 6 27 71
8 6 28 23
8 6 29 29
8 6 30 28
8 7 0 53
8 7 1 56
8 7 2 12
8 7 3 71
8 7 4 75
8 7 5 79
8 7 6 0
8 7 7 18
8 7 8 46
8 7 9 64
8 7 10 68
8 7 11 72
8 7 12 58
8 7 13 23
8 7 14 33
8 7 15 36
8 7 16 39
8 7 17 42
8 7 18 45
8 7 19 29
8 7 20 51
8 7 21 81
8 7 22 3
8 7 23 89
8 7 24 32
8 7 25 66
8 7 26 70
8 7 27 74
8 7 28 26
8 7 29 82
8 7 30 25
8 8 0 52
8 8 1 19
8 8 2 70
8 8 3 13
8 8 4 78
8 8 5 82
8 8 6 86
8 8 7 44
8 8 8 29
8 8 9 26
8 8 10 71
8 8 11 38
8 8 12 17
8 8 13 49
8 8 14 48
8 8 15 8
8 8 16 60
8 8 17 45
8 8 18 30
8 8 19 37
8 8 20 80
8 8 21 21
8 8 22 18
8 8 23 58
8 8 24 65
8 8 25 69
8 8 26 73
8 8 27 3
8 8 28 81
8 8 29 28
8 8 30 41
8 9 0 22
8 9 1 69
8 9 2 21
8 9 3 77
8 9 4 81
8 9 5 85
8 9 6 37
8 9 7 62
8 9 8 13
8 9 9 70
8 9 10 59
8 9 11 18
8 9 12 57
8 9 13 43
8 9 14 90
8 9 15 34
8 9 16 50
8 9 17 24
8 9 18 51
8 9 19 79
8 9 20 83
8 9 21 87
8 9 22 35
8 9 23 29
8 9 24 16
8 9 25 72
8 9 26 76
8 9 27 80
8 9 28 4
8 9 29 49
8 9 30 46
8 10 0 19
8 10 1 18
8 10 2 24
8 10 3 80
8 10 4 84
8 10 5 33
8 10 6 40
8 10 7 28
8 10 8 69
8 10 9 50
8 10 10 0
8 10 11 42
8 10 12 37
8 10 13 89
8 10 14 39
8 10 15 46
8 10 16 5
8 10 17 54
8 10 18 78
8 10 19 9
8 10 20 3
8 10 21 32
8 10 22 63
8 10 23 67
8 10 24 71
8 10 25 75
8 10 26 79
8 10 27 83
8 10 28 52
8 10 29 55
8 10 30 64
8 11 0 6
8 11 1 5
8 11 2 79
8 11 3 20
8 11 4 48
8 11 5 4
8 11 6 64
8 11 7 13
8 11 8 44
8 11 9 76
8 11 10 47
8 11 11 59
8 11 12 88
8 11 13 53
8 11 14 60
8 11 15 0
8 11 16 61
8 11 17 77
8 11 18 24
8 11 19 12
8 11 20 32
8 11 21 30
8 11 22 66
8 11 23 70
8 11 24 15
8 11 25 78
8 11 26 18
8 11 27 35
8 11 28 31
8 11 29 9
8 11 30 67
8 12 0 74
8 12 1 78
8 12 2 82
8 12 3 52
8 12 4 90
8 12 5 23
8 12 6 67
8 12 7 34
8 12 8 75
8 12 9 32
8 12 10 57
8 12 11 87
8 12 12 49
8 12 13 45
8 12 14 68
8 12 15 35
8 12 16 30
8 12 17 2
8 12 18 28
8 12 19 58
8 12 20 9
8 12 21 65
8 12 22 69
8 12 23 10
8 12 24 77
8 12 25 29
8 12 26 43
8 12 27 61
8 12 28 62
8 12 29 66
8 12 30 17
8 13 0 77
8 13 1 81
8 13 2 61
8 13 3 89
8 13 4 62
8 13 5 66
8 13 6 45
8 13 7 25
8 13 8 35
8 13 9 34
8 13 10 86
8 13 11 40
8 13 12 39
8 13 13 21
8 13 14 53
8 13 15 20
8 13 16 24
8 13 17 83
8 13 18 38
8 13 19 4
8 13 20 30
8 13 21 22
8 13 22 5
8 13 23 27
8 13 24 14
8 13 25 58
8 13 26 56
8 13 27 41
8 13 28 65
8 13 29 12
8 13 30 73
8 14 0 80
8 14 1 39
8 14 2 22
8 14 3 31
8 14 4 65
8 14 5 35
8 14 6 28
8 14 7 33
8 14 8 43
8 14 9 85
8 14 10 44
8 14 11 56
8 14 12 10
8 14 13 59
8 14 14 74
8 14 15 23
8 14 16 4
8 14 17 55
8 14 18 2
8 14 19 63
8 14 20 67
8 14 21 9
8 14 22 1
8 14 23 16
8 14 24 45
8 14 25 46
8 14 26 0
8 14 27 21
8 14 28 68
8 14 29 72
8 14 30 18
8 15 0 49
8 15 1 87
8 15 2 9
8 15 3 1
8 15 4 55
8 15 5 14
8 15 6 48
8 15 7 31
8 15 8 84
8 15 9 54
8 15 10 36
8 15 11 24
8 15 12 50
8 15 13 73
8 15 14 7
8 15 15 10
8 15 16 52
8 15 17 30
8 15 18 5
8 15 19 66
8 15 20 21
8 15 21 74
8 15 22 4
8 15 23 57
8 15 24 56
8 15 25 90
8 15 26 63
8 15 27 0
8 15 28 71
8 15 29 18
8 15 30 79
8 16 0 12
8 16 1 90
8 16 2 63
8 16 3 40
8 16 4 19
8 16 5 50
8 16 6 61
8 16 7 83
8 16 8 38
8 16 9 36
8 16 10 64
8 16 11 60
8 16 12 72
8 16 13 76
8 16 14 26
8 16 15 57
8 16 16 88
8 16 17 21
8 16 18 65
8 16 19 27
8 16 20 73
8 16 21 17
8 16 22 45
8 16 23 56
8 16 24 89
8 16 25 10
8 16 26 7
8 16 27 70
8 16 28 74
8 16 29 78
8 16 30 59
8 17 0 89
8 17 1 27
8 17 2 56
8 17 3 9
8 17 4 44
8 17 5 47
8 17 6 82
8 17 7 52
8 17 8 59
8 17 9 15
8 17 10 51
8 17 11 71
8 17 12 75
8 17 13 20
8 17 14 31
8 17 15 11
8 17 16 7
8 17 17 5
8 17 18 68
8 17 19 72
8 17 20 76
8 17 21 34
8 17 22 46
8 17 23 12
8 17 24 29
8 17 25 25
8 17 26 69
8 17 27 73
8 17 28 77
8 17 29 60
8 17 30 19
8 18 0 15
8 18 1 61
8 18 2 20
8 18 3 44
8 18 4 56
8 18 5 81
8 18 6 49
8 18 7 54
8 18 8 62
8 18 9 60
8 18 10 70
8 18 11 3
8 18 12 16
8 18 13 36
8 18 14 86
8 18 15 1
8 18 16 63
8 18 17 9
8 18 18 71
8 18 19 75
8 18 20 55
8 18 21 59
8 18 22 87
8 18 23 0
8 18 24 64
8 18 25 21
8 18 26 72
8 18 27 5
8 18 28 46
8 18 29 2
8 18 30 11
8 19 0 31
8 19 1 68
8 19 2 60
8 19 3 46
8 19 4 80
8 19 5 42
8 19 6 41
8 19 7 43
8 19 8 39
8 19 9 69
8 19 10 15
8 19 11 6
8 19 12 36
8 19 13 85
8 19 14 25
8 19 15 22
8 19 16 2
8 19 17 70
8 19 18 20
8 19 19 52
8 19 20 37
8 19 21 23
8 19 22 14
8 19 23 18
8 19 24 67
8 19 25 71
8 19 26 13
8 19 27 51
8 19 28 83
8 19 29 87
8 19 30 24
8 20 0 24
8 20 1 41
8 20 2 36
8 20 3 79
8 20 4 58
8 20 5 57
8 20 6 23
8 20 7 48
8 20 8 3
8 20 9 12
8 20 10 76
8 20 11 37
8 20 12 84
8 20 13 88
8 20 14 28
8 20 15 7
8 20 16 69
8 20 17 0
8 20 18 34
8 20 19 61
8 20 20 5
8 20 21 27
8 20 22 62
8 20 23 66
8 20 24 70
8 20 25 74
8 20 26 59
8 20 27 10
8 20 28 17
8 20 29 25
8 20 30 45
8 21 0 47
8 21 1 51
8 21 2 78
8 21 3 53
8 21 4 49
8 21 5 90
8 21 6 42
8 21 7 67
8 21 8 6
8 21 9 75
8 21 10 48
8 21 11 14
8 21 12 1
8 21 13 10
8 21 14 64
8 21 15 2
8 21 16 17
8 21 17 39
8 21 18 40
8 21 19 15
8 21 20 88
8 21 21 54
8 21 22 65
8 21 23 69
8 21 24 73
8 21 25 31
8 21 26 5
8 21 27 25
8 21 28 28
8 21 29 58
8 21 30 0
8 22 0 36
8 22 1 77
8 22 2 34
8 22 3 55
8 22 4 89
8 22 5 52
8 22 6 66
8 22 7 9
8 22 8 23
8 22 9 38
8 22 10 82
8 22 11 86
8 22 12 28
8 22 13 6
8 22 14 67
8 22 15 12
8 22 16 44
8 22 17 50
8 22 18 83
8 22 19 21
8 22 20 10
8 22 21 2
8 22 22 25
8 22 23 72
8 22 24 48
8 22 25 3
8 22 26 20
8 22 27 88
8 22 28 45
8 22 29 0
8 22 30 40
8 23 0 76
8 23 1 42
8 23 2 38
8 23 3 21
8 23 4 33
8 23 5 65
8 23 6 17
8 23 7 1
8 23 8 61
8 23 9 81
8 23 10 85
8 23 11 13
8 23 12 62
8 23 13 66
8 23 14 0
8 23 15 59
8 23 16 34
8 23 17 3
8 23 18 86
8 23 19 90
8 23 20 63
8 23 21 67
8 23 22 71
8 23 23 40
8 23 24 10
8 23 25 83
8 23 26 4
8 23 27 57
8 23 28 64
8 23 29 54
8 23 30 44
8 24 0 58
8 24 1 31
8 24 2 87
8 24 3 51
8 24 4 12
8 24 5 68
8 24 6 6
8 24 7 47
8 24 8 80
8 24 9 84
8 24 10 88
8 24 11 55
8 24 12 65
8 24 13 13
8 24 14 38
8 24 15 39
8 24 16 16
8 24 17 85
8 24 18 89
8 24 19 3
8 24 20 66
8 24 21 70
8 24 22 61
8 24 23 15
8 24 24 30
8 24 25 86
8 24 26 36
8 24 27 26
8 24 28 60
8 24 29 56
8 24 30 75
8 25 0 37
8 25 1 16
8 25 2 33
8 25 3 63
8 25 4 27
8 25 5 13
8 25 6 50
8 25 7 79
8 25 8 22
8 25 9 14
8 25 10 6
8 25 11 26
8 25 12 68
8 25 13 48
8 25 14 44
8 25 15 4
8 25 16 84
8 25 17 10
8 25 18 19
8 25 19 65
8 25 20 69
8 25 21 41
8 25 22 24
8 25 23 7
8 25 24 85
8 25 25 61
8 25 26 62
8 25 27 52
8 25 28 51
8 25 29 74
8 25 30 42
8 26 0 16
8 26 1 47
8 26 2 19
8 26 3 22
8 26 4 11
8 26 5 58
8 26 6 78
8 26 7 82
8 26 8 86
8 26 9 90
8 26 10 63
8 26 11 1
8 26 12 41
8 26 13 57
8 26 14 30
8 26 15 14
8 26 16 87
8 26 17 6
8 26 18 15
8 26 19 2
8 26 20 42
8 26 21 76
8 26 22 10
8 26 23 84
8 26 24 39
8 26 25 35
8 26 26 37
8 26 27 36
8 26 28 73
8 26 29 32
8 26 30 49
8 27 0 48
8 27 1 22
8 27 2 30
8 27 3 6
8 27 4 32
8 27 5 77
8 27 6 81
8 27 7 85
8 27 8 89
8 27 9 20
8 27 10 11
8 27 11 50
8 27 12 54
8 27 13 16
8 27 14 82
8 27 15 9
8 27 16 19
8 27 17 63
8 27 18 67
8 27 19 42
8 27 20 75
8 27 21 4
8 27 22 13
8 27 23 49
8 27 24 24
8 27 25 55
8 27 26 60
8 27 27 72
8 27 28 53
8 27 29 34
8 27 30 23
8 28 0 23
8 28 1 64
8 28 2 68
8 28 3 49
8 28 4 3
8 28 5 80
8 28 6 84
8 28 7 29
8 28 8 2
8 28 9 24
8 28 10 32
8 28 11 44
8 28 12 27
8 28 13 81
8 28 14 14
8 28 15 25
8 28 16 22
8 28 17 66
8 28 18 47
8 28 19 10
8 28 20 1
8 28 21 82
8 28 22 58
8 28 23 90
8 28 24 50
8 28 25 57
8 28 26 71
8 28 27 31
8 28 28 34
8 28 29 83
8 28 30 53
8 29 0 5
8 29 1 14
8 29 2 50
8 29 3 11
8 29 4 79
8 29 5 26
8 29 6 87
8 29 7 16
8 29 8 64
8 29 9 53
8 29 10 33
8 29 11 76
8 29 12 80
8 29 13 7
8 29 14 88
8 29 15 15
8 29 16 65
8 29 17 52
8 29 18 0
8 29 19 13
8 29 20 81
8 29 21 49
8 29 22 89
8 29 23 42
8 29 24 40
8 29 25 70
8 29 26 48
8 29 27 59
8 29 28 27
8 29 29 38
8 29 30 1
8 30 0 28
8 30 1 60
8 30 2 74
8 30 3 78
8 30 4 82
8 30 5 22
8 30 6 18
8 30 7 4
8 30 8 53
8 30 9 52
8 30 10 75
8 30 11 79
8 30 12 83
8 30 13 11
8 30 14 9
8 30 15 5
8 30 16 57
8 30 17 27
8 30 18 76
8 30 19 80
8 30 20 59
8 30 21 1
8 30 22 42
8 30 23 55
8 30 24 69
8 30 25 47
8 30 26 61
8 30 27 7
8 30 28 54
8 30 29 20
8 30 30 62
9 0 0 74
9 0 1 78
9 0 2 82
9 0 3 23
9 0 4 19
9 0 5 5
9 0 6 54
9 0 7 53
9 0 8 75
9 0 9 79
9 0 10 83
9 0 11 12
9 0 12 10
9 0 13 6
9 0 14 58
9 0 15 28
9 0 16 76
9 0 17 80
9 0 18 60
9 0 19 2
9 0 20 43
9 0 21 56
9 0 22 69
9 0 23 48
9 0 24 31
9 0 25 8
9 0 26 55
9 0 27 21
9 0 28 62
9 0 29 29
9 0 30 61
9 1 0 77
9 1 1 81
9 1 2 10
9 1 3 7
9 1 4 62
9 1 5 33
9 1 6 34
9 1 7 0
9 1 8 78
9 1 9 21
9 1 10 86
9 1 11 27
9 1 12 63
9 1 13 55
9 1 14 22
9 1 15 75
9 1 16 79
9 1 17 51
9 1 18 87
9 1 19 54
9 1 20 35
9 1 21 68
9 1 22 36
9 1 23 46
9 1 24 29
9 1 25 44
9 1 26 88
9 1 27 48
9 1 28 5
9 1 29 40
9 1 30 73
9 2 0 80
9 2 1 17
9 2 2 88
9 2 3 38
9 2 4 54
9 2 5 52
9 2 6 13
9 2 7 77
9 2 8 27
9 2 9 85
9 2 10 12
9 2 11 18
9 2 12 41
9 2 13 7
9 2 14 10
9 2 15 78
9 2 16 57
9 2 17 24
9 2 18 40
9 2 19 39
9 2 20 67
9 2 21 45
9 2 22 44
9 2 23 3
9 2 24 34
9 2 25 16
9 2 26 8
9 2 27 64
9 2 28 49
9 2 29 72
9 2 30 30
9 3 0 83
9 3 1 27
9 3 2 17
9 3 3 49
9 3 4 36
9 3 5 1
9 3 6 16
9 3 7 8
9 3 8 84
9 3 9 88
9 3 10 15
9 3 11 52
9 3 12 13
9 3 13 25
9 3 14 77
9 3 15 44
9 3 16 7
9 3 17 34
9 3 18 61
9 3 19 66
9 3 20 53
9 3 21 47
9 3 22 20
9 3 23 45
9 3 24 86
9 3 25 90
9 3 26 26
9 3 27 58
9 3 28 71
9 3 29 30
9 3 30 79
9 4 0 86
9 4 1 90
9 4 2 48
9 4 3 44
9 4 4 3
9 4 5 21
9 4 6 12
9 4 7 26
9 4 8 18
9 4 9 13
9 4 10 47
9 4 11 68
9 4 12 24
9 4 13 28
9 4 14 49
9 4 15 27
9 4 16 50
9 4 17 57
9 4 18 65
9 4 19 51
9 4 20 32
9 4 21 23
9 4 22 35
9 4 23 85
9 4 24 89
9 4 25 62
9 4 26 31
9 4 27 70
9 4 28 74
9 4 29 78
9 4 30 5
9 5 0 89
9 5 1 55
9 5 2 58
9 5 3 19
9 5 4 74
9 5 5 7
9 5 6 82
9 5 7 86
9 5 8 8
9 5 9 47
9 5 10 20
9 5 11 15
9 5 12 18
9 5 13 56
9 5 14 83
9 5 15 33
9 5 16 40
9 5 17 64
9 5 18 42
9 5 19 37
9 5 20 76
9 5 21 60
9 5 22 84
9 5 23 25
9 5 24 39
9 5 25 46
9 5 26 69
9 5 27 73
9 5 28 77
9 5 29 0
9 5 30 85
9 6 0 33
9 6 1 61
9 6 2 30
9 6 3 73
9 6 4 2
9 6 5 81
9 6 6 85
9 6 7 18
9 6 8 44
9 6 9 5
9 6 10 24
9 6 11 74
9 6 12 59
9 6 13 17
9 6 14 60
9 6 15 45
9 6 16 63
9 6 17 36
9 6 18 53
9 6 19 75
9 6 20 51
9 6 21 4
9 6 22 87
9 6 23 13
9 6 24 42
9 6 25 28
9 6 26 72
9 6 27 12
9 6 28 11
9 6 29 84
9 6 30 8
9 7 0 38
9 7 1 68
9 7 2 72
9 7 3 76
9 7 4 80
9 7 5 84
9 7 6 88
9 7 7 52
9 7 8 14
9 7 9 8
9 7 10 73
9 7 11 42
9 7 12 12
9 7 13 34
9 7 14 50
9 7 15 62
9 7 16 31
9 7 17 61
9 7 18 17
9 7 19 41
9 7 20 82
9 7 21 20
9 7 22 90
9 7 23 35
9 7 24 67
9 7 25 71
9 7 26 24
9 7 27 30
9 7 28 29
9 7 29 87
9 7 30 58
9 8 0 13
9 8 1 71
9 8 2 75
9 8 3 79
9 8 4 1
9 8 5 19
9 8 6 47
9 8 7 64
9 8 8 68
9 8 9 72
9 8 10 59
9 8 11 24
9 8 12 34
9 8 13 37
9 8 14 40
9 8 15 43
9 8 16 46
9 8 17 30
9 8 18 52
9 8 19 81
9 8 20 4
9 8 21 89
9 8 22 33
9 8 23 66
9 8 24 70
9 8 25 74
9 8 26 27
9 8 27 82
9 8 28 26
9 8 29 54
9 8 30 57
9 9 0 70
9 9 1 14
9 9 2 78
9 9 3 82
9 9 4 86
9 9 5 45
9 9 6 30
9 9 7 27
9 9 8 71
9 9 9 39
9 9 10 18
9 9 11 50
9 9 12 49
9 9 13 9
9 9 14 61
9 9 15 46
9 9 16 0
9 9 17 38
9 9 18 80
9 9 19 22
9 9 20 19
9 9 21 59
9 9 22 65
9 9 23 69
9 9 24 73
9 9 25 4
9 9 26 81
9 9 27 29
9 9 28 42
9 9 29 53
9 9 30 20
9 10 0 22
9 10 1 77
9 10 2 81
9 10 3 85
9 10 4 38
9 10 5 62
9 10 6 14
9 10 7 70
9 10 8 60
9 10 9 19
9 10 10 58
9 10 11 44
9 10 12 90
9 10 13 35
9 10 14 51
9 10 15 25
9 10 16 52
9 10 17 79
9 10 18 83
9 10 19 87
9 10 20 36
9 10 21 30
9 10 22 17
9 10 23 72
9 10 24 76
9 10 25 80
9 10 26 5
9 10 27 50
9 10 28 47
9 10 29 23
9 10 30 69
9 11 0 25
9 11 1 80
9 11 2 84
9 11 3 34
9 11 4 41
9 11 5 29
9 11 6 69
9 11 7 51
9 11 8 1
9 11 9 43
9 11 10 38
9 11 11 89
9 11 12 40
9 11 13 47
9 11 14 6
9 11 15 55
9 11 16 78
9 11 17 10
9 11 18 4
9 11 19 33
9 11 20 63
9 11 21 67
9 11 22 71
9 11 23 75
9 11 24 79
9 11 25 83
9 11 26 53
9 11 27 56
9 11 28 64
9 11 29 20
9 11 30 19
9 12 0 79
9 12 1 21
9 12 2 49
9 12 3 5
9 12 4 64
9 12 5 14
9 12 6 45
9 12 7 76
9 12 8 48
9 12 9 60
9 12 10 88
9 12 11 54
9 12 12 61
9 12 13 1
9 12 14 31
9 12 15 77
9 12 16 25
9 12 17 13
9 12 18 33
9 12 19 0
9 12 20 66
9 12 21 70
9 12 22 16
9 12 23 78
9 12 24 19
9 12 25 36
9 12 26 32
9 12 27 10
9 12 28 67
9 12 29 7
9 12 30 6
9 13 0 82
9 13 1 53
9 13 2 90
9 13 3 24
9 13 4 67
9 13 5 35
9 13 6 75
9 13 7 33
9 13 8 58
9 13 9 87
9 13 10 50
9 13 11 46
9 13 12 68
9 13 13 36
9 13 14 0
9 13 15 3
9 13 16 29
9 13 17 59
9 13 18 10
9 13 19 65
9 13 20 69
9 13 21 11
9 13 22 77
9 13 23 30
9 13 24 44
9 13 25 31
9 13 26 62
9 13 27 66
9 13 28 18
9 13 29 74
9 13 30 78
9 14 0 31
9 14 1 89
9 14 2 62
9 14 3 66
9 14 4 46
9 14 5 26
9 14 6 36
9 14 7 35
9 14 8 86
9 14 9 41
9 14 10 40
9 14 11 22
9 14 12 54
9 14 13 21
9 14 14 25
9 14 15 83
9 14 16 39
9 14 17 5
9 14 18 0
9 14 19 23
9 14 20 6
9 14 21 28
9 14 22 15
9 14 23 59
9 14 24 57
9 14 25 42
9 14 26 65
9 14 27 13
9 14 28 73
9 14 29 77
9 14 30 81
9 15 0 23
9 15 1 32
9 15 2 65
9 15 3 36
9 15 4 29
9 15 5 34
9 15 6 44
9 15 7 85
9 15 8 45
9 15 9 57
9 15 10 11
9 15 11 60
9 15 12 74
9 15 13 24
9 15 14 5
9 15 15 56
9 15 16 3
9 15 17 63
9 15 18 67
9 15 19 10
9 15 20 2
9 15 21 17
9 15 22 46
9 15 23 47
9 15 24 1
9 15 25 22
9 15 26 68
9 15 27 72
9 15 28 19
9 15 29 80
9 15 30 40
9 16 0 10
9 16 1 2
9 16 2 56
9 16 3 15
9 16 4 49
9 16 5 32
9 16 6 84
9 16 7 55
9 16 8 37
9 16 9 25
9 16 10 51
9 16 11 73
9 16 12 8
9 16 13 11
9 16 14 53
9 16 15 0
9 16 16 6
9 16 17 66
9 16 18 22
9 16 19 74
9 16 20 5
9 16 21 58
9 16 22 57
9 16 23 90
9 16 24 63
9 16 25 1
9 16 26 71
9 16 27 19
9 16 28 79
9 16 29 50
9 16 30 87
9 17 0 63
9 17 1 41
9 17 2 20
9 17 3 51
9 17 4 31
9 17 5 83
9 17 6 39
9 17 7 37
9 17 8 64
9 17 9 61
9 17 10 72
9 17 11 76
9 17 12 27
9 17 13 58
9 17 14 88
9 17 15 22
9 17 16 65
9 17 17 28
9 17 18 73
9 17 19 18
9 17 20 46
9 17 21 57
9 17 22 89
9 17 23 11
9 17 24 8
9 17 25 70
9 17 26 74
9 17 27 78
9 17 28 60
9 17 29 13
9 17 30 90
9 18 0 57
9 18 1 10
9 18 2 45
9 18 3 48
9 18 4 82
9 18 5 53
9 18 6 60
9 18 7 16
9 18 8 52
9 18 9 71
9 18 10 75
9 18 11 21
9 18 12 32
9 18 13 12
9 18 14 8
9 18 15 6
9 18 16 68
9 18 17 72
9 18 18 76
9 18 19 35
9 18 20 47
9 18 21 13
9 18 22 30
9 18 23 26
9 18 24 69
9 18 25 73
9 18 26 77
9 18 27 61
9 18 28 20
9 18 29 89
9 18 30 28
9 19 0 21
9 19 1 45
9 19 2 57
9 19 3 81
9 19 4 50
9 19 5 55
9 19 6 62
9 19 7 61
9 19 8 70
9 19 9 4
9 19 10 17
9 19 11 37
9 19 12 86
9 19 13 2
9 19 14 63
9 19 15 10
9 19 16 71
9 19 17 75
9 19 18 56
9 19 19 60
9 19 20 87
9 19 21 1
9 19 22 64
9 19 23 22
9 19 24 72
9 19 25 6
9 19 26 47
9 19 27 3
9 19 28 12
9 19 29 16
9 19 30 31
9 20 0 61
9 20 1 47
9 20 2 80
9 20 3 43
9 20 4 42
9 20 5 44
9 20 6 40
9 20 7 69
9 20 8 16
9 20 9 7
9 20 10 37
9 20 11 85
9 20 12 26
9 20 13 23
9 20 14 3
9 20 15 70
9 20 16 21
9 20 17 53
9 20 18 38
9 20 19 24
9 20 20 15
9 20 21 19
9 20 22 67
9 20 23 71
9 20 24 14
9 20 25 52
9 20 26 83
9 20 27 87
9 20 28 25
9 20 29 32
9 20 30 68
9 21 0 37
9 21 1 79
9 21 2 59
9 21 3 58
9 21 4 24
9 21 5 49
9 21 6 4
9 21 7 13
9 21 8 76
9 21 9 38
9 21 10 84
9 21 11 88
9 21 12 29
9 21 13 8
9 21 14 69
9 21 15 1
9 21 16 35
9 21 17 31
9 21 18 6
9 21 19 28
9 21 20 62
9 21 21 66
9 21 22 70
9 21 23 74
9 21 24 60
9 21 25 11
9 21 26 18
9 21 27 26
9 21 28 46
9 21 29 25
9 21 30 42
9 22 0 78
9 22 1 54
9 22 2 50
9 22 3 90
9 22 4 43
9 22 5 67
9 22 6 7
9 22 7 75
9 22 8 49
9 22 9 15
9 22 10 2
9 22 11 11
9 22 12 64
9 22 13 3
9 22 14 18
9 22 15 40
9 22 16 41
9 22 17 16
9 22 18 88
9 22 19 55
9 22 20 65
9 22 21 69
9 22 22 73
9 22 23 32
9 22 24 6
9 22 25 26
9 22 26 29
9 22 27 59
9 22 28 1
9 22 29 48
9 22 30 52
9 23 0 35
9 23 1 56
9 23 2 89
9 23 3 53
9 23 4 66
9 23 5 10
9 23 6 24
9 23 7 39
9 23 8 82
9 23 9 86
9 23 10 29
9 23 11 7
9 23 12 67
9 23 13 13
9 23 14 45
9 23 15 51
9 23 16 83
9 23 17 22
9 23 18 11
9 23 19 3
9 23 20 26
9 23 21 72
9 23 22 49
9 23 23 4
9 23 24 21
9 23 25 88
9 23 26 46
9 23 27 1
9 23 28 41
9 23 29 37
9 23 30 77
9 24 0 39
9 24 1 22
9 24 2 34
9 24 3 65
9 24 4 18
9 24 5 2
9 24 6 31
9 24 7 81
9 24 8 85
9 24 9 14
9 24 10 62
9 24 11 66
9 24 12 1
9 24 13 60
9 24 14 35
9 24 15 4
9 24 16 86
9 24 17 90
9 24 18 63
9 24 19 67
9 24 20 71
9 24 21 41
9 24 22 11
9 24 23 83
9 24 24 5
9 24 25 58
9 24 26 64
9 24 27 55
9 24 28 45
9 24 29 76
9 24 30 43
9 25 0 87
9 25 1 52
9 25 2 13
9 25 3 68
9 25 4 7
9 25 5 48
9 25 6 80
9 25 7 84
9 25 8 88
9 25 9 56
9 25 10 65
9 25 11 14
9 25 12 39
9 25 13 40
9 25 14 17
9 25 15 85
9 25 16 89
9 25 17 4
9 25 18 66
9 25 19 70
9 25 20 31
9 25 21 16
9 25 22 0
9 25 23 86
9 25 24 37
9 25 25 27
9 25 26 61
9 25 27 57
9 25 28 75
9 25 29 59
9 25 30 32
9 26 0 34
9 26 1 63
9 26 2 28
9 26 3 14
9 26 4 51
9 26 5 79
9 26 6 23
9 26 7 15
9 26 8 7
9 26 9 27
9 26 10 68
9 26 11 49
9 26 12 45
9 26 13 5
9 26 14 84
9 26 15 11
9 26 16 20
9 26 17 65
9 26 18 69
9 26 19 42
9 26 20 25
9 26 21 8
9 26 22 85
9 26 23 31
9 26 24 62
9 26 25 53
9 26 26 52
9 26 27 74
9 26 28 43
9 26 29 38
9 26 30 17
9 27 0 20
9 27 1 23
9 27 2 12
9 27 3 59
9 27 4 78
9 27 5 82
9 27 6 86
9 27 7 90
9 27 8 63
9 27 9 2
9 27 10 42
9 27 11 58
9 27 12 0
9 27 13 15
9 27 14 87
9 27 15 7
9 27 16 16
9 27 17 3
9 27 18 43
9 27 19 76
9 27 20 11
9 27 21 84
9 27 22 40
9 27 23 36
9 27 24 38
9 27 25 37
9 27 26 73
9 27 27 33
9 27 28 50
9 27 29 17
9 27 30 48
9 28 0 0
9 28 1 7
9 28 2 33
9 28 3 77
9 28 4 81
9 28 5 85
9 28 6 89
9 28 7 21
9 28 8 12
9 28 9 51
9 28 10 55
9 28 11 17
9 28 12 82
9 28 13 10
9 28 14 20
9 28 15 63
9 28 16 67
9 28 17 43
9 28 18 75
9 28 19 5
9 28 20 14
9 28 21 50
9 28 22 25
9 28 23 56
9 28 24 61
9 28 25 72
9 28 26 54
9 28 27 35
9 28 28 24
9 28 29 49
9 28 30 23
9 29 0 68
9 29 1 50
9 29 2 4
9 29 3 80
9 29 4 84
9 29 5 30
9 29 6 3
9 29 7 25
9 29 8 33
9 29 9 45
9 29 10 28
9 29 11 81
9 29 12 15
9 29 13 26
9 29 14 23
9 29 15 66
9 29 16 48
9 29 17 11
9 29 18 2
9 29 19 82
9 29 20 59
9 29 21 90
9 29 22 51
9 29 23 58
9 29 24 71
9 29 25 32
9 29 26 35
9 29 27 83
9 29 28 54
9 29 29 24
9 29 30 64
9 30 0 51
9 30 1 12
9 30 2 79
9 30 3 27
9 30 4 87
9 30 5 17
9 30 6 64
9 30 7 54
9 30 8 34
9 30 9 76
9 30 10 80
9 30 11 8
9 30 12 88
9 30 13 16
9 30 14 65
9 30 15 53
9 30 16 1
9 30 17 14
9 30 18 81
9 30 19 50
9 30 20 89
9 30 21 43
9 30 22 41
9 30 23 70
9 30 24 49
9 30 25 60
9 30 26 28
9 30 27 39
9 30 28 2
9 30 29 6
9 30 30 15
10 0 0 79
10 0 1 28
10 0 2 87
10 0 3 18
10 0 4 64
10 0 5 55
10 0 6 35
10 0 7 76
10 0 8 80
10 0 9 9
10 0 10 88
10 0 11 17
10 0 12 65
10 0 13 54
10 0 14 2
10 0 15 15
10 0 16 81
10 0 17 51
10 0 18 89
10 0 19 44
10 0 20 42
10 0 21 70
10 0 22 50
10 0 23 61
10 0 24 29
10 0 25 40
10 0 26 3
10 0 27 7
10 0 28 16
10 0 29 52
10 0 30 13
10 1 0 82
10 1 1 24
10 1 2 20
10 1 3 6
10 1 4 55
10 1 5 54
10 1 6 75
10 1 7 79
10 1 8 83
10 1 9 13
10 1 10 11
10 1 11 7
10 1 12 59
10 1 13 29
10 1 14 76
10 1 15 80
10 1 16 61
10 1 17 3
10 1 18 44
10 1 19 57
10 1 20 69
10 1 21 49
10 1 22 32
10 1 23 9
10 1 24 56
10 1 25 22
10 1 26 62
10 1 27 30
10 1 28 31
10 1 29 74
10 1 30 78
10 2 0 11
10 2 1 8
10 2 2 62
10 2 3 34
10 2 4 35
10 2 5 1
10 2 6 78
10 2 7 22
10 2 8 86
10 2 9 28
10 2 10 63
10 2 11 56
10 2 12 23
10 2 13 75
10 2 14 79
10 2 15 52
10 2 16 87
10 2 17 55
10 2 18 36
10 2 19 68
10 2 20 37
10 2 21 47
10 2 22 30
10 2 23 45
10 2 24 88
10 2 25 49
10 2 26 6
10 2 27 41
10 2 28 73
10 2 29 77
10 2 30 81
10 3 0 88
10 3 1 39
10 3 2 55
10 3 3 53
10 3 4 14
10 3 5 77
10 3 6 28
10 3 7 85
10 3 8 13
10 3 9 19
10 3 10 42
10 3 11 8
10 3 12 11
10 3 13 78
10 3 14 58
10 3 15 25
10 3 16 41
10 3 17 40
10 3 18 67
10 3 19 46
10 3 20 45
10 3 21 4
10 3 22 35
10 3 23 17
10 3 24 9
10 3 25 64
10 3 26 50
10 3 27 72
10 3 28 0
10 3 29 80
10 3 30 18
10 4 0 18
10 4 1 50
10 4 2 37
10 4 3 2
10 4 4 17
10 4 5 9
10 4 6 84
10 4 7 88
10 4 8 16
10 4 9 53
10 4 10 14
10 4 11 26
10 4 12 77
10 4 13 45
10 4 14 8
10 4 15 35
10 4 16 31
10 4 17 66
10 4 18 54
10 4 19 48
10 4 20 21
10 4 21 46
10 4 22 86
10 4 23 90
10 4 24 27
10 4 25 59
10 4 26 71
10 4 27 0
10 4 28 79
10 4 29 83
10 4 30 28
10 5 0 49
10 5 1 45
10 5 2 4
10 5 3 22
10 5 4 13
10 5 5 27
10 5 6 19
10 5 7 14
10 5 8 48
10 5 9 68
10 5 10 25
10 5 11 29
10 5 12 50
10 5 13 28
10 5 14 51
10 5 15 58
10 5 16 65
10 5 17 52
10 5 18 33
10 5 19 24
10 5 20 36
10 5 21 85
10 5 22 89
10 5 23 62
10 5 24 32
10 5 25 70
10 5 26 74
10 5 27 78
10 5 28 6
10 5 29 86
10 5 30 90
10 6 0 59
10 6 1 20
10 6 2 74
10 6 3 8
10 6 4 82
10 6 5 86
10 6 6 9
10 6 7 48
10 6 8 21
10 6 9 16
10 6 10 19
10 6 11 57
10 6 12 83
10 6 13 34
10 6 14 41
10 6 15 64
10 6 16 43
10 6 17 38
10 6 18 76
10 6 19 61
10 6 20 84
10 6 21 26
10 6 22 40
10 6 23 47
10 6 24 69
10 6 25 73
10 6 26 77
10 6 27 1
10 6 28 85
10 6 29 89
10 6 30 56
10 7 0 0
10 7 1 73
10 7 2 3
10 7 3 81
10 7 4 85
10 7 5 19
10 7 6 45
10 7 7 6
10 7 8 25
10 7 9 74
10 7 10 60
10 7 11 18
10 7 12 61
10 7 13 46
10 7 14 63
10 7 15 37
10 7 16 54
10 7 17 75
10 7 18 52
10 7 19 5
10 7 20 87
10 7 21 14
10 7 22 43
10 7 23 29
10 7 24 72
10 7 25 13
10 7 26 12
10 7 27 84
10 7 28 9
10 7 29 34
10 7 30 31
10 8 0 72
10 8 1 76
10 8 2 80
10 8 3 84
10 8 4 88
10 8 5 53
10 8 6 15
10 8 7 9
10 8 8 73
10 8 9 43
10 8 10 13
10 8 11 35
10 8 12 51
10 8 13 62
10 8 14 32
10 8 15 31
10 8 16 18
10 8 17 42
10 8 18 82
10 8 19 21
10 8 20 90
10 8 21 36
10 8 22 67
10 8 23 71
10 8 24 25
10 8 25 0
10 8 26 30
10 8 27 87
10 8 28 59
10 8 29 39
10 8 30 68
10 9 0 75
10 9 1 79
10 9 2 2
10 9 3 20
10 9 4 48
10 9 5 64
10 9 6 68
10 9 7 72
10 9 8 60
10 9 9 25
10 9 10 35
10 9 11 38
10 9 12 41
10 9 13 44
10 9 14 47
10 9 15 0
10 9 16 53
10 9 17 81
10 9 18 5
10 9 19 89
10 9 20 34
10 9 21 66
10 9 22 70
10 9 23 74
10 9 24 28
10 9 25 82
10 9 26 27
10 9 27 55
10 9 28 58
10 9 29 14
10 9 30 71
10 10 0 78
10 10 1 82
10 10 2 86
10 10 3 46
10 10 4 0
10 10 5 28
10 10 6 71
10 10 7 40
10 10 8 19
10 10 9 51
10 10 10 50
10 10 11 10
10 10 12 31
10 10 13 47
10 10 14 1
10 10 15 39
10 10 16 80
10 10 17 23
10 10 18 20
10 10 19 60
10 10 20 65
10 10 21 69
10 10 22 73
10 10 23 5
10 10 24 81
10 10 25 30
10 10 26 43
10 10 27 54
10 10 28 21
10 10 29 70
10 10 30 15
10 11 0 81
10 11 1 85
10 11 2 39
10 11 3 62
10 11 4 15
10 11 5 70
10 11 6 61
10 11 7 20
10 11 8 59
10 11 9 45
10 11 10 90
10 11 11 36
10 11 12 52
10 11 13 26
10 11 14 53
10 11 15 79
10 11 16 83
10 11 17 87
10 11 18 37
10 11 19 0
10 11 20 18
10 11 21 72
10 11 22 76
10 11 23 80
10 11 24 6
10 11 25 51
10 11 26 48
10 11 27 24
10 11 28 69
10 11 29 23
10 11 30 77
10 12 0 84
10 12 1 35
10 12 2 42
10 12 3 30
10 12 4 69
10 12 5 52
10 12 6 2
10 12 7 44
10 12 8 39
10 12 9 89
10 12 10 41
10 12 11 48
10 12 12 7
10 12 13 56
10 12 14 78
10 12 15 11
10 12 16 5
10 12 17 34
10 12 18 63
10 12 19 67
10 12 20 71
10 12 21 75
10 12 22 79
10 12 23 83
10 12 24 54
10 12 25 57
10 12 26 64
10 12 27 21
10 12 28 20
10 12 29 26
10 12 30 80
10 13 0 50
10 13 1 6
10 13 2 64
10 13 3 15
10 13 4 46
10 13 5 76
10 13 6 49
10 13 7 61
10 13 8 88
10 13 9 55
10 13 10 31
10 13 11 2
10 13 12 32
10 13 13 77
10 13 14 26
10 13 15 14
10 13 16 34
10 13 17 1
10 13 18 66
10 13 19 70
10 13 20 17
10 13 21 78
10 13 22 20
10 13 23 37
10 13 24 33
10 13 25 11
10 13 26 67
10 13 27 8
10 13 28 7
10 13 29 79
10 13 30 22
10 14 0 90
10 14 1 25
10 14 2 67
10 14 3 36
10 14 4 75
10 14 5 34
10 14 6 59
10 14 7 87
10 14 8 51
10 14 9 47
10 14 10 68
10 14 11 37
10 14 12 1
10 14 13 4
10 14 14 30
10 14 15 60
10 14 16 11
10 14 17 65
10 14 18 69
10 14 19 12
10 14 20 77
10 14 21 0
10 14 22 45
10 14 23 32
10 14 24 62
10 14 25 66
10 14 26 19
10 14 27 74
10 14 28 78
10 14 29 82
10 14 30 54
10 15 0 62
10 15 1 66
10 15 2 47
10 15 3 27
10 15 4 37
10 15 5 36
10 15 6 86
10 15 7 42
10 15 8 41
10 15 9 23
10 15 10 55
10 15 11 22
10 15 12 26
10 15 13 83
10 15 14 40
10 15 15 6
10 15 16 1
10 15 17 24
10 15 18 7
10 15 19 29
10 15 20 16
10 15 21 60
10 15 22 58
10 15 23 43
10 15 24 65
10 15 25 14
10 15 26 73
10 15 27 77
10 15 28 81
10 15 29 32
10 15 30 89
10 16 0 65
10 16 1 37
10 16 2 30
10 16 3 35
10 16 4 45
10 16 5 85
10 16 6 46
10 16 7 58
10 16 8 12
10 16 9 61
10 16 10 74
10 16 11 25
10 16 12 6
10 16 13 57
10 16 14 4
10 16 15 63
10 16 16 67
10 16 17 11
10 16 18 3
10 16 19 18
10 16 20 47
10 16 21 48
10 16 22 2
10 16 23 23
10 16 24 68
10 16 25 72
10 16 26 20
10 16 27 80
10 16 28 41
10 16 29 24
10 16 30 33
10 17 0 57
10 17 1 16
10 17 2 50
10 17 3 33
10 17 4 84
10 17 5 56
10 17 6 38
10 17 7 26
10 17 8 52
10 17 9 73
10 17 10 9
10 17 11 12
10 17 12 54
10 17 13 1
10 17 14 7
10 17 15 66
10 17 16 23
10 17 17 74
10 17 18 6
10 17 19 59
10 17 20 58
10 17 21 90
10 17 22 63
10 17 23 2
10 17 24 71
10 17 25 20
10 17 26 79
10 17 27 51
10 17 28 87
10 17 29 11
10 17 30 3
10 18 0 21
10 18 1 52
10 18 2 32
10 18 3 83
10 18 4 40
10 18 5 38
10 18 6 64
10 18 7 31
10 18 8 72
10 18 9 76
10 18 10 28
10 18 11 59
10 18 12 88
10 18 13 23
10 18 14 65
10 18 15 29
10 18 16 73
10 18 17 19
10 18 18 47
10 18 19 58
10 18 20 89
10 18 21 12
10 18 22 9
10 18 23 70
10 18 24 74
10 18 25 78
10 18 26 61
10 18 27 14
10 18 28 90
10 18 29 63
10 18 30 42
10 19 0 46
10 19 1 49
10 19 2 82
10 19 3 54
10 19 4 61
10 19 5 17
10 19 6 53
10 19 7 71
10 19 8 75
10 19 9 22
10 19 10 33
10 19 11 13
10 19 12 9
10 19 13 7
10 19 14 68
10 19 15 72
10 19 16 76
10 19 17 36
10 19 18 48
10 19 19 14
10 19 20 0
10 19 21 27
10 19 22 69
10 19 23 73
10 19 24 77
10 19 25 31
10 19 26 21
10 19 27 89
10 19 28 29
10 19 29 58
10 19 30 11
10 20 0 58
10 20 1 81
10 20 2 51
10 20 3 56
10 20 4 62
10 20 5 31
10 20 6 70
10 20 7 5
10 20 8 18
10 20 9 38
10 20 10 86
10 20 11 3
10 20 12 63
10 20 13 11
10 20 14 71
10 20 15 75
10 20 16 57
10 20 17 61
10 20 18 87
10 20 19 2
10 20 20 64
10 20 21 23
10 20 22 72
10 20 23 7
10 20 24 48
10 20 25 4
10 20 26 13
10 20 27 17
10 20 28 32
10 20 29 22
10 20 30 46
10 21 0 80
10 21 1 44
10 21 2 43
10 21 3 45
10 21 4 41
10 21 5 69
10 21 6 17
10 21 7 8
10 21 8 38
10 21 9 85
10 21 10 27
10 21 11 24
10 21 12 4
10 21 13 70
10 21 14 22
10 21 15 54
10 21 16 39
10 21 17 25
10 21 18 16
10 21 19 20
10 21 20 67
10 21 21 71
10 21 22 15
10 21 23 53
10 21 24 83
10 21 25 87
10 21 26 26
10 21 27 33
10 21 28 68
10 21 29 31
10 21 30 48
10 22 0 60
10 22 1 59
10 22 2 25
10 22 3 50
10 22 4 5
10 22 5 14
10 22 6 76
10 22 7 39
10 22 8 84
10 22 9 88
10 22 10 30
10 22 11 9
10 22 12 69
10 22 13 2
10 22 14 36
10 22 15 32
10 22 16 7
10 22 17 29
10 22 18 62
10 22 19 66
10 22 20 70
10 22 21 74
10 22 22 61
10 22 23 12
10 22 24 19
10 22 25 27
10 22 26 47
10 22 27 26
10 22 28 43
10 22 29 38
10 22 30 79
10 23 0 51
10 23 1 90
10 23 2 44
10 23 3 67
10 23 4 8
10 23 5 75
10 23 6 50
10 23 7 16
10 23 8 3
10 23 9 12
10 23 10 64
10 23 11 4
10 23 12 19
10 23 13 41
10 23 14 42
10 23 15 17
10 23 16 88
10 23 17 56
10 23 18 65
10 23 19 69
10 23 20 73
10 23 21 33
10 23 22 7
10 23 23 27
10 23 24 30
10 23 25 60
10 23 26 2
10 23 27 49
10 23 28 53
10 23 29 78
10 23 30 55
10 24 0 89
10 24 1 54
10 24 2 66
10 24 3 11
10 24 4 25
10 24 5 40
10 24 6 82
10 24 7 86
10 24 8 30
10 24 9 8
10 24 10 67
10 24 11 14
10 24 12 46
10 24 13 52
10 24 14 83
10 24 15 23
10 24 16 12
10 24 17 4
10 24 18 27
10 24 19 72
10 24 20 50
10 24 21 5
10 24 22 22
10 24 23 88
10 24 24 47
10 24 25 2
10 24 26 42
10 24 27 38
10 24 28 77
10 24 29 36
10 24 30 57
10 25 0 35
10 25 1 65
10 25 2 19
10 25 3 3
10 25 4 32
10 25 5 81
10 25 6 85
10 25 7 15
10 25 8 62
10 25 9 66
10 25 10 2
10 25 11 61
10 25 12 36
10 25 13 5
10 25 14 86
10 25 15 90
10 25 16 63
10 25 17 67
10 25 18 71
10 25 19 42
10 25 20 12
10 25 21 83
10 25 22 6
10 25 23 59
10 25 24 64
10 25 25 56
10 25 26 46
10 25 27 76
10 25 28 44
10 25 29 40
10 25 30 23
10 26 0 14
10 26 1 68
10 26 2 8
10 26 3 49
10 26 4 80
10 26 5 84
10 26 6 88
10 26 7 57
10 26 8 65
10 26 9 15
10 26 10 40
10 26 11 41
10 26 12 18
10 26 13 85
10 26 14 89
10 26 15 5
10 26 16 66
10 26 17 70
10 26 18 32
10 26 19 17
10 26 20 1
10 26 21 86
10 26 22 38
10 26 23 28
10 26 24 31
10 26 25 58
10 26 26 75
10 26 27 60
10 26 28 33
10 26 29 87
10 26 30 53
10 27 0 29
10 27 1 15
10 27 2 52
10 27 3 79
10 27 4 24
10 27 5 16
10 27 6 8
10 27 7 28
10 27 8 68
10 27 9 50
10 27 10 46
10 27 11 6
10 27 12 84
10 27 13 12
10 27 14 21
10 27 15 65
10 27 16 69
10 27 17 43
10 27 18 26
10 27 19 9
10 27 20 85
10 27 21 32
10 27 22 62
10 27 23 54
10 27 24 53
10 27 25 74
10 27 26 44
10 27 27 39
10 27 28 18
10 27 29 35
10 27 30 63
10 28 0 13
10 28 1 60
10 28 2 78
10 28 3 82
10 28 4 86
10 28 5 90
10 28 6 63
10 28 7 3
10 28 8 43
10 28 9 59
10 28 10 1
10 28 11 16
10 28 12 87
10 28 13 8
10 28 14 17
10 28 15 4
10 28 16 44
10 28 17 76
10 28 18 12
10 28 19 84
10 28 20 41
10 28 21 37
10 28 22 39
10 28 23 38
10 28 24 73
10 28 25 34
10 28 26 51
10 28 27 18
10 28 28 49
10 28 29 21
10 28 30 24
10 29 0 34
10 29 1 77
10 29 2 81
10 29 3 85
10 29 4 89
10 29 5 22
10 29 6 13
10 29 7 52
10 29 8 56
10 29 9 18
10 29 10 82
10 29 11 11
10 29 12 21
10 29 13 63
10 29 14 67
10 29 15 44
10 29 16 75
10 29 17 6
10 29 18 15
10 29 19 51
10 29 20 26
10 29 21 57
10 29 22 31
10 29 23 72
10 29 24 55
10 29 25 36
10 29 26 25
10 29 27 50
10 29 28 24
10 29 29 1
10 29 30 8
10 30 0 5
10 30 1 80
10 30 2 84
10 30 3 0
10 30 4 4
10 30 5 26
10 30 6 34
10 30 7 46
10 30 8 29
10 30 9 81
10 30 10 16
10 30 11 27
10 30 12 24
10 30 13 66
10 30 14 49
10 30 15 12
10 30 16 3
10 30 17 82
10 30 18 60
10 30 19 90
10 30 20 52
10 30 21 59
10 30 22 71
10 30 23 33
10 30 24 36
10 30 25 83
10 30 26 55
10 30 27 25
10 30 28 64
10 30 29 68
10 30 30 51
11 0 0 84
11 0 1 1
11 0 2 5
11 0 3 27
11 0 4 35
11 0 5 47
11 0 6 30
11 0 7 81
11 0 8 17
11 0 9 28
11 0 10 25
11 0 11 66
11 0 12 50
11 0 13 13
11 0 14 4
11 0 15 82
11 0 16 61
11 0 17 90
11 0 18 53
11 0 19 60
11 0 20 71
11 0 21 34
11 0 22 37
11 0 23 83
11 0 24 56
11 0 25 26
11 0 26 64
11 0 27 68
11 0 28 52
11 0 29 6
11 0 30 80
11 1 0 87
11 1 1 19
11 1 2 64
11 1 3 56
11 1 4 36
11 1 5 76
11 1 6 80
11 1 7 10
11 1 8 88
11 1 9 18
11 1 10 65
11 1 11 55
11 1 12 3
11 1 13 16
11 1 14 81
11 1 15 52
11 1 16 89
11 1 17 45
11 1 18 43
11 1 19 70
11 1 20 51
11 1 21 31
11 1 22 30
11 1 23 41
11 1 24 4
11 1 25 8
11 1 26 17
11 1 27 53
11 1 28 14
11 1 29 79
11 1 30 29
11 2 0 21
11 2 1 7
11 2 2 56
11 2 3 55
11 2 4 75
11 2 5 79
11 2 6 83
11 2 7 14
11 2 8 12
11 2 9 8
11 2 10 60
11 2 11 30
11 2 12 76
11 2 13 80
11 2 14 31
11 2 15 4
11 2 16 45
11 2 17 58
11 2 18 69
11 2 19 50
11 2 20 33
11 2 21 10
11 2 22 57
11 2 23 23
11 2 24 62
11 2 25 0
11 2 26 32
11 2 27 74
11 2 28 78
11 2 29 82
11 2 30 25
11 3 0 62
11 3 1 35
11 3 2 36
11 3 3 2
11 3 4 78
11 3 5 23
11 3 6 86
11 3 7 29
11 3 8 63
11 3 9 57
11 3 10 24
11 3 11 75
11 3 12 79
11 3 13 53
11 3 14 87
11 3 15 56
11 3 16 37
11 3 17 68
11 3 18 38
11 3 19 48
11 3 20 0
11 3 21 46
11 3 22 88
11 3 23 50
11 3 24 7
11 3 25 42
11 3 26 73
11 3 27 77
11 3 28 81
11 3 29 12
11 3 30 9
11 4 0 56
11 4 1 54
11 4 2 15
11 4 3 77
11 4 4 29
11 4 5 85
11 4 6 14
11 4 7 20
11 4 8 43
11 4 9 9
11 4 10 12
11 4 11 78
11 4 12 59
11 4 13 26
11 4 14 42
11 4 15 41
11 4 16 67
11 4 17 47
11 4 18 46
11 4 19 5
11 4 20 36
11 4 21 18
11 4 22 10
11 4 23 64
11 4 24 51
11 4 25 72
11 4 26 1
11 4 27 80
11 4 28 19
11 4 29 88
11 4 30 40
11 5 0 38
11 5 1 3
11 5 2 18
11 5 3 10
11 5 4 84
11 5 5 88
11 5 6 17
11 5 7 54
11 5 8 15
11 5 9 27
11 5 10 77
11 5 11 46
11 5 12 9
11 5 13 36
11 5 14 32
11 5 15 66
11 5 16 55
11 5 17 49
11 5 18 22
11 5 19 47
11 5 20 86
11 5 21 90
11 5 22 28
11 5 23 60
11 5 24 71
11 5 25 1
11 5 26 79
11 5 27 83
11 5 28 29
11 5 29 19
11 5 30 51
11 6 0 5
11 6 1 23
11 6 2 14
11 6 3 28
11 6 4 20
11 6 5 15
11 6 6 49
11 6 7 68
11 6 8 26
11 6 9 30
11 6 10 51
11 6 11 29
11 6 12 52
11 6 13 59
11 6 14 65
11 6 15 53
11 6 16 34
11 6 17 25
11 6 18 37
11 6 19 85
11 6 20 89
11 6 21 62
11 6 22 33
11 6 23 70
11 6 24 74
11 6 25 78
11 6 26 7
11 6 27 86
11 6 28 90
11 6 29 50
11 6 30 46
11 7 0 74
11 7 1 9
11 7 2 82
11 7 3 86
11 7 4 10
11 7 5 49
11 7 6 22
11 7 7 17
11 7 8 20
11 7 9 58
11 7 10 83
11 7 11 35
11 7 12 42
11 7 13 64
11 7 14 44
11 7 15 39
11 7 16 76
11 7 17 31
11 7 18 84
11 7 19 27
11 7 20 41
11 7 21 48
11 7 22 69
11 7 23 73
11 7 24 77
11 7 25 2
11 7 26 85
11 7 27 89
11 7 28 57
11 7 29 60
11 7 30 21
11 8 0 4
11 8 1 81
11 8 2 85
11 8 3 20
11 8 4 46
11 8 5 7
11 8 6 26
11 8 7 74
11 8 8 61
11 8 9 19
11 8 10 31
11 8 11 47
11 8 12 63
11 8 13 38
11 8 14 55
11 8 15 75
11 8 16 53
11 8 17 6
11 8 18 87
11 8 19 15
11 8 20 44
11 8 21 30
11 8 22 72
11 8 23 14
11 8 24 13
11 8 25 84
11 8 26 10
11 8 27 35
11 8 28 32
11 8 29 1
11 8 30 73
11 9 0 80
11 9 1 84
11 9 2 88
11 9 3 54
11 9 4 16
11 9 5 10
11 9 6 73
11 9 7 44
11 9 8 14
11 9 9 36
11 9 10 52
11 9 11 62
11 9 12 33
11 9 13 32
11 9 14 19
11 9 15 43
11 9 16 82
11 9 17 22
11 9 18 90
11 9 19 37
11 9 20 67
11 9 21 71
11 9 22 26
11 9 23 1
11 9 24 0
11 9 25 87
11 9 26 60
11 9 27 40
11 9 28 68
11 9 29 72
11 9 30 76
11 10 0 3
11 10 1 21
11 10 2 49
11 10 3 64
11 10 4 68
11 10 5 72
11 10 6 61
11 10 7 26
11 10 8 36
11 10 9 39
11 10 10 42
11 10 11 45
11 10 12 48
11 10 13 1
11 10 14 54
11 10 15 81
11 10 16 6
11 10 17 89
11 10 18 35
11 10 19 66
11 10 20 70
11 10 21 74
11 10 22 29
11 10 23 82
11 10 24 28
11 10 25 56
11 10 26 59
11 10 27 15
11 10 28 71
11 10 29 75
11 10 30 79
11 11 0 86
11 11 1 47
11 11 2 1
11 11 3 29
11 11 4 71
11 11 5 41
11 11 6 20
11 11 7 52
11 11 8 51
11 11 9 11
11 11 10 32
11 11 11 48
11 11 12 2
11 11 13 40
11 11 14 80
11 11 15 24
11 11 16 21
11 11 17 61
11 11 18 65
11 11 19 69
11 11 20 73
11 11 21 6
11 11 22 81
11 11 23 0
11 11 24 44
11 11 25 55
11 11 26 22
11 11 27 70
11 11 28 16
11 11 29 78
11 11 30 82
11 12 0 40
11 12 1 62
11 12 2 16
11 12 3 70
11 12 4 31
11 12 5 21
11 12 6 60
11 12 7 46
11 12 8 90
11 12 9 37
11 12 10 53
11 12 11 27
11 12 12 54
11 12 13 79
11 12 14 83
11 12 15 87
11 12 16 38
11 12 17 1
11 12 18 19
11 12 19 72
11 12 20 76
11 12 21 80
11 12 22 7
11 12 23 52
11 12 24 49
11 12 25 25
11 12 26 69
11 12 27 24
11 12 28 77
11 12 29 81
11 12 30 85
11 13 0 43
11 13 1 0
11 13 2 69
11 13 3 53
11 13 4 3
11 13 5 45
11 13 6 40
11 13 7 89
11 13 8 42
11 13 9 49
11 13 10 8
11 13 11 57
11 13 12 78
11 13 13 12
11 13 14 6
11 13 15 35
11 13 16 63
11 13 17 67
11 13 18 71
11 13 19 75
11 13 20 79
11 13 21 83
11 13 22 55
11 13 23 58
11 13 24 64
11 13 25 22
11 13 26 21
11 13 27 27
11 13 28 80
11 13 29 84
11 13 30 36
11 14 0 64
11 14 1 16
11 14 2 47
11 14 3 76
11 14 4 50
11 14 5 31
11 14 6 88
11 14 7 56
11 14 8 32
11 14 9 3
11 14 10 33
11 14 11 77
11 14 12 27
11 14 13 15
11 14 14 35
11 14 15 2
11 14 16 66
11 14 17 70
11 14 18 18
11 14 19 78
11 14 20 21
11 14 21 38
11 14 22 34
11 14 23 12
11 14 24 67
11 14 25 9
11 14 26 8
11 14 27 79
11 14 28 23
11 14 29 51
11 14 30 7
11 15 0 67
11 15 1 37
11 15 2 75
11 15 3 35
11 15 4 60
11 15 5 87
11 15 6 52
11 15 7 48
11 15 8 68
11 15 9 38
11 15 10 2
11 15 11 5
11 15 12 0
11 15 13 61
11 15 14 12
11 15 15 65
11 15 16 69
11 15 17 13
11 15 18 77
11 15 19 1
11 15 20 46
11 15 21 33
11 15 22 62
11 15 23 66
11 15 24 20
11 15 25 74
11 15 26 78
11 15 27 82
11 15 28 55
11 15 29 90
11 15 30 26
11 16 0 48
11 16 1 28
11 16 2 38
11 16 3 37
11 16 4 86
11 16 5 43
11 16 6 42
11 16 7 24
11 16 8 56
11 16 9 23
11 16 10 27
11 16 11 83
11 16 12 41
11 16 13 7
11 16 14 2
11 16 15 25
11 16 16 8
11 16 17 30
11 16 18 17
11 16 19 61
11 16 20 59
11 16 21 44
11 16 22 65
11 16 23 15
11 16 24 73
11 16 25 77
11 16 26 81
11 16 27 33
11 16 28 89
11 16 29 62
11 16 30 66
11 17 0 0
11 17 1 36
11 17 2 46
11 17 3 85
11 17 4 47
11 17 5 59
11 17 6 13
11 17 7 31
11 17 8 74
11 17 9 26
11 17 10 7
11 17 11 58
11 17 12 5
11 17 13 63
11 17 14 67
11 17 15 12
11 17 16 4
11 17 17 19
11 17 18 48
11 17 19 49
11 17 20 3
11 17 21 24
11 17 22 68
11 17 23 72
11 17 24 21
11 17 25 80
11 17 26 42
11 17 27 25
11 17 28 34
11 17 29 65
11 17 30 38
11 18 0 51
11 18 1 34
11 18 2 84
11 18 3 57
11 18 4 39
11 18 5 27
11 18 6 53
11 18 7 73
11 18 8 10
11 18 9 13
11 18 10 55
11 18 11 2
11 18 12 8
11 18 13 66
11 18 14 24
11 18 15 74
11 18 16 7
11 18 17 60
11 18 18 59
11 18 19 90
11 18 20 63
11 18 21 3
11 18 22 71
11 18 23 21
11 18 24 79
11 18 25 52
11 18 26 87
11 18 27 12
11 18 28 4
11 18 29 58
11 18 30 17
11 19 0 33
11 19 1 83
11 19 2 41
11 19 3 39
11 19 4 64
11 19 5 32
11 19 6 72
11 19 7 76
11 19 8 29
11 19 9 60
11 19 10 88
11 19 11 24
11 19 12 65
11 19 13 30
11 19 14 73
11 19 15 20
11 19 16 48
11 19 17 59
11 19 18 89
11 19 19 13
11 19 20 10
11 19 21 70
11 19 22 74
11 19 23 78
11 19 24 31
11 19 25 15
11 19 26 90
11 19 27 63
11 19 28 43
11 19 29 22
11 19 30 53
11 20 0 82
11 20 1 55
11 20 2 31
11 20 3 18
11 20 4 54
11 20 5 71
11 20 6 75
11 20 7 23
11 20 8 34
11 20 9 14
11 20 10 10
11 20 11 8
11 20 12 68
11 20 13 72
11 20 14 76
11 20 15 37
11 20 16 49
11 20 17 15
11 20 18 1
11 20 19 28
11 20 20 69
11 20 21 73
11 20 22 77
11 20 23 32
11 20 24 22
11 20 25 89
11 20 26 30
11 20 27 59
11 20 28 12
11 20 29 47
11 20 30 50
11 21 0 52
11 21 1 57
11 21 2 62
11 21 3 32
11 21 4 70
11 21 5 6
11 21 6 19
11 21 7 39
11 21 8 86
11 21 9 4
11 21 10 63
11 21 11 12
11 21 12 71
11 21 13 75
11 21 14 58
11 21 15 31
11 21 16 87
11 21 17 3
11 21 18 64
11 21 19 24
11 21 20 72
11 21 21 8
11 21 22 49
11 21 23 5
11 21 24 14
11 21 25 18
11 21 26 33
11 21 27 23
11 21 28 47
11 21 29 59
11 21 30 81
11 22 0 44
11 22 1 46
11 22 2 42
11 22 3 69
11 22 4 18
11 22 5 9
11 22 6 39
11 22 7 85
11 22 8 28
11 22 9 25
11 22 10 5
11 22 11 70
11 22 12 23
11 22 13 55
11 22 14 40
11 22 15 26
11 22 16 17
11 22 17 21
11 22 18 67
11 22 19 71
11 22 20 16
11 22 21 54
11 22 22 83
11 22 23 87
11 22 24 27
11 22 25 34
11 22 26 68
11 22 27 32
11 22 28 49
11 22 29 80
11 22 30 45
11 23 0 26
11 23 1 51
11 23 2 6
11 23 3 15
11 23 4 76
11 23 5 40
11 23 6 84
11 23 7 88
11 23 8 0
11 23 9 10
11 23 10 69
11 23 11 3
11 23 12 37
11 23 13 33
11 23 14 8
11 23 15 30
11 23 16 62
11 23 17 66
11 23 18 70
11 23 19 74
11 23 20 31
11 23 21 13
11 23 22 20
11 23 23 28
11 23 24 48
11 23 25 27
11 23 26 44
11 23 27 39
11 23 28 79
11 23 29 61
11 23 30 60
11 24 0 45
11 24 1 67
11 24 2 9
11 24 3 75
11 24 4 51
11 24 5 17
11 24 6 4
11 24 7 13
11 24 8 64
11 24 9 5
11 24 10 20
11 24 11 42
11 24 12 43
11 24 13 18
11 24 14 88
11 24 15 57
11 24 16 65
11 24 17 69
11 24 18 73
11 24 19 34
11 24 20 8
11 24 21 28
11 24 22 0
11 24 23 61
11 24 24 3
11 24 25 50
11 24 26 54
11 24 27 78
11 24 28 56
11 24 29 52
11 24 30 90
11 25 0 66
11 25 1 12
11 25 2 26
11 25 3 41
11 25 4 82
11 25 5 86
11 25 6 0
11 25 7 9
11 25 8 67
11 25 9 15
11 25 10 47
11 25 11 53
11 25 12 83
11 25 13 24
11 25 14 13
11 25 15 5
11 25 16 28
11 25 17 72
11 25 18 51
11 25 19 6
11 25 20 23
11 25 21 88
11 25 22 48
11 25 23 3
11 25 24 43
11 25 25 39
11 25 26 77
11 25 27 37
11 25 28 58
11 25 29 89
11 25 30 55
11 26 0 20
11 26 1 4
11 26 2 33
11 26 3 81
11 26 4 85
11 26 5 16
11 26 6 62
11 26 7 66
11 26 8 3
11 26 9 31
11 26 10 37
11 26 11 6
11 26 12 86
11 26 13 90
11 26 14 63
11 26 15 67
11 26 16 71
11 26 17 43
11 26 18 13
11 26 19 83
11 26 20 7
11 26 21 60
11 26 22 64
11 26 23 57
11 26 24 47
11 26 25 76
11 26 26 45
11 26 27 41
11 26 28 24
11 26 29 36
11 26 30 65
11 27 0 9
11 27 1 50
11 27 2 80
11 27 3 84
11 27 4 88
11 27 5 58
11 27 6 65
11 27 7 16
11 27 8 41
11 27 9 42
11 27 10 19
11 27 11 85
11 27 12 89
11 27 13 6
11 27 14 66
11 27 15 70
11 27 16 33
11 27 17 18
11 27 18 2
11 27 19 86
11 27 20 39
11 27 21 29
11 27 22 32
11 27 23 59
11 27 24 75
11 27 25 61
11 27 26 34
11 27 27 87
11 27 28 54
11 27 29 15
11 27 30 68
11 28 0 53
11 28 1 79
11 28 2 25
11 28 3 17
11 28 4 9
11 28 5 29
11 28 6 68
11 28 7 51
11 28 8 47
11 28 9 7
11 28 10 84
11 28 11 13
11 28 12 22
11 28 13 65
11 28 14 69
11 28 15 44
11 28 16 27
11 28 17 10
11 28 18 85
11 28 19 33
11 28 20 62
11 28 21 55
11 28 22 54
11 28 23 74
11 28 24 45
11 28 25 40
11 28 26 19
11 28 27 36
11 28 28 63
11 28 29 30
11 28 30 16
11 29 0 78
11 29 1 82
11 29 2 86
11 29 3 90
11 29 4 63
11 29 5 4
11 29 6 44
11 29 7 60
11 29 8 2
11 29 9 17
11 29 10 87
11 29 11 9
11 29 12 18
11 29 13 5
11 29 14 45
11 29 15 76
11 29 16 13
11 29 17 84
11 29 18 42
11 29 19 38
11 29 20 40
11 29 21 39
11 29 22 73
11 29 23 35
11 29 24 52
11 29 25 19
11 29 26 50
11 29 27 22
11 29 28 25
11 29 29 14
11 29 30 61
11 30 0 81
11 30 1 85
11 30 2 89
11 30 3 23
11 30 4 14
11 30 5 53
11 30 6 57
11 30 7 19
11 30 8 82
11 30 9 12
11 30 10 22
11 30 11 63
11 30 12 67
11 30 13 45
11 30 14 75
11 30 15 7
11 30 16 16
11 30 17 52
11 30 18 27
11 30 19 58
11 30 20 32
11 30 21 72
11 30 22 56
11 30 23 37
11 30 24 26
11 30 25 51
11 30 26 25
11 30 27 2
11 30 28 9
11 30 29 35
11 30 30 77
12 0 0 89
12 0 1 24
12 0 2 15
12 0 3 54
12 0 4 58
12 0 5 20
12 0 6 82
12 0 7 13
12 0 8 23
12 0 9 63
12 0 10 67
12 0 11 46
12 0 12 75
12 0 13 8
12 0 14 17
12 0 15 53
12 0 16 28
12 0 17 59
12 0 18 33
12 0 19 72
12 0 20 57
12 0 21 38
12 0 22 27
12 0 23 52
12 0 24 26
12 0 25 3
12 0 26 10
12 0 27 36
12 0 28 77
12 0 29 81
12 0 30 85
12 1 0 6
12 1 1 28
12 1 2 36
12 1 3 48
12 1 4 0
12 1 5 81
12 1 6 18
12 1 7 29
12 1 8 26
12 1 9 66
12 1 10 51
12 1 11 14
12 1 12 5
12 1 13 82
12 1 14 31
12 1 15 90
12 1 16 54
12 1 17 61
12 1 18 71
12 1 19 35
12 1 20 38
12 1 21 83
12 1 22 57
12 1 23 27
12 1 24 64
12 1 25 68
12 1 26 53
12 1 27 7
12 1 28 80
12 1 29 84
12 1 30 2
12 2 0 64
12 2 1 57
12 2 2 37
12 2 3 76
12 2 4 80
12 2 5 11
12 2 6 88
12 2 7 19
12 2 8 65
12 2 9 56
12 2 10 4
12 2 11 17
12 2 12 81
12 2 13 53
12 2 14 89
12 2 15 46
12 2 16 44
12 2 17 70
12 2 18 52
12 2 19 32
12 2 20 0
12 2 21 42
12 2 22 5
12 2 23 9
12 2 24 18
12 2 25 54
12 2 26 15
12 2 27 79
12 2 28 30
12 2 29 87
12 2 30 20
12 3 0 57
12 3 1 56
12 3 2 75
12 3 3 79
12 3 4 83
12 3 5 15
12 3 6 13
12 3 7 9
12 3 8 61
12 3 9 0
12 3 10 76
12 3 11 80
12 3 12 32
12 3 13 5
12 3 14 46
12 3 15 59
12 3 16 69
12 3 17 51
12 3 18 34
12 3 19 11
12 3 20 58
12 3 21 24
12 3 22 62
12 3 23 1
12 3 24 33
12 3 25 74
12 3 26 78
12 3 27 82
12 3 28 26
12 3 29 22
12 3 30 8
12 4 0 37
12 4 1 3
12 4 2 78
12 4 3 24
12 4 4 86
12 4 5 30
12 4 6 63
12 4 7 58
12 4 8 25
12 4 9 75
12 4 10 79
12 4 11 54
12 4 12 87
12 4 13 57
12 4 14 38
12 4 15 68
12 4 16 39
12 4 17 49
12 4 18 1
12 4 19 47
12 4 20 88
12 4 21 51
12 4 22 8
12 4 23 43
12 4 24 73
12 4 25 77
12 4 26 81
12 4 27 13
12 4 28 10
12 4 29 62
12 4 30 36
12 5 0 16
12 5 1 77
12 5 2 30
12 5 3 85
12 5 4 15
12 5 5 21
12 5 6 44
12 5 7 10
12 5 8 13
12 5 9 78
12 5 10 60
12 5 11 27
12 5 12 43
12 5 13 42
12 5 14 67
12 5 15 48
12 5 16 47
12 5 17 6
12 5 18 37
12 5 19 19
12 5 20 11
12 5 21 64
12 5 22 52
12 5 23 72
12 5 24 2
12 5 25 80
12 5 26 20
12 5 27 88
12 5 28 41
12 5 29 57
12 5 30 55
12 6 0 19
12 6 1 11
12 6 2 84
12 6 3 88
12 6 4 18
12 6 5 55
12 6 6 16
12 6 7 28
12 6 8 77
12 6 9 47
12 6 10 10
12 6 11 37
12 6 12 33
12 6 13 66
12 6 14 56
12 6 15 50
12 6 16 23
12 6 17 48
12 6 18 86
12 6 19 90
12 6 20 29
12 6 21 61
12 6 22 71
12 6 23 2
12 6 24 79
12 6 25 83
12 6 26 30
12 6 27 20
12 6 28 52
12 6 29 39
12 6 30 4
12 7 0 15
12 7 1 29
12 7 2 21
12 7 3 16
12 7 4 50
12 7 5 68
12 7 6 27
12 7 7 0
12 7 8 52
12 7 9 30
12 7 10 53
12 7 11 60
12 7 12 65
12 7 13 54
12 7 14 35
12 7 15 26
12 7 16 38
12 7 17 85
12 7 18 89
12 7 19 62
12 7 20 34
12 7 21 70
12 7 22 74
12 7 23 78
12 7 24 8
12 7 25 86
12 7 26 90
12 7 27 51
12 7 28 47
12 7 29 6
12 7 30 24
12 8 0 82
12 8 1 86
12 8 2 11
12 8 3 50
12 8 4 23
12 8 5 18
12 8 6 21
12 8 7 59
12 8 8 83
12 8 9 36
12 8 10 43
12 8 11 64
12 8 12 45
12 8 13 40
12 8 14 76
12 8 15 32
12 8 16 84
12 8 17 28
12 8 18 42
12 8 19 49
12 8 20 69
12 8 21 73
12 8 22 77
12 8 23 3
12 8 24 85
12 8 25 89
12 8 26 58
12 8 27 61
12 8 28 22
12 8 29 74
12 8 30 10
12 9 0 85
12 9 1 21
12 9 2 47
12 9 3 8
12 9 4 27
12 9 5 74
12 9 6 31
12 9 7 20
12 9 8 32
12 9 9 48
12 9 10 63
12 9 11 39
12 9 12 56
12 9 13 75
12 9 14 54
12 9 15 7
12 9 16 87
12 9 17 16
12 9 18 45
12 9 19 0
12 9 20 72
12 9 21 15
12 9 22 14
12 9 23 84
12 9 24 11
12 9 25 36
12 9 26 33
12 9 27 2
12 9 28 73
12 9 29 5
12 9 30 81
12 10 0 88
12 10 1 55
12 10 2 17
12 10 3 11
12 10 4 73
12 10 5 45
12 10 6 15
12 10 7 37
12 10 8 53
12 10 9 62
12 10 10 34
12 10 11 33
12 10 12 20
12 10 13 44
12 10 14 82
12 10 15 23
12 10 16 90
12 10 17 38
12 10 18 67
12 10 19 71
12 10 20 27
12 10 21 2
12 10 22 1
12 10 23 87
12 10 24 61
12 10 25 41
12 10 26 68
12 10 27 72
12 10 28 76
12 10 29 80
12 10 30 84
12 11 0 50
12 11 1 64
12 11 2 68
12 11 3 72
12 11 4 31
12 11 5 27
12 11 6 37
12 11 7 40
12 11 8 43
12 11 9 46
12 11 10 49
12 11 11 2
12 11 12 55
12 11 13 81
12 11 14 7
12 11 15 89
12 11 16 36
12 11 17 66
12 11 18 70
12 11 19 74
12 11 20 30
12 11 21 82
12 11 22 29
12 11 23 57
12 11 24 60
12 11 25 16
12 11 26 71
12 11 27 75
12 11 28 79
12 11 29 4
12 11 30 22
12 12 0 2
12 12 1 30
12 12 2 71
12 12 3 42
12 12 4 21
12 12 5 53
12 12 6 52
12 12 7 12
12 12 8 33
12 12 9 49
12 12 10 3
12 12 11 41
12 12 12 80
12 12 13 25
12 12 14 22
12 12 15 31
12 12 16 65
12 12 17 69
12 12 18 73
12 12 19 7
12 12 20 81
12 12 21 1
12 12 22 45
12 12 23 56
12 12 24 23
12 12 25 70
12 12 26 17
12 12 27 78
12 12 28 82
12 12 29 86
12 12 30 48
12 13 0 17
12 13 1 70
12 13 2 32
12 13 3 22
12 13 4 61
12 13 5 47
12 13 6 90
12 13 7 38
12 13 8 54
12 13 9 28
12 13 10 55
12 13 11 79
12 13 12 83
12 13 13 87
12 13 14 39
12 13 15 2
12 13 16 20
12 13 17 72
12 13 18 76
12 13 19 80
12 13 20 8
12 13 21 53
12 13 22 50
12 13 23 26
12 13 24 69
12 13 25 25
12 13 26 77
12 13 27 81
12 13 28 85
12 13 29 41
12 13 30 62
12 14 0 69
12 14 1 54
12 14 2 4
12 14 3 46
12 14 4 41
12 14 5 89
12 14 6 43
12 14 7 50
12 14 8 9
12 14 9 58
12 14 10 78
12 14 11 13
12 14 12 7
12 14 13 36
12 14 14 63
12 14 15 67
12 14 16 71
12 14 17 75
12 14 18 79
12 14 19 83
12 14 20 56
12 14 21 59
12 14 22 64
12 14 23 23
12 14 24 22
12 14 25 28
12 14 26 80
12 14 27 84
12 14 28 37
12 14 29 44
12 14 30 1
12 15 0 48
12 15 1 76
12 15 2 51
12 15 3 32
12 15 4 88
12 15 5 57
12 15 6 33
12 15 7 4
12 15 8 34
12 15 9 77
12 15 10 28
12 15 11 16
12 15 12 36
12 15 13 3
12 15 14 66
12 15 15 70
12 15 16 19
12 15 17 78
12 15 18 22
12 15 19 39
12 15 20 35
12 15 21 13
12 15 22 67
12 15 23 10
12 15 24 9
12 15 25 79
12 15 26 24
12 15 27 52
12 15 28 8
12 15 29 64
12 15 30 17
12 16 0 75
12 16 1 36
12 16 2 61
12 16 3 87
12 16 4 53
12 16 5 49
12 16 6 68
12 16 7 39
12 16 8 3
12 16 9 6
12 16 10 1
12 16 11 31
12 16 12 13
12 16 13 65
12 16 14 69
12 16 15 14
12 16 16 77
12 16 17 2
12 16 18 47
12 16 19 34
12 16 20 62
12 16 21 66
12 16 22 21
12 16 23 74
12 16 24 78
12 16 25 82
12 16 26 56
12 16 27 90
12 16 28 27
12 16 29 67
12 16 30 38
12 17 0 39
12 17 1 38
12 17 2 86
12 17 3 44
12 17 4 43
12 17 5 25
12 17 6 57
12 17 7 24
12 17 8 28
12 17 9 83
12 17 10 42
12 17 11 8
12 17 12 3
12 17 13 26
12 17 14 9
12 17 15 0
12 17 16 18
12 17 17 31
12 17 18 60
12 17 19 45
12 17 20 65
12 17 21 16
12 17 22 73
12 17 23 77
12 17 24 81
12 17 25 34
12 17 26 89
12 17 27 62
12 17 28 66
12 17 29 49
12 17 30 29
12 18 0 47
12 18 1 85
12 18 2 48
12 18 3 60
12 18 4 14
12 18 5 32
12 18 6 74
12 18 7 27
12 18 8 8
12 18 9 59
12 18 10 6
12 18 11 63
12 18 12 67
12 18 13 13
12 18 14 5
12 18 15 20
12 18 16 49
12 18 17 50
12 18 18 4
12 18 19 25
12 18 20 68
12 18 21 72
12 18 22 22
12 18 23 80
12 18 24 43
12 18 25 26
12 18 26 35
12 18 27 65
12 18 28 39
12 18 29 1
12 18 30 37
12 19 0 84
12 19 1 58
12 19 2 40
12 19 3 28
12 19 4 54
12 19 5 73
12 19 6 11
12 19 7 14
12 19 8 56
12 19 9 3
12 19 10 9
12 19 11 66
12 19 12 25
12 19 13 74
12 19 14 8
12 19 15 61
12 19 16 60
12 19 17 90
12 19 18 63
12 19 19 4
12 19 20 71
12 19 21 22
12 19 22 79
12 19 23 53
12 19 24 87
12 19 25 13
12 19 26 5
12 19 27 59
12 19 28 18
12 19 29 52
12 19 30 35
12 20 0 42
12 20 1 40
12 20 2 64
12 20 3 33
12 20 4 72
12 20 5 76
12 20 6 30
12 20 7 61
12 20 8 88
12 20 9 25
12 20 10 65
12 20 11 0
12 20 12 73
12 20 13 21
12 20 14 49
12 20 15 60
12 20 16 89
12 20 17 14
12 20 18 11
12 20 19 70
12 20 20 74
12 20 21 78
12 20 22 32
12 20 23 16
12 20 24 90
12 20 25 63
12 20 26 44
12 20 27 23
12 20 28 54
12 20 29 34
12 20 30 83
12 21 0 32
12 21 1 19
12 21 2 55
12 21 3 71
12 21 4 75
12 21 5 24
12 21 6 35
12 21 7 15
12 21 8 11
12 21 9 9
12 21 10 68
12 21 11 72
12 21 12 76
12 21 13 38
12 21 14 50
12 21 15 16
12 21 16 2
12 21 17 29
12 21 18 69
12 21 19 73
12 21 20 77
12 21 21 33
12 21 22 23
12 21 23 89
12 21 24 0
12 21 25 60
12 21 26 13
12 21 27 48
12 21 28 51
12 21 29 82
12 21 30 56
12 22 0 62
12 22 1 33
12 22 2 70
12 22 3 7
12 22 4 20
12 22 5 40
12 22 6 86
12 22 7 5
12 22 8 63
12 22 9 13
12 22 10 71
12 22 11 75
12 22 12 59
12 22 13 32
12 22 14 87
12 22 15 4
12 22 16 64
12 22 17 25
12 22 18 72
12 22 19 9
12 22 20 50
12 22 21 6
12 22 22 15
12 22 23 19
12 22 24 34
12 22 25 24
12 22 26 48
12 22 27 60
12 22 28 81
12 22 29 53
12 22 30 58
12 23 0 43
12 23 1 69
12 23 2 19
12 23 3 10
12 23 4 40
12 23 5 85
12 23 6 29
12 23 7 26
12 23 8 6
12 23 9 70
12 23 10 24
12 23 11 56
12 23 12 41
12 23 13 27
12 23 14 18
12 23 15 22
12 23 16 67
12 23 17 71
12 23 18 17
12 23 19 55
12 23 20 83
12 23 21 87
12 23 22 28
12 23 23 35
12 23 24 68
12 23 25 33
12 23 26 50
12 23 27 80
12 23 28 46
12 23 29 45
12 23 30 47
12 24 0 7
12 24 1 16
12 24 2 76
12 24 3 41
12 24 4 84
12 24 5 88
12 24 6 1
12 24 7 11
12 24 8 69
12 24 9 4
12 24 10 38
12 24 11 34
12 24 12 9
12 24 13 0
12 24 14 62
12 24 15 66
12 24 16 70
12 24 17 74
12 24 18 32
12 24 19 14
12 24 20 21
12 24 21 29
12 24 22 49
12 24 23 28
12 24 24 45
12 24 25 40
12 24 26 79
12 24 27 31
12 24 28 61
12 24 29 27
12 24 30 52
12 25 0 10
12 25 1 75
12 25 2 52
12 25 3 18
12 25 4 5
12 25 5 14
12 25 6 64
12 25 7 6
12 25 8 21
12 25 9 43
12 25 10 44
12 25 11 19
12 25 12 88
12 25 13 58
12 25 14 65
12 25 15 69
12 25 16 73
12 25 17 35
12 25 18 9
12 25 19 29
12 25 20 1
12 25 21 31
12 25 22 4
12 25 23 51
12 25 24 55
12 25 25 78
12 25 26 57
12 25 27 53
12 25 28 90
12 25 29 46
12 25 30 67
12 26 0 27
12 26 1 42
12 26 2 82
12 26 3 86
12 26 4 1
12 26 5 10
12 26 6 67
12 26 7 16
12 26 8 48
12 26 9 54
12 26 10 83
12 26 11 25
12 26 12 14
12 26 13 6
12 26 14 29
12 26 15 72
12 26 16 52
12 26 17 7
12 26 18 24
12 26 19 88
12 26 20 49
12 26 21 4
12 26 22 44
12 26 23 40
12 26 24 77
12 26 25 38
12 26 26 59
12 26 27 89
12 26 28 56
12 26 29 66
12 26 30 13
12 27 0 34
12 27 1 81
12 27 2 85
12 27 3 17
12 27 4 62
12 27 5 66
12 27 6 4
12 27 7 32
12 27 8 38
12 27 9 7
12 27 10 86
12 27 11 90
12 27 12 63
12 27 13 67
12 27 14 71
12 27 15 44
12 27 16 14
12 27 17 83
12 27 18 8
12 27 19 61
12 27 20 64
12 27 21 58
12 27 22 48
12 27 23 76
12 27 24 46
12 27 25 42
12 27 26 25
12 27 27 37
12 27 28 65
12 27 29 21
12 27 30 5
12 28 0 80
12 28 1 84
12 28 2 88
12 28 3 59
12 28 4 65
12 28 5 17
12 28 6 42
12 28 7 43
12 28 8 20
12 28 9 85
12 28 10 89
12 28 11 7
12 28 12 66
12 28 13 70
12 28 14 34
12 28 15 19
12 28 16 3
12 28 17 86
12 28 18 40
12 28 19 30
12 28 20 33
12 28 21 60
12 28 22 75
12 28 23 31
12 28 24 35
12 28 25 87
12 28 26 55
12 28 27 16
12 28 28 68
12 28 29 10
12 28 30 51
12 29 0 26
12 29 1 18
12 29 2 10
12 29 3 30
12 29 4 68
12 29 5 52
12 29 6 48
12 29 7 8
12 29 8 84
12 29 9 14
12 29 10 23
12 29 11 65
12 29 12 69
12 29 13 45
12 29 14 28
12 29 15 11
12 29 16 85
12 29 17 34
12 29 18 62
12 29 19 56
12 29 20 55
12 29 21 74
12 29 22 46
12 29 23 41
12 29 24 20
12 29 25 37
12 29 26 63
12 29 27 0
12 29 28 17
12 29 29 54
12 29 30 79
12 30 0 86
12 30 1 90
12 30 2 63
12 30 3 5
12 30 4 45
12 30 5 61
12 30 6 3
12 30 7 18
12 30 8 87
12 30 9 10
12 30 10 19
12 30 11 6
12 30 12 46
12 30 13 76
12 30 14 14
12 30 15 84
12 30 16 43
12 30 17 39
12 30 18 41
12 30 19 40
12 30 20 73
12 30 21 36
12 30 22 53
12 30 23 20
12 30 24 51
12 30 25 23
12 30 26 26
12 30 27 15
12 30 28 31
12 30 29 78
12 30 30 82
13 0 0 63
13 0 1 6
13 0 2 46
13 0 3 31
13 0 4 4
13 0 5 19
13 0 6 87
13 0 7 11
13 0 8 20
13 0 9 7
13 0 10 47
13 0 11 76
13 0 12 15
13 0 13 84
13 0 14 44
13 0 15 40
13 0 16 42
13 0 17 41
13 0 18 73
13 0 19 37
13 0 20 54
13 0 21 21
13 0 22 52
13 0 23 24
13 0 24 27
13 0 25 16
13 0 26 32
13 0 27 78
13 0 28 82
13 0 29 86
13 0 30 90
13 1 0 16
13 1 1 55
13 1 2 59
13 1 3 21
13 1 4 82
13 1 5 14
13 1 6 24
13 1 7 63
13 1 8 67
13 1 9 47
13 1 10 75
13 1 11 9
13 1 12 18
13 1 13 54
13 1 14 29
13 1 15 60
13 1 16 34
13 1 17 72
13 1 18 58
13 1 19 39
13 1 20 28
13 1 21 53
13 1 22 27
13 1 23 4
13 1 24 11
13 1 25 37
13 1 26 77
13 1 27 81
13 1 28 85
13 1 29 89
13 1 30 25
13 2 0 37
13 2 1 49
13 2 2 1
13 2 3 81
13 2 4 19
13 2 5 30
13 2 6 27
13 2 7 66
13 2 8 52
13 2 9 15
13 2 10 6
13 2 11 82
13 2 12 32
13 2 13 90
13 2 14 55
13 2 15 31
13 2 16 71
13 2 17 36
13 2 18 39
13 2 19 83
13 2 20 58
13 2 21 28
13 2 22 64
13 2 23 68
13 2 24 54
13 2 25 8
13 2 26 80
13 2 27 84
13 2 28 3
13 2 29 7
13 2 30 29
13 3 0 38
13 3 1 76
13 3 2 80
13 3 3 12
13 3 4 88
13 3 5 20
13 3 6 65
13 3 7 57
13 3 8 5
13 3 9 18
13 3 10 81
13 3 11 54
13 3 12 89
13 3 13 47
13 3 14 45
13 3 15 70
13 3 16 53
13 3 17 33
13 3 18 1
13 3 19 43
13 3 20 6
13 3 21 10
13 3 22 19
13 3 23 55
13 3 24 16
13 3 25 79
13 3 26 0
13 3 27 87
13 3 28 21
13 3 29 64
13 3 30 58
13 4 0 75
13 4 1 79
13 4 2 83
13 4 3 16
13 4 4 14
13 4 5 10
13 4 6 31
13 4 7 1
13 4 8 76
13 4 9 80
13 4 10 33
13 4 11 6
13 4 12 47
13 4 13 60
13 4 14 69
13 4 15 52
13 4 16 35
13 4 17 12
13 4 18 59
13 4 19 25
13 4 20 62
13 4 21 2
13 4 22 34
13 4 23 74
13 4 24 78
13 4 25 82
13 4 26 27
13 4 27 23
13 4 28 9
13 4 29 58
13 4 30 57
13 5 0 78
13 5 1 25
13 5 2 86
13 5 3 0
13 5 4 63
13 5 5 59
13 5 6 26
13 5 7 75
13 5 8 79
13 5 9 55
13 5 10 87
13 5 11 58
13 5 12 39
13 5 13 68
13 5 14 40
13 5 15 50
13 5 16 2
13 5 17 48
13 5 18 88
13 5 19 52
13 5 20 9
13 5 21 44
13 5 22 73
13 5 23 77
13 5 24 81
13 5 25 14
13 5 26 11
13 5 27 62
13 5 28 37
13 5 29 38
13 5 30 4
13 6 0 0
13 6 1 85
13 6 2 16
13 6 3 22
13 6 4 45
13 6 5 11
13 6 6 14
13 6 7 78
13 6 8 61
13 6 9 28
13 6 10 44
13 6 11 43
13 6 12 67
13 6 13 49
13 6 14 48
13 6 15 7
13 6 16 38
13 6 17 20
13 6 18 12
13 6 19 64
13 6 20 53
13 6 21 72
13 6 22 3
13 6 23 80
13 6 24 21
13 6 25 88
13 6 26 42
13 6 27 58
13 6 28 56
13 6 29 17
13 6 30 77
13 7 0 84
13 7 1 88
13 7 2 19
13 7 3 56
13 7 4 17
13 7 5 29
13 7 6 77
13 7 7 48
13 7 8 11
13 7 9 38
13 7 10 34
13 7 11 66
13 7 12 57
13 7 13 51
13 7 14 24
13 7 15 49
13 7 16 86
13 7 17 90
13 7 18 30
13 7 19 31
13 7 20 71
13 7 21 3
13 7 22 79
13 7 23 83
13 7 24 0
13 7 25 21
13 7 26 53
13 7 27 40
13 7 28 5
13 7 29 20
13 7 30 12
13 8 0 22
13 8 1 17
13 8 2 51
13 8 3 68
13 8 4 28
13 8 5 1
13 8 6 53
13 8 7 0
13 8 8 54
13 8 9 61
13 8 10 65
13 8 11 55
13 8 12 36
13 8 13 27
13 8 14 39
13 8 15 85
13 8 16 89
13 8 17 62
13 8 18 35
13 8 19 70
13 8 20 74
13 8 21 78
13 8 22 9
13 8 23 86
13 8 24 90
13 8 25 52
13 8 26 48
13 8 27 7
13 8 28 25
13 8 29 16
13 8 30 30
13 9 0 12
13 9 1 51
13 9 2 24
13 9 3 19
13 9 4 22
13 9 5 60
13 9 6 83
13 9 7 37
13 9 8 44
13 9 9 64
13 9 10 46
13 9 11 41
13 9 12 76
13 9 13 33
13 9 14 84
13 9 15 29
13 9 16 43
13 9 17 50
13 9 18 69
13 9 19 73
13 9 20 77
13 9 21 4
13 9 22 85
13 9 23 89
13 9 24 59
13 9 25 31
13 9 26 23
13 9 27 74
13 9 28 11
13 9 29 82
13 9 30 86
13 10 0 48
13 10 1 9
13 10 2 28
13 10 3 74
13 10 4 32
13 10 5 21
13 10 6 33
13 10 7 49
13 10 8 63
13 10 9 40
13 10 10 57
13 10 11 75
13 10 12 55
13 10 13 8
13 10 14 87
13 10 15 17
13 10 16 46
13 10 17 1
13 10 18 72
13 10 19 16
13 10 20 15
13 10 21 84
13 10 22 12
13 10 23 37
13 10 24 34
13 10 25 3
13 10 26 73
13 10 27 6
13 10 28 81
13 10 29 85
13 10 30 22
13 11 0 18
13 11 1 12
13 11 2 73
13 11 3 46
13 11 4 16
13 11 5 38
13 11 6 54
13 11 7 62
13 11 8 35
13 11 9 34
13 11 10 21
13 11 11 45
13 11 12 82
13 11 13 24
13 11 14 90
13 11 15 39
13 11 16 67
13 11 17 71
13 11 18 28
13 11 19 3
13 11 20 2
13 11 21 87
13 11 22 31
13 11 23 42
13 11 24 68
13 11 25 72
13 11 26 76
13 11 27 80
13 11 28 84
13 11 29 88
13 11 30 56
13 12 0 68
13 12 1 72
13 12 2 32
13 12 3 28
13 12 4 38
13 12 5 41
13 12 6 44
13 12 7 47
13 12 8 50
13 12 9 3
13 12 10 56
13 12 11 81
13 12 12 8
13 12 13 89
13 12 14 37
13 12 15 66
13 12 16 70
13 12 17 74
13 12 18 0
13 12 19 82
13 12 20 30
13 12 21 58
13 12 22 61
13 12 23 17
13 12 24 71
13 12 25 75
13 12 26 79
13 12 27 5
13 12 28 23
13 12 29 51
13 12 30 64
13 13 0 71
13 13 1 43
13 13 2 22
13 13 3 54
13 13 4 53
13 13 5 13
13 13 6 34
13 13 7 50
13 13 8 4
13 13 9 42
13 13 10 80
13 13 11 26
13 13 12 23
13 13 13 32
13 13 14 65
13 13 15 69
13 13 16 73
13 13 17 8
13 13 18 81
13 13 19 2
13 13 20 46
13 13 21 57
13 13 22 24
13 13 23 70
13 13 24 18
13 13 25 78
13 13 26 82
13 13 27 86
13 13 28 49
13 13 29 3
13 13 30 0
13 14 0 33
13 14 1 23
13 14 2 31
13 14 3 48
13 14 4 90
13 14 5 39
13 14 6 55
13 14 7 29
13 14 8 56
13 14 9 79
13 14 10 83
13 14 11 87
13 14 12 40
13 14 13 3
13 14 14 21
13 14 15 72
13 14 16 76
13 14 17 80
13 14 18 9
13 14 19 54
13 14 20 51
13 14 21 27
13 14 22 69
13 14 23 26
13 14 24 77
13 14 25 81
13 14 26 85
13 14 27 42
13 14 28 62
13 14 29 18
13 14 30 70
13 15 0 5
13 15 1 47
13 15 2 42
13 15 3 89
13 15 4 44
13 15 5 51
13 15 6 10
13 15 7 59
13 15 8 78
13 15 9 14
13 15 10 8
13 15 11 37
13 15 12 63
13 15 13 67
13 15 14 71
13 15 15 75
13 15 16 79
13 15 17 83
13 15 18 57
13 15 19 60
13 15 20 64
13 15 21 24
13 15 22 23
13 15 23 29
13 15 24 80
13 15 25 84
13 15 26 38
13 15 27 45
13 15 28 2
13 15 29 69
13 15 30 55
13 16 0 52
13 16 1 33
13 16 2 88
13 16 3 58
13 16 4 34
13 16 5 5
13 16 6 35
13 16 7 77
13 16 8 29
13 16 9 17
13 16 10 37
13 16 11 4
13 16 12 66
13 16 13 70
13 16 14 20
13 16 15 78
13 16 16 23
13 16 17 40
13 16 18 36
13 16 19 14
13 16 20 67
13 16 21 11
13 16 22 10
13 16 23 79
13 16 24 25
13 16 25 53
13 16 26 9
13 16 27 64
13 16 28 18
13 16 29 49
13 16 30 76
13 17 0 31
13 17 1 87
13 17 2 54
13 17 3 50
13 17 4 68
13 17 5 40
13 17 6 4
13 17 7 7
13 17 8 2
13 17 9 32
13 17 10 14
13 17 11 65
13 17 12 69
13 17 13 15
13 17 14 77
13 17 15 3
13 17 16 48
13 17 17 35
13 17 18 62
13 17 19 66
13 17 20 22
13 17 21 74
13 17 22 78
13 17 23 82
13 17 24 57
13 17 25 90
13 17 26 28
13 17 27 67
13 17 28 39
13 17 29 75
13 17 30 37
13 18 0 86
13 18 1 45
13 18 2 44
13 18 3 26
13 18 4 58
13 18 5 25
13 18 6 29
13 18 7 83
13 18 8 43
13 18 9 9
13 18 10 4
13 18 11 27
13 18 12 10
13 18 13 1
13 18 14 19
13 18 15 32
13 18 16 61
13 18 17 46
13 18 18 65
13 18 19 17
13 18 20 73
13 18 21 77
13 18 22 81
13 18 23 35
13 18 24 89
13 18 25 62
13 18 26 66
13 18 27 50
13 18 28 30
13 18 29 40
13 18 30 39
13 19 0 49
13 19 1 61
13 19 2 15
13 19 3 33
13 19 4 74
13 19 5 28
13 19 6 9
13 19 7 60
13 19 8 7
13 19 9 63
13 19 10 67
13 19 11 14
13 19 12 6
13 19 13 21
13 19 14 50
13 19 15 51
13 19 16 5
13 19 17 26
13 19 18 68
13 19 19 72
13 19 20 23
13 19 21 80
13 19 22 44
13 19 23 27
13 19 24 36
13 19 25 65
13 19 26 40
13 19 27 2
13 19 28 38
13 19 29 48
13 19 30 85
13 20 0 41
13 20 1 29
13 20 2 55
13 20 3 73
13 20 4 12
13 20 5 15
13 20 6 57
13 20 7 4
13 20 8 10
13 20 9 66
13 20 10 26
13 20 11 74
13 20 12 9
13 20 13 31
13 20 14 61
13 20 15 90
13 20 16 63
13 20 17 5
13 20 18 71
13 20 19 23
13 20 20 79
13 20 21 54
13 20 22 87
13 20 23 14
13 20 24 6
13 20 25 60
13 20 26 19
13 20 27 53
13 20 28 36
13 20 29 84
13 20 30 59
13 21 0 64
13 21 1 34
13 21 2 72
13 21 3 76
13 21 4 0
13 21 5 31
13 21 6 88
13 21 7 26
13 21 8 65
13 21 9 1
13 21 10 73
13 21 11 22
13 21 12 50
13 21 13 61
13 21 14 89
13 21 15 15
13 21 16 12
13 21 17 70
13 21 18 74
13 21 19 78
13 21 20 33
13 21 21 17
13 21 22 90
13 21 23 63
13 21 24 45
13 21 25 24
13 21 26 55
13 21 27 35
13 21 28 83
13 21 29 43
13 21 30 41
13 22 0 56
13 22 1 71
13 22 2 75
13 22 3 25
13 22 4 36
13 22 5 16
13 22 6 12
13 22 7 10
13 22 8 68
13 22 9 72
13 22 10 76
13 22 11 39
13 22 12 51
13 22 13 17
13 22 14 3
13 22 15 30
13 22 16 69
13 22 17 73
13 22 18 77
13 22 19 34
13 22 20 24
13 22 21 89
13 22 22 1
13 22 23 61
13 22 24 14
13 22 25 49
13 22 26 52
13 22 27 82
13 22 28 57
13 22 29 33
13 22 30 20
13 23 0 70
13 23 1 8
13 23 2 21
13 23 3 41
13 23 4 86
13 23 5 6
13 23 6 63
13 23 7 14
13 23 8 71
13 23 9 75
13 23 10 60
13 23 11 33
13 23 12 87
13 23 13 5
13 23 14 64
13 23 15 26
13 23 16 72
13 23 17 10
13 23 18 51
13 23 19 7
13 23 20 16
13 23 21 20
13 23 22 35
13 23 23 25
13 23 24 49
13 23 25 61
13 23 26 81
13 23 27 54
13 23 28 59
13 23 29 62
13 23 30 34
13 24 0 20
13 24 1 11
13 24 2 41
13 24 3 85
13 24 4 30
13 24 5 27
13 24 6 7
13 24 7 70
13 24 8 25
13 24 9 57
13 24 10 42
13 24 11 28
13 24 12 19
13 24 13 23
13 24 14 67
13 24 15 71
13 24 16 18
13 24 17 56
13 24 18 83
13 24 19 87
13 24 20 29
13 24 21 36
13 24 22 68
13 24 23 34
13 24 24 51
13 24 25 80
13 24 26 47
13 24 27 46
13 24 28 48
13 24 29 44
13 24 30 69
13 25 0 76
13 25 1 42
13 25 2 84
13 25 3 88
13 25 4 2
13 25 5 12
13 25 6 69
13 25 7 5
13 25 8 39
13 25 9 35
13 25 10 10
13 25 11 1
13 25 12 62
13 25 13 66
13 25 14 70
13 25 15 74
13 25 16 33
13 25 17 15
13 25 18 22
13 25 19 30
13 25 20 50
13 25 21 29
13 25 22 46
13 25 23 41
13 25 24 79
13 25 25 32
13 25 26 31
13 25 27 28
13 25 28 53
13 25 29 8
13 25 30 17
13 26 0 53
13 26 1 19
13 26 2 6
13 26 3 15
13 26 4 64
13 26 5 7
13 26 6 22
13 26 7 44
13 26 8 45
13 26 9 20
13 26 10 88
13 26 11 59
13 26 12 65
13 26 13 69
13 26 14 73
13 26 15 36
13 26 16 10
13 26 17 30
13 26 18 2
13 26 19 32
13 26 20 5
13 26 21 52
13 26 22 56
13 26 23 78
13 26 24 58
13 26 25 54
13 26 26 90
13 26 27 47
13 26 28 67
13 26 29 11
13 26 30 75
13 27 0 82
13 27 1 86
13 27 2 2
13 27 3 11
13 27 4 67
13 27 5 17
13 27 6 49
13 27 7 55
13 27 8 83
13 27 9 26
13 27 10 15
13 27 11 7
13 27 12 30
13 27 13 72
13 27 14 53
13 27 15 8
13 27 16 25
13 27 17 88
13 27 18 50
13 27 19 5
13 27 20 45
13 27 21 41
13 27 22 77
13 27 23 39
13 27 24 60
13 27 25 89
13 27 26 57
13 27 27 66
13 27 28 14
13 27 29 28
13 27 30 43
13 28 0 85
13 28 1 18
13 28 2 62
13 28 3 66
13 28 4 5
13 28 5 33
13 28 6 39
13 28 7 8
13 28 8 86
13 28 9 90
13 28 10 63
13 28 11 67
13 28 12 71
13 28 13 45
13 28 14 15
13 28 15 83
13 28 16 9
13 28 17 31
13 28 18 64
13 28 19 59
13 28 20 49
13 28 21 76
13 28 22 47
13 28 23 43
13 28 24 26
13 28 25 38
13 28 26 65
13 28 27 22
13 28 28 6
13 28 29 35
13 28 30 81
13 29 0 88
13 29 1 60
13 29 2 65
13 29 3 18
13 29 4 43
13 29 5 44
13 29 6 21
13 29 7 85
13 29 8 89
13 29 9 8
13 29 10 66
13 29 11 70
13 29 12 35
13 29 13 20
13 29 14 4
13 29 15 86
13 29 16 41
13 29 17 0
13 29 18 34
13 29 19 61
13 29 20 75
13 29 21 32
13 29 22 36
13 29 23 87
13 29 24 56
13 29 25 17
13 29 26 68
13 29 27 11
13 29 28 52
13 29 29 80
13 29 30 84
13 30 0 11
13 30 1 0
13 30 2 68
13 30 3 53
13 30 4 49
13 30 5 9
13 30 6 84
13 30 7 15
13 30 8 24
13 30 9 65
13 30 10 69
13 30 11 46
13 30 12 29
13 30 13 12
13 30 14 85
13 30 15 35
13 30 16 62
13 30 17 57
13 30 18 56
13 30 19 74
13 30 20 47
13 30 21 42
13 30 22 21
13 30 23 38
13 30 24 63
13 30 25 1
13 30 26 18
13 30 27 55
13 30 28 79
13 30 29 27
13 30 30 19
14 0 0 68
14 0 1 54
14 0 2 50
14 0 3 10
14 0 4 84
14 0 5 16
14 0 6 25
14 0 7 65
14 0 8 69
14 0 9 47
14 0 10 30
14 0 11 13
14 0 12 85
14 0 13 36
14 0 14 62
14 0 15 58
14 0 16 57
14 0 17 74
14 0 18 48
14 0 19 43
14 0 20 22
14 0 21 39
14 0 22 63
14 0 23 2
14 0 24 19
14 0 25 56
14 0 26 79
14 0 27 28
14 0 28 20
14 0 29 12
14 0 30 1
14 1 0 47
14 1 1 32
14 1 2 5
14 1 3 20
14 1 4 87
14 1 5 12
14 1 6 21
14 1 7 8
14 1 8 48
14 1 9 76
14 1 10 16
14 1 11 84
14 1 12 45
14 1 13 41
14 1 14 43
14 1 15 42
14 1 16 73
14 1 17 38
14 1 18 55
14 1 19 22
14 1 20 53
14 1 21 25
14 1 22 28
14 1 23 17
14 1 24 33
14 1 25 78
14 1 26 82
14 1 27 86
14 1 28 90
14 1 29 63
14 1 30 7
14 2 0 60
14 2 1 22
14 2 2 82
14 2 3 15
14 2 4 25
14 2 5 63
14 2 6 67
14 2 7 48
14 2 8 75
14 2 9 10
14 2 10 19
14 2 11 55
14 2 12 30
14 2 13 61
14 2 14 35
14 2 15 72
14 2 16 59
14 2 17 40
14 2 18 29
14 2 19 54
14 2 20 28
14 2 21 5
14 2 22 12
14 2 23 38
14 2 24 77
14 2 25 81
14 2 26 85
14 2 27 89
14 2 28 26
14 2 29 17
14 2 30 56
14 3 0 2
14 3 1 81
14 3 2 20
14 3 3 0
14 3 4 28
14 3 5 66
14 3 6 53
14 3 7 16
14 3 8 7
14 3 9 82
14 3 10 33
14 3 11 90
14 3 12 56
14 3 13 32
14 3 14 71
14 3 15 37
14 3 16 40
14 3 17 83
14 3 18 59
14 3 19 29
14 3 20 64
14 3 21 68
14 3 22 55
14 3 23 9
14 3 24 80
14 3 25 84
14 3 26 4
14 3 27 8
14 3 28 30
14 3 29 38
14 3 30 50
14 4 0 80
14 4 1 13
14 4 2 88
14 4 3 21
14 4 4 65
14 4 5 58
14 4 6 6
14 4 7 19
14 4 8 81
14 4 9 55
14 4 10 89
14 4 11 48
14 4 12 46
14 4 13 70
14 4 14 54
14 4 15 34
14 4 16 2
14 4 17 44
14 4 18 7
14 4 19 11
14 4 20 20
14 4 21 56
14 4 22 17
14 4 23 79
14 4 24 1
14 4 25 87
14 4 26 22
14 4 27 64
14 4 28 59
14 4 29 39
14 4 30 76
14 5 0 83
14 5 1 17
14 5 2 15
14 5 3 11
14 5 4 32
14 5 5 2
14 5 6 76
14 5 7 80
14 5 8 34
14 5 9 7
14 5 10 48
14 5 11 61
14 5 12 69
14 5 13 53
14 5 14 36
14 5 15 13
14 5 16 60
14 5 17 26
14 5 18 62
14 5 19 3
14 5 20 35
14 5 21 74
14 5 22 78
14 5 23 82
14 5 24 28
14 5 25 24
14 5 26 10
14 5 27 59
14 5 28 58
14 5 29 75
14 5 30 79
14 6 0 86
14 6 1 1
14 6 2 63
14 6 3 60
14 6 4 27
14 6 5 75
14 6 6 79
14 6 7 56
14 6 8 87
14 6 9 59
14 6 10 40
14 6 11 68
14 6 12 41
14 6 13 51
14 6 14 3
14 6 15 49
14 6 16 88
14 6 17 53
14 6 18 10
14 6 19 45
14 6 20 73
14 6 21 77
14 6 22 81
14 6 23 15
14 6 24 12
14 6 25 62
14 6 26 38
14 6 27 39
14 6 28 5
14 6 29 78
14 6 30 26
14 7 0 17
14 7 1 23
14 7 2 46
14 7 3 12
14 7 4 15
14 7 5 78
14 7 6 31
14 7 7 29
14 7 8 45
14 7 9 44
14 7 10 67
14 7 11 50
14 7 12 49
14 7 13 8
14 7 14 39
14 7 15 21
14 7 16 13
14 7 17 64
14 7 18 54
14 7 19 72
14 7 20 4
14 7 21 80
14 7 22 22
14 7 23 88
14 7 24 43
14 7 25 59
14 7 26 57
14 7 27 18
14 7 28 77
14 7 29 1
14 7 30 85
14 8 0 20
14 8 1 57
14 8 2 18
14 8 3 30
14 8 4 77
14 8 5 49
14 8 6 12
14 8 7 39
14 8 8 35
14 8 9 66
14 8 10 58
14 8 11 52
14 8 12 25
14 8 13 50
14 8 14 86
14 8 15 90
14 8 16 0
14 8 17 32
14 8 18 71
14 8 19 4
14 8 20 79
14 8 21 83
14 8 22 1
14 8 23 22
14 8 24 54
14 8 25 41
14 8 26 6
14 8 27 21
14 8 28 13
14 8 29 84
14 8 30 88
14 9 0 52
14 9 1 68
14 9 2 29
14 9 3 2
14 9 4 54
14 9 5 1
14 9 6 55
14 9 7 31
14 9 8 65
14 9 9 56
14 9 10 37
14 9 11 28
14 9 12 40
14 9 13 85
14 9 14 89
14 9 15 62
14 9 16 36
14 9 17 70
14 9 18 74
14 9 19 78
14 9 20 10
14 9 21 86
14 9 22 90
14 9 23 53
14 9 24 49
14 9 25 8
14 9 26 26
14 9 27 17
14 9 28 0
14 9 29 23
14 9 30 18
14 10 0 25
14 10 1 20
14 10 2 23
14 10 3 61
14 10 4 83
14 10 5 38
14 10 6 45
14 10 7 64
14 10 8 47
14 10 9 42
14 10 10 76
14 10 11 34
14 10 12 84
14 10 13 30
14 10 14 44
14 10 15 51
14 10 16 69
14 10 17 73
14 10 18 77
14 10 19 5
14 10 20 85
14 10 21 89
14 10 22 60
14 10 23 32
14 10 24 24
14 10 25 74
14 10 26 12
14 10 27 82
14 10 28 86
14 10 29 13
14 10 30 52
14 11 0 29
14 11 1 74
14 11 2 33
14 11 3 22
14 11 4 34
14 11 5 50
14 11 6 63
14 11 7 41
14 11 8 58
14 11 9 75
14 11 10 56
14 11 11 9
14 11 12 87
14 11 13 18
14 11 14 47
14 11 15 2
14 11 16 72
14 11 17 17
14 11 18 16
14 11 19 84
14 11 20 13
14 11 21 38
14 11 22 35
14 11 23 4
14 11 24 73
14 11 25 7
14 11 26 81
14 11 27 85
14 11 28 23
14 11 29 49
14 11 30 10
14 12 0 73
14 12 1 47
14 12 2 17
14 12 3 39
14 12 4 55
14 12 5 62
14 12 6 36
14 12 7 35
14 12 8 22
14 12 9 46
14 12 10 82
14 12 11 25
14 12 12 90
14 12 13 40
14 12 14 67
14 12 15 71
14 12 16 29
14 12 17 4
14 12 18 3
14 12 19 87
14 12 20 32
14 12 21 43
14 12 22 68
14 12 23 72
14 12 24 76
14 12 25 80
14 12 26 84
14 12 27 88
14 12 28 57
14 12 29 19
14 12 30 13
14 13 0 33
14 13 1 29
14 13 2 39
14 13 3 42
14 13 4 45
14 13 5 48
14 13 6 51
14 13 7 4
14 13 8 57
14 13 9 81
14 13 10 9
14 13 11 89
14 13 12 38
14 13 13 66
14 13 14 70
14 13 15 74
14 13 16 1
14 13 17 82
14 13 18 0
14 13 19 59
14 13 20 31
14 13 21 18
14 13 22 71
14 13 23 75
14 13 24 79
14 13 25 6
14 13 26 24
14 13 27 52
14 13 28 64
14 13 29 68
14 13 30 72
14 14 0 23
14 14 1 55
14 14 2 54
14 14 3 14
14 14 4 35
14 14 5 51
14 14 6 5
14 14 7 43
14 14 8 80
14 14 9 27
14 14 10 24
14 14 11 33
14 14 12 65
14 14 13 69
14 14 14 73
14 14 15 9
14 14 16 81
14 14 17 3
14 14 18 47
14 14 19 58
14 14 20 25
14 14 21 70
14 14 22 19
14 14 23 78
14 14 24 82
14 14 25 86
14 14 26 50
14 14 27 4
14 14 28 1
14 14 29 71
14 14 30 44
14 15 0 32
14 15 1 49
14 15 2 90
14 15 3 40
14 15 4 56
14 15 5 30
14 15 6 57
14 15 7 79
14 15 8 83
14 15 9 87
14 15 10 41
14 15 11 4
14 15 12 22
14 15 13 72
14 15 14 76
14 15 15 80
14 15 16 10
14 15 17 55
14 15 18 52
14 15 19 28
14 15 20 69
14 15 21 27
14 15 22 77
14 15 23 81
14 15 24 85
14 15 25 43
14 15 26 62
14 15 27 19
14 15 28 70
14 15 29 34
14 15 30 24
14 16 0 43
14 16 1 89
14 16 2 45
14 16 3 52
14 16 4 11
14 16 5 60
14 16 6 78
14 16 7 15
14 16 8 9
14 16 9 38
14 16 10 63
14 16 11 67
14 16 12 71
14 16 13 75
14 16 14 79
14 16 15 83
14 16 16 58
14 16 17 61
14 16 18 64
14 16 19 25
14 16 20 24
14 16 21 30
14 16 22 80
14 16 23 84
14 16 24 39
14 16 25 46
14 16 26 3
14 16 27 69
14 16 28 56
14 16 29 6
14 16 30 48
14 17 0 88
14 17 1 59
14 17 2 35
14 17 3 6
14 17 4 36
14 17 5 77
14 17 6 30
14 17 7 18
14 17 8 38
14 17 9 5
14 17 10 66
14 17 11 70
14 17 12 21
14 17 13 78
14 17 14 24
14 17 15 41
14 17 16 37
14 17 17 15
14 17 18 67
14 17 19 12
14 17 20 11
14 17 21 79
14 17 22 26
14 17 23 54
14 17 24 10
14 17 25 64
14 17 26 19
14 17 27 50
14 17 28 76
14 17 29 53
14 17 30 34
14 18 0 55
14 18 1 51
14 18 2 68
14 18 3 41
14 18 4 5
14 18 5 8
14 18 6 3
14 18 7 33
14 18 8 15
14 18 9 65
14 18 10 69
14 18 11 16
14 18 12 77
14 18 13 4
14 18 14 49
14 18 15 36
14 18 16 62
14 18 17 66
14 18 18 23
14 18 19 74
14 18 20 78
14 18 21 82
14 18 22 58
14 18 23 90
14 18 24 29
14 18 25 67
14 18 26 40
14 18 27 75
14 18 28 38
14 18 29 32
14 18 30 87
14 19 0 45
14 19 1 27
14 19 2 59
14 19 3 26
14 19 4 30
14 19 5 83
14 19 6 44
14 19 7 10
14 19 8 5
14 19 9 28
14 19 10 11
14 19 11 2
14 19 12 20
14 19 13 33
14 19 14 31
14 19 15 47
14 19 16 65
14 19 17 18
14 19 18 73
14 19 19 77
14 19 20 81
14 19 21 36
14 19 22 89
14 19 23 62
14 19 24 66
14 19 25 51
14 19 26 0
14 19 27 41
14 19 28 40
14 19 29 86
14 19 30 46
14 20 0 16
14 20 1 34
14 20 2 74
14 20 3 29
14 20 4 10
14 20 5 61
14 20 6 8
14 20 7 63
14 20 8 67
14 20 9 15
14 20 10 7
14 20 11 22
14 20 12 51
14 20 13 52
14 20 14 6
14 20 15 27
14 20 16 68
14 20 17 72
14 20 18 24
14 20 19 80
14 20 20 45
14 20 21 28
14 20 22 37
14 20 23 65
14 20 24 41
14 20 25 3
14 20 26 39
14 20 27 49
14 20 28 85
14 20 29 50
14 20 30 31
14 21 0 56
14 21 1 73
14 21 2 13
14 21 3 16
14 21 4 58
14 21 5 5
14 21 6 11
14 21 7 66
14 21 8 27
14 21 9 74
14 21 10 10
14 21 11 32
14 21 12 31
14 21 13 90
14 21 14 63
14 21 15 6
14 21 16 71
14 21 17 24
14 21 18 79
14 21 19 55
14 21 20 87
14 21 21 15
14 21 22 7
14 21 23 61
14 21 24 20
14 21 25 54
14 21 26 37
14 21 27 84
14 21 28 60
14 21 29 42
14 21 30 30
14 22 0 72
14 22 1 76
14 22 2 1
14 22 3 32
14 22 4 88
14 22 5 27
14 22 6 65
14 22 7 2
14 22 8 73
14 22 9 23
14 22 10 51
14 22 11 31
14 22 12 89
14 22 13 16
14 22 14 13
14 22 15 70
14 22 16 74
14 22 17 78
14 22 18 34
14 22 19 18
14 22 20 90
14 22 21 63
14 22 22 46
14 22 23 25
14 22 24 56
14 22 25 36
14 22 26 83
14 22 27 44
14 22 28 42
14 22 29 64
14 22 30 35
14 23 0 75
14 23 1 26
14 23 2 37
14 23 3 17
14 23 4 13
14 23 5 11
14 23 6 68
14 23 7 72
14 23 8 76
14 23 9 40
14 23 10 52
14 23 11 18
14 23 12 4
14 23 13 0
14 23 14 69
14 23 15 73
14 23 16 77
14 23 17 35
14 23 18 25
14 23 19 89
14 23 20 2
14 23 21 31
14 23 22 15
14 23 23 50
14 23 24 53
14 23 25 82
14 23 26 58
14 23 27 34
14 23 28 21
14 23 29 57
14 23 30 71
14 24 0 22
14 24 1 42
14 24 2 86
14 24 3 7
14 24 4 63
14 24 5 15
14 24 6 71
14 24 7 75
14 24 8 61
14 24 9 34
14 24 10 87
14 24 11 6
14 24 12 64
14 24 13 27
14 24 14 72
14 24 15 11
14 24 16 52
14 24 17 8
14 24 18 17
14 24 19 21
14 24 20 36
14 24 21 26
14 24 22 50
14 24 23 31
14 24 24 81
14 24 25 55
14 24 26 60
14 24 27 62
14 24 28 35
14 24 29 70
14 24 30 9
14 25 0 42
14 25 1 85
14 25 2 0
14 25 3 28
14 25 4 8
14 25 5 70
14 25 6 26
14 25 7 58
14 25 8 43
14 25 9 29
14 25 10 20
14 25 11 24
14 25 12 67
14 25 13 71
14 25 14 19
14 25 15 57
14 25 16 83
14 25 17 87
14 25 18 30
14 25 19 37
14 25 20 68
14 25 21 35
14 25 22 52
14 25 23 80
14 25 24 48
14 25 25 47
14 25 26 49
14 25 27 45
14 25 28 69
14 25 29 21
14 25 30 12
14 26 0 84
14 26 1 88
14 26 2 3
14 26 3 13
14 26 4 69
14 26 5 6
14 26 6 40
14 26 7 36
14 26 8 11
14 26 9 2
14 26 10 62
14 26 11 66
14 26 12 70
14 26 13 74
14 26 14 34
14 26 15 16
14 26 16 23
14 26 17 0
14 26 18 51
14 26 19 30
14 26 20 47
14 26 21 42
14 26 22 79
14 26 23 33
14 26 24 32
14 26 25 29
14 26 26 54
14 26 27 9
14 26 28 18
14 26 29 76
14 26 30 43
14 27 0 7
14 27 1 16
14 27 2 64
14 27 3 8
14 27 4 23
14 27 5 45
14 27 6 46
14 27 7 21
14 27 8 88
14 27 9 60
14 27 10 65
14 27 11 69
14 27 12 73
14 27 13 37
14 27 14 11
14 27 15 0
14 27 16 3
14 27 17 33
14 27 18 6
14 27 19 53
14 27 20 57
14 27 21 78
14 27 22 59
14 27 23 55
14 27 24 90
14 27 25 48
14 27 26 67
14 27 27 12
14 27 28 75
14 27 29 54
14 27 30 20
14 28 0 3
14 28 1 12
14 28 2 67
14 28 3 18
14 28 4 50
14 28 5 56
14 28 6 83
14 28 7 27
14 28 8 16
14 28 9 8
14 28 10 0
14 28 11 72
14 28 12 54
14 28 13 9
14 28 14 26
14 28 15 88
14 28 16 51
14 28 17 6
14 28 18 46
14 28 19 42
14 28 20 77
14 28 21 40
14 28 22 61
14 28 23 89
14 28 24 58
14 28 25 66
14 28 26 15
14 28 27 29
14 28 28 44
14 28 29 82
14 28 30 86
14 29 0 62
14 29 1 66
14 29 2 6
14 29 3 34
14 29 4 40
14 29 5 9
14 29 6 86
14 29 7 90
14 29 8 63
14 29 9 67
14 29 10 71
14 29 11 46
14 29 12 16
14 29 13 83
14 29 14 10
14 29 15 32
14 29 16 64
14 29 17 60
14 29 18 50
14 29 19 76
14 29 20 48
14 29 21 44
14 29 22 27
14 29 23 39
14 29 24 65
14 29 25 23
14 29 26 7
14 29 27 36
14 29 28 81
14 29 29 85
14 29 30 19
14 30 0 65
14 30 1 19
14 30 2 44
14 30 3 45
14 30 4 22
14 30 5 85
14 30 6 89
14 30 7 9
14 30 8 66
14 30 9 70
14 30 10 36
14 30 11 21
14 30 12 5
14 30 13 86
14 30 14 42
14 30 15 1
14 30 16 35
14 30 17 31
14 30 18 75
14 30 19 33
14 30 20 37
14 30 21 87
14 30 22 57
14 30 23 18
14 30 24 68
14 30 25 12
14 30 26 53
14 30 27 80
14 30 28 84
14 30 29 88
14 30 30 61
15 0 0 45
15 0 1 46
15 0 2 23
15 0 3 85
15 0 4 89
15 0 5 10
15 0 6 66
15 0 7 70
15 0 8 37
15 0 9 22
15 0 10 6
15 0 11 86
15 0 12 43
15 0 13 2
15 0 14 36
15 0 15 32
15 0 16 75
15 0 17 34
15 0 18 38
15 0 19 87
15 0 20 58
15 0 21 19
15 0 22 68
15 0 23 13
15 0 24 54
15 0 25 80
15 0 26 84
15 0 27 88
15 0 28 31
15 0 29 65
15 0 30 20
15 1 0 51
15 1 1 11
15 1 2 84
15 1 3 17
15 1 4 26
15 1 5 65
15 1 6 69
15 1 7 48
15 1 8 0
15 1 9 14
15 1 10 85
15 1 11 37
15 1 12 62
15 1 13 59
15 1 14 58
15 1 15 74
15 1 16 49
15 1 17 44
15 1 18 23
15 1 19 40
15 1 20 63
15 1 21 3
15 1 22 20
15 1 23 57
15 1 24 79
15 1 25 29
15 1 26 21
15 1 27 13
15 1 28 2
15 1 29 68
15 1 30 55
15 2 0 6
15 2 1 21
15 2 2 87
15 2 3 13
15 2 4 22
15 2 5 9
15 2 6 49
15 2 7 76
15 2 8 17
15 2 9 84
15 2 10 46
15 2 11 42
15 2 12 44
15 2 13 43
15 2 14 73
15 2 15 39
15 2 16 56
15 2 17 23
15 2 18 54
15 2 19 26
15 2 20 29
15 2 21 18
15 2 22 34
15 2 23 78
15 2 24 82
15 2 25 86
15 2 26 90
15 2 27 63
15 2 28 8
15 2 29 48
15 2 30 33
15 3 0 82
15 3 1 16
15 3 2 26
15 3 3 63
15 3 4 67
15 3 5 49
15 3 6 75
15 3 7 11
15 3 8 20
15 3 9 56
15 3 10 0
15 3 11 31
15 3 12 36
15 3 13 72
15 3 14 60
15 3 15 41
15 3 16 30
15 3 17 55
15 3 18 29
15 3 19 6
15 3 20 13
15 3 21 39
15 3 22 77
15 3 23 81
15 3 24 85
15 3 25 89
15 3 26 27
15 3 27 18
15 3 28 57
15 3 29 61
15 3 30 23
15 4 0 21
15 4 1 1
15 4 2 29
15 4 3 66
15 4 4 54
15 4 5 17
15 4 6 8
15 4 7 82
15 4 8 34
15 4 9 90
15 4 10 57
15 4 11 33
15 4 12 71
15 4 13 38
15 4 14 41
15 4 15 83
15 4 16 60
15 4 17 30
15 4 18 64
15 4 19 68
15 4 20 56
15 4 21 10
15 4 22 80
15 4 23 84
15 4 24 5
15 4 25 9
15 4 26 0
15 4 27 39
15 4 28 51
15 4 29 3
15 4 30 81
15 5 0 88
15 5 1 22
15 5 2 65
15 5 3 59
15 5 4 7
15 5 5 20
15 5 6 81
15 5 7 56
15 5 8 89
15 5 9 49
15 5 10 47
15 5 11 70
15 5 12 55
15 5 13 35
15 5 14 3
15 5 15 45
15 5 16 8
15 5 17 12
15 5 18 21
15 5 19 57
15 5 20 18
15 5 21 79
15 5 22 2
15 5 23 87
15 5 24 23
15 5 25 64
15 5 26 60
15 5 27 40
15 5 28 76
15 5 29 80
15 5 30 14
15 6 0 16
15 6 1 12
15 6 2 33
15 6 3 3
15 6 4 76
15 6 5 80
15 6 6 35
15 6 7 8
15 6 8 49
15 6 9 31
15 6 10 69
15 6 11 54
15 6 12 37
15 6 13 14
15 6 14 61
15 6 15 27
15 6 16 62
15 6 17 4
15 6 18 36
15 6 19 74
15 6 20 78
15 6 21 82
15 6 22 29
15 6 23 25
15 6 24 11
15 6 25 60
15 6 26 59
15 6 27 75
15 6 28 79
15 6 29 83
15 6 30 18
15 7 0 63
15 7 1 61
15 7 2 28
15 7 3 75
15 7 4 79
15 7 5 57
15 7 6 87
15 7 7 60
15 7 8 41
15 7 9 68
15 7 10 42
15 7 11 52
15 7 12 4
15 7 13 50
15 7 14 88
15 7 15 54
15 7 16 11
15 7 17 46
15 7 18 73
15 7 19 77
15 7 20 81
15 7 21 16
15 7 22 13
15 7 23 62
15 7 24 39
15 7 25 40
15 7 26 6
15 7 27 78
15 7 28 27
15 7 29 86
15 7 30 2
15 8 0 47
15 8 1 13
15 8 2 16
15 8 3 78
15 8 4 32
15 8 5 30
15 8 6 46
15 8 7 45
15 8 8 67
15 8 9 51
15 8 10 50
15 8 11 9
15 8 12 40
15 8 13 22
15 8 14 14
15 8 15 64
15 8 16 55
15 8 17 72
15 8 18 5
15 8 19 80
15 8 20 23
15 8 21 88
15 8 22 44
15 8 23 60
15 8 24 58
15 8 25 19
15 8 26 77
15 8 27 2
15 8 28 85
15 8 29 18
15 8 30 24
15 9 0 19
15 9 1 0
15 9 2 77
15 9 3 50
15 9 4 13
15 9 5 40
15 9 6 36
15 9 7 66
15 9 8 59
15 9 9 53
15 9 10 26
15 9 11 51
15 9 12 86
15 9 13 90
15 9 14 1
15 9 15 33
15 9 16 71
15 9 17 5
15 9 18 79
15 9 19 83
15 9 20 2
15 9 21 23
15 9 22 55
15 9 23 42
15 9 24 7
15 9 25 22
15 9 26 14
15 9 27 84
15 9 28 88
15 9 29 21
15 9 30 58
15 10 0 30
15 10 1 3
15 10 2 55
15 10 3 2
15 10 4 56
15 10 5 32
15 10 6 65
15 10 7 57
15 10 8 38
15 10 9 29
15 10 10 41
15 10 11 85
15 10 12 89
15 10 13 62
15 10 14 37
15 10 15 70
15 10 16 74
15 10 17 78
15 10 18 11
15 10 19 86
15 10 20 90
15 10 21 54
15 10 22 50
15 10 23 9
15 10 24 27
15 10 25 18
15 10 26 1
15 10 27 24
15 10 28 19
15 10 29 53
15 10 30 68
15 11 0 24
15 11 1 31
15 11 2 83
15 11 3 39
15 11 4 46
15 11 5 64
15 11 6 48
15 11 7 43
15 11 8 76
15 11 9 35
15 11 10 84
15 11 11 0
15 11 12 45
15 11 13 52
15 11 14 69
15 11 15 73
15 11 16 77
15 11 17 6
15 11 18 85
15 11 19 89
15 11 20 61
15 11 21 33
15 11 22 25
15 11 23 74
15 11 24 13
15 11 25 82
15 11 26 86
15 11 27 14
15 11 28 53
15 11 29 26
15 11 30 21
15 12 0 34
15 12 1 23
15 12 2 35
15 12 3 51
15 12 4 63
15 12 5 42
15 12 6 59
15 12 7 75
15 12 8 57
15 12 9 10
15 12 10 87
15 12 11 19
15 12 12 48
15 12 13 3
15 12 14 72
15 12 15 18
15 12 16 17
15 12 17 84
15 12 18 14
15 12 19 39
15 12 20 36
15 12 21 5
15 12 22 73
15 12 23 8
15 12 24 81
15 12 25 85
15 12 26 24
15 12 27 50
15 12 28 11
15 12 29 30
15 12 30 74
15 13 0 18
15 13 1 40
15 13 2 56
15 13 3 62
15 13 4 37
15 13 5 36
15 13 6 23
15 13 7 47
15 13 8 82
15 13 9 26
15 13 10 90
15 13 11 41
15 13 12 67
15 13 13 71
15 13 14 30
15 13 15 5
15 13 16 4
15 13 17 87
15 13 18 33
15 13 19 44
15 13 20 68
15 13 21 72
15 13 22 76
15 13 23 80
15 13 24 84
15 13 25 88
15 13 26 58
15 13 27 20
15 13 28 14
15 13 29 73
15 13 30 48
15 14 0 40
15 14 1 43
15 14 2 46
15 14 3 49
15 14 4 52
15 14 5 5
15 14 6 58
15 14 7 81
15 14 8 10
15 14 9 89
15 14 10 39
15 14 11 66
15 14 12 70
15 14 13 74
15 14 14 2
15 14 15 82
15 14 16 1
15 14 17 60
15 14 18 32
15 14 19 19
15 14 20 71
15 14 21 75
15 14 22 79
15 14 23 7
15 14 24 25
15 14 25 53
15 14 26 64
15 14 27 68
15 14 28 72
15 14 29 34
15 14 30 30
15 15 0 55
15 15 1 15
15 15 2 36
15 15 3 52
15 15 4 6
15 15 5 44
15 15 6 80
15 15 7 28
15 15 8 25
15 15 9 34
15 15 10 65
15 15 11 69
15 15 12 73
15 15 13 10
15 15 14 81
15 15 15 4
15 15 16 48
15 15 17 59
15 15 18 26
15 15 19 70
15 15 20 20
15 15 21 78
15 15 22 82
15 15 23 86
15 15 24 51
15 15 25 5
15 15 26 2
15 15 27 71
15 15 28 45
15 15 29 24
15 15 30 56
15 16 0 90
15 16 1 41
15 16 2 57
15 16 3 0
15 16 4 58
15 16 5 79
15 16 6 83
15 16 7 87
15 16 8 42
15 16 9 5
15 16 10 23
15 16 11 72
15 16 12 76
15 16 13 80
15 16 14 11
15 16 15 56
15 16 16 53
15 16 17 29
15 16 18 69
15 16 19 28
15 16 20 77
15 16 21 81
15 16 22 85
15 16 23 44
15 16 24 62
15 16 25 20
15 16 26 70
15 16 27 35
15 16 28 25
15 16 29 33
15 16 30 50
15 17 0 46
15 17 1 53
15 17 2 12
15 17 3 61
15 17 4 78
15 17 5 16
15 17 6 10
15 17 7 39
15 17 8 63
15 17 9 67
15 17 10 71
15 17 11 75
15 17 12 79
15 17 13 83
15 17 14 59
15 17 15 31
15 17 16 64
15 17 17 26
15 17 18 25
15 17 19 0
15 17 20 80
15 17 21 84
15 17 22 40
15 17 23 47
15 17 24 4
15 17 25 69
15 17 26 57
15 17 27 7
15 17 28 49
15 17 29 44
15 17 30 89
15 18 0 36
15 18 1 7
15 18 2 37
15 18 3 77
15 18 4 0
15 18 5 19
15 18 6 39
15 18 7 6
15 18 8 66
15 18 9 70
15 18 10 22
15 18 11 78
15 18 12 25
15 18 13 42
15 18 14 38
15 18 15 16
15 18 16 67
15 18 17 13
15 18 18 12
15 18 19 79
15 18 20 27
15 18 21 55
15 18 22 11
15 18 23 64
15 18 24 20
15 18 25 51
15 18 26 76
15 18 27 54
15 18 28 35
15 18 29 88
15 18 30 60
15 19 0 68
15 19 1 42
15 19 2 6
15 19 3 9
15 19 4 4
15 19 5 34
15 19 6 16
15 19 7 65
15 19 8 69
15 19 9 17
15 19 10 77
15 19 11 5
15 19 12 50
15 19 13 37
15 19 14 62
15 19 15 66
15 19 16 24
15 19 17 74
15 19 18 78
15 19 19 82
15 19 20 59
15 19 21 90
15 19 22 30
15 19 23 67
15 19 24 41
15 19 25 75
15 19 26 39
15 19 27 33
15 19 28 87
15 19 29 56
15 19 30 52
15 20 0 60
15 20 1 27
15 20 2 0
15 20 3 83
15 20 4 45
15 20 5 11
15 20 6 6
15 20 7 29
15 20 8 12
15 20 9 3
15 20 10 21
15 20 11 34
15 20 12 32
15 20 13 48
15 20 14 65
15 20 15 19
15 20 16 73
15 20 17 77
15 20 18 81
15 20 19 37
15 20 20 89
15 20 21 62
15 20 22 66
15 20 23 52
15 20 24 1
15 20 25 42
15 20 26 41
15 20 27 86
15 20 28 47
15 20 29 46
15 20 30 28
15 21 0 74
15 21 1 30
15 21 2 11
15 21 3 31
15 21 4 9
15 21 5 63
15 21 6 67
15 21 7 16
15 21 8 8
15 21 9 23
15 21 10 52
15 21 11 53
15 21 12 7
15 21 13 28
15 21 14 68
15 21 15 72
15 21 16 25
15 21 17 80
15 21 18 46
15 21 19 29
15 21 20 38
15 21 21 65
15 21 22 42
15 21 23 4
15 21 24 40
15 21 25 50
15 21 26 85
15 21 27 51
15 21 28 32
15 21 29 17
15 21 30 35
15 22 0 14
15 22 1 17
15 22 2 59
15 22 3 6
15 22 4 12
15 22 5 66
15 22 6 28
15 22 7 74
15 22 8 11
15 22 9 33
15 22 10 32
15 22 11 90
15 22 12 63
15 22 13 7
15 22 14 71
15 22 15 25
15 22 16 79
15 22 17 56
15 22 18 87
15 22 19 16
15 22 20 8
15 22 21 31
15 22 22 21
15 22 23 55
15 22 24 38
15 22 25 84
15 22 26 61
15 22 27 43
15 22 28 0
15 22 29 57
15 22 30 73
15 23 0 2
15 23 1 33
15 23 2 88
15 23 3 28
15 23 4 65
15 23 5 3
15 23 6 73
15 23 7 24
15 23 8 52
15 23 9 32
15 23 10 89
15 23 11 17
15 23 12 14
15 23 13 70
15 23 14 74
15 23 15 78
15 23 16 35
15 23 17 19
15 23 18 90
15 23 19 63
15 23 20 47
15 23 21 26
15 23 22 57
15 23 23 37
15 23 24 83
15 23 25 45
15 23 26 43
15 23 27 64
15 23 28 36
15 23 29 72
15 23 30 76
15 24 0 38
15 24 1 18
15 24 2 14
15 24 3 12
15 24 4 68
15 24 5 72
15 24 6 76
15 24 7 41
15 24 8 53
15 24 9 19
15 24 10 5
15 24 11 1
15 24 12 69
15 24 13 73
15 24 14 77
15 24 15 36
15 24 16 26
15 24 17 89
15 24 18 3
15 24 19 32
15 24 20 16
15 24 21 51
15 24 22 54
15 24 23 82
15 24 24 59
15 24 25 35
15 24 26 22
15 24 27 58
15 24 28 71
15 24 29 75
15 24 30 27
15 25 0 86
15 25 1 8
15 25 2 63
15 25 3 16
15 25 4 71
15 25 5 75
15 25 6 31
15 25 7 35
15 25 8 87
15 25 9 7
15 25 10 64
15 25 11 28
15 25 12 72
15 25 13 12
15 25 14 53
15 25 15 9
15 25 16 18
15 25 17 22
15 25 18 37
15 25 19 27
15 25 20 51
15 25 21 32
15 25 22 81
15 25 23 56
15 25 24 61
15 25 25 62
15 25 26 36
15 25 27 70
15 25 28 10
15 25 29 23
15 25 30 43
15 26 0 1
15 26 1 29
15 26 2 9
15 26 3 70
15 26 4 27
15 26 5 59
15 26 6 44
15 26 7 30
15 26 8 21
15 26 9 25
15 26 10 67
15 26 11 71
15 26 12 20
15 26 13 58
15 26 14 83
15 26 15 87
15 26 16 0
15 26 17 38
15 26 18 68
15 26 19 36
15 26 20 53
15 26 21 80
15 26 22 49
15 26 23 48
15 26 24 50
15 26 25 46
15 26 26 69
15 26 27 22
15 26 28 13
15 26 29 43
15 26 30 85
15 27 0 4
15 27 1 14
15 27 2 69
15 27 3 7
15 27 4 41
15 27 5 37
15 27 6 12
15 27 7 3
15 27 8 62
15 27 9 66
15 27 10 70
15 27 11 74
15 27 12 35
15 27 13 17
15 27 14 24
15 27 15 1
15 27 16 52
15 27 17 0
15 27 18 48
15 27 19 43
15 27 20 79
15 27 21 34
15 27 22 33
15 27 23 30
15 27 24 55
15 27 25 10
15 27 26 19
15 27 27 76
15 27 28 44
15 27 29 84
15 27 30 88
15 28 0 64
15 28 1 9
15 28 2 24
15 28 3 46
15 28 4 47
15 28 5 22
15 28 6 88
15 28 7 61
15 28 8 65
15 28 9 69
15 28 10 73
15 28 11 38
15 28 12 12
15 28 13 1
15 28 14 4
15 28 15 34
15 28 16 7
15 28 17 54
15 28 18 58
15 28 19 78
15 28 20 60
15 28 21 56
15 28 22 90
15 28 23 49
15 28 24 67
15 28 25 13
15 28 26 75
15 28 27 55
15 28 28 21
15 28 29 8
15 28 30 17
15 29 0 67
15 29 1 19
15 29 2 51
15 29 3 57
15 29 4 83
15 29 5 28
15 29 6 17
15 29 7 9
15 29 8 1
15 29 9 72
15 29 10 55
15 29 11 10
15 29 12 27
15 29 13 88
15 29 14 52
15 29 15 7
15 29 16 47
15 29 17 43
15 29 18 77
15 29 19 41
15 29 20 31
15 29 21 89
15 29 22 59
15 29 23 66
15 29 24 16
15 29 25 30
15 29 26 45
15 29 27 82
15 29 28 86
15 29 29 4
15 29 30 13
15 30 0 7
15 30 1 35
15 30 2 41
15 30 3 10
15 30 4 86
15 30 5 90
15 30 6 63
15 30 7 67
15 30 8 71
15 30 9 47
15 30 10 17
15 30 11 83
15 30 12 11
15 30 13 33
15 30 14 64
15 30 15 61
15 30 16 51
15 30 17 76
15 30 18 49
15 30 19 45
15 30 20 28
15 30 21 40
15 30 22 65
15 30 23 24
15 30 24 8
15 30 25 37
15 30 26 81
15 30 27 85
15 30 28 20
15 30 29 62
15 30 30 66
16 0 0 42
16 0 1 11
16 0 2 86
16 0 3 90
16 0 4 63
16 0 5 67
16 0 6 71
16 0 7 48
16 0 8 18
16 0 9 83
16 0 10 12
16 0 11 34
16 0 12 64
16 0 13 31
16 0 14 52
16 0 15 76
16 0 16 50
16 0 17 46
16 0 18 29
16 0 19 41
16 0 20 65
16 0 21 25
16 0 22 9
16 0 23 38
16 0 24 81
16 0 25 85
16 0 26 21
16 0 27 62
16 0 28 66
16 0 29 8
16 0 30 36
16 1 0 24
16 1 1 85
16 1 2 89
16 1 3 11
16 1 4 66
16 1 5 70
16 1 6 38
16 1 7 23
16 1 8 7
16 1 9 86
16 1 10 44
16 1 11 3
16 1 12 37
16 1 13 33
16 1 14 75
16 1 15 35
16 1 16 39
16 1 17 87
16 1 18 59
16 1 19 20
16 1 20 68
16 1 21 14
16 1 22 55
16 1 23 80
16 1 24 84
16 1 25 88
16 1 26 32
16 1 27 65
16 1 28 21
16 1 29 46
16 1 30 47
16 2 0 84
16 2 1 18
16 2 2 27
16 2 3 65
16 2 4 69
16 2 5 49
16 2 6 1
16 2 7 15
16 2 8 85
16 2 9 38
16 2 10 62
16 2 11 60
16 2 12 59
16 2 13 74
16 2 14 50
16 2 15 45
16 2 16 24
16 2 17 41
16 2 18 63
16 2 19 4
16 2 20 21
16 2 21 58
16 2 22 79
16 2 23 30
16 2 24 22
16 2 25 14
16 2 26 3
16 2 27 68
16 2 28 56
16 2 29 52
16 2 30 12
16 3 0 87
16 3 1 14
16 3 2 23
16 3 3 10
16 3 4 50
16 3 5 76
16 3 6 18
16 3 7 84
16 3 8 47
16 3 9 43
16 3 10 45
16 3 11 44
16 3 12 73
16 3 13 40
16 3 14 57
16 3 15 24
16 3 16 55
16 3 17 27
16 3 18 30
16 3 19 19
16 3 20 35
16 3 21 78
16 3 22 82
16 3 23 86
16 3 24 90
16 3 25 63
16 3 26 9
16 3 27 49
16 3 28 34
16 3 29 7
16 3 30 22
16 4 0 27
16 4 1 63
16 4 2 67
16 4 3 50
16 4 4 75
16 4 5 12
16 4 6 21
16 4 7 57
16 4 8 1
16 4 9 32
16 4 10 37
16 4 11 72
16 4 12 61
16 4 13 42
16 4 14 0
16 4 15 56
16 4 16 30
16 4 17 7
16 4 18 14
16 4 19 40
16 4 20 77
16 4 21 81
16 4 22 85
16 4 23 89
16 4 24 28
16 4 25 19
16 4 26 58
16 4 27 31
16 4 28 24
16 4 29 82
16 4 30 17
16 5 0 30
16 5 1 66
16 5 2 55
16 5 3 18
16 5 4 9
16 5 5 82
16 5 6 35
16 5 7 90
16 5 8 58
16 5 9 34
16 5 10 71
16 5 11 39
16 5 12 42
16 5 13 83
16 5 14 61
16 5 15 0
16 5 16 64
16 5 17 68
16 5 18 57
16 5 19 11
16 5 20 80
16 5 21 84
16 5 22 6
16 5 23 10
16 5 24 1
16 5 25 40
16 5 26 52
16 5 27 4
16 5 28 81
16 5 29 22
16 5 30 2
16 6 0 65
16 6 1 60
16 6 2 8
16 6 3 21
16 6 4 81
16 6 5 57
16 6 6 89
16 6 7 50
16 6 8 48
16 6 9 70
16 6 10 56
16 6 11 36
16 6 12 4
16 6 13 46
16 6 14 9
16 6 15 13
16 6 16 22
16 6 17 58
16 6 18 19
16 6 19 79
16 6 20 3
16 6 21 87
16 6 22 24
16 6 23 64
16 6 24 61
16 6 25 41
16 6 26 76
16 6 27 80
16 6 28 15
16 6 29 88
16 6 30 23
16 7 0 34
16 7 1 4
16 7 2 76
16 7 3 80
16 7 4 36
16 7 5 9
16 7 6 50
16 7 7 32
16 7 8 69
16 7 9 55
16 7 10 38
16 7 11 15
16 7 12 31
16 7 13 28
16 7 14 62
16 7 15 5
16 7 16 37
16 7 17 74
16 7 18 78
16 7 19 82
16 7 20 30
16 7 21 26
16 7 22 12
16 7 23 61
16 7 24 60
16 7 25 75
16 7 26 79
16 7 27 83
16 7 28 19
16 7 29 17
16 7 30 13
16 8 0 29
16 8 1 75
16 8 2 79
16 8 3 58
16 8 4 87
16 8 5 61
16 8 6 42
16 8 7 68
16 8 8 43
16 8 9 53
16 8 10 5
16 8 11 51
16 8 12 88
16 8 13 55
16 8 14 12
16 8 15 47
16 8 16 73
16 8 17 77
16 8 18 81
16 8 19 17
16 8 20 14
16 8 21 62
16 8 22 40
16 8 23 41
16 8 24 7
16 8 25 78
16 8 26 28
16 8 27 86
16 8 28 3
16 8 29 63
16 8 30 31
16 9 0 17
16 9 1 78
16 9 2 33
16 9 3 0
16 9 4 47
16 9 5 46
16 9 6 67
16 9 7 52
16 9 8 51
16 9 9 10
16 9 10 41
16 9 11 23
16 9 12 15
16 9 13 64
16 9 14 56
16 9 15 72
16 9 16 6
16 9 17 80
16 9 18 24
16 9 19 88
16 9 20 45
16 9 21 61
16 9 22 59
16 9 23 20
16 9 24 77
16 9 25 3
16 9 26 85
16 9 27 19
16 9 28 25
16 9 29 48
16 9 30 14
16 10 0 77
16 10 1 51
16 10 2 14
16 10 3 41
16 10 4 37
16 10 5 66
16 10 6 60
16 10 7 54
16 10 8 27
16 10 9 52
16 10 10 86
16 10 11 90
16 10 12 2
16 10 13 34
16 10 14 71
16 10 15 6
16 10 16 79
16 10 17 83
16 10 18 3
16 10 19 24
16 10 20 56
16 10 21 43
16 10 22 8
16 10 23 23
16 10 24 15
16 10 25 84
16 10 26 88
16 10 27 22
16 10 28 59
16 10 29 20
16 10 30 1
16 11 0 56
16 11 1 3
16 11 2 57
16 11 3 33
16 11 4 65
16 11 5 58
16 11 6 39
16 11 7 30
16 11 8 42
16 11 9 85
16 11 10 89
16 11 11 62
16 11 12 38
16 11 13 70
16 11 14 74
16 11 15 78
16 11 16 12
16 11 17 86
16 11 18 90
16 11 19 55
16 11 20 51
16 11 21 10
16 11 22 28
16 11 23 19
16 11 24 2
16 11 25 25
16 11 26 20
16 11 27 54
16 11 28 68
16 11 29 0
16 11 30 4
16 12 0 83
16 12 1 40
16 12 2 47
16 12 3 64
16 12 4 49
16 12 5 44
16 12 6 76
16 12 7 36
16 12 8 84
16 12 9 1
16 12 10 46
16 12 11 53
16 12 12 69
16 12 13 73
16 12 14 77
16 12 15 7
16 12 16 85
16 12 17 89
16 12 18 31
16 12 19 34
16 12 20 26
16 12 21 74
16 12 22 14
16 12 23 82
16 12 24 86
16 12 25 15
16 12 26 54
16 12 27 27
16 12 28 22
16 12 29 25
16 12 30 32
16 13 0 36
16 13 1 52
16 13 2 63
16 13 3 43
16 13 4 60
16 13 5 75
16 13 6 58
16 13 7 11
16 13 8 87
16 13 9 20
16 13 10 49
16 13 11 4
16 13 12 72
16 13 13 19
16 13 14 18
16 13 15 84
16 13 16 15
16 13 17 40
16 13 18 37
16 13 19 6
16 13 20 73
16 13 21 9
16 13 22 81
16 13 23 85
16 13 24 25
16 13 25 51
16 13 26 12
16 13 27 0
16 13 28 74
16 13 29 35
16 13 30 24
16 14 0 57
16 14 1 62
16 14 2 38
16 14 3 37
16 14 4 24
16 14 5 48
16 14 6 82
16 14 7 27
16 14 8 90
16 14 9 42
16 14 10 67
16 14 11 71
16 14 12 0
16 14 13 6
16 14 14 5
16 14 15 87
16 14 16 34
16 14 17 45
16 14 18 68
16 14 19 72
16 14 20 76
16 14 21 80
16 14 22 84
16 14 23 88
16 14 24 59
16 14 25 21
16 14 26 15
16 14 27 73
16 14 28 49
16 14 29 19
16 14 30 41
16 15 0 47
16 15 1 50
16 15 2 53
16 15 3 6
16 15 4 59
16 15 5 81
16 15 6 11
16 15 7 89
16 15 8 40
16 15 9 66
16 15 10 70
16 15 11 74
16 15 12 3
16 15 13 82
16 15 14 2
16 15 15 61
16 15 16 33
16 15 17 20
16 15 18 71
16 15 19 75
16 15 20 79
16 15 21 8
16 15 22 26
16 15 23 54
16 15 24 64
16 15 25 68
16 15 26 72
16 15 27 35
16 15 28 0
16 15 29 41
16 15 30 44
16 16 0 37
16 16 1 53
16 16 2 7
16 16 3 45
16 16 4 80
16 16 5 29
16 16 6 26
16 16 7 35
16 16 8 65
16 16 9 69
16 16 10 73
16 16 11 11
16 16 12 81
16 16 13 5
16 16 14 49
16 16 15 60
16 16 16 27
16 16 17 70
16 16 18 21
16 16 19 78
16 16 20 82
16 16 21 86
16 16 22 52
16 16 23 6
16 16 24 3
16 16 25 71
16 16 26 46
16 16 27 25
16 16 28 57
16 16 29 56
16 16 30 16
16 17 0 58
16 17 1 1
16 17 2 59
16 17 3 79
16 17 4 83
16 17 5 87
16 17 6 43
16 17 7 6
16 17 8 24
16 17 9 72
16 17 10 76
16 17 11 80
16 17 12 12
16 17 13 57
16 17 14 54
16 17 15 30
16 17 16 69
16 17 17 29
16 17 18 77
16 17 19 81
16 17 20 85
16 17 21 45
16 17 22 62
16 17 23 21
16 17 24 70
16 17 25 36
16 17 26 26
16 17 27 34
16 17 28 51
16 17 29 90
16 17 30 42
16 18 0 13
16 18 1 31
16 18 2 78
16 18 3 17
16 18 4 11
16 18 5 40
16 18 6 63
16 18 7 67
16 18 8 71
16 18 9 75
16 18 10 79
16 18 11 83
16 18 12 60
16 18 13 32
16 18 14 64
16 18 15 27
16 18 16 26
16 18 17 1
16 18 18 80
16 18 19 84
16 18 20 41
16 18 21 48
16 18 22 5
16 18 23 69
16 18 24 58
16 18 25 8
16 18 26 50
16 18 27 45
16 18 28 89
16 18 29 47
16 18 30 54
16 19 0 38
16 19 1 77
16 19 2 1
16 19 3 20
16 19 4 40
16 19 5 7
16 19 6 66
16 19 7 70
16 19 8 23
16 19 9 78
16 19 10 26
16 19 11 43
16 19 12 39
16 19 13 17
16 19 14 67
16 19 15 14
16 19 16 13
16 19 17 79
16 19 18 28
16 19 19 56
16 19 20 12
16 19 21 64
16 19 22 21
16 19 23 52
16 19 24 76
16 19 25 55
16 19 26 36
16 19 27 88
16 19 28 61
16 19 29 37
16 19 30 8
16 20 0 7
16 20 1 10
16 20 2 5
16 20 3 35
16 20 4 17
16 20 5 65
16 20 6 69
16 20 7 18
16 20 8 77
16 20 9 6
16 20 10 51
16 20 11 38
16 20 12 62
16 20 13 66
16 20 14 25
16 20 15 74
16 20 16 78
16 20 17 82
16 20 18 60
16 20 19 90
16 20 20 0
16 20 21 67
16 20 22 42
16 20 23 75
16 20 24 40
16 20 25 34
16 20 26 87
16 20 27 57
16 20 28 53
16 20 29 68
16 20 30 43
16 21 0 1
16 21 1 83
16 21 2 46
16 21 3 12
16 21 4 7
16 21 5 30
16 21 6 13
16 21 7 4
16 21 8 22
16 21 9 35
16 21 10 33
16 21 11 49
16 21 12 65
16 21 13 20
16 21 14 73
16 21 15 77
16 21 16 81
16 21 17 38
16 21 18 89
16 21 19 62
16 21 20 66
16 21 21 53
16 21 22 2
16 21 23 43
16 21 24 42
16 21 25 86
16 21 26 48
16 21 27 47
16 21 28 29
16 21 29 61
16 21 30 28
16 22 0 12
16 22 1 32
16 22 2 10
16 22 3 63
16 22 4 67
16 22 5 17
16 22 6 9
16 22 7 24
16 22 8 53
16 22 9 54
16 22 10 8
16 22 11 29
16 22 12 68
16 22 13 72
16 22 14 26
16 22 15 80
16 22 16 47
16 22 17 30
16 22 18 39
16 22 19 65
16 22 20 43
16 22 21 5
16 22 22 41
16 22 23 51
16 22 24 85
16 22 25 52
16 22 26 33
16 22 27 18
16 22 28 36
16 22 29 74
16 22 30 0
16 23 0 60
16 23 1 7
16 23 2 13
16 23 3 66
16 23 4 29
16 23 5 74
16 23 6 12
16 23 7 34
16 23 8 33
16 23 9 90
16 23 10 63
16 23 11 8
16 23 12 71
16 23 13 26
16 23 14 79
16 23 15 57
16 23 16 87
16 23 17 17
16 23 18 9
16 23 19 32
16 23 20 22
16 23 21 56
16 23 22 39
16 23 23 84
16 23 24 31
16 23 25 44
16 23 26 1
16 23 27 58
16 23 28 73
16 23 29 15
16 23 30 18
16 24 0 88
16 24 1 29
16 24 2 65
16 24 3 4
16 24 4 73
16 24 5 25
16 24 6 53
16 24 7 33
16 24 8 89
16 24 9 18
16 24 10 15
16 24 11 70
16 24 12 74
16 24 13 78
16 24 14 36
16 24 15 20
16 24 16 90
16 24 17 63
16 24 18 48
16 24 19 27
16 24 20 58
16 24 21 38
16 24 22 83
16 24 23 46
16 24 24 44
16 24 25 64
16 24 26 37
16 24 27 72
16 24 28 76
16 24 29 3
16 24 30 34
16 25 0 15
16 25 1 13
16 25 2 68
16 25 3 72
16 25 4 76
16 25 5 42
16 25 6 54
16 25 7 20
16 25 8 6
16 25 9 2
16 25 10 69
16 25 11 73
16 25 12 77
16 25 13 37
16 25 14 27
16 25 15 89
16 25 16 4
16 25 17 33
16 25 18 17
16 25 19 52
16 25 20 55
16 25 21 82
16 25 22 60
16 25 23 36
16 25 24 23
16 25 25 59
16 25 26 71
16 25 27 75
16 25 28 28
16 25 29 39
16 25 30 19
16 26 0 63
16 26 1 17
16 26 2 71
16 26 3 75
16 26 4 32
16 26 5 36
16 26 6 87
16 26 7 8
16 26 8 64
16 26 9 29
16 26 10 72
16 26 11 13
16 26 12 54
16 26 13 10
16 26 14 19
16 26 15 23
16 26 16 38
16 26 17 28
16 26 18 52
16 26 19 33
16 26 20 81
16 26 21 57
16 26 22 31
16 26 23 62
16 26 24 37
16 26 25 70
16 26 26 11
16 26 27 24
16 26 28 44
16 26 29 86
16 26 30 9
16 27 0 10
16 27 1 70
16 27 2 28
16 27 3 60
16 27 4 45
16 27 5 0
16 27 6 22
16 27 7 26
16 27 8 67
16 27 9 71
16 27 10 21
16 27 11 59
16 27 12 83
16 27 13 87
16 27 14 1
16 27 15 39
16 27 16 68
16 27 17 37
16 27 18 54
16 27 19 80
16 27 20 50
16 27 21 49
16 27 22 51
16 27 23 47
16 27 24 69
16 27 25 23
16 27 26 14
16 27 27 44
16 27 28 85
16 27 29 2
16 27 30 30
16 28 0 69
16 28 1 8
16 28 2 42
16 28 3 38
16 28 4 13
16 28 5 4
16 28 6 62
16 28 7 66
16 28 8 70
16 28 9 74
16 28 10 36
16 28 11 18
16 28 12 25
16 28 13 2
16 28 14 53
16 28 15 1
16 28 16 49
16 28 17 44
16 28 18 79
16 28 19 35
16 28 20 34
16 28 21 0
16 28 22 56
16 28 23 11
16 28 24 20
16 28 25 76
16 28 26 45
16 28 27 84
16 28 28 88
16 28 29 5
16 28 30 15
16 29 0 25
16 29 1 47
16 29 2 48
16 29 3 23
16 29 4 88
16 29 5 31
16 29 6 65
16 29 7 69
16 29 8 73
16 29 9 39
16 29 10 13
16 29 11 2
16 29 12 5
16 29 13 35
16 29 14 8
16 29 15 55
16 29 16 59
16 29 17 78
16 29 18 61
16 29 19 57
16 29 20 90
16 29 21 50
16 29 22 67
16 29 23 14
16 29 24 75
16 29 25 56
16 29 26 22
16 29 27 9
16 29 28 18
16 29 29 64
16 29 30 10
16 30 0 52
16 30 1 58
16 30 2 83
16 30 3 29
16 30 4 18
16 30 5 10
16 30 6 2
16 30 7 72
16 30 8 56
16 30 9 11
16 30 10 28
16 30 11 88
16 30 12 53
16 30 13 8
16 30 14 48
16 30 15 44
16 30 16 77
16 30 17 42
16 30 18 32
16 30 19 89
16 30 20 60
16 30 21 66
16 30 22 17
16 30 23 0
16 30 24 46
16 30 25 82
16 30 26 86
16 30 27 5
16 30 28 14
16 30 29 67
16 30 30 20
17 0 0 83
17 0 1 30
17 0 2 19
17 0 3 11
17 0 4 3
17 0 5 72
17 0 6 57
17 0 7 12
17 0 8 29
17 0 9 88
17 0 10 54
17 0 11 9
17 0 12 49
17 0 13 45
17 0 14 77
17 0 15 43
17 0 16 33
17 0 17 89
17 0 18 61
17 0 19 66
17 0 20 18
17 0 21 1
17 0 22 47
17 0 23 82
17 0 24 86
17 0 25 6
17 0 26 15
17 0 27 67
17 0 28 21
17 0 29 53
17 0 30 59
17 1 0 86
17 1 1 90
17 1 2 63
17 1 3 67
17 1 4 71
17 1 5 49
17 1 6 19
17 1 7 83
17 1 8 13
17 1 9 35
17 1 10 64
17 1 11 32
17 1 12 53
17 1 13 76
17 1 14 51
17 1 15 47
17 1 16 30
17 1 17 42
17 1 18 65
17 1 19 26
17 1 20 10
17 1 21 39
17 1 22 81
17 1 23 85
17 1 24 22
17 1 25 62
17 1 26 66
17 1 27 9
17 1 28 37
17 1 29 43
17 1 30 12
17 2 0 89
17 2 1 12
17 2 2 66
17 2 3 70
17 2 4 39
17 2 5 24
17 2 6 8
17 2 7 86
17 2 8 45
17 2 9 4
17 2 10 38
17 2 11 34
17 2 12 75
17 2 13 36
17 2 14 40
17 2 15 87
17 2 16 60
17 2 17 21
17 2 18 68
17 2 19 15
17 2 20 56
17 2 21 80
17 2 22 84
17 2 23 88
17 2 24 33
17 2 25 65
17 2 26 22
17 2 27 47
17 2 28 48
17 2 29 25
17 2 30 85
17 3 0 28
17 3 1 65
17 3 2 69
17 3 3 50
17 3 4 2
17 3 5 16
17 3 6 85
17 3 7 39
17 3 8 62
17 3 9 61
17 3 10 60
17 3 11 74
17 3 12 51
17 3 13 46
17 3 14 25
17 3 15 42
17 3 16 63
17 3 17 5
17 3 18 22
17 3 19 59
17 3 20 79
17 3 21 0
17 3 22 23
17 3 23 15
17 3 24 4
17 3 25 68
17 3 26 57
17 3 27 53
17 3 28 13
17 3 29 84
17 3 30 19
17 4 0 24
17 4 1 11
17 4 2 51
17 4 3 76
17 4 4 19
17 4 5 84
17 4 6 48
17 4 7 44
17 4 8 46
17 4 9 45
17 4 10 73
17 4 11 41
17 4 12 58
17 4 13 25
17 4 14 56
17 4 15 28
17 4 16 0
17 4 17 20
17 4 18 36
17 4 19 78
17 4 20 82
17 4 21 86
17 4 22 90
17 4 23 63
17 4 24 10
17 4 25 50
17 4 26 35
17 4 27 8
17 4 28 23
17 4 29 87
17 4 30 15
17 5 0 67
17 5 1 51
17 5 2 75
17 5 3 13
17 5 4 22
17 5 5 58
17 5 6 2
17 5 7 33
17 5 8 38
17 5 9 72
17 5 10 31
17 5 11 43
17 5 12 1
17 5 13 57
17 5 14 0
17 5 15 8
17 5 16 15
17 5 17 41
17 5 18 77
17 5 19 81
17 5 20 85
17 5 21 89
17 5 22 29
17 5 23 20
17 5 24 59
17 5 25 32
17 5 26 25
17 5 27 82
17 5 28 18
17 5 29 28
17 5 30 63
17 6 0 56
17 6 1 19
17 6 2 10
17 6 3 82
17 6 4 36
17 6 5 90
17 6 6 59
17 6 7 35
17 6 8 71
17 6 9 40
17 6 10 43
17 6 11 83
17 6 12 31
17 6 13 1
17 6 14 64
17 6 15 68
17 6 16 58
17 6 17 12
17 6 18 80
17 6 19 84
17 6 20 7
17 6 21 11
17 6 22 2
17 6 23 41
17 6 24 53
17 6 25 5
17 6 26 81
17 6 27 23
17 6 28 3
17 6 29 0
17 6 30 66
17 7 0 9
17 7 1 22
17 7 2 81
17 7 3 58
17 7 4 89
17 7 5 51
17 7 6 49
17 7 7 70
17 7 8 57
17 7 9 37
17 7 10 5
17 7 11 47
17 7 12 10
17 7 13 14
17 7 14 23
17 7 15 59
17 7 16 20
17 7 17 79
17 7 18 4
17 7 19 87
17 7 20 25
17 7 21 64
17 7 22 31
17 7 23 42
17 7 24 76
17 7 25 80
17 7 26 16
17 7 27 88
17 7 28 24
17 7 29 65
17 7 30 61
17 8 0 76
17 8 1 80
17 8 2 37
17 8 3 10
17 8 4 51
17 8 5 33
17 8 6 69
17 8 7 56
17 8 8 39
17 8 9 16
17 8 10 32
17 8 11 29
17 8 12 62
17 8 13 6
17 8 14 38
17 8 15 74
17 8 16 78
17 8 17 82
17 8 18 0
17 8 19 27
17 8 20 13
17 8 21 31
17 8 22 61
17 8 23 75
17 8 24 79
17 8 25 83
17 8 26 20
17 8 27 18
17 8 28 14
17 8 29 35
17 8 30 5
17 9 0 79
17 9 1 59
17 9 2 87
17 9 3 31
17 9 4 43
17 9 5 68
17 9 6 44
17 9 7 54
17 9 8 6
17 9 9 52
17 9 10 88
17 9 11 56
17 9 12 13
17 9 13 48
17 9 14 73
17 9 15 77
17 9 16 81
17 9 17 18
17 9 18 15
17 9 19 62
17 9 20 41
17 9 21 42
17 9 22 8
17 9 23 78
17 9 24 29
17 9 25 86
17 9 26 4
17 9 27 63
17 9 28 32
17 9 29 30
17 9 30 75
17 10 0 34
17 10 1 1
17 10 2 48
17 10 3 47
17 10 4 67
17 10 5 53
17 10 6 52
17 10 7 11
17 10 8 42
17 10 9 24
17 10 10 16
17 10 11 64
17 10 12 57
17 10 13 72
17 10 14 7
17 10 15 80
17 10 16 25
17 10 17 88
17 10 18 46
17 10 19 31
17 10 20 60
17 10 21 21
17 10 22 77
17 10 23 4
17 10 24 85
17 10 25 20
17 10 26 26
17 10 27 49
17 10 28 15
17 10 29 18
17 10 30 78
17 11 0 15
17 11 1 42
17 11 2 38
17 11 3 66
17 11 4 61
17 11 5 55
17 11 6 28
17 11 7 53
17 11 8 86
17 11 9 90
17 11 10 3
17 11 11 35
17 11 12 71
17 11 13 7
17 11 14 79
17 11 15 83
17 11 16 4
17 11 17 25
17 11 18 57
17 11 19 44
17 11 20 9
17 11 21 24
17 11 22 16
17 11 23 84
17 11 24 88
17 11 25 23
17 11 26 60
17 11 27 21
17 11 28 2
17 11 29 77
17 11 30 52
17 12 0 58
17 12 1 34
17 12 2 65
17 12 3 59
17 12 4 40
17 12 5 0
17 12 6 43
17 12 7 85
17 12 8 89
17 12 9 62
17 12 10 39
17 12 11 70
17 12 12 74
17 12 13 78
17 12 14 13
17 12 15 86
17 12 16 90
17 12 17 56
17 12 18 52
17 12 19 11
17 12 20 29
17 12 21 20
17 12 22 3
17 12 23 26
17 12 24 21
17 12 25 55
17 12 26 68
17 12 27 1
17 12 28 5
17 12 29 57
17 12 30 4
17 13 0 48
17 13 1 64
17 13 2 50
17 13 3 45
17 13 4 76
17 13 5 37
17 13 6 84
17 13 7 2
17 13 8 47
17 13 9 54
17 13 10 69
17 13 11 73
17 13 12 77
17 13 13 8
17 13 14 85
17 13 15 89
17 13 16 32
17 13 17 35
17 13 18 27
17 13 19 74
17 13 20 15
17 13 21 82
17 13 22 86
17 13 23 16
17 13 24 55
17 13 25 28
17 13 26 23
17 13 27 26
17 13 28 33
17 13 29 83
17 13 30 41
17 14 0 63
17 14 1 44
17 14 2 61
17 14 3 75
17 14 4 59
17 14 5 12
17 14 6 87
17 14 7 21
17 14 8 50
17 14 9 5
17 14 10 72
17 14 11 20
17 14 12 19
17 14 13 84
17 14 14 16
17 14 15 41
17 14 16 38
17 14 17 7
17 14 18 73
17 14 19 10
17 14 20 81
17 14 21 85
17 14 22 26
17 14 23 52
17 14 24 13
17 14 25 1
17 14 26 74
17 14 27 36
17 14 28 25
17 14 29 37
17 14 30 53
17 15 0 39
17 15 1 38
17 15 2 25
17 15 3 49
17 15 4 82
17 15 5 28
17 15 6 90
17 15 7 43
17 15 8 67
17 15 9 71
17 15 10 1
17 15 11 7
17 15 12 6
17 15 13 87
17 15 14 35
17 15 15 46
17 15 16 68
17 15 17 72
17 15 18 76
17 15 19 80
17 15 20 84
17 15 21 88
17 15 22 60
17 15 23 22
17 15 24 16
17 15 25 73
17 15 26 50
17 15 27 20
17 15 28 42
17 15 29 58
17 15 30 62
17 16 0 54
17 16 1 7
17 16 2 60
17 16 3 81
17 16 4 12
17 16 5 89
17 16 6 41
17 16 7 66
17 16 8 70
17 16 9 74
17 16 10 4
17 16 11 82
17 16 12 3
17 16 13 31
17 16 14 34
17 16 15 21
17 16 16 71
17 16 17 75
17 16 18 79
17 16 19 9
17 16 20 27
17 16 21 55
17 16 22 64
17 16 23 68
17 16 24 72
17 16 25 36
17 16 26 1
17 16 27 42
17 16 28 45
17 16 29 48
17 16 30 51
17 17 0 8
17 17 1 46
17 17 2 80
17 17 3 30
17 17 4 27
17 17 5 36
17 17 6 65
17 17 7 69
17 17 8 73
17 17 9 12
17 17 10 81
17 17 11 6
17 17 12 50
17 17 13 61
17 17 14 28
17 17 15 70
17 17 16 22
17 17 17 78
17 17 18 82
17 17 19 86
17 17 20 53
17 17 21 7
17 17 22 4
17 17 23 71
17 17 24 47
17 17 25 26
17 17 26 58
17 17 27 57
17 17 28 17
17 17 29 38
17 17 30 54
17 18 0 60
17 18 1 79
17 18 2 83
17 18 3 87
17 18 4 44
17 18 5 7
17 18 6 25
17 18 7 72
17 18 8 76
17 18 9 80
17 18 10 13
17 18 11 58
17 18 12 55
17 18 13 0
17 18 14 69
17 18 15 30
17 18 16 77
17 18 17 81
17 18 18 85
17 18 19 46
17 18 20 62
17 18 21 22
17 18 22 70
17 18 23 37
17 18 24 27
17 18 25 35
17 18 26 52
17 18 27 90
17 18 28 43
17 18 29 59
17 18 30 2
17 19 0 78
17 19 1 18
17 19 2 12
17 19 3 41
17 19 4 63
17 19 5 67
17 19 6 71
17 19 7 75
17 19 8 79
17 19 9 83
17 19 10 61
17 19 11 33
17 19 12 64
17 19 13 28
17 19 14 27
17 19 15 2
17 19 16 80
17 19 17 84
17 19 18 42
17 19 19 49
17 19 20 6
17 19 21 69
17 19 22 59
17 19 23 9
17 19 24 51
17 19 25 46
17 19 26 89
17 19 27 48
17 19 28 55
17 19 29 14
17 19 30 32
17 20 0 2
17 20 1 21
17 20 2 41
17 20 3 8
17 20 4 66
17 20 5 70
17 20 6 24
17 20 7 78
17 20 8 27
17 20 9 44
17 20 10 40
17 20 11 18
17 20 12 67
17 20 13 15
17 20 14 14
17 20 15 79
17 20 16 29
17 20 17 57
17 20 18 13
17 20 19 64
17 20 20 22
17 20 21 53
17 20 22 76
17 20 23 56
17 20 24 37
17 20 25 88
17 20 26 31
17 20 27 38
17 20 28 9
17 20 29 39
17 20 30 77
17 21 0 6
17 21 1 36
17 21 2 18
17 21 3 65
17 21 4 69
17 21 5 19
17 21 6 77
17 21 7 7
17 21 8 52
17 21 9 39
17 21 10 62
17 21 11 66
17 21 12 26
17 21 13 74
17 21 14 78
17 21 15 82
17 21 16 61
17 21 17 90
17 21 18 1
17 21 19 67
17 21 20 43
17 21 21 75
17 21 22 41
17 21 23 35
17 21 24 87
17 21 25 58
17 21 26 54
17 21 27 68
17 21 28 44
17 21 29 8
17 21 30 11
17 22 0 47
17 22 1 13
17 22 2 8
17 22 3 0
17 22 4 14
17 22 5 5
17 22 6 23
17 22 7 36
17 22 8 34
17 22 9 50
17 22 10 65
17 22 11 21
17 22 12 73
17 22 13 77
17 22 14 81
17 22 15 39
17 22 16 89
17 22 17 62
17 22 18 66
17 22 19 54
17 22 20 3
17 22 21 44
17 22 22 43
17 22 23 86
17 22 24 49
17 22 25 48
17 22 26 30
17 22 27 31
17 22 28 29
17 22 29 2
17 22 30 83
17 23 0 11
17 23 1 63
17 23 2 67
17 23 3 18
17 23 4 10
17 23 5 25
17 23 6 54
17 23 7 55
17 23 8 9
17 23 9 30
17 23 10 68
17 23 11 72
17 23 12 27
17 23 13 80
17 23 14 48
17 23 15 0
17 23 16 40
17 23 17 65
17 23 18 44
17 23 19 6
17 23 20 42
17 23 21 52
17 23 22 85
17 23 23 53
17 23 24 34
17 23 25 19
17 23 26 37
17 23 27 74
17 23 28 1
17 23 29 13
17 23 30 33
17 24 0 14
17 24 1 66
17 24 2 30
17 24 3 74
17 24 4 13
17 24 5 35
17 24 6 34
17 24 7 90
17 24 8 63
17 24 9 9
17 24 10 71
17 24 11 27
17 24 12 79
17 24 13 58
17 24 14 87
17 24 15 18
17 24 16 10
17 24 17 33
17 24 18 23
17 24 19 57
17 24 20 40
17 24 21 84
17 24 22 32
17 24 23 45
17 24 24 2
17 24 25 59
17 24 26 73
17 24 27 16
17 24 28 19
17 24 29 61
17 24 30 8
17 25 0 65
17 25 1 5
17 25 2 73
17 25 3 26
17 25 4 54
17 25 5 34
17 25 6 89
17 25 7 19
17 25 8 16
17 25 9 70
17 25 10 74
17 25 11 78
17 25 12 37
17 25 13 21
17 25 14 90
17 25 15 63
17 25 16 49
17 25 17 28
17 25 18 59
17 25 19 39
17 25 20 83
17 25 21 47
17 25 22 45
17 25 23 64
17 25 24 38
17 25 25 72
17 25 26 76
17 25 27 4
17 25 28 35
17 25 29 88
17 25 30 30
17 26 0 68
17 26 1 72
17 26 2 76
17 26 3 43
17 26 4 55
17 26 5 21
17 26 6 7
17 26 7 3
17 26 8 69
17 26 9 73
17 26 10 77
17 26 11 38
17 26 12 28
17 26 13 89
17 26 14 5
17 26 15 34
17 26 16 18
17 26 17 53
17 26 18 56
17 26 19 82
17 26 20 61
17 26 21 37
17 26 22 24
17 26 23 60
17 26 24 71
17 26 25 75
17 26 26 29
17 26 27 40
17 26 28 20
17 26 29 16
17 26 30 14
17 27 0 71
17 27 1 75
17 27 2 33
17 27 3 37
17 27 4 87
17 27 5 9
17 27 6 64
17 27 7 30
17 27 8 72
17 27 9 14
17 27 10 55
17 27 11 11
17 27 12 20
17 27 13 24
17 27 14 39
17 27 15 29
17 27 16 53
17 27 17 34
17 27 18 81
17 27 19 58
17 27 20 32
17 27 21 62
17 27 22 38
17 27 23 70
17 27 24 12
17 27 25 25
17 27 26 45
17 27 27 86
17 27 28 10
17 27 29 63
17 27 30 18
17 28 0 29
17 28 1 61
17 28 2 46
17 28 3 1
17 28 4 23
17 28 5 27
17 28 6 67
17 28 7 71
17 28 8 22
17 28 9 60
17 28 10 83
17 28 11 87
17 28 12 2
17 28 13 40
17 28 14 68
17 28 15 38
17 28 16 55
17 28 17 80
17 28 18 51
17 28 19 50
17 28 20 52
17 28 21 48
17 28 22 69
17 28 23 24
17 28 24 15
17 28 25 45
17 28 26 85
17 28 27 3
17 28 28 0
17 28 29 11
17 28 30 70
17 29 0 43
17 29 1 39
17 29 2 14
17 29 3 5
17 29 4 62
17 29 5 66
17 29 6 70
17 29 7 74
17 29 8 37
17 29 9 19
17 29 10 26
17 29 11 3
17 29 12 54
17 29 13 2
17 29 14 50
17 29 15 45
17 29 16 79
17 29 17 36
17 29 18 35
17 29 19 1
17 29 20 57
17 29 21 12
17 29 22 21
17 29 23 76
17 29 24 46
17 29 25 84
17 29 26 88
17 29 27 6
17 29 28 16
17 29 29 69
17 29 30 9
17 30 0 49
17 30 1 24
17 30 2 88
17 30 3 32
17 30 4 65
17 30 5 69
17 30 6 73
17 30 7 40
17 30 8 14
17 30 9 3
17 30 10 6
17 30 11 36
17 30 12 9
17 30 13 56
17 30 14 60
17 30 15 78
17 30 16 31
17 30 17 58
17 30 18 90
17 30 19 51
17 30 20 67
17 30 21 15
17 30 22 75
17 30 23 57
17 30 24 23
17 30 25 10
17 30 26 19
17 30 27 64
17 30 28 11
17 30 29 26
17 30 30 48
18 0 0 88
18 0 1 33
18 0 2 65
18 0 3 69
18 0 4 73
18 0 5 41
18 0 6 15
18 0 7 4
18 0 8 7
18 0 9 37
18 0 10 10
18 0 11 57
18 0 12 61
18 0 13 78
18 0 14 32
18 0 15 59
18 0 16 90
18 0 17 52
18 0 18 67
18 0 19 16
18 0 20 75
18 0 21 58
18 0 22 24
18 0 23 11
18 0 24 20
18 0 25 64
18 0 26 12
18 0 27 27
18 0 28 49
18 0 29 50
18 0 30 25
18 1 0 20
18 1 1 12
18 1 2 4
18 1 3 72
18 1 4 58
18 1 5 13
18 1 6 30
18 1 7 88
18 1 8 55
18 1 9 10
18 1 10 50
18 1 11 46
18 1 12 77
18 1 13 44
18 1 14 34
18 1 15 89
18 1 16 31
18 1 17 66
18 1 18 19
18 1 19 2
18 1 20 48
18 1 21 82
18 1 22 86
18 1 23 7
18 1 24 16
18 1 25 67
18 1 26 22
18 1 27 54
18 1 28 60
18 1 29 83
18 1 30 0
18 2 0 63
18 2 1 67
18 2 2 71
18 2 3 50
18 2 4 20
18 2 5 83
18 2 6 14
18 2 7 36
18 2 8 64
18 2 9 33
18 2 10 54
18 2 11 76
18 2 12 52
18 2 13 48
18 2 14 0
18 2 15 43
18 2 16 65
18 2 17 27
18 2 18 11
18 2 19 40
18 2 20 81
18 2 21 85
18 2 22 23
18 2 23 62
18 2 24 66
18 2 25 10
18 2 26 38
18 2 27 44
18 2 28 13
18 2 29 86
18 2 30 90
18 3 0 66
18 3 1 70
18 3 2 40
18 3 3 25
18 3 4 9
18 3 5 86
18 3 6 46
18 3 7 5
18 3 8 39
18 3 9 35
18 3 10 75
18 3 11 37
18 3 12 41
18 3 13 87
18 3 14 61
18 3 15 22
18 3 16 68
18 3 17 16
18 3 18 57
18 3 19 80
18 3 20 84
18 3 21 88
18 3 22 34
18 3 23 65
18 3 24 23
18 3 25 48
18 3 26 49
18 3 27 26
18 3 28 85
18 3 29 89
18 3 30 13
18 4 0 69
18 4 1 51
18 4 2 3
18 4 3 17
18 4 4 85
18 4 5 40
18 4 6 62
18 4 7 31
18 4 8 61
18 4 9 74
18 4 10 52
18 4 11 47
18 4 12 26
18 4 13 43
18 4 14 63
18 4 15 6
18 4 16 23
18 4 17 60
18 4 18 79
18 4 19 1
18 4 20 24
18 4 21 16
18 4 22 5
18 4 23 68
18 4 24 58
18 4 25 54
18 4 26 14
18 4 27 84
18 4 28 20
18 4 29 29
18 4 30 65
18 5 0 52
18 5 1 76
18 5 2 20
18 5 3 84
18 5 4 49
18 5 5 45
18 5 6 47
18 5 7 46
18 5 8 73
18 5 9 42
18 5 10 59
18 5 11 26
18 5 12 57
18 5 13 29
18 5 14 1
18 5 15 21
18 5 16 37
18 5 17 78
18 5 18 82
18 5 19 86
18 5 20 90
18 5 21 63
18 5 22 11
18 5 23 51
18 5 24 36
18 5 25 9
18 5 26 24
18 5 27 87
18 5 28 16
18 5 29 25
18 5 30 12
18 6 0 75
18 6 1 14
18 6 2 23
18 6 3 59
18 6 4 3
18 6 5 34
18 6 6 39
18 6 7 72
18 6 8 32
18 6 9 44
18 6 10 2
18 6 11 58
18 6 12 1
18 6 13 9
18 6 14 16
18 6 15 42
18 6 16 77
18 6 17 81
18 6 18 85
18 6 19 89
18 6 20 30
18 6 21 21
18 6 22 60
18 6 23 33
18 6 24 26
18 6 25 82
18 6 26 19
18 6 27 29
18 6 28 63
18 6 29 67
18 6 30 52
18 7 0 11
18 7 1 82
18 7 2 37
18 7 3 90
18 7 4 60
18 7 5 36
18 7 6 71
18 7 7 41
18 7 8 44
18 7 9 83
18 7 10 32
18 7 11 2
18 7 12 64
18 7 13 68
18 7 14 59
18 7 15 13
18 7 16 80
18 7 17 84
18 7 18 8
18 7 19 12
18 7 20 3
18 7 21 42
18 7 22 54
18 7 23 6
18 7 24 81
18 7 25 24
18 7 26 4
18 7 27 1
18 7 28 66
18 7 29 57
18 7 30 20
18 8 0 81
18 8 1 59
18 8 2 89
18 8 3 52
18 8 4 50
18 8 5 70
18 8 6 58
18 8 7 38
18 8 8 6
18 8 9 48
18 8 10 11
18 8 11 15
18 8 12 24
18 8 13 60
18 8 14 21
18 8 15 79
18 8 16 5
18 8 17 87
18 8 18 26
18 8 19 64
18 8 20 32
18 8 21 43
18 8 22 76
18 8 23 80
18 8 24 17
18 8 25 88
18 8 26 25
18 8 27 65
18 8 28 31
18 8 29 10
18 8 30 23
18 9 0 38
18 9 1 11
18 9 2 52
18 9 3 34
18 9 4 69
18 9 5 57
18 9 6 40
18 9 7 17
18 9 8 33
18 9 9 30
18 9 10 62
18 9 11 7
18 9 12 39
18 9 13 74
18 9 14 78
18 9 15 82
18 9 16 1
18 9 17 28
18 9 18 14
18 9 19 32
18 9 20 31
18 9 21 75
18 9 22 79
18 9 23 83
18 9 24 21
18 9 25 19
18 9 26 15
18 9 27 36
18 9 28 6
18 9 29 76
18 9 30 80
18 10 0 87
18 10 1 32
18 10 2 44
18 10 3 68
18 10 4 45
18 10 5 55
18 10 6 7
18 10 7 53
18 10 8 88
18 10 9 57
18 10 10 14
18 10 11 49
18 10 12 73
18 10 13 77
18 10 14 81
18 10 15 19
18 10 16 16
18 10 17 62
18 10 18 42
18 10 19 43
18 10 20 9
18 10 21 78
18 10 22 30
18 10 23 86
18 10 24 5
18 10 25 63
18 10 26 33
18 10 27 0
18 10 28 75
18 10 29 79
18 10 30 60
18 11 0 49
18 11 1 48
18 11 2 67
18 11 3 54
18 11 4 53
18 11 5 12
18 11 6 43
18 11 7 25
18 11 8 17
18 11 9 64
18 11 10 58
18 11 11 72
18 11 12 8
18 11 13 80
18 11 14 26
18 11 15 88
18 11 16 47
18 11 17 32
18 11 18 61
18 11 19 22
18 11 20 77
18 11 21 5
18 11 22 85
18 11 23 21
18 11 24 27
18 11 25 50
18 11 26 16
18 11 27 19
18 11 28 78
18 11 29 35
18 11 30 2
18 12 0 39
18 12 1 66
18 12 2 31
18 12 3 56
18 12 4 29
18 12 5 54
18 12 6 86
18 12 7 90
18 12 8 4
18 12 9 36
18 12 10 71
18 12 11 8
18 12 12 79
18 12 13 83
18 12 14 5
18 12 15 26
18 12 16 58
18 12 17 45
18 12 18 10
18 12 19 25
18 12 20 17
18 12 21 84
18 12 22 88
18 12 23 24
18 12 24 61
18 12 25 22
18 12 26 3
18 12 27 77
18 12 28 53
18 12 29 16
18 12 30 43
18 13 0 65
18 13 1 60
18 13 2 41
18 13 3 1
18 13 4 44
18 13 5 85
18 13 6 89
18 13 7 62
18 13 8 40
18 13 9 70
18 13 10 74
18 13 11 78
18 13 12 14
18 13 13 86
18 13 14 90
18 13 15 57
18 13 16 53
18 13 17 12
18 13 18 30
18 13 19 21
18 13 20 4
18 13 21 27
18 13 22 22
18 13 23 56
18 13 24 68
18 13 25 2
18 13 26 6
18 13 27 58
18 13 28 5
18 13 29 59
18 13 30 35
18 14 0 51
18 14 1 46
18 14 2 76
18 14 3 38
18 14 4 84
18 14 5 3
18 14 6 48
18 14 7 55
18 14 8 69
18 14 9 73
18 14 10 77
18 14 11 9
18 14 12 85
18 14 13 89
18 14 14 33
18 14 15 36
18 14 16 28
18 14 17 74
18 14 18 16
18 14 19 82
18 14 20 86
18 14 21 17
18 14 22 56
18 14 23 29
18 14 24 24
18 14 25 27
18 14 26 34
18 14 27 83
18 14 28 42
18 14 29 49
18 14 30 64
18 15 0 31
18 15 1 75
18 15 2 60
18 15 3 13
18 15 4 87
18 15 5 22
18 15 6 51
18 15 7 6
18 15 8 72
18 15 9 21
18 15 10 20
18 15 11 84
18 15 12 17
18 15 13 42
18 15 14 39
18 15 15 8
18 15 16 73
18 15 17 11
18 15 18 81
18 15 19 85
18 15 20 27
18 15 21 53
18 15 22 14
18 15 23 2
18 15 24 74
18 15 25 37
18 15 26 26
18 15 27 38
18 15 28 54
18 15 29 63
18 15 30 45
18 16 0 26
18 16 1 50
18 16 2 82
18 16 3 29
18 16 4 90
18 16 5 44
18 16 6 67
18 16 7 71
18 16 8 2
18 16 9 8
18 16 10 7
18 16 11 87
18 16 12 36
18 16 13 47
18 16 14 68
18 16 15 72
18 16 16 76
18 16 17 80
18 16 18 84
18 16 19 88
18 16 20 61
18 16 21 23
18 16 22 17
18 16 23 73
18 16 24 51
18 16 25 21
18 16 26 43
18 16 27 59
18 16 28 62
18 16 29 40
18 16 30 39
18 17 0 61
18 17 1 81
18 17 2 13
18 17 3 89
18 17 4 42
18 17 5 66
18 17 6 70
18 17 7 74
18 17 8 5
18 17 9 82
18 17 10 4
18 17 11 32
18 17 12 35
18 17 13 22
18 17 14 71
18 17 15 75
18 17 16 79
18 17 17 10
18 17 18 28
18 17 19 56
18 17 20 64
18 17 21 68
18 17 22 72
18 17 23 37
18 17 24 2
18 17 25 43
18 17 26 46
18 17 27 49
18 17 28 52
18 17 29 55
18 17 30 8
18 18 0 80
18 18 1 0
18 18 2 28
18 18 3 37
18 18 4 65
18 18 5 69
18 18 6 73
18 18 7 13
18 18 8 81
18 18 9 7
18 18 10 51
18 18 11 31
18 18 12 29
18 18 13 70
18 18 14 23
18 18 15 78
18 18 16 82
18 18 17 86
18 18 18 54
18 18 19 8
18 18 20 5
18 18 21 71
18 18 22 48
18 18 23 27
18 18 24 59
18 18 25 58
18 18 26 18
18 18 27 39
18 18 28 55
18 18 29 9
18 18 30 47
18 19 0 83
18 19 1 87
18 19 2 45
18 19 3 8
18 19 4 26
18 19 5 72
18 19 6 76
18 19 7 80
18 19 8 14
18 19 9 59
18 19 10 56
18 19 11 1
18 19 12 69
18 19 13 0
18 19 14 77
18 19 15 81
18 19 16 85
18 19 17 47
18 19 18 62
18 19 19 23
18 19 20 70
18 19 21 38
18 19 22 28
18 19 23 36
18 19 24 53
18 19 25 90
18 19 26 44
18 19 27 60
18 19 28 3
18 19 29 61
18 19 30 79
18 20 0 13
18 20 1 42
18 20 2 63
18 20 3 67
18 20 4 71
18 20 5 75
18 20 6 79
18 20 7 83
18 20 8 31
18 20 9 34
18 20 10 64
18 20 11 29
18 20 12 28
18 20 13 3
18 20 14 80
18 20 15 84
18 20 16 43
18 20 17 50
18 20 18 7
18 20 19 69
18 20 20 60
18 20 21 10
18 20 22 52
18 20 23 47
18 20 24 89
18 20 25 49
18 20 26 56
18 20 27 15
18 20 28 33
18 20 29 78
18 20 30 19
18 21 0 42
18 21 1 9
18 21 2 66
18 21 3 70
18 21 4 25
18 21 5 78
18 21 6 28
18 21 7 45
18 21 8 41
18 21 9 19
18 21 10 67
18 21 11 16
18 21 12 15
18 21 13 79
18 21 14 30
18 21 15 58
18 21 16 14
18 21 17 64
18 21 18 23
18 21 19 54
18 21 20 76
18 21 21 57
18 21 22 38
18 21 23 88
18 21 24 32
18 21 25 39
18 21 26 10
18 21 27 40
18 21 28 77
18 21 29 3
18 21 30 22
18 22 0 19
18 22 1 65
18 22 2 69
18 22 3 20
18 22 4 77
18 22 5 8
18 22 6 53
18 22 7 40
18 22 8 62
18 22 9 66
18 22 10 27
18 22 11 74
18 22 12 78
18 22 13 82
18 22 14 31
18 22 15 90
18 22 16 2
18 22 17 67
18 22 18 44
18 22 19 75
18 22 20 42
18 22 21 36
18 22 22 87
18 22 23 59
18 22 24 55
18 22 25 68
18 22 26 45
18 22 27 9
18 22 28 12
18 22 29 7
18 22 30 37
18 23 0 9
18 23 1 1
18 23 2 15
18 23 3 6
18 23 4 24
18 23 5 37
18 23 6 35
18 23 7 51
18 23 8 65
18 23 9 22
18 23 10 73
18 23 11 77
18 23 12 81
18 23 13 40
18 23 14 89
18 23 15 62
18 23 16 66
18 23 17 55
18 23 18 4
18 23 19 45
18 23 20 44
18 23 21 86
18 23 22 50
18 23 23 49
18 23 24 0
18 23 25 32
18 23 26 30
18 23 27 3
18 23 28 83
18 23 29 48
18 23 30 14
18 24 0 67
18 24 1 19
18 24 2 11
18 24 3 26
18 24 4 55
18 24 5 56
18 24 6 10
18 24 7 0
18 24 8 68
18 24 9 72
18 24 10 28
18 24 11 80
18 24 12 49
18 24 13 1
18 24 14 41
18 24 15 65
18 24 16 45
18 24 17 7
18 24 18 43
18 24 19 53
18 24 20 85
18 24 21 54
18 24 22 35
18 24 23 20
18 24 24 38
18 24 25 74
18 24 26 2
18 24 27 14
18 24 28 34
18 24 29 12
18 24 30 63
18 25 0 0
18 25 1 74
18 25 2 14
18 25 3 36
18 25 4 35
18 25 5 90
18 25 6 63
18 25 7 10
18 25 8 71
18 25 9 28
18 25 10 79
18 25 11 59
18 25 12 87
18 25 13 19
18 25 14 11
18 25 15 34
18 25 16 24
18 25 17 58
18 25 18 41
18 25 19 84
18 25 20 33
18 25 21 46
18 25 22 3
18 25 23 60
18 25 24 73
18 25 25 17
18 25 26 20
18 25 27 31
18 25 28 9
18 25 29 15
18 25 30 66
18 26 0 73
18 26 1 27
18 26 2 55
18 26 3 35
18 26 4 89
18 26 5 20
18 26 6 17
18 26 7 70
18 26 8 74
18 26 9 78
18 26 10 38
18 26 11 22
18 26 12 90
18 26 13 63
18 26 14 50
18 26 15 29
18 26 16 60
18 26 17 40
18 26 18 83
18 26 19 48
18 26 20 46
18 26 21 64
18 26 22 39
18 26 23 72
18 26 24 76
18 26 25 5
18 26 26 36
18 26 27 88
18 26 28 0
18 26 29 65
18 26 30 6
18 27 0 76
18 27 1 44
18 27 2 56
18 27 3 22
18 27 4 8
18 27 5 4
18 27 6 69
18 27 7 73
18 27 8 77
18 27 9 39
18 27 10 29
18 27 11 89
18 27 12 6
18 27 13 35
18 27 14 19
18 27 15 54
18 27 16 57
18 27 17 82
18 27 18 31
18 27 19 38
18 27 20 25
18 27 21 61
18 27 22 71
18 27 23 75
18 27 24 30
18 27 25 41
18 27 26 21
18 27 27 17
18 27 28 15
18 27 29 68
18 27 30 72
18 28 0 34
18 28 1 38
18 28 2 87
18 28 3 10
18 28 4 64
18 28 5 0
18 28 6 72
18 28 7 15
18 28 8 56
18 28 9 12
18 28 10 21
18 28 11 25
18 28 12 40
18 28 13 30
18 28 14 54
18 28 15 35
18 28 16 81
18 28 17 59
18 28 18 33
18 28 19 62
18 28 20 39
18 28 21 70
18 28 22 13
18 28 23 26
18 28 24 46
18 28 25 86
18 28 26 11
18 28 27 63
18 28 28 19
18 28 29 71
18 28 30 75
18 29 0 47
18 29 1 2
18 29 2 24
18 29 3 28
18 29 4 67
18 29 5 71
18 29 6 23
18 29 7 61
18 29 8 83
18 29 9 87
18 29 10 3
18 29 11 41
18 29 12 68
18 29 13 39
18 29 14 56
18 29 15 80
18 29 16 52
18 29 17 51
18 29 18 53
18 29 19 49
18 29 20 69
18 29 21 25
18 29 22 16
18 29 23 46
18 29 24 85
18 29 25 4
18 29 26 1
18 29 27 12
18 29 28 70
18 29 29 30
18 29 30 31
18 30 0 15
18 30 1 6
18 30 2 62
18 30 3 66
18 30 4 70
18 30 5 74
18 30 6 38
18 30 7 20
18 30 8 27
18 30 9 4
18 30 10 55
18 30 11 3
18 30 12 51
18 30 13 46
18 30 14 79
18 30 15 37
18 30 16 36
18 30 17 2
18 30 18 58
18 30 19 13
18 30 20 22
18 30 21 76
18 30 22 47
18 30 23 84
18 30 24 88
18 30 25 7
18 30 26 17
18 30 27 69
18 30 28 10
18 30 29 44
18 30 30 40
19 0 0 62
19 0 1 66
19 0 2 70
19 0 3 74
19 0 4 39
19 0 5 21
19 0 6 28
19 0 7 5
19 0 8 56
19 0 9 4
19 0 10 52
19 0 11 47
19 0 12 79
19 0 13 38
19 0 14 37
19 0 15 3
19 0 16 59
19 0 17 14
19 0 18 23
19 0 19 76
19 0 20 48
19 0 21 84
19 0 22 88
19 0 23 8
19 0 24 18
19 0 25 69
19 0 26 11
19 0 27 45
19 0 28 41
19 0 29 16
19 0 30 7
19 1 0 65
19 1 1 69
19 1 2 73
19 1 3 42
19 1 4 16
19 1 5 5
19 1 6 8
19 1 7 38
19 1 8 11
19 1 9 58
19 1 10 31
19 1 11 78
19 1 12 33
19 1 13 60
19 1 14 90
19 1 15 53
19 1 16 67
19 1 17 17
19 1 18 75
19 1 19 59
19 1 20 25
19 1 21 12
19 1 22 21
19 1 23 64
19 1 24 13
19 1 25 28
19 1 26 50
19 1 27 51
19 1 28 26
19 1 29 88
19 1 30 34
19 2 0 5
19 2 1 72
19 2 2 59
19 2 3 14
19 2 4 0
19 2 5 88
19 2 6 56
19 2 7 11
19 2 8 51
19 2 9 47
19 2 10 77
19 2 11 45
19 2 12 35
19 2 13 89
19 2 14 32
19 2 15 66
19 2 16 20
19 2 17 3
19 2 18 49
19 2 19 82
19 2 20 86
19 2 21 8
19 2 22 17
19 2 23 67
19 2 24 23
19 2 25 55
19 2 26 61
19 2 27 83
19 2 28 1
19 2 29 21
19 2 30 13
19 3 0 71
19 3 1 51
19 3 2 21
19 3 3 83
19 3 4 15
19 3 5 37
19 3 6 64
19 3 7 34
19 3 8 55
19 3 9 76
19 3 10 53
19 3 11 49
19 3 12 1
19 3 13 44
19 3 14 65
19 3 15 28
19 3 16 12
19 3 17 41
19 3 18 81
19 3 19 85
19 3 20 24
19 3 21 62
19 3 22 66
19 3 23 11
19 3 24 39
19 3 25 45
19 3 26 14
19 3 27 86
19 3 28 90
19 3 29 63
19 3 30 67
19 4 0 41
19 4 1 26
19 4 2 10
19 4 3 86
19 4 4 47
19 4 5 6
19 4 6 40
19 4 7 36
19 4 8 75
19 4 9 38
19 4 10 42
19 4 11 87
19 4 12 31
19 4 13 23
19 4 14 68
19 4 15 17
19 4 16 58
19 4 17 80
19 4 18 84
19 4 19 88
19 4 20 35
19 4 21 65
19 4 22 24
19 4 23 49
19 4 24 50
19 4 25 27
19 4 26 85
19 4 27 89
19 4 28 14
19 4 29 66
19 4 30 70
19 5 0 4
19 5 1 18
19 5 2 85
19 5 3 41
19 5 4 62
19 5 5 32
19 5 6 31
19 5 7 74
19 5 8 53
19 5 9 48
19 5 10 27
19 5 11 44
19 5 12 63
19 5 13 7
19 5 14 24
19 5 15 61
19 5 16 79
19 5 17 2
19 5 18 25
19 5 19 17
19 5 20 6
19 5 21 68
19 5 22 59
19 5 23 55
19 5 24 15
19 5 25 84
19 5 26 21
19 5 27 30
19 5 28 65
19 5 29 69
19 5 30 52
19 6 0 21
19 6 1 84
19 6 2 50
19 6 3 46
19 6 4 48
19 6 5 47
19 6 6 73
19 6 7 43
19 6 8 60
19 6 9 27
19 6 10 58
19 6 11 30
19 6 12 2
19 6 13 22
19 6 14 38
19 6 15 78
19 6 16 82
19 6 17 86
19 6 18 90
19 6 19 63
19 6 20 12
19 6 21 52
19 6 22 37
19 6 23 10
19 6 24 25
19 6 25 87
19 6 26 17
19 6 27 26
19 6 28 13
19 6 29 53
19 6 30 76
19 7 0 24
19 7 1 60
19 7 2 4
19 7 3 35
19 7 4 40
19 7 5 72
19 7 6 33
19 7 7 45
19 7 8 3
19 7 9 59
19 7 10 2
19 7 11 10
19 7 12 17
19 7 13 43
19 7 14 77
19 7 15 81
19 7 16 85
19 7 17 89
19 7 18 0
19 7 19 22
19 7 20 61
19 7 21 34
19 7 22 27
19 7 23 82
19 7 24 20
19 7 25 30
19 7 26 63
19 7 27 67
19 7 28 53
19 7 29 75
19 7 30 15
19 8 0 38
19 8 1 90
19 8 2 61
19 8 3 37
19 8 4 71
19 8 5 42
19 8 6 45
19 8 7 83
19 8 8 33
19 8 9 3
19 8 10 64
19 8 11 68
19 8 12 60
19 8 13 14
19 8 14 80
19 8 15 84
19 8 16 9
19 8 17 13
19 8 18 4
19 8 19 43
19 8 20 55
19 8 21 7
19 8 22 81
19 8 23 25
19 8 24 5
19 8 25 2
19 8 26 66
19 8 27 58
19 8 28 21
19 8 29 12
19 8 30 82
19 9 0 89
19 9 1 53
19 9 2 51
19 9 3 70
19 9 4 59
19 9 5 39
19 9 6 7
19 9 7 49
19 9 8 12
19 9 9 16
19 9 10 25
19 9 11 61
19 9 12 22
19 9 13 79
19 9 14 6
19 9 15 87
19 9 16 27
19 9 17 64
19 9 18 33
19 9 19 44
19 9 20 76
19 9 21 80
19 9 22 18
19 9 23 88
19 9 24 26
19 9 25 65
19 9 26 32
19 9 27 11
19 9 28 24
19 9 29 81
19 9 30 60
19 10 0 53
19 10 1 35
19 10 2 69
19 10 3 58
19 10 4 41
19 10 5 18
19 10 6 34
19 10 7 0
19 10 8 62
19 10 9 8
19 10 10 40
19 10 11 74
19 10 12 78
19 10 13 82
19 10 14 2
19 10 15 29
19 10 16 15
19 10 17 33
19 10 18 32
19 10 19 75
19 10 20 79
19 10 21 83
19 10 22 22
19 10 23 20
19 10 24 16
19 10 25 37
19 10 26 7
19 10 27 76
19 10 28 80
19 10 29 39
19 10 30 12
19 11 0 45
19 11 1 68
19 11 2 46
19 11 3 56
19 11 4 8
19 11 5 54
19 11 6 88
19 11 7 58
19 11 8 15
19 11 9 50
19 11 10 73
19 11 11 77
19 11 12 81
19 11 13 20
19 11 14 17
19 11 15 62
19 11 16 43
19 11 17 44
19 11 18 10
19 11 19 78
19 11 20 0
19 11 21 86
19 11 22 6
19 11 23 63
19 11 24 34
19 11 25 1
19 11 26 75
19 11 27 79
19 11 28 61
19 11 29 87
19 11 30 33
19 12 0 67
19 12 1 55
19 12 2 54
19 12 3 13
19 12 4 44
19 12 5 26
19 12 6 18
19 12 7 64
19 12 8 59
19 12 9 72
19 12 10 9
19 12 11 80
19 12 12 27
19 12 13 88
19 12 14 48
19 12 15 33
19 12 16 31
19 12 17 23
19 12 18 77
19 12 19 6
19 12 20 85
19 12 21 22
19 12 22 28
19 12 23 51
19 12 24 17
19 12 25 20
19 12 26 78
19 12 27 36
19 12 28 3
19 12 29 50
19 12 30 49
19 13 0 32
19 13 1 57
19 13 2 30
19 13 3 55
19 13 4 86
19 13 5 90
19 13 6 5
19 13 7 37
19 13 8 71
19 13 9 9
19 13 10 79
19 13 11 83
19 13 12 6
19 13 13 27
19 13 14 59
19 13 15 46
19 13 16 11
19 13 17 26
19 13 18 18
19 13 19 84
19 13 20 88
19 13 21 25
19 13 22 31
19 13 23 23
19 13 24 4
19 13 25 77
19 13 26 54
19 13 27 17
19 13 28 44
19 13 29 40
19 13 30 66
19 14 0 42
19 14 1 2
19 14 2 45
19 14 3 85
19 14 4 89
19 14 5 62
19 14 6 41
19 14 7 70
19 14 8 74
19 14 9 78
19 14 10 15
19 14 11 86
19 14 12 90
19 14 13 58
19 14 14 54
19 14 15 13
19 14 16 0
19 14 17 22
19 14 18 5
19 14 19 28
19 14 20 23
19 14 21 57
19 14 22 68
19 14 23 3
19 14 24 7
19 14 25 59
19 14 26 6
19 14 27 60
19 14 28 36
19 14 29 65
19 14 30 61
19 15 0 76
19 15 1 39
19 15 2 84
19 15 3 4
19 15 4 49
19 15 5 56
19 15 6 69
19 15 7 73
19 15 8 77
19 15 9 10
19 15 10 85
19 15 11 89
19 15 12 34
19 15 13 37
19 15 14 29
19 15 15 74
19 15 16 17
19 15 17 82
19 15 18 86
19 15 19 18
19 15 20 57
19 15 21 30
19 15 22 25
19 15 23 28
19 15 24 35
19 15 25 83
19 15 26 43
19 15 27 50
19 15 28 64
19 15 29 52
19 15 30 47
19 16 0 61
19 16 1 14
19 16 2 87
19 16 3 23
19 16 4 52
19 16 5 7
19 16 6 72
19 16 7 22
19 16 8 21
19 16 9 84
19 16 10 18
19 16 11 43
19 16 12 40
19 16 13 9
19 16 14 73
19 16 15 12
19 16 16 81
19 16 17 85
19 16 18 28
19 16 19 54
19 16 20 15
19 16 21 3
19 16 22 74
19 16 23 38
19 16 24 27
19 16 25 39
19 16 26 55
19 16 27 63
19 16 28 46
19 16 29 32
19 16 30 75
19 17 0 82
19 17 1 30
19 17 2 90
19 17 3 45
19 17 4 67
19 17 5 71
19 17 6 3
19 17 7 9
19 17 8 8
19 17 9 87
19 17 10 37
19 17 11 48
19 17 12 68
19 17 13 72
19 17 14 76
19 17 15 80
19 17 16 84
19 17 17 88
19 17 18 31
19 17 19 24
19 17 20 18
19 17 21 73
19 17 22 52
19 17 23 22
19 17 24 44
19 17 25 60
19 17 26 62
19 17 27 41
19 17 28 40
19 17 29 27
19 17 30 51
19 18 0 14
19 18 1 89
19 18 2 43
19 18 3 66
19 18 4 70
19 18 5 74
19 18 6 6
19 18 7 82
19 18 8 5
19 18 9 33
19 18 10 36
19 18 11 23
19 18 12 71
19 18 13 75
19 18 14 79
19 18 15 11
19 18 16 29
19 18 17 57
19 18 18 64
19 18 19 68
19 18 20 72
19 18 21 38
19 18 22 3
19 18 23 44
19 18 24 47
19 18 25 50
19 18 26 53
19 18 27 56
19 18 28 9
19 18 29 31
19 18 30 81
19 19 0 29
19 19 1 38
19 19 2 65
19 19 3 69
19 19 4 73
19 19 5 14
19 19 6 81
19 19 7 8
19 19 8 52
19 19 9 32
19 19 10 30
19 19 11 70
19 19 12 24
19 19 13 78
19 19 14 82
19 19 15 86
19 19 16 55
19 19 17 9
19 19 18 6
19 19 19 71
19 19 20 49
19 19 21 28
19 19 22 60
19 19 23 59
19 19 24 19
19 19 25 40
19 19 26 56
19 19 27 10
19 19 28 48
19 19 29 80
19 19 30 1
19 20 0 46
19 20 1 9
19 20 2 27
19 20 3 72
19 20 4 76
19 20 5 80
19 20 6 15
19 20 7 60
19 20 8 57
19 20 9 2
19 20 10 69
19 20 11 1
19 20 12 77
19 20 13 81
19 20 14 85
19 20 15 48
19 20 16 62
19 20 17 24
19 20 18 70
19 20 19 39
19 20 20 29
19 20 21 37
19 20 22 54
19 20 23 90
19 20 24 45
19 20 25 61
19 20 26 4
19 20 27 31
19 20 28 79
19 20 29 83
19 20 30 87
19 21 0 63
19 21 1 67
19 21 2 71
19 21 3 75
19 21 4 79
19 21 5 83
19 21 6 32
19 21 7 35
19 21 8 64
19 21 9 30
19 21 10 29
19 21 11 4
19 21 12 80
19 21 13 84
19 21 14 44
19 21 15 51
19 21 16 8
19 21 17 69
19 21 18 61
19 21 19 11
19 21 20 53
19 21 21 48
19 21 22 89
19 21 23 50
19 21 24 57
19 21 25 16
19 21 26 34
19 21 27 78
19 21 28 20
19 21 29 14
19 21 30 43
19 22 0 66
19 22 1 70
19 22 2 26
19 22 3 78
19 22 4 29
19 22 5 46
19 22 6 42
19 22 7 20
19 22 8 67
19 22 9 17
19 22 10 16
19 22 11 79
19 22 12 0
19 22 13 59
19 22 14 15
19 22 15 64
19 22 16 24
19 22 17 55
19 22 18 76
19 22 19 58
19 22 20 39
19 22 21 88
19 22 22 33
19 22 23 40
19 22 24 11
19 22 25 41
19 22 26 77
19 22 27 4
19 22 28 23
19 22 29 43
19 22 30 10
19 23 0 69
19 23 1 21
19 23 2 77
19 23 3 9
19 23 4 54
19 23 5 41
19 23 6 62
19 23 7 66
19 23 8 28
19 23 9 74
19 23 10 78
19 23 11 82
19 23 12 32
19 23 13 90
19 23 14 3
19 23 15 67
19 23 16 45
19 23 17 75
19 23 18 43
19 23 19 37
19 23 20 87
19 23 21 60
19 23 22 56
19 23 23 68
19 23 24 46
19 23 25 10
19 23 26 13
19 23 27 8
19 23 28 38
19 23 29 20
19 23 30 65
19 24 0 16
19 24 1 7
19 24 2 25
19 24 3 38
19 24 4 36
19 24 5 52
19 24 6 65
19 24 7 23
19 24 8 73
19 24 9 77
19 24 10 81
19 24 11 41
19 24 12 89
19 24 13 62
19 24 14 66
19 24 15 56
19 24 16 5
19 24 17 46
19 24 18 45
19 24 19 86
19 24 20 51
19 24 21 50
19 24 22 1
19 24 23 33
19 24 24 0
19 24 25 4
19 24 26 83
19 24 27 49
19 24 28 15
19 24 29 10
19 24 30 2
19 25 0 12
19 25 1 27
19 25 2 56
19 25 3 57
19 25 4 11
19 25 5 1
19 25 6 68
19 25 7 72
19 25 8 29
19 25 9 80
19 25 10 50
19 25 11 2
19 25 12 42
19 25 13 65
19 25 14 46
19 25 15 8
19 25 16 44
19 25 17 54
19 25 18 85
19 25 19 55
19 25 20 36
19 25 21 21
19 25 22 39
19 25 23 74
19 25 24 3
19 25 25 15
19 25 26 35
19 25 27 13
19 25 28 63
19 25 29 67
19 25 30 20
19 26 0 15
19 26 1 37
19 26 2 36
19 26 3 90
19 26 4 63
19 26 5 11
19 26 6 71
19 26 7 29
19 26 8 79
19 26 9 60
19 26 10 87
19 26 11 20
19 26 12 12
19 26 13 35
19 26 14 25
19 26 15 59
19 26 16 42
19 26 17 84
19 26 18 34
19 26 19 47
19 26 20 4
19 26 21 61
19 26 22 73
19 26 23 18
19 26 24 21
19 26 25 32
19 26 26 10
19 26 27 16
19 26 28 66
19 26 29 1
19 26 30 74
19 27 0 56
19 27 1 36
19 27 2 89
19 27 3 21
19 27 4 18
19 27 5 70
19 27 6 74
19 27 7 78
19 27 8 39
19 27 9 23
19 27 10 90
19 27 11 63
19 27 12 51
19 27 13 30
19 27 14 61
19 27 15 41
19 27 16 83
19 27 17 49
19 27 18 47
19 27 19 64
19 27 20 40
19 27 21 72
19 27 22 76
19 27 23 6
19 27 24 37
19 27 25 88
19 27 26 1
19 27 27 65
19 27 28 7
19 27 29 73
19 27 30 28
19 28 0 57
19 28 1 23
19 28 2 9
19 28 3 5
19 28 4 69
19 28 5 73
19 28 6 77
19 28 7 40
19 28 8 30
19 28 9 89
19 28 10 7
19 28 11 36
19 28 12 20
19 28 13 55
19 28 14 58
19 28 15 82
19 28 16 32
19 28 17 39
19 28 18 26
19 28 19 31
19 28 20 71
19 28 21 75
19 28 22 0
19 28 23 42
19 28 24 22
19 28 25 18
19 28 26 16
19 28 27 68
19 28 28 72
19 28 29 76
19 28 30 45
19 29 0 87
19 29 1 11
19 29 2 64
19 29 3 1
19 29 4 72
19 29 5 16
19 29 6 57
19 29 7 13
19 29 8 22
19 29 9 26
19 29 10 41
19 29 11 0
19 29 12 55
19 29 13 36
19 29 14 81
19 29 15 60
19 29 16 34
19 29 17 62
19 29 18 40
19 29 19 70
19 29 20 14
19 29 21 27
19 29 22 47
19 29 23 86
19 29 24 12
19 29 25 63
19 29 26 20
19 29 27 71
19 29 28 75
19 29 29 35
19 29 30 39
19 30 0 25
19 30 1 29
19 30 2 67
19 30 3 71
19 30 4 24
19 30 5 31
19 30 6 83
19 30 7 87
19 30 8 4
19 30 9 42
19 30 10 68
19 30 11 40
19 30 12 57
19 30 13 80
19 30 14 53
19 30 15 52
19 30 16 54
19 30 17 50
19 30 18 69
19 30 19 26
19 30 20 17
19 30 21 47
19 30 22 85
19 30 23 5
19 30 24 2
19 30 25 13
19 30 26 70
19 30 27 0
19 30 28 32
19 30 29 48
19 30 30 3
20 0 0 67
20 0 1 71
20 0 2 25
20 0 3 32
20 0 4 83
20 0 5 87
20 0 6 5
20 0 7 43
20 0 8 68
20 0 9 41
20 0 10 58
20 0 11 80
20 0 12 54
20 0 13 53
20 0 14 55
20 0 15 51
20 0 16 69
20 0 17 27
20 0 18 18
20 0 19 48
20 0 20 85
20 0 21 6
20 0 22 3
20 0 23 14
20 0 24 70
20 0 25 1
20 0 26 33
20 0 27 49
20 0 28 4
20 0 29 26
20 0 30 30
20 1 0 70
20 1 1 74
20 1 2 40
20 1 3 22
20 1 4 29
20 1 5 6
20 1 6 57
20 1 7 5
20 1 8 53
20 1 9 48
20 1 10 79
20 1 11 39
20 1 12 38
20 1 13 4
20 1 14 60
20 1 15 15
20 1 16 24
20 1 17 76
20 1 18 49
20 1 19 84
20 1 20 88
20 1 21 9
20 1 22 19
20 1 23 69
20 1 24 12
20 1 25 46
20 1 26 42
20 1 27 17
20 1 28 8
20 1 29 62
20 1 30 66
20 2 0 73
20 2 1 43
20 2 2 17
20 2 3 6
20 2 4 9
20 2 5 39
20 2 6 12
20 2 7 59
20 2 8 32
20 2 9 78
20 2 10 34
20 2 11 61
20 2 12 90
20 2 13 54
20 2 14 67
20 2 15 18
20 2 16 75
20 2 17 60
20 2 18 26
20 2 19 13
20 2 20 22
20 2 21 64
20 2 22 14
20 2 23 29
20 2 24 51
20 2 25 52
20 2 26 27
20 2 27 88
20 2 28 35
20 2 29 65
20 2 30 69
20 3 0 60
20 3 1 15
20 3 2 1
20 3 3 88
20 3 4 57
20 3 5 12
20 3 6 52
20 3 7 48
20 3 8 77
20 3 9 46
20 3 10 36
20 3 11 89
20 3 12 33
20 3 13 66
20 3 14 21
20 3 15 4
20 3 16 50
20 3 17 82
20 3 18 86
20 3 19 9
20 3 20 18
20 3 21 67
20 3 22 24
20 3 23 56
20 3 24 31
20 3 25 83
20 3 26 2
20 3 27 22
20 3 28 14
20 3 29 6
20 3 30 72
20 4 0 22
20 4 1 83
20 4 2 16
20 4 3 38
20 4 4 64
20 4 5 35
20 4 6 56
20 4 7 76
20 4 8 54
20 4 9 50
20 4 10 2
20 4 11 45
20 4 12 65
20 4 13 29
20 4 14 13
20 4 15 42
20 4 16 81
20 4 17 85
20 4 18 25
20 4 19 62
20 4 20 66
20 4 21 12
20 4 22 40
20 4 23 46
20 4 24 15
20 4 25 86
20 4 26 90
20 4 27 63
20 4 28 67
20 4 29 71
20 4 30 52
20 5 0 11
20 5 1 86
20 5 2 48
20 5 3 7
20 5 4 41
20 5 5 37
20 5 6 75
20 5 7 39
20 5 8 43
20 5 9 87
20 5 10 32
20 5 11 24
20 5 12 68
20 5 13 18
20 5 14 59
20 5 15 80
20 5 16 84
20 5 17 88
20 5 18 36
20 5 19 65
20 5 20 25
20 5 21 50
20 5 22 51
20 5 23 28
20 5 24 85
20 5 25 89
20 5 26 15
20 5 27 66
20 5 28 70
20 5 29 42
20 5 30 27
20 6 0 85
20 6 1 42
20 6 2 62
20 6 3 33
20 6 4 32
20 6 5 74
20 6 6 54
20 6 7 49
20 6 8 28
20 6 9 45
20 6 10 63
20 6 11 8
20 6 12 25
20 6 13 31
20 6 14 79
20 6 15 3
20 6 16 26
20 6 17 18
20 6 18 7
20 6 19 68
20 6 20 60
20 6 21 56
20 6 22 16
20 6 23 84
20 6 24 22
20 6 25 0
20 6 26 65
20 6 27 69
20 6 28 53
20 6 29 5
20 6 30 19
20 7 0 51
20 7 1 47
20 7 2 49
20 7 3 48
20 7 4 73
20 7 5 44
20 7 6 61
20 7 7 28
20 7 8 59
20 7 9 0
20 7 10 3
20 7 11 23
20 7 12 39
20 7 13 78
20 7 14 82
20 7 15 86
20 7 16 90
20 7 17 63
20 7 18 13
20 7 19 53
20 7 20 38
20 7 21 11
20 7 22 26
20 7 23 87
20 7 24 18
20 7 25 27
20 7 26 14
20 7 27 54
20 7 28 76
20 7 29 22
20 7 30 84
20 8 0 5
20 8 1 36
20 8 2 41
20 8 3 72
20 8 4 34
20 8 5 46
20 8 6 4
20 8 7 60
20 8 8 3
20 8 9 11
20 8 10 18
20 8 11 44
20 8 12 77
20 8 13 81
20 8 14 85
20 8 15 89
20 8 16 1
20 8 17 23
20 8 18 31
20 8 19 35
20 8 20 28
20 8 21 82
20 8 22 21
20 8 23 0
20 8 24 63
20 8 25 67
20 8 26 54
20 8 27 75
20 8 28 16
20 8 29 25
20 8 30 61
20 9 0 31
20 9 1 38
20 9 2 71
20 9 3 43
20 9 4 46
20 9 5 83
20 9 6 34
20 9 7 4
20 9 8 64
20 9 9 68
20 9 10 61
20 9 11 15
20 9 12 80
20 9 13 84
20 9 14 10
20 9 15 14
20 9 16 5
20 9 17 44
20 9 18 56
20 9 19 8
20 9 20 81
20 9 21 26
20 9 22 6
20 9 23 3
20 9 24 66
20 9 25 59
20 9 26 22
20 9 27 13
20 9 28 82
20 9 29 39
20 9 30 90
20 10 0 52
20 10 1 70
20 10 2 60
20 10 3 40
20 10 4 8
20 10 5 50
20 10 6 13
20 10 7 17
20 10 8 26
20 10 9 31
20 10 10 23
20 10 11 79
20 10 12 7
20 10 13 87
20 10 14 28
20 10 15 64
20 10 16 34
20 10 17 45
20 10 18 76
20 10 19 80
20 10 20 19
20 10 21 88
20 10 22 27
20 10 23 65
20 10 24 33
20 10 25 12
20 10 26 25
20 10 27 81
20 10 28 61
20 10 29 89
20 10 30 54
20 11 0 69
20 11 1 59
20 11 2 42
20 11 3 19
20 11 4 35
20 11 5 1
20 11 6 62
20 11 7 9
20 11 8 41
20 11 9 74
20 11 10 78
20 11 11 82
20 11 12 3
20 11 13 30
20 11 14 16
20 11 15 34
20 11 16 33
20 11 17 75
20 11 18 79
20 11 19 83
20 11 20 23
20 11 21 21
20 11 22 17
20 11 23 38
20 11 24 8
20 11 25 76
20 11 26 80
20 11 27 40
20 11 28 13
20 11 29 54
20 11 30 36
20 12 0 47
20 12 1 57
20 12 2 9
20 12 3 55
20 12 4 88
20 12 5 59
20 12 6 16
20 12 7 51
20 12 8 73
20 12 9 77
20 12 10 81
20 12 11 21
20 12 12 18
20 12 13 62
20 12 14 44
20 12 15 45
20 12 16 11
20 12 17 78
20 12 18 1
20 12 19 86
20 12 20 7
20 12 21 63
20 12 22 35
20 12 23 2
20 12 24 75
20 12 25 79
20 12 26 31
20 12 27 87
20 12 28 34
20 12 29 46
20 12 30 68
20 13 0 55
20 13 1 14
20 13 2 45
20 13 3 27
20 13 4 19
20 13 5 64
20 13 6 60
20 13 7 72
20 13 8 10
20 13 9 80
20 13 10 28
20 13 11 88
20 13 12 49
20 13 13 34
20 13 14 32
20 13 15 24
20 13 16 77
20 13 17 7
20 13 18 85
20 13 19 23
20 13 20 29
20 13 21 52
20 13 22 18
20 13 23 21
20 13 24 78
20 13 25 37
20 13 26 4
20 13 27 51
20 13 28 50
20 13 29 67
20 13 30 56
20 14 0 0
20 14 1 56
20 14 2 86
20 14 3 90
20 14 4 6
20 14 5 38
20 14 6 71
20 14 7 10
20 14 8 79
20 14 9 83
20 14 10 7
20 14 11 28
20 14 12 60
20 14 13 47
20 14 14 12
20 14 15 27
20 14 16 19
20 14 17 84
20 14 18 88
20 14 19 26
20 14 20 32
20 14 21 24
20 14 22 5
20 14 23 77
20 14 24 55
20 14 25 18
20 14 26 45
20 14 27 41
20 14 28 66
20 14 29 33
20 14 30 58
20 15 0 46
20 15 1 85
20 15 2 89
20 15 3 62
20 15 4 42
20 15 5 70
20 15 6 74
20 15 7 78
20 15 8 16
20 15 9 86
20 15 10 90
20 15 11 59
20 15 12 55
20 15 13 14
20 15 14 1
20 15 15 23
20 15 16 6
20 15 17 29
20 15 18 24
20 15 19 58
20 15 20 68
20 15 21 4
20 15 22 8
20 15 23 60
20 15 24 7
20 15 25 61
20 15 26 37
20 15 27 65
20 15 28 31
20 15 29 43
20 15 30 3
20 16 0 84
20 16 1 5
20 16 2 50
20 16 3 57
20 16 4 69
20 16 5 73
20 16 6 77
20 16 7 11
20 16 8 85
20 16 9 89
20 16 10 35
20 16 11 38
20 16 12 30
20 16 13 74
20 16 14 18
20 16 15 82
20 16 16 86
20 16 17 19
20 16 18 58
20 16 19 0
20 16 20 26
20 16 21 29
20 16 22 36
20 16 23 83
20 16 24 44
20 16 25 51
20 16 26 64
20 16 27 53
20 16 28 48
20 16 29 76
20 16 30 40
20 17 0 87
20 17 1 24
20 17 2 53
20 17 3 8
20 17 4 72
20 17 5 23
20 17 6 22
20 17 7 84
20 17 8 19
20 17 9 44
20 17 10 41
20 17 11 10
20 17 12 73
20 17 13 13
20 17 14 81
20 17 15 85
20 17 16 29
20 17 17 55
20 17 18 16
20 17 19 4
20 17 20 74
20 17 21 39
20 17 22 28
20 17 23 40
20 17 24 56
20 17 25 63
20 17 26 47
20 17 27 33
20 17 28 75
20 17 29 31
20 17 30 15
20 18 0 90
20 18 1 46
20 18 2 67
20 18 3 71
20 18 4 4
20 18 5 10
20 18 6 9
20 18 7 87
20 18 8 38
20 18 9 49
20 18 10 68
20 18 11 72
20 18 12 76
20 18 13 80
20 18 14 84
20 18 15 88
20 18 16 32
20 18 17 25
20 18 18 19
20 18 19 73
20 18 20 53
20 18 21 23
20 18 22 45
20 18 23 61
20 18 24 62
20 18 25 42
20 18 26 41
20 18 27 28
20 18 28 52
20 18 29 82
20 18 30 0
20 19 0 44
20 19 1 66
20 19 2 70
20 19 3 74
20 19 4 7
20 19 5 82
20 19 6 6
20 19 7 34
20 19 8 37
20 19 9 24
20 19 10 71
20 19 11 75
20 19 12 79
20 19 13 12
20 19 14 30
20 19 15 58
20 19 16 64
20 19 17 68
20 19 18 72
20 19 19 39
20 19 20 4
20 19 21 45
20 19 22 48
20 19 23 51
20 19 24 54
20 19 25 57
20 19 26 10
20 19 27 32
20 19 28 81
20 19 29 15
20 19 30 89
20 20 0 65
20 20 1 69
20 20 2 73
20 20 3 15
20 20 4 81
20 20 5 9
20 20 6 53
20 20 7 33
20 20 8 0
20 20 9 70
20 20 10 25
20 20 11 78
20 20 12 82
20 20 13 86
20 20 14 56
20 20 15 10
20 20 16 7
20 20 17 71
20 20 18 50
20 20 19 29
20 20 20 61
20 20 21 60
20 20 22 20
20 20 23 41
20 20 24 57
20 20 25 11
20 20 26 49
20 20 27 80
20 20 28 2
20 20 29 30
20 20 30 39
20 21 0 28
20 21 1 72
20 21 2 76
20 21 3 80
20 21 4 16
20 21 5 61
20 21 6 58
20 21 7 3
20 21 8 69
20 21 9 2
20 21 10 77
20 21 11 81
20 21 12 85
20 21 13 49
20 21 14 62
20 21 15 25
20 21 16 70
20 21 17 40
20 21 18 30
20 21 19 38
20 21 20 55
20 21 21 90
20 21 22 46
20 21 23 31
20 21 24 5
20 21 25 32
20 21 26 79
20 21 27 83
20 21 28 87
20 21 29 47
20 21 30 10
20 22 0 71
20 22 1 75
20 22 2 79
20 22 3 83
20 22 4 33
20 22 5 36
20 22 6 64
20 22 7 0
20 22 8 30
20 22 9 5
20 22 10 80
20 22 11 84
20 22 12 45
20 22 13 52
20 22 14 9
20 22 15 69
20 22 16 31
20 22 17 12
20 22 18 54
20 22 19 49
20 22 20 89
20 22 21 51
20 22 22 58
20 22 23 17
20 22 24 35
20 22 25 78
20 22 26 21
20 22 27 15
20 22 28 44
20 22 29 63
20 22 30 67
20 23 0 27
20 23 1 78
20 23 2 30
20 23 3 47
20 23 4 43
20 23 5 21
20 23 6 67
20 23 7 18
20 23 8 17
20 23 9 79
20 23 10 1
20 23 11 60
20 23 12 16
20 23 13 64
20 23 14 25
20 23 15 56
20 23 16 76
20 23 17 59
20 23 18 40
20 23 19 88
20 23 20 34
20 23 21 41
20 23 22 12
20 23 23 42
20 23 24 77
20 23 25 5
20 23 26 24
20 23 27 44
20 23 28 11
20 23 29 66
20 23 30 70
20 24 0 77
20 24 1 10
20 24 2 55
20 24 3 42
20 24 4 62
20 24 5 66
20 24 6 29
20 24 7 74
20 24 8 78
20 24 9 82
20 24 10 33
20 24 11 90
20 24 12 4
20 24 13 67
20 24 14 46
20 24 15 75
20 24 16 44
20 24 17 38
20 24 18 87
20 24 19 61
20 24 20 57
20 24 21 68
20 24 22 47
20 24 23 11
20 24 24 14
20 24 25 9
20 24 26 39
20 24 27 21
20 24 28 65
20 24 29 69
20 24 30 22
20 25 0 26
20 25 1 39
20 25 2 37
20 25 3 53
20 25 4 65
20 25 5 24
20 25 6 73
20 25 7 77
20 25 8 81
20 25 9 42
20 25 10 89
20 25 11 62
20 25 12 66
20 25 13 57
20 25 14 6
20 25 15 47
20 25 16 46
20 25 17 86
20 25 18 52
20 25 19 51
20 25 20 2
20 25 21 34
20 25 22 1
20 25 23 5
20 25 24 83
20 25 25 50
20 25 26 16
20 25 27 11
20 25 28 3
20 25 29 17
20 25 30 8
20 26 0 57
20 26 1 58
20 26 2 12
20 26 3 2
20 26 4 68
20 26 5 72
20 26 6 30
20 26 7 80
20 26 8 51
20 26 9 3
20 26 10 43
20 26 11 65
20 26 12 47
20 26 13 9
20 26 14 45
20 26 15 55
20 26 16 85
20 26 17 56
20 26 18 37
20 26 19 22
20 26 20 40
20 26 21 74
20 26 22 4
20 26 23 16
20 26 24 36
20 26 25 14
20 26 26 63
20 26 27 67
20 26 28 21
20 26 29 13
20 26 30 28
20 27 0 37
20 27 1 90
20 27 2 63
20 27 3 12
20 27 4 71
20 27 5 30
20 27 6 79
20 27 7 61
20 27 8 87
20 27 9 21
20 27 10 13
20 27 11 36
20 27 12 26
20 27 13 60
20 27 14 43
20 27 15 84
20 27 16 35
20 27 17 48
20 27 18 5
20 27 19 31
20 27 20 73
20 27 21 19
20 27 22 22
20 27 23 33
20 27 24 11
20 27 25 17
20 27 26 66
20 27 27 2
20 27 28 74
20 27 29 16
20 27 30 38
20 28 0 89
20 28 1 22
20 28 2 19
20 28 3 70
20 28 4 74
20 28 5 78
20 28 6 40
20 28 7 24
20 28 8 90
20 28 9 63
20 28 10 52
20 28 11 0
20 28 12 31
20 28 13 42
20 28 14 83
20 28 15 50
20 28 16 48
20 28 17 64
20 28 18 41
20 28 19 72
20 28 20 76
20 28 21 7
20 28 22 38
20 28 23 88
20 28 24 2
20 28 25 65
20 28 26 8
20 28 27 73
20 28 28 29
20 28 29 57
20 28 30 37
20 29 0 10
20 29 1 6
20 29 2 69
20 29 3 73
20 29 4 77
20 29 5 41
20 29 6 0
20 29 7 89
20 29 8 8
20 29 9 37
20 29 10 21
20 29 11 56
20 29 12 59
20 29 13 82
20 29 14 33
20 29 15 40
20 29 16 27
20 29 17 32
20 29 18 71
20 29 19 75
20 29 20 1
20 29 21 43
20 29 22 23
20 29 23 19
20 29 24 17
20 29 25 68
20 29 26 72
20 29 27 76
20 29 28 46
20 29 29 58
20 29 30 24
20 30 0 64
20 30 1 2
20 30 2 72
20 30 3 17
20 30 4 58
20 30 5 14
20 30 6 23
20 30 7 27
20 30 8 42
20 30 9 1
20 30 10 56
20 30 11 37
20 30 12 81
20 30 13 61
20 30 14 35
20 30 15 62
20 30 16 41
20 30 17 70
20 30 18 15
20 30 19 28
20 30 20 48
20 30 21 86
20 30 22 13
20 30 23 63
20 30 24 21
20 30 25 71
20 30 26 75
20 30 27 36
20 30 28 40
20 30 29 87
20 30 30 12
21 0 0 72
21 0 1 18
21 0 2 59
21 0 3 15
21 0 4 24
21 0 5 28
21 0 6 43
21 0 7 2
21 0 8 57
21 0 9 38
21 0 10 81
21 0 11 31
21 0 12 36
21 0 13 62
21 0 14 42
21 0 15 70
21 0 16 16
21 0 17 29
21 0 18 49
21 0 19 86
21 0 20 14
21 0 21 63
21 0 22 22
21 0 23 71
21 0 24 75
21 0 25 37
21 0 26 41
21 0 27 87
21 0 28 13
21 0 29 64
21 0 30 3
21 1 0 26
21 1 1 33
21 1 2 83
21 1 3 87
21 1 4 6
21 1 5 44
21 1 6 68
21 1 7 42
21 1 8 59
21 1 9 80
21 1 10 55
21 1 11 54
21 1 12 56
21 1 13 52
21 1 14 69
21 1 15 28
21 1 16 19
21 1 17 49
21 1 18 85
21 1 19 7
21 1 20 4
21 1 21 15
21 1 22 70
21 1 23 2
21 1 24 34
21 1 25 50
21 1 26 5
21 1 27 27
21 1 28 0
21 1 29 67
21 1 30 71
21 2 0 41
21 2 1 23
21 2 2 30
21 2 3 7
21 2 4 58
21 2 5 6
21 2 6 54
21 2 7 49
21 2 8 79
21 2 9 40
21 2 10 39
21 2 11 5
21 2 12 61
21 2 13 16
21 2 14 25
21 2 15 76
21 2 16 50
21 2 17 84
21 2 18 88
21 2 19 10
21 2 20 20
21 2 21 69
21 2 22 13
21 2 23 47
21 2 24 43
21 2 25 18
21 2 26 9
21 2 27 62
21 2 28 66
21 2 29 70
21 2 30 74
21 3 0 18
21 3 1 7
21 3 2 10
21 3 3 40
21 3 4 13
21 3 5 60
21 3 6 33
21 3 7 78
21 3 8 35
21 3 9 31
21 3 10 90
21 3 11 55
21 3 12 67
21 3 13 19
21 3 14 75
21 3 15 61
21 3 16 27
21 3 17 14
21 3 18 23
21 3 19 64
21 3 20 15
21 3 21 30
21 3 22 52
21 3 23 53
21 3 24 28
21 3 25 88
21 3 26 36
21 3 27 65
21 3 28 69
21 3 29 73
21 3 30 44
21 4 0 2
21 4 1 88
21 4 2 58
21 4 3 13
21 4 4 53
21 4 5 49
21 4 6 77
21 4 7 47
21 4 8 37
21 4 9 89
21 4 10 34
21 4 11 66
21 4 12 22
21 4 13 5
21 4 14 51
21 4 15 82
21 4 16 86
21 4 17 10
21 4 18 19
21 4 19 67
21 4 20 25
21 4 21 57
21 4 22 32
21 4 23 83
21 4 24 3
21 4 25 23
21 4 26 15
21 4 27 7
21 4 28 72
21 4 29 61
21 4 30 16
21 5 0 17
21 5 1 39
21 5 2 64
21 5 3 36
21 5 4 57
21 5 5 76
21 5 6 55
21 5 7 51
21 5 8 3
21 5 9 46
21 5 10 65
21 5 11 30
21 5 12 14
21 5 13 43
21 5 14 81
21 5 15 85
21 5 16 26
21 5 17 62
21 5 18 66
21 5 19 13
21 5 20 41
21 5 21 47
21 5 22 16
21 5 23 86
21 5 24 90
21 5 25 63
21 5 26 67
21 5 27 71
21 5 28 53
21 5 29 23
21 5 30 83
21 6 0 49
21 6 1 8
21 6 2 42
21 6 3 38
21 6 4 75
21 6 5 40
21 6 6 44
21 6 7 87
21 6 8 33
21 6 9 25
21 6 10 68
21 6 11 19
21 6 12 60
21 6 13 80
21 6 14 84
21 6 15 88
21 6 16 37
21 6 17 65
21 6 18 26
21 6 19 51
21 6 20 52
21 6 21 29
21 6 22 85
21 6 23 89
21 6 24 16
21 6 25 66
21 6 26 70
21 6 27 43
21 6 28 28
21 6 29 12
21 6 30 86
21 7 0 62
21 7 1 34
21 7 2 33
21 7 3 74
21 7 4 55
21 7 5 50
21 7 6 29
21 7 7 46
21 7 8 63
21 7 9 9
21 7 10 26
21 7 11 32
21 7 12 79
21 7 13 4
21 7 14 27
21 7 15 19
21 7 16 8
21 7 17 68
21 7 18 61
21 7 19 57
21 7 20 17
21 7 21 84
21 7 22 23
21 7 23 1
21 7 24 65
21 7 25 69
21 7 26 54
21 7 27 6
21 7 28 20
21 7 29 85
21 7 30 43
21 8 0 50
21 8 1 49
21 8 2 73
21 8 3 45
21 8 4 31
21 8 5 29
21 8 6 60
21 8 7 1
21 8 8 4
21 8 9 24
21 8 10 40
21 8 11 78
21 8 12 82
21 8 13 86
21 8 14 90
21 8 15 63
21 8 16 14
21 8 17 54
21 8 18 39
21 8 19 12
21 8 20 27
21 8 21 87
21 8 22 19
21 8 23 28
21 8 24 15
21 8 25 55
21 8 26 76
21 8 27 23
21 8 28 84
21 8 29 52
21 8 30 48
21 9 0 42
21 9 1 72
21 9 2 35
21 9 3 47
21 9 4 5
21 9 5 61
21 9 6 4
21 9 7 12
21 9 8 19
21 9 9 45
21 9 10 77
21 9 11 81
21 9 12 85
21 9 13 89
21 9 14 2
21 9 15 24
21 9 16 32
21 9 17 36
21 9 18 29
21 9 19 82
21 9 20 22
21 9 21 1
21 9 22 63
21 9 23 67
21 9 24 55
21 9 25 75
21 9 26 17
21 9 27 26
21 9 28 31
21 9 29 6
21 9 30 37
21 10 0 71
21 10 1 44
21 10 2 47
21 10 3 83
21 10 4 35
21 10 5 5
21 10 6 64
21 10 7 68
21 10 8 31
21 10 9 16
21 10 10 80
21 10 11 84
21 10 12 11
21 10 13 15
21 10 14 6
21 10 15 45
21 10 16 57
21 10 17 9
21 10 18 81
21 10 19 27
21 10 20 7
21 10 21 4
21 10 22 66
21 10 23 60
21 10 24 23
21 10 25 14
21 10 26 82
21 10 27 40
21 10 28 90
21 10 29 32
21 10 30 39
21 11 0 61
21 11 1 41
21 11 2 9
21 11 3 51
21 11 4 14
21 11 5 18
21 11 6 27
21 11 7 32
21 11 8 24
21 11 9 79
21 11 10 8
21 11 11 87
21 11 12 29
21 11 13 64
21 11 14 35
21 11 15 46
21 11 16 76
21 11 17 80
21 11 18 20
21 11 19 88
21 11 20 28
21 11 21 65
21 11 22 34
21 11 23 13
21 11 24 26
21 11 25 81
21 11 26 31
21 11 27 89
21 11 28 55
21 11 29 53
21 11 30 70
21 12 0 43
21 12 1 20
21 12 2 36
21 12 3 2
21 12 4 62
21 12 5 10
21 12 6 42
21 12 7 74
21 12 8 78
21 12 9 82
21 12 10 4
21 12 11 0
21 12 12 17
21 12 13 35
21 12 14 34
21 12 15 75
21 12 16 79
21 12 17 83
21 12 18 24
21 12 19 22
21 12 20 18
21 12 21 39
21 12 22 9
21 12 23 76
21 12 24 80
21 12 25 41
21 12 26 14
21 12 27 55
21 12 28 37
21 12 29 69
21 12 30 60
21 13 0 10
21 13 1 56
21 13 2 88
21 13 3 60
21 13 4 17
21 13 5 52
21 13 6 73
21 13 7 77
21 13 8 81
21 13 9 22
21 13 10 19
21 13 11 62
21 13 12 45
21 13 13 46
21 13 14 12
21 13 15 78
21 13 16 2
21 13 17 86
21 13 18 8
21 13 19 63
21 13 20 36
21 13 21 3
21 13 22 75
21 13 23 79
21 13 24 32
21 13 25 87
21 13 26 35
21 13 27 47
21 13 28 68
21 13 29 48
21 13 30 58
21 14 0 46
21 14 1 28
21 14 2 20
21 14 3 64
21 14 4 61
21 14 5 72
21 14 6 11
21 14 7 80
21 14 8 29
21 14 9 88
21 14 10 50
21 14 11 35
21 14 12 33
21 14 13 25
21 14 14 77
21 14 15 8
21 14 16 85
21 14 17 24
21 14 18 30
21 14 19 53
21 14 20 19
21 14 21 22
21 14 22 78
21 14 23 38
21 14 24 5
21 14 25 52
21 14 26 51
21 14 27 67
21 14 28 57
21 14 29 56
21 14 30 15
21 15 0 86
21 15 1 90
21 15 2 7
21 15 3 39
21 15 4 71
21 15 5 11
21 15 6 79
21 15 7 83
21 15 8 8
21 15 9 29
21 15 10 61
21 15 11 48
21 15 12 13
21 15 13 28
21 15 14 20
21 15 15 84
21 15 16 88
21 15 17 27
21 15 18 33
21 15 19 25
21 15 20 6
21 15 21 77
21 15 22 56
21 15 23 19
21 15 24 46
21 15 25 42
21 15 26 66
21 15 27 34
21 15 28 59
21 15 29 1
21 15 30 57
21 16 0 89
21 16 1 62
21 16 2 43
21 16 3 70
21 16 4 74
21 16 5 78
21 16 6 17
21 16 7 86
21 16 8 90
21 16 9 60
21 16 10 56
21 16 11 15
21 16 12 2
21 16 13 24
21 16 14 7
21 16 15 30
21 16 16 25
21 16 17 59
21 16 18 68
21 16 19 5
21 16 20 9
21 16 21 61
21 16 22 8
21 16 23 31
21 16 24 38
21 16 25 65
21 16 26 32
21 16 27 44
21 16 28 4
21 16 29 47
21 16 30 85
21 17 0 51
21 17 1 58
21 17 2 69
21 17 3 73
21 17 4 77
21 17 5 12
21 17 6 85
21 17 7 89
21 17 8 36
21 17 9 39
21 17 10 0
21 17 11 74
21 17 12 19
21 17 13 82
21 17 14 86
21 17 15 20
21 17 16 59
21 17 17 1
21 17 18 27
21 17 19 30
21 17 20 37
21 17 21 83
21 17 22 45
21 17 23 52
21 17 24 64
21 17 25 54
21 17 26 49
21 17 27 76
21 17 28 41
21 17 29 84
21 17 30 6
21 18 0 54
21 18 1 9
21 18 2 72
21 18 3 24
21 18 4 23
21 18 5 84
21 18 6 20
21 18 7 45
21 18 8 42
21 18 9 11
21 18 10 73
21 18 11 14
21 18 12 81
21 18 13 85
21 18 14 30
21 18 15 56
21 18 16 17
21 18 17 5
21 18 18 74
21 18 19 40
21 18 20 29
21 18 21 41
21 18 22 57
21 18 23 63
21 18 24 48
21 18 25 34
21 18 26 75
21 18 27 32
21 18 28 16
21 18 29 87
21 18 30 25
21 19 0 67
21 19 1 71
21 19 2 5
21 19 3 11
21 19 4 10
21 19 5 87
21 19 6 39
21 19 7 50
21 19 8 68
21 19 9 72
21 19 10 76
21 19 11 80
21 19 12 84
21 19 13 88
21 19 14 33
21 19 15 26
21 19 16 20
21 19 17 73
21 19 18 54
21 19 19 24
21 19 20 46
21 19 21 31
21 19 22 62
21 19 23 43
21 19 24 42
21 19 25 29
21 19 26 53
21 19 27 82
21 19 28 1
21 19 29 90
21 19 30 47
21 20 0 70
21 20 1 74
21 20 2 8
21 20 3 82
21 20 4 7
21 20 5 35
21 20 6 38
21 20 7 25
21 20 8 71
21 20 9 75
21 20 10 79
21 20 11 13
21 20 12 0
21 20 13 59
21 20 14 64
21 20 15 68
21 20 16 72
21 20 17 40
21 20 18 5
21 20 19 46
21 20 20 49
21 20 21 52
21 20 22 55
21 20 23 58
21 20 24 11
21 20 25 33
21 20 26 81
21 20 27 16
21 20 28 89
21 20 29 45
21 20 30 66
21 21 0 73
21 21 1 16
21 21 2 81
21 21 3 10
21 21 4 54
21 21 5 34
21 21 6 1
21 21 7 70
21 21 8 26
21 21 9 78
21 21 10 82
21 21 11 86
21 21 12 57
21 21 13 11
21 21 14 8
21 21 15 71
21 21 16 51
21 21 17 30
21 21 18 31
21 21 19 61
21 21 20 21
21 21 21 42
21 21 22 58
21 21 23 12
21 21 24 50
21 21 25 80
21 21 26 3
21 21 27 0
21 21 28 40
21 21 29 65
21 21 30 69
21 22 0 76
21 22 1 80
21 22 2 17
21 22 3 31
21 22 4 59
21 22 5 4
21 22 6 69
21 22 7 3
21 22 8 77
21 22 9 81
21 22 10 85
21 22 11 50
21 22 12 62
21 22 13 26
21 22 14 70
21 22 15 41
21 22 16 0
21 22 17 39
21 22 18 56
21 22 19 90
21 22 20 47
21 22 21 32
21 22 22 6
21 22 23 33
21 22 24 79
21 22 25 83
21 22 26 87
21 22 27 48
21 22 28 11
21 22 29 29
21 22 30 72
21 23 0 79
21 23 1 83
21 23 2 34
21 23 3 37
21 23 4 64
21 23 5 1
21 23 6 0
21 23 7 6
21 23 8 80
21 23 9 84
21 23 10 46
21 23 11 53
21 23 12 10
21 23 13 69
21 23 14 32
21 23 15 13
21 23 16 55
21 23 17 50
21 23 18 89
21 23 19 52
21 23 20 59
21 23 21 18
21 23 22 36
21 23 23 78
21 23 24 22
21 23 25 16
21 23 26 45
21 23 27 63
21 23 28 67
21 23 29 71
21 23 30 75
21 24 0 0
21 24 1 48
21 24 2 44
21 24 3 22
21 24 4 67
21 24 5 19
21 24 6 18
21 24 7 79
21 24 8 2
21 24 9 61
21 24 10 17
21 24 11 64
21 24 12 26
21 24 13 57
21 24 14 76
21 24 15 60
21 24 16 41
21 24 17 88
21 24 18 35
21 24 19 42
21 24 20 13
21 24 21 43
21 24 22 77
21 24 23 6
21 24 24 25
21 24 25 45
21 24 26 12
21 24 27 66
21 24 28 70
21 24 29 28
21 24 30 78
21 25 0 56
21 25 1 43
21 25 2 62
21 25 3 66
21 25 4 30
21 25 5 74
21 25 6 78
21 25 7 82
21 25 8 34
21 25 9 90
21 25 10 5
21 25 11 67
21 25 12 47
21 25 13 75
21 25 14 45
21 25 15 39
21 25 16 87
21 25 17 31
21 25 18 58
21 25 19 68
21 25 20 48
21 25 21 12
21 25 22 15
21 25 23 10
21 25 24 40
21 25 25 22
21 25 26 65
21 25 27 69
21 25 28 23
21 25 29 77
21 25 30 11
21 26 0 38
21 26 1 54
21 26 2 65
21 26 3 25
21 26 4 73
21 26 5 77
21 26 6 81
21 26 7 43
21 26 8 89
21 26 9 62
21 26 10 66
21 26 11 58
21 26 12 7
21 26 13 48
21 26 14 47
21 26 15 86
21 26 16 53
21 26 17 52
21 26 18 3
21 26 19 35
21 26 20 2
21 26 21 6
21 26 22 83
21 26 23 51
21 26 24 17
21 26 25 12
21 26 26 4
21 26 27 18
21 26 28 9
21 26 29 27
21 26 30 40
21 27 0 13
21 27 1 3
21 27 2 68
21 27 3 72
21 27 4 0
21 27 5 80
21 27 6 52
21 27 7 4
21 27 8 44
21 27 9 65
21 27 10 48
21 27 11 10
21 27 12 46
21 27 13 56
21 27 14 85
21 27 15 57
21 27 16 38
21 27 17 23
21 27 18 41
21 27 19 74
21 27 20 5
21 27 21 17
21 27 22 37
21 27 23 15
21 27 24 63
21 27 25 67
21 27 26 22
21 27 27 14
21 27 28 29
21 27 29 58
21 27 30 59
21 28 0 63
21 28 1 13
21 28 2 71
21 28 3 0
21 28 4 79
21 28 5 31
21 28 6 87
21 28 7 22
21 28 8 14
21 28 9 37
21 28 10 27
21 28 11 61
21 28 12 44
21 28 13 84
21 28 14 36
21 28 15 49
21 28 16 6
21 28 17 32
21 28 18 73
21 28 19 20
21 28 20 23
21 28 21 34
21 28 22 12
21 28 23 18
21 28 24 66
21 28 25 3
21 28 26 74
21 28 27 17
21 28 28 39
21 28 29 38
21 28 30 90
21 29 0 20
21 29 1 70
21 29 2 74
21 29 3 78
21 29 4 41
21 29 5 25
21 29 6 90
21 29 7 63
21 29 8 53
21 29 9 1
21 29 10 32
21 29 11 43
21 29 12 83
21 29 13 51
21 29 14 49
21 29 15 64
21 29 16 42
21 29 17 72
21 29 18 76
21 29 19 8
21 29 20 39
21 29 21 88
21 29 22 3
21 29 23 65
21 29 24 9
21 29 25 73
21 29 26 30
21 29 27 58
21 29 28 38
21 29 29 89
21 29 30 23
21 30 0 69
21 30 1 73
21 30 2 77
21 30 3 42
21 30 4 1
21 30 5 89
21 30 6 9
21 30 7 38
21 30 8 22
21 30 9 57
21 30 10 60
21 30 11 82
21 30 12 34
21 30 13 41
21 30 14 28
21 30 15 33
21 30 16 71
21 30 17 75
21 30 18 2
21 30 19 44
21 30 20 24
21 30 21 20
21 30 22 18
21 30 23 68
21 30 24 72
21 30 25 76
21 30 26 47
21 30 27 59
21 30 28 25
21 30 29 11
21 30 30 7
22 0 0 77
22 0 1 43
22 0 2 2
22 0 3 89
22 0 4 10
22 0 5 39
22 0 6 23
22 0 7 58
22 0 8 61
22 0 9 82
22 0 10 35
22 0 11 42
22 0 12 29
22 0 13 34
22 0 14 71
22 0 15 75
22 0 16 3
22 0 17 45
22 0 18 25
22 0 19 21
22 0 20 19
22 0 21 68
22 0 22 72
22 0 23 76
22 0 24 48
22 0 25 60
22 0 26 26
22 0 27 12
22 0 28 8
22 0 29 69
22 0 30 73
22 1 0 60
22 1 1 16
22 1 2 25
22 1 3 29
22 1 4 44
22 1 5 3
22 1 6 58
22 1 7 39
22 1 8 81
22 1 9 32
22 1 10 37
22 1 11 62
22 1 12 43
22 1 13 70
22 1 14 17
22 1 15 30
22 1 16 50
22 1 17 86
22 1 18 15
22 1 19 63
22 1 20 23
22 1 21 71
22 1 22 75
22 1 23 38
22 1 24 42
22 1 25 87
22 1 26 14
22 1 27 64
22 1 28 4
22 1 29 72
22 1 30 19
22 2 0 83
22 2 1 87
22 2 2 7
22 2 3 45
22 2 4 68
22 2 5 43
22 2 6 60
22 2 7 80
22 2 8 56
22 2 9 55
22 2 10 57
22 2 11 53
22 2 12 69
22 2 13 29
22 2 14 20
22 2 15 50
22 2 16 85
22 2 17 8
22 2 18 5
22 2 19 16
22 2 20 70
22 2 21 3
22 2 22 35
22 2 23 51
22 2 24 6
22 2 25 28
22 2 26 1
22 2 27 67
22 2 28 71
22 2 29 27
22 2 30 34
22 3 0 0
22 3 1 8
22 3 2 59
22 3 3 7
22 3 4 55
22 3 5 50
22 3 6 79
22 3 7 41
22 3 8 40
22 3 9 6
22 3 10 31
22 3 11 17
22 3 12 26
22 3 13 76
22 3 14 51
22 3 15 84
22 3 16 88
22 3 17 11
22 3 18 21
22 3 19 69
22 3 20 14
22 3 21 48
22 3 22 44
22 3 23 19
22 3 24 10
22 3 25 62
22 3 26 66
22 3 27 70
22 3 28 74
22 3 29 42
22 3 30 24
22 4 0 11
22 4 1 41
22 4 2 14
22 4 3 61
22 4 4 34
22 4 5 78
22 4 6 36
22 4 7 32
22 4 8 90
22 4 9 56
22 4 10 67
22 4 11 20
22 4 12 75
22 4 13 31
22 4 14 28
22 4 15 15
22 4 16 24
22 4 17 64
22 4 18 16
22 4 19 0
22 4 20 53
22 4 21 54
22 4 22 29
22 4 23 88
22 4 24 37
22 4 25 65
22 4 26 69
22 4 27 73
22 4 28 45
22 4 29 19
22 4 30 8
22 5 0 59
22 5 1 14
22 5 2 54
22 5 3 50
22 5 4 77
22 5 5 48
22 5 6 38
22 5 7 89
22 5 8 35
22 5 9 66
22 5 10 23
22 5 11 6
22 5 12 52
22 5 13 82
22 5 14 86
22 5 15 11
22 5 16 20
22 5 17 67
22 5 18 26
22 5 19 58
22 5 20 33
22 5 21 83
22 5 22 4
22 5 23 24
22 5 24 16
22 5 25 8
22 5 26 72
22 5 27 31
22 5 28 17
22 5 29 3
22 5 30 88
22 6 0 64
22 6 1 37
22 6 2 58
22 6 3 76
22 6 4 56
22 6 5 52
22 6 6 4
22 6 7 47
22 6 8 65
22 6 9 0
22 6 10 15
22 6 11 44
22 6 12 81
22 6 13 85
22 6 14 27
22 6 15 62
22 6 16 66
22 6 17 14
22 6 18 42
22 6 19 48
22 6 20 17
22 6 21 86
22 6 22 90
22 6 23 63
22 6 24 67
22 6 25 71
22 6 26 54
22 6 27 24
22 6 28 83
22 6 29 18
22 6 30 40
22 7 0 43
22 7 1 39
22 7 2 75
22 7 3 41
22 7 4 45
22 7 5 87
22 7 6 34
22 7 7 26
22 7 8 68
22 7 9 20
22 7 10 61
22 7 11 80
22 7 12 84
22 7 13 88
22 7 14 38
22 7 15 65
22 7 16 27
22 7 17 52
22 7 18 53
22 7 19 30
22 7 20 85
22 7 21 89
22 7 22 17
22 7 23 66
22 7 24 70
22 7 25 44
22 7 26 29
22 7 27 13
22 7 28 86
22 7 29 50
22 7 30 9
22 8 0 34
22 8 1 74
22 8 2 56
22 8 3 51
22 8 4 30
22 8 5 47
22 8 6 63
22 8 7 10
22 8 8 27
22 8 9 33
22 8 10 79
22 8 11 5
22 8 12 28
22 8 13 20
22 8 14 9
22 8 15 68
22 8 16 31
22 8 17 58
22 8 18 18
22 8 19 84
22 8 20 24
22 8 21 2
22 8 22 65
22 8 23 69
22 8 24 55
22 8 25 7
22 8 26 21
22 8 27 85
22 8 28 44
22 8 29 62
22 8 30 35
22 9 0 73
22 9 1 46
22 9 2 32
22 9 3 30
22 9 4 61
22 9 5 2
22 9 6 5
22 9 7 25
22 9 8 41
22 9 9 78
22 9 10 82
22 9 11 86
22 9 12 90
22 9 13 63
22 9 14 15
22 9 15 55
22 9 16 40
22 9 17 13
22 9 18 28
22 9 19 87
22 9 20 20
22 9 21 29
22 9 22 16
22 9 23 56
22 9 24 76
22 9 25 24
22 9 26 84
22 9 27 53
22 9 28 49
22 9 29 51
22 9 30 50
22 10 0 36
22 10 1 48
22 10 2 6
22 10 3 31
22 10 4 5
22 10 5 13
22 10 6 20
22 10 7 46
22 10 8 77
22 10 9 81
22 10 10 85
22 10 11 89
22 10 12 3
22 10 13 25
22 10 14 33
22 10 15 37
22 10 16 30
22 10 17 82
22 10 18 23
22 10 19 2
22 10 20 63
22 10 21 67
22 10 22 56
22 10 23 75
22 10 24 18
22 10 25 27
22 10 26 32
22 10 27 7
22 10 28 38
22 10 29 43
22 10 30 72
22 11 0 48
22 11 1 83
22 11 2 36
22 11 3 6
22 11 4 64
22 11 5 68
22 11 6 32
22 11 7 17
22 11 8 80
22 11 9 84
22 11 10 12
22 11 11 16
22 11 12 7
22 11 13 46
22 11 14 58
22 11 15 10
22 11 16 81
22 11 17 28
22 11 18 8
22 11 19 5
22 11 20 66
22 11 21 61
22 11 22 24
22 11 23 15
22 11 24 82
22 11 25 41
22 11 26 90
22 11 27 33
22 11 28 40
22 11 29 71
22 11 30 45
22 12 0 10
22 12 1 52
22 12 2 15
22 12 3 19
22 12 4 28
22 12 5 33
22 12 6 25
22 12 7 79
22 12 8 9
22 12 9 87
22 12 10 30
22 12 11 64
22 12 12 36
22 12 13 47
22 12 14 76
22 12 15 80
22 12 16 21
22 12 17 88
22 12 18 29
22 12 19 65
22 12 20 35
22 12 21 14
22 12 22 27
22 12 23 81
22 12 24 32
22 12 25 89
22 12 26 56
22 12 27 54
22 12 28 70
22 12 29 31
22 12 30 42
22 13 0 37
22 13 1 3
22 13 2 62
22 13 3 11
22 13 4 43
22 13 5 74
22 13 6 78
22 13 7 82
22 13 8 5
22 13 9 1
22 13 10 18
22 13 11 36
22 13 12 35
22 13 13 75
22 13 14 79
22 13 15 83
22 13 16 25
22 13 17 23
22 13 18 19
22 13 19 40
22 13 20 10
22 13 21 76
22 13 22 80
22 13 23 42
22 13 24 15
22 13 25 56
22 13 26 38
22 13 27 69
22 13 28 61
22 13 29 44
22 13 30 21
22 14 0 88
22 14 1 61
22 14 2 18
22 14 3 53
22 14 4 73
22 14 5 77
22 14 6 81
22 14 7 23
22 14 8 20
22 14 9 62
22 14 10 46
22 14 11 47
22 14 12 13
22 14 13 78
22 14 14 3
22 14 15 86
22 14 16 9
22 14 17 63
22 14 18 37
22 14 19 4
22 14 20 75
22 14 21 79
22 14 22 33
22 14 23 87
22 14 24 36
22 14 25 48
22 14 26 68
22 14 27 49
22 14 28 59
22 14 29 11
22 14 30 57
22 15 0 21
22 15 1 64
22 15 2 31
22 15 3 72
22 15 4 12
22 15 5 80
22 15 6 30
22 15 7 88
22 15 8 51
22 15 9 36
22 15 10 34
22 15 11 26
22 15 12 77
22 15 13 9
22 15 14 85
22 15 15 25
22 15 16 0
22 15 17 54
22 15 18 20
22 15 19 23
22 15 20 78
22 15 21 39
22 15 22 6
22 15 23 53
22 15 24 52
22 15 25 67
22 15 26 58
22 15 27 57
22 15 28 16
22 15 29 47
22 15 30 29
22 16 0 8
22 16 1 40
22 16 2 71
22 16 3 12
22 16 4 79
22 16 5 83
22 16 6 9
22 16 7 30
22 16 8 31
22 16 9 49
22 16 10 14
22 16 11 29
22 16 12 21
22 16 13 84
22 16 14 88
22 16 15 28
22 16 16 34
22 16 17 26
22 16 18 7
22 16 19 77
22 16 20 57
22 16 21 20
22 16 22 47
22 16 23 43
22 16 24 66
22 16 25 35
22 16 26 60
22 16 27 2
22 16 28 58
22 16 29 86
22 16 30 90
22 17 0 44
22 17 1 70
22 17 2 74
22 17 3 78
22 17 4 18
22 17 5 86
22 17 6 90
22 17 7 61
22 17 8 57
22 17 9 16
22 17 10 3
22 17 11 25
22 17 12 8
22 17 13 0
22 17 14 26
22 17 15 60
22 17 16 68
22 17 17 6
22 17 18 10
22 17 19 31
22 17 20 9
22 17 21 32
22 17 22 39
22 17 23 65
22 17 24 33
22 17 25 45
22 17 26 5
22 17 27 48
22 17 28 85
22 17 29 89
22 17 30 62
22 18 0 69
22 18 1 73
22 18 2 77
22 18 3 13
22 18 4 85
22 18 5 89
22 18 6 37
22 18 7 40
22 18 8 1
22 18 9 74
22 18 10 20
22 18 11 82
22 18 12 86
22 18 13 21
22 18 14 60
22 18 15 2
22 18 16 28
22 18 17 0
22 18 18 38
22 18 19 83
22 18 20 46
22 18 21 53
22 18 22 64
22 18 23 55
22 18 24 50
22 18 25 76
22 18 26 42
22 18 27 84
22 18 28 7
22 18 29 52
22 18 30 59
22 19 0 72
22 19 1 25
22 19 2 24
22 19 3 84
22 19 4 21
22 19 5 46
22 19 6 43
22 19 7 12
22 19 8 73
22 19 9 15
22 19 10 81
22 19 11 85
22 19 12 0
22 19 13 57
22 19 14 18
22 19 15 6
22 19 16 74
22 19 17 41
22 19 18 30
22 19 19 42
22 19 20 58
22 19 21 63
22 19 22 49
22 19 23 35
22 19 24 75
22 19 25 33
22 19 26 17
22 19 27 87
22 19 28 26
22 19 29 55
22 19 30 10
22 20 0 6
22 20 1 12
22 20 2 11
22 20 3 87
22 20 4 40
22 20 5 51
22 20 6 68
22 20 7 72
22 20 8 76
22 20 9 80
22 20 10 84
22 20 11 88
22 20 12 34
22 20 13 27
22 20 14 21
22 20 15 73
22 20 16 55
22 20 17 25
22 20 18 47
22 20 19 32
22 20 20 62
22 20 21 44
22 20 22 43
22 20 23 30
22 20 24 54
22 20 25 82
22 20 26 2
22 20 27 90
22 20 28 48
22 20 29 67
22 20 30 71
22 21 0 9
22 21 1 82
22 21 2 8
22 21 3 36
22 21 4 39
22 21 5 26
22 21 6 71
22 21 7 75
22 21 8 79
22 21 9 14
22 21 10 1
22 21 11 60
22 21 12 64
22 21 13 68
22 21 14 72
22 21 15 41
22 21 16 6
22 21 17 47
22 21 18 50
22 21 19 53
22 21 20 56
22 21 21 59
22 21 22 12
22 21 23 34
22 21 24 81
22 21 25 17
22 21 26 89
22 21 27 46
22 21 28 66
22 21 29 70
22 21 30 74
22 22 0 81
22 22 1 11
22 22 2 55
22 22 3 35
22 22 4 2
22 22 5 70
22 22 6 27
22 22 7 78
22 22 8 82
22 22 9 86
22 22 10 58
22 22 11 12
22 22 12 9
22 22 13 71
22 22 14 52
22 22 15 0
22 22 16 32
22 22 17 31
22 22 18 22
22 22 19 43
22 22 20 59
22 22 21 13
22 22 22 51
22 22 23 80
22 22 24 4
22 22 25 1
22 22 26 41
22 22 27 65
22 22 28 69
22 22 29 73
22 22 30 17
22 23 0 18
22 23 1 32
22 23 2 60
22 23 3 5
22 23 4 69
22 23 5 4
22 23 6 77
22 23 7 81
22 23 8 85
22 23 9 51
22 23 10 62
22 23 11 27
22 23 12 70
22 23 13 42
22 23 14 1
22 23 15 40
22 23 16 57
22 23 17 90
22 23 18 48
22 23 19 33
22 23 20 7
22 23 21 34
22 23 22 79
22 23 23 83
22 23 24 87
22 23 25 49
22 23 26 12
22 23 27 30
22 23 28 72
22 23 29 76
22 23 30 80
22 24 0 35
22 24 1 38
22 24 2 64
22 24 3 2
22 24 4 1
22 24 5 7
22 24 6 80
22 24 7 84
22 24 8 47
22 24 9 54
22 24 10 11
22 24 11 69
22 24 12 33
22 24 13 14
22 24 14 56
22 24 15 51
22 24 16 89
22 24 17 53
22 24 18 60
22 24 19 19
22 24 20 37
22 24 21 78
22 24 22 23
22 24 23 17
22 24 24 46
22 24 25 63
22 24 26 67
22 24 27 71
22 24 28 75
22 24 29 79
22 24 30 83
22 25 0 45
22 25 1 23
22 25 2 67
22 25 3 20
22 25 4 19
22 25 5 79
22 25 6 3
22 25 7 31
22 25 8 18
22 25 9 64
22 25 10 27
22 25 11 58
22 25 12 76
22 25 13 61
22 25 14 42
22 25 15 88
22 25 16 36
22 25 17 43
22 25 18 14
22 25 19 44
22 25 20 77
22 25 21 7
22 25 22 26
22 25 23 46
22 25 24 13
22 25 25 66
22 25 26 70
22 25 27 29
22 25 28 78
22 25 29 1
22 25 30 49
22 26 0 62
22 26 1 66
22 26 2 0
22 26 3 74
22 26 4 78
22 26 5 82
22 26 6 35
22 26 7 90
22 26 8 6
22 26 9 67
22 26 10 48
22 26 11 75
22 26 12 46
22 26 13 40
22 26 14 87
22 26 15 32
22 26 16 59
22 26 17 68
22 26 18 49
22 26 19 13
22 26 20 16
22 26 21 11
22 26 22 41
22 26 23 23
22 26 24 65
22 26 25 69
22 26 26 24
22 26 27 77
22 26 28 12
22 26 29 57
22 26 30 44
22 27 0 65
22 27 1 26
22 27 2 73
22 27 3 77
22 27 4 81
22 27 5 44
22 27 6 89
22 27 7 62
22 27 8 66
22 27 9 59
22 27 10 8
22 27 11 49
22 27 12 48
22 27 13 86
22 27 14 54
22 27 15 53
22 27 16 4
22 27 17 36
22 27 18 3
22 27 19 7
22 27 20 83
22 27 21 52
22 27 22 18
22 27 23 13
22 27 24 5
22 27 25 19
22 27 26 10
22 27 27 28
22 27 28 41
22 27 29 39
22 27 30 55
22 28 0 68
22 28 1 72
22 28 2 1
22 28 3 80
22 28 4 53
22 28 5 5
22 28 6 45
22 28 7 65
22 28 8 49
22 28 9 11
22 28 10 47
22 28 11 57
22 28 12 85
22 28 13 58
22 28 14 39
22 28 15 24
22 28 16 42
22 28 17 74
22 28 18 6
22 28 19 18
22 28 20 38
22 28 21 16
22 28 22 63
22 28 23 67
22 28 24 23
22 28 25 15
22 28 26 30
22 28 27 59
22 28 28 60
22 28 29 14
22 28 30 4
22 29 0 71
22 29 1 1
22 29 2 79
22 29 3 32
22 29 4 87
22 29 5 23
22 29 6 15
22 29 7 38
22 29 8 28
22 29 9 31
22 29 10 45
22 29 11 84
22 29 12 37
22 29 13 50
22 29 14 7
22 29 15 33
22 29 16 73
22 29 17 21
22 29 18 24
22 29 19 35
22 29 20 13
22 29 21 19
22 29 22 66
22 29 23 4
22 29 24 74
22 29 25 18
22 29 26 40
22 29 27 39
22 29 28 90
22 29 29 63
22 29 30 14
22 30 0 74
22 30 1 78
22 30 2 42
22 30 3 26
22 30 4 90
22 30 5 63
22 30 6 54
22 30 7 2
22 30 8 33
22 30 9 44
22 30 10 83
22 30 11 52
22 30 12 50
22 30 13 64
22 30 14 43
22 30 15 72
22 30 16 76
22 30 17 9
22 30 18 40
22 30 19 88
22 30 20 4
22 30 21 65
22 30 22 10
22 30 23 73
22 30 24 0
22 30 25 59
22 30 26 39
22 30 27 89
22 30 28 24
22 30 29 21
22 30 30 70
23 0 0 43
23 0 1 27
23 0 2 90
23 0 3 63
23 0 4 55
23 0 5 3
23 0 6 34
23 0 7 45
23 0 8 83
23 0 9 53
23 0 10 51
23 0 11 64
23 0 12 44
23 0 13 72
23 0 14 76
23 0 15 10
23 0 16 41
23 0 17 88
23 0 18 5
23 0 19 65
23 0 20 11
23 0 21 73
23 0 22 1
23 0 23 60
23 0 24 40
23 0 25 89
23 0 26 25
23 0 27 22
23 0 28 70
23 0 29 74
23 0 30 78
23 1 0 3
23 1 1 89
23 1 2 11
23 1 3 40
23 1 4 24
23 1 5 59
23 1 6 31
23 1 7 82
23 1 8 36
23 1 9 43
23 1 10 30
23 1 11 35
23 1 12 71
23 1 13 75
23 1 14 4
23 1 15 46
23 1 16 26
23 1 17 22
23 1 18 20
23 1 19 68
23 1 20 72
23 1 21 76
23 1 22 49
23 1 23 61
23 1 24 27
23 1 25 13
23 1 26 9
23 1 27 69
23 1 28 73
23 1 29 77
23 1 30 44
23 2 0 26
23 2 1 30
23 2 2 45
23 2 3 4
23 2 4 59
23 2 5 40
23 2 6 81
23 2 7 33
23 2 8 38
23 2 9 62
23 2 10 44
23 2 11 70
23 2 12 18
23 2 13 0
23 2 14 51
23 2 15 86
23 2 16 16
23 2 17 63
23 2 18 24
23 2 19 71
23 2 20 75
23 2 21 39
23 2 22 43
23 2 23 87
23 2 24 15
23 2 25 64
23 2 26 5
23 2 27 72
23 2 28 20
23 2 29 61
23 2 30 17
23 3 0 8
23 3 1 46
23 3 2 68
23 3 3 44
23 3 4 61
23 3 5 80
23 3 6 57
23 3 7 56
23 3 8 58
23 3 9 54
23 3 10 69
23 3 11 30
23 3 12 21
23 3 13 51
23 3 14 85
23 3 15 9
23 3 16 6
23 3 17 17
23 3 18 70
23 3 19 4
23 3 20 36
23 3 21 52
23 3 22 7
23 3 23 29
23 3 24 2
23 3 25 67
23 3 26 71
23 3 27 28
23 3 28 35
23 3 29 83
23 3 30 87
23 4 0 60
23 4 1 8
23 4 2 56
23 4 3 51
23 4 4 79
23 4 5 42
23 4 6 41
23 4 7 7
23 4 8 32
23 4 9 18
23 4 10 27
23 4 11 76
23 4 12 52
23 4 13 84
23 4 14 88
23 4 15 12
23 4 16 22
23 4 17 69
23 4 18 15
23 4 19 49
23 4 20 45
23 4 21 20
23 4 22 11
23 4 23 62
23 4 24 66
23 4 25 70
23 4 26 74
23 4 27 43
23 4 28 25
23 4 29 1
23 4 30 9
23 5 0 15
23 5 1 31
23 5 2 35
23 5 3 78
23 5 4 37
23 5 5 33
23 5 6 90
23 5 7 57
23 5 8 67
23 5 9 21
23 5 10 75
23 5 11 32
23 5 12 29
23 5 13 16
23 5 14 25
23 5 15 64
23 5 16 17
23 5 17 1
23 5 18 54
23 5 19 55
23 5 20 30
23 5 21 88
23 5 22 38
23 5 23 65
23 5 24 69
23 5 25 73
23 5 26 46
23 5 27 20
23 5 28 9
23 5 29 12
23 5 30 42
23 6 0 55
23 6 1 51
23 6 2 77
23 6 3 49
23 6 4 39
23 6 5 89
23 6 6 36
23 6 7 66
23 6 8 24
23 6 9 7
23 6 10 53
23 6 11 82
23 6 12 86
23 6 13 12
23 6 14 21
23 6 15 67
23 6 16 27
23 6 17 59
23 6 18 34
23 6 19 83
23 6 20 5
23 6 21 25
23 6 22 17
23 6 23 9
23 6 24 72
23 6 25 32
23 6 26 18
23 6 27 4
23 6 28 88
23 6 29 60
23 6 30 15
23 7 0 59
23 7 1 76
23 7 2 57
23 7 3 53
23 7 4 5
23 7 5 48
23 7 6 65
23 7 7 1
23 7 8 16
23 7 9 45
23 7 10 81
23 7 11 85
23 7 12 28
23 7 13 62
23 7 14 66
23 7 15 15
23 7 16 43
23 7 17 49
23 7 18 18
23 7 19 86
23 7 20 90
23 7 21 63
23 7 22 67
23 7 23 71
23 7 24 55
23 7 25 25
23 7 26 83
23 7 27 19
23 7 28 41
23 7 29 64
23 7 30 38
23 8 0 75
23 8 1 42
23 8 2 46
23 8 3 87
23 8 4 35
23 8 5 27
23 8 6 68
23 8 7 21
23 8 8 31
23 8 9 80
23 8 10 84
23 8 11 88
23 8 12 39
23 8 13 65
23 8 14 28
23 8 15 53
23 8 16 54
23 8 17 0
23 8 18 85
23 8 19 89
23 8 20 18
23 8 21 66
23 8 22 70
23 8 23 45
23 8 24 30
23 8 25 14
23 8 26 86
23 8 27 51
23 8 28 10
23 8 29 44
23 8 30 40
23 9 0 57
23 9 1 52
23 9 2 0
23 9 3 48
23 9 4 63
23 9 5 11
23 9 6 28
23 9 7 34
23 9 8 79
23 9 9 6
23 9 10 29
23 9 11 21
23 9 12 10
23 9 13 68
23 9 14 32
23 9 15 59
23 9 16 19
23 9 17 84
23 9 18 25
23 9 19 3
23 9 20 65
23 9 21 69
23 9 22 56
23 9 23 8
23 9 24 22
23 9 25 85
23 9 26 45
23 9 27 62
23 9 28 36
23 9 29 35
23 9 30 74
23 10 0 33
23 10 1 0
23 10 2 31
23 10 3 3
23 10 4 6
23 10 5 26
23 10 6 42
23 10 7 78
23 10 8 82
23 10 9 86
23 10 10 90
23 10 11 63
23 10 12 16
23 10 13 56
23 10 14 41
23 10 15 14
23 10 16 29
23 10 17 87
23 10 18 21
23 10 19 30
23 10 20 17
23 10 21 57
23 10 22 76
23 10 23 25
23 10 24 84
23 10 25 54
23 10 26 50
23 10 27 52
23 10 28 51
23 10 29 73
23 10 30 47
23 11 0 7
23 11 1 32
23 11 2 6
23 11 3 14
23 11 4 21
23 11 5 47
23 11 6 77
23 11 7 81
23 11 8 85
23 11 9 89
23 11 10 4
23 11 11 26
23 11 12 34
23 11 13 38
23 11 14 0
23 11 15 82
23 11 16 24
23 11 17 3
23 11 18 63
23 11 19 67
23 11 20 57
23 11 21 75
23 11 22 19
23 11 23 28
23 11 24 33
23 11 25 8
23 11 26 39
23 11 27 44
23 11 28 72
23 11 29 37
23 11 30 49
23 12 0 37
23 12 1 7
23 12 2 64
23 12 3 68
23 12 4 33
23 12 5 18
23 12 6 80
23 12 7 84
23 12 8 13
23 12 9 17
23 12 10 8
23 12 11 47
23 12 12 59
23 12 13 11
23 12 14 81
23 12 15 29
23 12 16 9
23 12 17 6
23 12 18 66
23 12 19 31
23 12 20 25
23 12 21 16
23 12 22 82
23 12 23 42
23 12 24 90
23 12 25 34
23 12 26 41
23 12 27 71
23 12 28 46
23 12 29 49
23 12 30 83
23 13 0 16
23 13 1 20
23 13 2 29
23 13 3 34
23 13 4 26
23 13 5 79
23 13 6 10
23 13 7 87
23 13 8 0
23 13 9 64
23 13 10 37
23 13 11 48
23 13 12 76
23 13 13 80
23 13 14 22
23 13 15 88
23 13 16 30
23 13 17 65
23 13 18 36
23 13 19 15
23 13 20 28
23 13 21 81
23 13 22 33
23 13 23 89
23 13 24 57
23 13 25 55
23 13 26 70
23 13 27 32
23 13 28 43
23 13 29 11
23 13 30 53
23 14 0 62
23 14 1 12
23 14 2 44
23 14 3 74
23 14 4 78
23 14 5 82
23 14 6 6
23 14 7 2
23 14 8 19
23 14 9 37
23 14 10 36
23 14 11 75
23 14 12 79
23 14 13 83
23 14 14 26
23 14 15 24
23 14 16 20
23 14 17 41
23 14 18 11
23 14 19 76
23 14 20 80
23 14 21 43
23 14 22 16
23 14 23 57
23 14 24 39
23 14 25 69
23 14 26 31
23 14 27 45
23 14 28 22
23 14 29 38
23 14 30 4
23 15 0 19
23 15 1 54
23 15 2 73
23 15 3 77
23 15 4 81
23 15 5 24
23 15 6 21
23 15 7 62
23 15 8 47
23 15 9 48
23 15 10 14
23 15 11 78
23 15 12 4
23 15 13 86
23 15 14 10
23 15 15 63
23 15 16 38
23 15 17 5
23 15 18 75
23 15 19 79
23 15 20 34
23 15 21 87
23 15 22 37
23 15 23 49
23 15 24 68
23 15 25 50
23 15 26 60
23 15 27 12
23 15 28 58
23 15 29 88
23 15 30 31
23 16 0 32
23 16 1 72
23 16 2 13
23 16 3 80
23 16 4 0
23 16 5 88
23 16 6 52
23 16 7 37
23 16 8 35
23 16 9 27
23 16 10 77
23 16 11 10
23 16 12 85
23 16 13 26
23 16 14 1
23 16 15 55
23 16 16 21
23 16 17 24
23 16 18 78
23 16 19 40
23 16 20 7
23 16 21 54
23 16 22 53
23 16 23 67
23 16 24 59
23 16 25 58
23 16 26 17
23 16 27 48
23 16 28 30
23 16 29 22
23 16 30 64
23 17 0 71
23 17 1 13
23 17 2 79
23 17 3 83
23 17 4 10
23 17 5 0
23 17 6 32
23 17 7 50
23 17 8 15
23 17 9 30
23 17 10 22
23 17 11 84
23 17 12 88
23 17 13 29
23 17 14 35
23 17 15 27
23 17 16 8
23 17 17 77
23 17 18 58
23 17 19 21
23 17 20 48
23 17 21 44
23 17 22 66
23 17 23 36
23 17 24 61
23 17 25 3
23 17 26 59
23 17 27 86
23 17 28 90
23 17 29 9
23 17 30 41
23 18 0 74
23 18 1 78
23 18 2 19
23 18 3 86
23 18 4 90
23 18 5 31
23 18 6 58
23 18 7 17
23 18 8 4
23 18 9 26
23 18 10 9
23 18 11 1
23 18 12 27
23 18 13 61
23 18 14 68
23 18 15 7
23 18 16 11
23 18 17 32
23 18 18 10
23 18 19 33
23 18 20 40
23 18 21 65
23 18 22 34
23 18 23 46
23 18 24 6
23 18 25 49
23 18 26 85
23 18 27 89
23 18 28 62
23 18 29 45
23 18 30 70
23 19 0 77
23 19 1 14
23 19 2 85
23 19 3 89
23 19 4 38
23 19 5 41
23 19 6 2
23 19 7 74
23 19 8 21
23 19 9 82
23 19 10 86
23 19 11 22
23 19 12 61
23 19 13 3
23 19 14 29
23 19 15 1
23 19 16 39
23 19 17 83
23 19 18 47
23 19 19 54
23 19 20 64
23 19 21 56
23 19 22 51
23 19 23 76
23 19 24 43
23 19 25 84
23 19 26 8
23 19 27 53
23 19 28 60
23 19 29 69
23 19 30 73
23 20 0 25
23 20 1 84
23 20 2 22
23 20 3 47
23 20 4 44
23 20 5 13
23 20 6 73
23 20 7 16
23 20 8 81
23 20 9 85
23 20 10 1
23 20 11 58
23 20 12 19
23 20 13 7
23 20 14 74
23 20 15 42
23 20 16 0
23 20 17 43
23 20 18 59
23 20 19 63
23 20 20 50
23 20 21 36
23 20 22 75
23 20 23 34
23 20 24 18
23 20 25 87
23 20 26 27
23 20 27 56
23 20 28 11
23 20 29 72
23 20 30 26
23 21 0 12
23 21 1 87
23 21 2 41
23 21 3 52
23 21 4 68
23 21 5 72
23 21 6 76
23 21 7 80
23 21 8 84
23 21 9 88
23 21 10 35
23 21 11 28
23 21 12 22
23 21 13 73
23 21 14 56
23 21 15 26
23 21 16 48
23 21 17 33
23 21 18 62
23 21 19 45
23 21 20 44
23 21 21 0
23 21 22 55
23 21 23 82
23 21 24 3
23 21 25 90
23 21 26 49
23 21 27 67
23 21 28 71
23 21 29 7
23 21 30 13
23 22 0 9
23 22 1 37
23 22 2 40
23 22 3 27
23 22 4 71
23 22 5 75
23 22 6 79
23 22 7 15
23 22 8 2
23 22 9 61
23 22 10 64
23 22 11 68
23 22 12 72
23 22 13 42
23 22 14 7
23 22 15 48
23 22 16 51
23 22 17 54
23 22 18 57
23 22 19 60
23 22 20 13
23 22 21 35
23 22 22 81
23 22 23 18
23 22 24 89
23 22 25 47
23 22 26 66
23 22 27 70
23 22 28 74
23 22 29 10
23 22 30 82
23 23 0 56
23 23 1 36
23 23 2 3
23 23 3 70
23 23 4 28
23 23 5 78
23 23 6 82
23 23 7 86
23 23 8 59
23 23 9 13
23 23 10 10
23 23 11 71
23 23 12 53
23 23 13 1
23 23 14 33
23 23 15 32
23 23 16 23
23 23 17 44
23 23 18 60
23 23 19 14
23 23 20 52
23 23 21 80
23 23 22 5
23 23 23 2
23 23 24 42
23 23 25 65
23 23 26 69
23 23 27 73
23 23 28 18
23 23 29 81
23 23 30 12
23 24 0 61
23 24 1 6
23 24 2 69
23 24 3 5
23 24 4 77
23 24 5 81
23 24 6 85
23 24 7 52
23 24 8 62
23 24 9 28
23 24 10 70
23 24 11 43
23 24 12 2
23 24 13 41
23 24 14 58
23 24 15 90
23 24 16 49
23 24 17 34
23 24 18 8
23 24 19 35
23 24 20 79
23 24 21 83
23 24 22 87
23 24 23 50
23 24 24 13
23 24 25 0
23 24 26 72
23 24 27 76
23 24 28 80
23 24 29 19
23 24 30 33
23 25 0 64
23 25 1 3
23 25 2 2
23 25 3 8
23 25 4 80
23 25 5 84
23 25 6 48
23 25 7 55
23 25 8 12
23 25 9 69
23 25 10 34
23 25 11 15
23 25 12 57
23 25 13 52
23 25 14 89
23 25 15 54
23 25 16 61
23 25 17 20
23 25 18 38
23 25 19 78
23 25 20 24
23 25 21 18
23 25 22 47
23 25 23 63
23 25 24 67
23 25 25 71
23 25 26 75
23 25 27 79
23 25 28 83
23 25 29 36
23 25 30 39
23 26 0 67
23 26 1 21
23 26 2 20
23 26 3 79
23 26 4 4
23 26 5 32
23 26 6 19
23 26 7 64
23 26 8 28
23 26 9 59
23 26 10 76
23 26 11 31
23 26 12 43
23 26 13 88
23 26 14 37
23 26 15 44
23 26 16 15
23 26 17 45
23 26 18 77
23 26 19 8
23 26 20 27
23 26 21 47
23 26 22 14
23 26 23 66
23 26 24 70
23 26 25 30
23 26 26 78
23 26 27 2
23 26 28 50
23 26 29 46
23 26 30 24
23 27 0 1
23 27 1 74
23 27 2 78
23 27 3 82
23 27 4 36
23 27 5 90
23 27 6 7
23 27 7 67
23 27 8 49
23 27 9 75
23 27 10 47
23 27 11 41
23 27 12 87
23 27 13 33
23 27 14 60
23 27 15 68
23 27 16 50
23 27 17 14
23 27 18 17
23 27 19 12
23 27 20 42
23 27 21 24
23 27 22 65
23 27 23 69
23 27 24 25
23 27 25 77
23 27 26 13
23 27 27 58
23 27 28 45
23 27 29 62
23 27 30 66
23 28 0 73
23 28 1 77
23 28 2 81
23 28 3 45
23 28 4 89
23 28 5 62
23 28 6 66
23 28 7 60
23 28 8 9
23 28 9 50
23 28 10 49
23 28 11 86
23 28 12 55
23 28 13 54
23 28 14 5
23 28 15 37
23 28 16 4
23 28 17 8
23 28 18 83
23 28 19 53
23 28 20 19
23 28 21 14
23 28 22 6
23 28 23 20
23 28 24 11
23 28 25 29
23 28 26 42
23 28 27 40
23 28 28 56
23 28 29 65
23 28 30 27
23 29 0 2
23 29 1 80
23 29 2 54
23 29 3 6
23 29 4 46
23 29 5 65
23 29 6 50
23 29 7 12
23 29 8 48
23 29 9 58
23 29 10 85
23 29 11 59
23 29 12 40
23 29 13 25
23 29 14 43
23 29 15 74
23 29 16 7
23 29 17 19
23 29 18 39
23 29 19 17
23 29 20 63
23 29 21 67
23 29 22 24
23 29 23 16
23 29 24 0
23 29 25 60
23 29 26 61
23 29 27 15
23 29 28 5
23 29 29 68
23 29 30 72
23 30 0 79
23 30 1 33
23 30 2 87
23 30 3 24
23 30 4 16
23 30 5 39
23 30 6 29
23 30 7 32
23 30 8 46
23 30 9 84
23 30 10 38
23 30 11 51
23 30 12 8
23 30 13 34
23 30 14 73
23 30 15 22
23 30 16 25
23 30 17 36
23 30 18 14
23 30 19 20
23 30 20 66
23 30 21 5
23 30 22 74
23 30 23 19
23 30 24 41
23 30 25 40
23 30 26 90
23 30 27 63
23 30 28 15
23 30 29 71
23 30 30 2
24 0 0 87
24 0 1 25
24 0 2 17
24 0 3 40
24 0 4 30
24 0 5 33
24 0 6 47
24 0 7 84
24 0 8 39
24 0 9 52
24 0 10 9
24 0 11 35
24 0 12 73
24 0 13 23
24 0 14 26
24 0 15 37
24 0 16 15
24 0 17 21
24 0 18 66
24 0 19 6
24 0 20 74
24 0 21 20
24 0 22 42
24 0 23 41
24 0 24 90
24 0 25 63
24 0 26 16
24 0 27 71
24 0 28 3
24 0 29 79
24 0 30 34
24 1 0 90
24 1 1 63
24 1 2 56
24 1 3 4
24 1 4 35
24 1 5 46
24 1 6 83
24 1 7 54
24 1 8 52
24 1 9 64
24 1 10 45
24 1 11 72
24 1 12 76
24 1 13 11
24 1 14 42
24 1 15 88
24 1 16 6
24 1 17 65
24 1 18 12
24 1 19 73
24 1 20 2
24 1 21 61
24 1 22 41
24 1 23 89
24 1 24 26
24 1 25 23
24 1 26 70
24 1 27 74
24 1 28 78
24 1 29 44
24 1 30 28
24 2 0 12
24 2 1 41
24 2 2 25
24 2 3 60
24 2 4 32
24 2 5 82
24 2 6 37
24 2 7 44
24 2 8 0
24 2 9 36
24 2 10 71
24 2 11 75
24 2 12 5
24 2 13 47
24 2 14 27
24 2 15 23
24 2 16 21
24 2 17 68
24 2 18 72
24 2 19 76
24 2 20 50
24 2 21 31
24 2 22 28
24 2 23 14
24 2 24 10
24 2 25 69
24 2 26 73
24 2 27 77
24 2 28 45
24 2 29 4
24 2 30 89
24 3 0 46
24 3 1 5
24 3 2 60
24 3 3 41
24 3 4 81
24 3 5 34
24 3 6 39
24 3 7 62
24 3 8 45
24 3 9 70
24 3 10 19
24 3 11 1
24 3 12 52
24 3 13 86
24 3 14 17
24 3 15 63
24 3 16 25
24 3 17 71
24 3 18 75
24 3 19 40
24 3 20 44
24 3 21 87
24 3 22 16
24 3 23 64
24 3 24 6
24 3 25 72
24 3 26 21
24 3 27 31
24 3 28 18
24 3 29 27
24 3 30 0
24 4 0 68
24 4 1 45
24 4 2 31
24 4 3 80
24 4 4 58
24 4 5 57
24 4 6 59
24 4 7 55
24 4 8 69
24 4 9 0
24 4 10 22
24 4 11 52
24 4 12 85
24 4 13 10
24 4 14 7
24 4 15 18
24 4 16 70
24 4 17 5
24 4 18 37
24 4 19 53
24 4 20 8
24 4 21 30
24 4 22 3
24 4 23 67
24 4 24 71
24 4 25 29
24 4 26 36
24 4 27 83
24 4 28 87
24 4 29 9
24 4 30 47
24 5 0 57
24 5 1 52
24 5 2 79
24 5 3 43
24 5 4 42
24 5 5 8
24 5 6 33
24 5 7 19
24 5 8 28
24 5 9 76
24 5 10 53
24 5 11 84
24 5 12 88
24 5 13 13
24 5 14 23
24 5 15 69
24 5 16 16
24 5 17 50
24 5 18 46
24 5 19 21
24 5 20 12
24 5 21 62
24 5 22 66
24 5 23 70
24 5 24 74
24 5 25 44
24 5 26 26
24 5 27 2
24 5 28 10
24 5 29 61
24 5 30 9
24 6 0 36
24 6 1 78
24 6 2 38
24 6 3 34
24 6 4 90
24 6 5 58
24 6 6 67
24 6 7 22
24 6 8 75
24 6 9 33
24 6 10 30
24 6 11 17
24 6 12 26
24 6 13 64
24 6 14 18
24 6 15 2
24 6 16 55
24 6 17 56
24 6 18 0
24 6 19 88
24 6 20 39
24 6 21 65
24 6 22 69
24 6 23 73
24 6 24 47
24 6 25 21
24 6 26 10
24 6 27 13
24 6 28 43
24 6 29 16
24 6 30 32
24 7 0 77
24 7 1 50
24 7 2 40
24 7 3 89
24 7 4 37
24 7 5 66
24 7 6 25
24 7 7 8
24 7 8 54
24 7 9 82
24 7 10 86
24 7 11 13
24 7 12 22
24 7 13 67
24 7 14 28
24 7 15 60
24 7 16 35
24 7 17 83
24 7 18 6
24 7 19 26
24 7 20 18
24 7 21 10
24 7 22 72
24 7 23 33
24 7 24 19
24 7 25 5
24 7 26 88
24 7 27 61
24 7 28 16
24 7 29 56
24 7 30 52
24 8 0 58
24 8 1 54
24 8 2 6
24 8 3 49
24 8 4 65
24 8 5 2
24 8 6 17
24 8 7 46
24 8 8 81
24 8 9 85
24 8 10 29
24 8 11 62
24 8 12 66
24 8 13 16
24 8 14 44
24 8 15 50
24 8 16 19
24 8 17 86
24 8 18 90
24 8 19 63
24 8 20 67
24 8 21 71
24 8 22 56
24 8 23 26
24 8 24 83
24 8 25 20
24 8 26 42
24 8 27 64
24 8 28 39
24 8 29 60
24 8 30 76
24 9 0 47
24 9 1 87
24 9 2 36
24 9 3 28
24 9 4 68
24 9 5 22
24 9 6 32
24 9 7 80
24 9 8 84
24 9 9 88
24 9 10 40
24 9 11 65
24 9 12 29
24 9 13 54
24 9 14 55
24 9 15 1
24 9 16 85
24 9 17 89
24 9 18 19
24 9 19 66
24 9 20 70
24 9 21 46
24 9 22 0
24 9 23 15
24 9 24 86
24 9 25 52
24 9 26 11
24 9 27 45
24 9 28 41
24 9 29 75
24 9 30 43
24 10 0 1
24 10 1 49
24 10 2 63
24 10 3 12
24 10 4 29
24 10 5 35
24 10 6 79
24 10 7 7
24 10 8 30
24 10 9 22
24 10 10 11
24 10 11 68
24 10 12 33
24 10 13 60
24 10 14 20
24 10 15 84
24 10 16 26
24 10 17 4
24 10 18 65
24 10 19 69
24 10 20 57
24 10 21 9
24 10 22 23
24 10 23 85
24 10 24 46
24 10 25 62
24 10 26 37
24 10 27 36
24 10 28 74
24 10 29 58
24 10 30 53
24 11 0 32
24 11 1 4
24 11 2 7
24 11 3 27
24 11 4 43
24 11 5 78
24 11 6 82
24 11 7 86
24 11 8 90
24 11 9 63
24 11 10 17
24 11 11 57
24 11 12 42
24 11 13 15
24 11 14 30
24 11 15 87
24 11 16 22
24 11 17 0
24 11 18 18
24 11 19 58
24 11 20 76
24 11 21 26
24 11 22 84
24 11 23 55
24 11 24 51
24 11 25 53
24 11 26 52
24 11 27 73
24 11 28 48
24 11 29 34
24 11 30 1
24 12 0 7
24 12 1 15
24 12 2 22
24 12 3 48
24 12 4 77
24 12 5 81
24 12 6 85
24 12 7 89
24 12 8 5
24 12 9 27
24 12 10 35
24 12 11 39
24 12 12 1
24 12 13 82
24 12 14 25
24 12 15 4
24 12 16 63
24 12 17 67
24 12 18 58
24 12 19 75
24 12 20 20
24 12 21 29
24 12 22 34
24 12 23 9
24 12 24 40
24 12 25 45
24 12 26 72
24 12 27 38
24 12 28 50
24 12 29 8
24 12 30 33
24 13 0 64
24 13 1 68
24 13 2 34
24 13 3 19
24 13 4 80
24 13 5 84
24 13 6 14
24 13 7 18
24 13 8 9
24 13 9 48
24 13 10 60
24 13 11 12
24 13 12 81
24 13 13 30
24 13 14 10
24 13 15 7
24 13 16 66
24 13 17 32
24 13 18 26
24 13 19 17
24 13 20 82
24 13 21 43
24 13 22 90
24 13 23 35
24 13 24 42
24 13 25 71
24 13 26 47
24 13 27 50
24 13 28 83
24 13 29 38
24 13 30 8
24 14 0 30
24 14 1 35
24 14 2 27
24 14 3 79
24 14 4 11
24 14 5 87
24 14 6 1
24 14 7 64
24 14 8 38
24 14 9 49
24 14 10 76
24 14 11 80
24 14 12 23
24 14 13 88
24 14 14 0
24 14 15 65
24 14 16 37
24 14 17 16
24 14 18 29
24 14 19 81
24 14 20 34
24 14 21 89
24 14 22 58
24 14 23 56
24 14 24 70
24 14 25 33
24 14 26 44
24 14 27 12
24 14 28 54
24 14 29 17
24 14 30 21
24 15 0 45
24 15 1 74
24 15 2 78
24 15 3 82
24 15 4 7
24 15 5 3
24 15 6 20
24 15 7 38
24 15 8 37
24 15 9 75
24 15 10 79
24 15 11 83
24 15 12 27
24 15 13 25
24 15 14 21
24 15 15 42
24 15 16 12
24 15 17 76
24 15 18 80
24 15 19 44
24 15 20 17
24 15 21 58
24 15 22 40
24 15 23 69
24 15 24 32
24 15 25 46
24 15 26 23
24 15 27 39
24 15 28 5
24 15 29 62
24 15 30 13
24 16 0 73
24 16 1 77
24 16 2 81
24 16 3 25
24 16 4 22
24 16 5 62
24 16 6 48
24 16 7 49
24 16 8 15
24 16 9 78
24 16 10 5
24 16 11 86
24 16 12 11
24 16 13 63
24 16 14 39
24 16 15 6
24 16 16 75
24 16 17 79
24 16 18 35
24 16 19 87
24 16 20 38
24 16 21 50
24 16 22 68
24 16 23 51
24 16 24 61
24 16 25 13
24 16 26 59
24 16 27 88
24 16 28 32
24 16 29 20
24 16 30 55
24 17 0 14
24 17 1 80
24 17 2 1
24 17 3 88
24 17 4 53
24 17 5 38
24 17 6 36
24 17 7 28
24 17 8 77
24 17 9 11
24 17 10 85
24 17 11 27
24 17 12 2
24 17 13 56
24 17 14 22
24 17 15 25
24 17 16 78
24 17 17 41
24 17 18 8
24 17 19 55
24 17 20 54
24 17 21 67
24 17 22 60
24 17 23 59
24 17 24 18
24 17 25 49
24 17 26 0
24 17 27 23
24 17 28 64
24 17 29 33
24 17 30 72
24 18 0 79
24 18 1 83
24 18 2 11
24 18 3 1
24 18 4 33
24 18 5 51
24 18 6 16
24 18 7 0
24 18 8 23
24 18 9 84
24 18 10 88
24 18 11 30
24 18 12 36
24 18 13 28
24 18 14 9
24 18 15 77
24 18 16 59
24 18 17 22
24 18 18 49
24 18 19 45
24 18 20 66
24 18 21 37
24 18 22 31
24 18 23 4
24 18 24 60
24 18 25 86
24 18 26 90
24 18 27 10
24 18 28 42
24 18 29 71
24 18 30 14
24 19 0 20
24 19 1 86
24 19 2 90
24 19 3 32
24 19 4 59
24 19 5 18
24 19 6 5
24 19 7 27
24 19 8 10
24 19 9 2
24 19 10 28
24 19 11 31
24 19 12 68
24 19 13 8
24 19 14 12
24 19 15 33
24 19 16 11
24 19 17 34
24 19 18 41
24 19 19 65
24 19 20 35
24 19 21 47
24 19 22 7
24 19 23 50
24 19 24 85
24 19 25 89
24 19 26 62
24 19 27 46
24 19 28 70
24 19 29 74
24 19 30 78
24 20 0 85
24 20 1 89
24 20 2 39
24 20 3 42
24 20 4 3
24 20 5 74
24 20 6 22
24 20 7 82
24 20 8 86
24 20 9 23
24 20 10 31
24 20 11 4
24 20 12 30
24 20 13 2
24 20 14 40
24 20 15 83
24 20 16 48
24 20 17 55
24 20 18 64
24 20 19 57
24 20 20 52
24 20 21 76
24 20 22 44
24 20 23 84
24 20 24 9
24 20 25 54
24 20 26 61
24 20 27 69
24 20 28 73
24 20 29 77
24 20 30 15
24 21 0 23
24 21 1 48
24 21 2 45
24 21 3 14
24 21 4 73
24 21 5 17
24 21 6 81
24 21 7 85
24 21 8 2
24 21 9 59
24 21 10 20
24 21 11 8
24 21 12 74
24 21 13 43
24 21 14 1
24 21 15 44
24 21 16 60
24 21 17 63
24 21 18 51
24 21 19 37
24 21 20 75
24 21 21 35
24 21 22 19
24 21 23 87
24 21 24 28
24 21 25 57
24 21 26 12
24 21 27 72
24 21 28 27
24 21 29 26
24 21 30 84
24 22 0 42
24 22 1 53
24 22 2 68
24 22 3 72
24 22 4 76
24 22 5 80
24 22 6 84
24 22 7 88
24 22 8 36
24 22 9 29
24 22 10 23
24 22 11 73
24 22 12 57
24 22 13 27
24 22 14 49
24 22 15 34
24 22 16 62
24 22 17 46
24 22 18 45
24 22 19 1
24 22 20 56
24 22 21 82
24 22 22 4
24 22 23 90
24 22 24 50
24 22 25 67
24 22 26 71
24 22 27 8
24 22 28 14
24 22 29 13
24 22 30 87
24 23 0 41
24 23 1 28
24 23 2 71
24 23 3 75
24 23 4 79
24 23 5 16
24 23 6 3
24 23 7 31
24 23 8 64
24 23 9 68
24 23 10 72
24 23 11 43
24 23 12 8
24 23 13 49
24 23 14 52
24 23 15 55
24 23 16 58
24 23 17 61
24 23 18 14
24 23 19 36
24 23 20 81
24 23 21 19
24 23 22 89
24 23 23 48
24 23 24 66
24 23 25 70
24 23 26 74
24 23 27 11
24 23 28 82
24 23 29 10
24 23 30 38
24 24 0 4
24 24 1 70
24 24 2 29
24 24 3 78
24 24 4 82
24 24 5 86
24 24 6 60
24 24 7 14
24 24 8 11
24 24 9 71
24 24 10 54
24 24 11 2
24 24 12 34
24 24 13 33
24 24 14 24
24 24 15 45
24 24 16 61
24 24 17 15
24 24 18 53
24 24 19 80
24 24 20 6
24 24 21 3
24 24 22 43
24 24 23 65
24 24 24 69
24 24 25 73
24 24 26 19
24 24 27 81
24 24 28 13
24 24 29 57
24 24 30 37
24 25 0 69
24 25 1 6
24 25 2 77
24 25 3 81
24 25 4 85
24 25 5 53
24 25 6 62
24 25 7 29
24 25 8 70
24 25 9 44
24 25 10 3
24 25 11 42
24 25 12 59
24 25 13 90
24 25 14 50
24 25 15 35
24 25 16 9
24 25 17 36
24 25 18 79
24 25 19 83
24 25 20 87
24 25 21 51
24 25 22 14
24 25 23 1
24 25 24 72
24 25 25 76
24 25 26 80
24 25 27 20
24 25 28 34
24 25 29 31
24 25 30 7
24 26 0 3
24 26 1 9
24 26 2 80
24 26 3 84
24 26 4 49
24 26 5 56
24 26 6 13
24 26 7 69
24 26 8 35
24 26 9 16
24 26 10 58
24 26 11 53
24 26 12 89
24 26 13 55
24 26 14 31
24 26 15 21
24 26 16 39
24 26 17 78
24 26 18 25
24 26 19 19
24 26 20 48
24 26 21 63
24 26 22 67
24 26 23 71
24 26 24 75
24 26 25 79
24 26 26 83
24 26 27 37
24 26 28 40
24 26 29 64
24 26 30 4
24 27 0 21
24 27 1 79
24 27 2 5
24 27 3 33
24 27 4 20
24 27 5 64
24 27 6 29
24 27 7 60
24 27 8 76
24 27 9 32
24 27 10 44
24 27 11 88
24 27 12 38
24 27 13 45
24 27 14 16
24 27 15 46
24 27 16 77
24 27 17 9
24 27 18 28
24 27 19 48
24 27 20 15
24 27 21 66
24 27 22 70
24 27 23 0
24 27 24 78
24 27 25 3
24 27 26 51
24 27 27 47
24 27 28 25
24 27 29 67
24 27 30 22
24 28 0 78
24 28 1 82
24 28 2 37
24 28 3 90
24 28 4 8
24 28 5 67
24 28 6 50
24 28 7 75
24 28 8 48
24 28 9 42
24 28 10 87
24 28 11 34
24 28 12 61
24 28 13 68
24 28 14 51
24 28 15 15
24 28 16 18
24 28 17 13
24 28 18 43
24 28 19 25
24 28 20 65
24 28 21 69
24 28 22 26
24 28 23 77
24 28 24 14
24 28 25 59
24 28 26 46
24 28 27 62
24 28 28 66
24 28 29 2
24 28 30 74
24 29 0 81
24 29 1 46
24 29 2 89
24 29 3 62
24 29 4 66
24 29 5 61
24 29 6 10
24 29 7 51
24 29 8 50
24 29 9 86
24 29 10 56
24 29 11 55
24 29 12 6
24 29 13 38
24 29 14 5
24 29 15 9
24 29 16 83
24 29 17 54
24 29 18 20
24 29 19 15
24 29 20 7
24 29 21 21
24 29 22 12
24 29 23 30
24 29 24 43
24 29 25 41
24 29 26 57
24 29 27 65
24 29 28 28
24 29 29 73
24 29 30 77
24 30 0 55
24 30 1 7
24 30 2 47
24 30 3 65
24 30 4 51
24 30 5 13
24 30 6 49
24 30 7 59
24 30 8 85
24 30 9 60
24 30 10 41
24 30 11 26
24 30 12 44
24 30 13 74
24 30 14 8
24 30 15 20
24 30 16 40
24 30 17 18
24 30 18 63
24 30 19 67
24 30 20 25
24 30 21 17
24 30 22 1
24 30 23 61
24 30 24 31
24 30 25 16
24 30 26 6
24 30 27 68
24 30 28 72
24 30 29 3
24 30 30 80
25 0 0 48
25 0 1 65
25 0 2 52
25 0 3 14
25 0 4 50
25 0 5 60
25 0 6 85
25 0 7 61
25 0 8 42
25 0 9 27
25 0 10 45
25 0 11 74
25 0 12 9
25 0 13 21
25 0 14 41
25 0 15 19
25 0 16 63
25 0 17 67
25 0 18 26
25 0 19 18
25 0 20 2
25 0 21 31
25 0 22 32
25 0 23 17
25 0 24 7
25 0 25 68
25 0 26 72
25 0 27 4
25 0 28 80
25 0 29 56
25 0 30 8
25 1 0 18
25 1 1 41
25 1 2 0
25 1 3 34
25 1 4 48
25 1 5 84
25 1 6 40
25 1 7 53
25 1 8 10
25 1 9 36
25 1 10 73
25 1 11 24
25 1 12 27
25 1 13 38
25 1 14 16
25 1 15 22
25 1 16 66
25 1 17 7
25 1 18 74
25 1 19 21
25 1 20 43
25 1 21 42
25 1 22 90
25 1 23 63
25 1 24 17
25 1 25 71
25 1 26 4
25 1 27 79
25 1 28 35
25 1 29 87
25 1 30 26
25 2 0 57
25 2 1 5
25 2 2 36
25 2 3 47
25 2 4 83
25 2 5 55
25 2 6 53
25 2 7 64
25 2 8 46
25 2 9 72
25 2 10 76
25 2 11 12
25 2 12 43
25 2 13 88
25 2 14 7
25 2 15 65
25 2 16 13
25 2 17 73
25 2 18 3
25 2 19 31
25 2 20 42
25 2 21 89
25 2 22 27
25 2 23 24
25 2 24 70
25 2 25 74
25 2 26 78
25 2 27 45
25 2 28 29
25 2 29 90
25 2 30 63
25 3 0 26
25 3 1 61
25 3 2 33
25 3 3 82
25 3 4 38
25 3 5 45
25 3 6 1
25 3 7 37
25 3 8 71
25 3 9 75
25 3 10 6
25 3 11 48
25 3 12 28
25 3 13 24
25 3 14 22
25 3 15 68
25 3 16 72
25 3 17 76
25 3 18 51
25 3 19 32
25 3 20 29
25 3 21 15
25 3 22 11
25 3 23 69
25 3 24 73
25 3 25 77
25 3 26 46
25 3 27 5
25 3 28 89
25 3 29 13
25 3 30 42
25 4 0 61
25 4 1 42
25 4 2 81
25 4 3 35
25 4 4 40
25 4 5 62
25 4 6 46
25 4 7 70
25 4 8 20
25 4 9 2
25 4 10 53
25 4 11 86
25 4 12 18
25 4 13 63
25 4 14 26
25 4 15 71
25 4 16 75
25 4 17 41
25 4 18 45
25 4 19 87
25 4 20 17
25 4 21 64
25 4 22 7
25 4 23 72
25 4 24 22
25 4 25 32
25 4 26 19
25 4 27 28
25 4 28 1
25 4 29 47
25 4 30 6
25 5 0 32
25 5 1 80
25 5 2 59
25 5 3 58
25 5 4 60
25 5 5 56
25 5 6 69
25 5 7 1
25 5 8 23
25 5 9 53
25 5 10 85
25 5 11 11
25 5 12 8
25 5 13 19
25 5 14 70
25 5 15 6
25 5 16 38
25 5 17 54
25 5 18 9
25 5 19 0
25 5 20 4
25 5 21 67
25 5 22 71
25 5 23 30
25 5 24 37
25 5 25 83
25 5 26 87
25 5 27 10
25 5 28 48
25 5 29 68
25 5 30 46
25 6 0 79
25 6 1 44
25 6 2 43
25 6 3 9
25 6 4 34
25 6 5 20
25 6 6 29
25 6 7 76
25 6 8 54
25 6 9 84
25 6 10 88
25 6 11 14
25 6 12 24
25 6 13 69
25 6 14 17
25 6 15 51
25 6 16 47
25 6 17 22
25 6 18 13
25 6 19 62
25 6 20 66
25 6 21 70
25 6 22 74
25 6 23 45
25 6 24 27
25 6 25 3
25 6 26 11
25 6 27 31
25 6 28 10
25 6 29 58
25 6 30 53
25 7 0 39
25 7 1 35
25 7 2 90
25 7 3 59
25 7 4 67
25 7 5 23
25 7 6 75
25 7 7 34
25 7 8 0
25 7 9 18
25 7 10 27
25 7 11 64
25 7 12 19
25 7 13 3
25 7 14 56
25 7 15 57
25 7 16 1
25 7 17 88
25 7 18 40
25 7 19 65
25 7 20 69
25 7 21 73
25 7 22 48
25 7 23 22
25 7 24 11
25 7 25 14
25 7 26 44
25 7 27 17
25 7 28 33
25 7 29 37
25 7 30 78
25 8 0 41
25 8 1 89
25 8 2 38
25 8 3 66
25 8 4 26
25 8 5 9
25 8 6 55
25 8 7 82
25 8 8 86
25 8 9 14
25 8 10 23
25 8 11 67
25 8 12 29
25 8 13 61
25 8 14 36
25 8 15 83
25 8 16 7
25 8 17 27
25 8 18 19
25 8 19 11
25 8 20 72
25 8 21 34
25 8 22 20
25 8 23 6
25 8 24 88
25 8 25 31
25 8 26 17
25 8 27 57
25 8 28 53
25 8 29 77
25 8 30 51
25 9 0 7
25 9 1 50
25 9 2 65
25 9 3 3
25 9 4 18
25 9 5 47
25 9 6 81
25 9 7 85
25 9 8 30
25 9 9 62
25 9 10 66
25 9 11 17
25 9 12 45
25 9 13 51
25 9 14 20
25 9 15 86
25 9 16 90
25 9 17 63
25 9 18 67
25 9 19 71
25 9 20 57
25 9 21 27
25 9 22 83
25 9 23 21
25 9 24 43
25 9 25 64
25 9 26 40
25 9 27 61
25 9 28 76
25 9 29 59
25 9 30 55
25 10 0 37
25 10 1 29
25 10 2 68
25 10 3 23
25 10 4 33
25 10 5 80
25 10 6 84
25 10 7 88
25 10 8 41
25 10 9 65
25 10 10 30
25 10 11 55
25 10 12 56
25 10 13 2
25 10 14 85
25 10 15 89
25 10 16 20
25 10 17 66
25 10 18 70
25 10 19 47
25 10 20 1
25 10 21 16
25 10 22 86
25 10 23 53
25 10 24 12
25 10 25 46
25 10 26 42
25 10 27 75
25 10 28 44
25 10 29 48
25 10 30 87
25 11 0 63
25 11 1 13
25 11 2 30
25 11 3 36
25 11 4 79
25 11 5 8
25 11 6 0
25 11 7 23
25 11 8 12
25 11 9 68
25 11 10 34
25 11 11 61
25 11 12 21
25 11 13 84
25 11 14 27
25 11 15 5
25 11 16 65
25 11 17 69
25 11 18 58
25 11 19 10
25 11 20 24
25 11 21 85
25 11 22 47
25 11 23 62
25 11 24 38
25 11 25 37
25 11 26 74
25 11 27 59
25 11 28 54
25 11 29 2
25 11 30 50
25 12 0 8
25 12 1 28
25 12 2 44
25 12 3 78
25 12 4 82
25 12 5 86
25 12 6 90
25 12 7 63
25 12 8 18
25 12 9 58
25 12 10 43
25 12 11 16
25 12 12 0
25 12 13 87
25 12 14 23
25 12 15 1
25 12 16 19
25 12 17 59
25 12 18 76
25 12 19 27
25 12 20 84
25 12 21 56
25 12 22 52
25 12 23 54
25 12 24 53
25 12 25 73
25 12 26 49
25 12 27 35
25 12 28 2
25 12 29 33
25 12 30 5
25 13 0 23
25 13 1 49
25 13 2 77
25 13 3 81
25 13 4 85
25 13 5 89
25 13 6 6
25 13 7 28
25 13 8 36
25 13 9 40
25 13 10 2
25 13 11 82
25 13 12 26
25 13 13 5
25 13 14 63
25 13 15 67
25 13 16 59
25 13 17 75
25 13 18 21
25 13 19 30
25 13 20 35
25 13 21 10
25 13 22 41
25 13 23 46
25 13 24 72
25 13 25 39
25 13 26 51
25 13 27 9
25 13 28 34
25 13 29 8
25 13 30 16
25 14 0 35
25 14 1 20
25 14 2 80
25 14 3 84
25 14 4 15
25 14 5 19
25 14 6 10
25 14 7 49
25 14 8 61
25 14 9 13
25 14 10 81
25 14 11 0
25 14 12 11
25 14 13 8
25 14 14 66
25 14 15 33
25 14 16 27
25 14 17 18
25 14 18 82
25 14 19 44
25 14 20 90
25 14 21 36
25 14 22 43
25 14 23 71
25 14 24 48
25 14 25 51
25 14 26 83
25 14 27 39
25 14 28 9
25 14 29 64
25 14 30 68
25 15 0 28
25 15 1 79
25 15 2 12
25 15 3 87
25 15 4 2
25 15 5 64
25 15 6 39
25 15 7 50
25 15 8 76
25 15 9 80
25 15 10 24
25 15 11 88
25 15 12 1
25 15 13 65
25 15 14 38
25 15 15 17
25 15 16 30
25 15 17 81
25 15 18 35
25 15 19 89
25 15 20 59
25 15 21 57
25 15 22 70
25 15 23 34
25 15 24 45
25 15 25 13
25 15 26 55
25 15 27 18
25 15 28 22
25 15 29 0
25 15 30 36
25 16 0 78
25 16 1 82
25 16 2 8
25 16 3 4
25 16 4 21
25 16 5 39
25 16 6 38
25 16 7 75
25 16 8 79
25 16 9 83
25 16 10 28
25 16 11 26
25 16 12 22
25 16 13 43
25 16 14 13
25 16 15 76
25 16 16 80
25 16 17 45
25 16 18 18
25 16 19 59
25 16 20 41
25 16 21 69
25 16 22 33
25 16 23 47
25 16 24 24
25 16 25 40
25 16 26 6
25 16 27 62
25 16 28 14
25 16 29 46
25 16 30 74
25 17 0 81
25 17 1 26
25 17 2 23
25 17 3 62
25 17 4 49
25 17 5 50
25 17 6 16
25 17 7 78
25 17 8 6
25 17 9 86
25 17 10 12
25 17 11 63
25 17 12 40
25 17 13 7
25 17 14 75
25 17 15 79
25 17 16 36
25 17 17 87
25 17 18 39
25 17 19 51
25 17 20 68
25 17 21 52
25 17 22 31
25 17 23 14
25 17 24 60
25 17 25 88
25 17 26 33
25 17 27 21
25 17 28 56
25 17 29 73
25 17 30 77
25 18 0 2
25 18 1 88
25 18 2 54
25 18 3 39
25 18 4 37
25 18 5 29
25 18 6 77
25 18 7 12
25 18 8 85
25 18 9 28
25 18 10 3
25 18 11 57
25 18 12 23
25 18 13 26
25 18 14 78
25 18 15 42
25 18 16 9
25 18 17 56
25 18 18 55
25 18 19 67
25 18 20 61
25 18 21 60
25 18 22 19
25 18 23 50
25 18 24 1
25 18 25 24
25 18 26 64
25 18 27 34
25 18 28 72
25 18 29 15
25 18 30 80
25 19 0 12
25 19 1 2
25 19 2 34
25 19 3 52
25 19 4 17
25 19 5 1
25 19 6 24
25 19 7 84
25 19 8 88
25 19 9 0
25 19 10 37
25 19 11 29
25 19 12 10
25 19 13 77
25 19 14 60
25 19 15 23
25 19 16 50
25 19 17 46
25 19 18 66
25 19 19 38
25 19 20 32
25 19 21 5
25 19 22 61
25 19 23 86
25 19 24 90
25 19 25 11
25 19 26 43
25 19 27 71
25 19 28 15
25 19 29 79
25 19 30 83
25 20 0 90
25 20 1 33
25 20 2 60
25 20 3 19
25 20 4 6
25 20 5 28
25 20 6 11
25 20 7 3
25 20 8 29
25 20 9 32
25 20 10 68
25 20 11 9
25 20 12 13
25 20 13 34
25 20 14 12
25 20 15 35
25 20 16 42
25 20 17 65
25 20 18 36
25 20 19 48
25 20 20 8
25 20 21 51
25 20 22 85
25 20 23 89
25 20 24 62
25 20 25 47
25 20 26 70
25 20 27 74
25 20 28 78
25 20 29 21
25 20 30 86
25 21 0 40
25 21 1 43
25 21 2 4
25 21 3 74
25 21 4 23
25 21 5 82
25 21 6 86
25 21 7 24
25 21 8 32
25 21 9 5
25 21 10 0
25 21 11 3
25 21 12 41
25 21 13 83
25 21 14 49
25 21 15 56
25 21 16 64
25 21 17 58
25 21 18 53
25 21 19 76
25 21 20 45
25 21 21 84
25 21 22 10
25 21 23 55
25 21 24 31
25 21 25 69
25 21 26 73
25 21 27 77
25 21 28 16
25 21 29 85
25 21 30 89
25 22 0 46
25 22 1 15
25 22 2 73
25 22 3 18
25 22 4 81
25 22 5 85
25 22 6 3
25 22 7 60
25 22 8 21
25 22 9 9
25 22 10 74
25 22 11 44
25 22 12 2
25 22 13 45
25 22 14 61
25 22 15 63
25 22 16 52
25 22 17 38
25 22 18 75
25 22 19 36
25 22 20 20
25 22 21 87
25 22 22 29
25 22 23 58
25 22 24 13
25 22 25 72
25 22 26 28
25 22 27 27
25 22 28 84
25 22 29 24
25 22 30 49
25 23 0 68
25 23 1 72
25 23 2 76
25 23 3 80
25 23 4 84
25 23 5 88
25 23 6 37
25 23 7 30
25 23 8 24
25 23 9 73
25 23 10 58
25 23 11 28
25 23 12 50
25 23 13 35
25 23 14 62
25 23 15 47
25 23 16 46
25 23 17 2
25 23 18 57
25 23 19 82
25 23 20 5
25 23 21 90
25 23 22 51
25 23 23 67
25 23 24 71
25 23 25 9
25 23 26 15
25 23 27 14
25 23 28 87
25 23 29 43
25 23 30 54
25 24 0 71
25 24 1 75
25 24 2 79
25 24 3 17
25 24 4 4
25 24 5 32
25 24 6 64
25 24 7 68
25 24 8 72
25 24 9 44
25 24 10 9
25 24 11 50
25 24 12 53
25 24 13 56
25 24 14 59
25 24 15 31
25 24 16 15
25 24 17 37
25 24 18 81
25 24 19 20
25 24 20 89
25 24 21 49
25 24 22 66
25 24 23 70
25 24 24 74
25 24 25 12
25 24 26 82
25 24 27 11
25 24 28 39
25 24 29 42
25 24 30 29
25 25 0 30
25 25 1 78
25 25 2 82
25 25 3 86
25 25 4 61
25 25 5 15
25 25 6 12
25 25 7 71
25 25 8 55
25 25 9 3
25 25 10 35
25 25 11 34
25 25 12 25
25 25 13 46
25 25 14 31
25 25 15 16
25 25 16 54
25 25 17 80
25 25 18 7
25 25 19 4
25 25 20 44
25 25 21 65
25 25 22 69
25 25 23 73
25 25 24 20
25 25 25 81
25 25 26 14
25 25 27 58
25 25 28 38
25 25 29 5
25 25 30 70
25 26 0 77
25 26 1 81
25 26 2 85
25 26 3 54
25 26 4 62
25 26 5 30
25 26 6 70
25 26 7 45
25 26 8 4
25 26 9 43
25 26 10 60
25 26 11 90
25 26 12 51
25 26 13 36
25 26 14 10
25 26 15 37
25 26 16 79
25 26 17 83
25 26 18 87
25 26 19 52
25 26 20 15
25 26 21 2
25 26 22 72
25 26 23 76
25 26 24 80
25 26 25 21
25 26 26 35
25 26 27 32
25 26 28 8
25 26 29 69
25 26 30 7
25 27 0 80
25 27 1 84
25 27 2 50
25 27 3 57
25 27 4 14
25 27 5 69
25 27 6 36
25 27 7 17
25 27 8 59
25 27 9 54
25 27 10 89
25 27 11 56
25 27 12 32
25 27 13 22
25 27 14 40
25 27 15 78
25 27 16 26
25 27 17 20
25 27 18 49
25 27 19 63
25 27 20 67
25 27 21 71
25 27 22 75
25 27 23 79
25 27 24 83
25 27 25 38
25 27 26 41
25 27 27 64
25 27 28 5
25 27 29 4
25 27 30 10
25 28 0 6
25 28 1 34
25 28 2 21
25 28 3 64
25 28 4 30
25 28 5 61
25 28 6 76
25 28 7 33
25 28 8 45
25 28 9 88
25 28 10 39
25 28 11 46
25 28 12 17
25 28 13 47
25 28 14 77
25 28 15 10
25 28 16 29
25 28 17 49
25 28 18 16
25 28 19 66
25 28 20 70
25 28 21 1
25 28 22 78
25 28 23 4
25 28 24 52
25 28 25 48
25 28 26 26
25 28 27 67
25 28 28 23
25 28 29 22
25 28 30 79
25 29 0 38
25 29 1 90
25 29 2 9
25 29 3 67
25 29 4 51
25 29 5 75
25 29 6 49
25 29 7 43
25 29 8 87
25 29 9 35
25 29 10 31
25 29 11 68
25 29 12 52
25 29 13 16
25 29 14 19
25 29 15 14
25 29 16 44
25 29 17 26
25 29 18 65
25 29 19 69
25 29 20 27
25 29 21 77
25 29 22 15
25 29 23 60
25 29 24 47
25 29 25 62
25 29 26 66
25 29 27 3
25 29 28 74
25 29 29 78
25 29 30 82
25 30 0 89
25 30 1 62
25 30 2 66
25 30 3 31
25 30 4 11
25 30 5 52
25 30 6 51
25 30 7 86
25 30 8 57
25 30 9 56
25 30 10 7
25 30 11 39
25 30 12 6
25 30 13 10
25 30 14 83
25 30 15 55
25 30 16 21
25 30 17 16
25 30 18 8
25 30 19 22
25 30 20 13
25 30 21 0
25 30 22 44
25 30 23 42
25 30 24 58
25 30 25 65
25 30 26 29
25 30 27 73
25 30 28 77
25 30 29 81
25 30 30 47
26 0 0 66
26 0 1 32
26 0 2 12
26 0 3 53
26 0 4 52
26 0 5 86
26 0 6 58
26 0 7 57
26 0 8 8
26 0 9 40
26 0 10 7
26 0 11 11
26 0 12 83
26 0 13 56
26 0 14 22
26 0 15 17
26 0 16 9
26 0 17 23
26 0 18 14
26 0 19 1
26 0 20 45
26 0 21 43
26 0 22 59
26 0 23 65
26 0 24 30
26 0 25 73
26 0 26 77
26 0 27 81
26 0 28 48
26 0 29 89
26 0 30 62
26 1 0 53
26 1 1 15
26 1 2 51
26 1 3 61
26 1 4 85
26 1 5 31
26 1 6 43
26 1 7 28
26 1 8 46
26 1 9 74
26 1 10 10
26 1 11 22
26 1 12 42
26 1 13 20
26 1 14 63
26 1 15 67
26 1 16 27
26 1 17 19
26 1 18 3
26 1 19 32
26 1 20 33
26 1 21 18
26 1 22 8
26 1 23 68
26 1 24 72
26 1 25 5
26 1 26 80
26 1 27 57
26 1 28 9
26 1 29 49
26 1 30 65
26 2 0 1
26 2 1 35
26 2 2 49
26 2 3 84
26 2 4 41
26 2 5 54
26 2 6 11
26 2 7 37
26 2 8 73
26 2 9 25
26 2 10 28
26 2 11 39
26 2 12 17
26 2 13 23
26 2 14 66
26 2 15 8
26 2 16 74
26 2 17 22
26 2 18 44
26 2 19 43
26 2 20 90
26 2 21 63
26 2 22 18
26 2 23 71
26 2 24 5
26 2 25 79
26 2 26 36
26 2 27 87
26 2 28 27
26 2 29 19
26 2 30 42
26 3 0 37
26 3 1 48
26 3 2 83
26 3 3 56
26 3 4 54
26 3 5 64
26 3 6 47
26 3 7 72
26 3 8 76
26 3 9 13
26 3 10 44
26 3 11 88
26 3 12 8
26 3 13 65
26 3 14 14
26 3 15 73
26 3 16 4
26 3 17 32
26 3 18 43
26 3 19 89
26 3 20 28
26 3 21 25
26 3 22 70
26 3 23 74
26 3 24 78
26 3 25 46
26 3 26 30
26 3 27 90
26 3 28 63
26 3 29 58
26 3 30 6
26 4 0 34
26 4 1 82
26 4 2 39
26 4 3 46
26 4 4 2
26 4 5 38
26 4 6 71
26 4 7 75
26 4 8 7
26 4 9 49
26 4 10 29
26 4 11 25
26 4 12 23
26 4 13 68
26 4 14 72
26 4 15 76
26 4 16 52
26 4 17 33
26 4 18 30
26 4 19 16
26 4 20 12
26 4 21 69
26 4 22 73
26 4 23 77
26 4 24 47
26 4 25 6
26 4 26 89
26 4 27 14
26 4 28 43
26 4 29 27
26 4 30 31
26 5 0 81
26 5 1 36
26 5 2 41
26 5 3 62
26 5 4 47
26 5 5 70
26 5 6 21
26 5 7 3
26 5 8 54
26 5 9 86
26 5 10 19
26 5 11 63
26 5 12 27
26 5 13 71
26 5 14 75
26 5 15 42
26 5 16 46
26 5 17 87
26 5 18 18
26 5 19 64
26 5 20 8
26 5 21 72
26 5 22 23
26 5 23 33
26 5 24 20
26 5 25 29
26 5 26 2
26 5 27 48
26 5 28 7
26 5 29 31
26 5 30 43
26 6 0 60
26 6 1 59
26 6 2 61
26 6 3 57
26 6 4 69
26 6 5 2
26 6 6 24
26 6 7 54
26 6 8 85
26 6 9 12
26 6 10 9
26 6 11 20
26 6 12 70
26 6 13 7
26 6 14 39
26 6 15 55
26 6 16 10
26 6 17 1
26 6 18 5
26 6 19 67
26 6 20 71
26 6 21 0
26 6 22 38
26 6 23 83
26 6 24 87
26 6 25 11
26 6 26 49
26 6 27 68
26 6 28 47
26 6 29 33
26 6 30 80
26 7 0 44
26 7 1 10
26 7 2 35
26 7 3 21
26 7 4 30
26 7 5 76
26 7 6 55
26 7 7 84
26 7 8 88
26 7 9 15
26 7 10 25
26 7 11 69
26 7 12 18
26 7 13 52
26 7 14 48
26 7 15 23
26 7 16 14
26 7 17 62
26 7 18 66
26 7 19 70
26 7 20 74
26 7 21 46
26 7 22 28
26 7 23 4
26 7 24 12
26 7 25 32
26 7 26 11
26 7 27 59
26 7 28 54
26 7 29 79
26 7 30 45
26 8 0 90
26 8 1 60
26 8 2 67
26 8 3 24
26 8 4 75
26 8 5 35
26 8 6 1
26 8 7 19
26 8 8 28
26 8 9 64
26 8 10 20
26 8 11 4
26 8 12 57
26 8 13 58
26 8 14 2
26 8 15 88
26 8 16 41
26 8 17 65
26 8 18 69
26 8 19 73
26 8 20 49
26 8 21 23
26 8 22 12
26 8 23 15
26 8 24 45
26 8 25 18
26 8 26 34
26 8 27 38
26 8 28 78
26 8 29 40
26 8 30 36
26 9 0 39
26 9 1 66
26 9 2 27
26 9 3 10
26 9 4 56
26 9 5 82
26 9 6 86
26 9 7 15
26 9 8 24
26 9 9 67
26 9 10 30
26 9 11 31
26 9 12 37
26 9 13 83
26 9 14 8
26 9 15 28
26 9 16 20
26 9 17 12
26 9 18 72
26 9 19 35
26 9 20 21
26 9 21 7
26 9 22 88
26 9 23 32
26 9 24 18
26 9 25 58
26 9 26 54
26 9 27 77
26 9 28 52
26 9 29 42
26 9 30 89
26 10 0 65
26 10 1 4
26 10 2 19
26 10 3 48
26 10 4 81
26 10 5 85
26 10 6 0
26 10 7 62
26 10 8 66
26 10 9 18
26 10 10 46
26 10 11 52
26 10 12 21
26 10 13 86
26 10 14 90
26 10 15 63
26 10 16 67
26 10 17 71
26 10 18 58
26 10 19 28
26 10 20 83
26 10 21 22
26 10 22 44
26 10 23 64
26 10 24 41
26 10 25 31
26 10 26 76
26 10 27 60
26 10 28 56
26 10 29 8
26 10 30 51
26 11 0 68
26 11 1 24
26 11 2 34
26 11 3 80
26 11 4 84
26 11 5 88
26 11 6 42
26 11 7 65
26 11 8 0
26 11 9 56
26 11 10 57
26 11 11 3
26 11 12 85
26 11 13 89
26 11 14 21
26 11 15 66
26 11 16 70
26 11 17 48
26 11 18 2
26 11 19 17
26 11 20 86
26 11 21 54
26 11 22 13
26 11 23 47
26 11 24 43
26 11 25 75
26 11 26 45
26 11 27 49
26 11 28 87
26 11 29 38
26 11 30 30
26 12 0 0
26 12 1 37
26 12 2 79
26 12 3 9
26 12 4 1
26 12 5 24
26 12 6 13
26 12 7 68
26 12 8 35
26 12 9 31
26 12 10 22
26 12 11 84
26 12 12 28
26 12 13 6
26 12 14 65
26 12 15 69
26 12 16 59
26 12 17 11
26 12 18 25
26 12 19 85
26 12 20 48
26 12 21 62
26 12 22 39
26 12 23 38
26 12 24 74
26 12 25 60
26 12 26 55
26 12 27 3
26 12 28 51
26 12 29 63
26 12 30 14
26 13 0 45
26 13 1 78
26 13 2 82
26 13 3 86
26 13 4 90
26 13 5 63
26 13 6 19
26 13 7 59
26 13 8 44
26 13 9 17
26 13 10 1
26 13 11 87
26 13 12 24
26 13 13 2
26 13 14 20
26 13 15 60
26 13 16 76
26 13 17 28
26 13 18 84
26 13 19 57
26 13 20 53
26 13 21 55
26 13 22 54
26 13 23 73
26 13 24 50
26 13 25 36
26 13 26 3
26 13 27 34
26 13 28 6
26 13 29 9
26 13 30 29
26 14 0 77
26 14 1 81
26 14 2 85
26 14 3 89
26 14 4 7
26 14 5 29
26 14 6 37
26 14 7 41
26 14 8 3
26 14 9 82
26 14 10 27
26 14 11 6
26 14 12 63
26 14 13 67
26 14 14 60
26 14 15 75
26 14 16 22
26 14 17 0
26 14 18 36
26 14 19 11
26 14 20 42
26 14 21 47
26 14 22 72
26 14 23 40
26 14 24 52
26 14 25 10
26 14 26 35
26 14 27 9
26 14 28 17
26 14 29 24
26 14 30 50
26 15 0 80
26 15 1 84
26 15 2 16
26 15 3 20
26 15 4 11
26 15 5 50
26 15 6 31
26 15 7 14
26 15 8 81
26 15 9 1
26 15 10 12
26 15 11 9
26 15 12 66
26 15 13 34
26 15 14 28
26 15 15 19
26 15 16 82
26 15 17 45
26 15 18 90
26 15 19 37
26 15 20 44
26 15 21 71
26 15 22 49
26 15 23 52
26 15 24 83
26 15 25 40
26 15 26 10
26 15 27 64
26 15 28 68
26 15 29 36
26 15 30 21
26 16 0 13
26 16 1 87
26 16 2 3
26 16 3 64
26 16 4 40
26 16 5 51
26 16 6 76
26 16 7 80
26 16 8 25
26 16 9 88
26 16 10 2
26 16 11 65
26 16 12 39
26 16 13 18
26 16 14 0
26 16 15 81
26 16 16 36
26 16 17 89
26 16 18 60
26 16 19 58
26 16 20 70
26 16 21 35
26 16 22 46
26 16 23 14
26 16 24 56
26 16 25 19
26 16 26 23
26 16 27 1
26 16 28 37
26 16 29 29
26 16 30 79
26 17 0 9
26 17 1 5
26 17 2 22
26 17 3 40
26 17 4 39
26 17 5 75
26 17 6 79
26 17 7 83
26 17 8 29
26 17 9 27
26 17 10 23
26 17 11 44
26 17 12 14
26 17 13 76
26 17 14 80
26 17 15 46
26 17 16 19
26 17 17 60
26 17 18 42
26 17 19 69
26 17 20 34
26 17 21 48
26 17 22 25
26 17 23 41
26 17 24 7
26 17 25 62
26 17 26 15
26 17 27 47
26 17 28 74
26 17 29 78
26 17 30 82
26 18 0 24
26 18 1 62
26 18 2 50
26 18 3 51
26 18 4 17
26 18 5 78
26 18 6 7
26 18 7 86
26 18 8 13
26 18 9 63
26 18 10 41
26 18 11 8
26 18 12 75
26 18 13 79
26 18 14 37
26 18 15 87
26 18 16 40
26 18 17 52
26 18 18 68
26 18 19 53
26 18 20 32
26 18 21 15
26 18 22 61
26 18 23 88
26 18 24 34
26 18 25 22
26 18 26 57
26 18 27 73
26 18 28 77
26 18 29 81
26 18 30 27
26 19 0 55
26 19 1 40
26 19 2 38
26 19 3 30
26 19 4 77
26 19 5 13
26 19 6 85
26 19 7 29
26 19 8 4
26 19 9 58
26 19 10 24
26 19 11 27
26 19 12 78
26 19 13 43
26 19 14 10
26 19 15 57
26 19 16 56
26 19 17 67
26 19 18 31
26 19 19 61
26 19 20 20
26 19 21 51
26 19 22 2
26 19 23 25
26 19 24 64
26 19 25 35
26 19 26 72
26 19 27 16
26 19 28 80
26 19 29 3
26 19 30 88
26 20 0 35
26 20 1 53
26 20 2 18
26 20 3 2
26 20 4 25
26 20 5 84
26 20 6 88
26 20 7 1
26 20 8 38
26 20 9 30
26 20 10 11
26 20 11 77
26 20 12 61
26 20 13 24
26 20 14 51
26 20 15 47
26 20 16 66
26 20 17 39
26 20 18 33
26 20 19 6
26 20 20 31
26 20 21 86
26 20 22 90
26 20 23 12
26 20 24 44
26 20 25 71
26 20 26 16
26 20 27 79
26 20 28 83
26 20 29 13
26 20 30 3
26 21 0 61
26 21 1 20
26 21 2 7
26 21 3 29
26 21 4 12
26 21 5 4
26 21 6 30
26 21 7 33
26 21 8 68
26 21 9 10
26 21 10 14
26 21 11 35
26 21 12 13
26 21 13 36
26 21 14 43
26 21 15 65
26 21 16 37
26 21 17 49
26 21 18 9
26 21 19 52
26 21 20 85
26 21 21 89
26 21 22 62
26 21 23 48
26 21 24 70
26 21 25 74
26 21 26 78
26 21 27 22
26 21 28 86
26 21 29 90
26 21 30 34
26 22 0 5
26 22 1 74
26 22 2 24
26 22 3 82
26 22 4 86
26 22 5 25
26 22 6 33
26 22 7 6
26 22 8 1
26 22 9 4
26 22 10 42
26 22 11 83
26 22 12 50
26 22 13 57
26 22 14 64
26 22 15 59
26 22 16 54
26 22 17 76
26 22 18 46
26 22 19 84
26 22 20 11
26 22 21 56
26 22 22 32
26 22 23 69
26 22 24 73
26 22 25 77
26 22 26 17
26 22 27 85
26 22 28 89
26 22 29 41
26 22 30 44
26 23 0 73
26 23 1 19
26 23 2 81
26 23 3 85
26 23 4 4
26 23 5 61
26 23 6 22
26 23 7 10
26 23 8 74
26 23 9 45
26 23 10 3
26 23 11 46
26 23 12 31
26 23 13 63
26 23 14 53
26 23 15 39
26 23 16 75
26 23 17 37
26 23 18 21
26 23 19 87
26 23 20 30
26 23 21 59
26 23 22 14
26 23 23 72
26 23 24 29
26 23 25 28
26 23 26 84
26 23 27 25
26 23 28 50
26 23 29 47
26 23 30 16
26 24 0 76
26 24 1 80
26 24 2 84
26 24 3 88
26 24 4 38
26 24 5 0
26 24 6 25
26 24 7 73
26 24 8 59
26 24 9 29
26 24 10 51
26 24 11 36
26 24 12 62
26 24 13 48
26 24 14 47
26 24 15 3
26 24 16 58
26 24 17 82
26 24 18 6
26 24 19 90
26 24 20 52
26 24 21 67
26 24 22 71
26 24 23 10
26 24 24 16
26 24 25 15
26 24 26 87
26 24 27 44
26 24 28 55
26 24 29 68
26 24 30 72
26 25 0 79
26 25 1 18
26 25 2 5
26 25 3 33
26 25 4 64
26 25 5 68
26 25 6 72
26 25 7 45
26 25 8 10
26 25 9 51
26 25 10 54
26 25 11 57
26 25 12 60
26 25 13 32
26 25 14 16
26 25 15 38
26 25 16 81
26 25 17 21
26 25 18 89
26 25 19 50
26 25 20 66
26 25 21 70
26 25 22 74
26 25 23 13
26 25 24 82
26 25 25 12
26 25 26 40
26 25 27 43
26 25 28 30
26 25 29 71
26 25 30 75
26 26 0 82
26 26 1 86
26 26 2 31
26 26 3 16
26 26 4 13
26 26 5 71
26 26 6 56
26 26 7 4
26 26 8 36
26 26 9 35
26 26 10 26
26 26 11 47
26 26 12 32
26 26 13 17
26 26 14 55
26 26 15 80
26 26 16 8
26 26 17 5
26 26 18 45
26 26 19 65
26 26 20 69
26 26 21 73
26 26 22 21
26 26 23 81
26 26 24 15
26 26 25 59
26 26 26 39
26 26 27 6
26 26 28 70
26 26 29 0
26 26 30 78
26 27 0 85
26 27 1 55
26 27 2 62
26 27 3 0
26 27 4 70
26 27 5 46
26 27 6 5
26 27 7 44
26 27 8 61
26 27 9 90
26 27 10 52
26 27 11 37
26 27 12 11
26 27 13 38
26 27 14 79
26 27 15 83
26 27 16 87
26 27 17 53
26 27 18 16
26 27 19 3
26 27 20 72
26 27 21 76
26 27 22 80
26 27 23 22
26 27 24 36
26 27 25 33
26 27 26 9
26 27 27 69
26 27 28 8
26 27 29 77
26 27 30 81
26 28 0 51
26 28 1 58
26 28 2 15
26 28 3 69
26 28 4 37
26 28 5 18
26 28 6 60
26 28 7 55
26 28 8 89
26 28 9 57
26 28 10 33
26 28 11 23
26 28 12 41
26 28 13 78
26 28 14 27
26 28 15 21
26 28 16 50
26 28 17 63
26 28 18 67
26 28 19 71
26 28 20 75
26 28 21 79
26 28 22 83
26 28 23 39
26 28 24 42
26 28 25 64
26 28 26 6
26 28 27 5
26 28 28 11
26 28 29 80
26 28 30 84
26 29 0 22
26 29 1 64
26 29 2 0
26 29 3 31
26 29 4 76
26 29 5 34
26 29 6 46
26 29 7 88
26 29 8 40
26 29 9 47
26 29 10 18
26 29 11 48
26 29 12 77
26 29 13 11
26 29 14 30
26 29 15 50
26 29 16 17
26 29 17 66
26 29 18 70
26 29 19 2
26 29 20 78
26 29 21 5
26 29 22 53
26 29 23 49
26 29 24 27
26 29 25 67
26 29 26 24
26 29 27 23
26 29 28 79
26 29 29 7
26 29 30 35
26 30 0 10
26 30 1 67
26 30 2 52
26 30 3 75
26 30 4 50
26 30 5 44
26 30 6 87
26 30 7 36
26 30 8 32
26 30 9 68
26 30 10 53
26 30 11 17
26 30 12 20
26 30 13 15
26 30 14 45
26 30 15 27
26 30 16 65
26 30 17 69
26 30 18 28
26 30 19 77
26 30 20 16
26 30 21 61
26 30 22 48
26 30 23 62
26 30 24 66
26 30 25 4
26 30 26 74
26 30 27 78
26 30 28 82
26 30 29 39
26 30 30 90
27 0 0 53
27 0 1 75
27 0 2 51
27 0 3 45
27 0 4 87
27 0 5 37
27 0 6 33
27 0 7 68
27 0 8 54
27 0 9 18
27 0 10 21
27 0 11 16
27 0 12 46
27 0 13 28
27 0 14 65
27 0 15 69
27 0 16 29
27 0 17 77
27 0 18 17
27 0 19 31
27 0 20 49
27 0 21 62
27 0 22 66
27 0 23 5
27 0 24 74
27 0 25 78
27 0 26 82
27 0 27 40
27 0 28 90
27 0 29 11
27 0 30 67
27 1 0 13
27 1 1 54
27 1 2 53
27 1 3 86
27 1 4 59
27 1 5 58
27 1 6 9
27 1 7 41
27 1 8 8
27 1 9 12
27 1 10 83
27 1 11 57
27 1 12 23
27 1 13 18
27 1 14 10
27 1 15 24
27 1 16 15
27 1 17 2
27 1 18 46
27 1 19 44
27 1 20 60
27 1 21 65
27 1 22 0
27 1 23 73
27 1 24 77
27 1 25 81
27 1 26 49
27 1 27 89
27 1 28 62
27 1 29 66
27 1 30 33
27 2 0 52
27 2 1 31
27 2 2 85
27 2 3 32
27 2 4 44
27 2 5 29
27 2 6 47
27 2 7 74
27 2 8 11
27 2 9 23
27 2 10 43
27 2 11 21
27 2 12 63
27 2 13 67
27 2 14 28
27 2 15 20
27 2 16 4
27 2 17 33
27 2 18 34
27 2 19 19
27 2 20 9
27 2 21 68
27 2 22 72
27 2 23 6
27 2 24 80
27 2 25 58
27 2 26 10
27 2 27 50
27 2 28 65
27 2 29 54
27 2 30 16
27 3 0 50
27 3 1 84
27 3 2 42
27 3 3 55
27 3 4 12
27 3 5 38
27 3 6 73
27 3 7 26
27 3 8 29
27 3 9 40
27 3 10 18
27 3 11 24
27 3 12 66
27 3 13 9
27 3 14 74
27 3 15 23
27 3 16 45
27 3 17 44
27 3 18 90
27 3 19 63
27 3 20 19
27 3 21 71
27 3 22 6
27 3 23 79
27 3 24 37
27 3 25 87
27 3 26 28
27 3 27 20
27 3 28 43
27 3 29 2
27 3 30 36
27 4 0 83
27 4 1 57
27 4 2 55
27 4 3 64
27 4 4 48
27 4 5 72
27 4 6 76
27 4 7 14
27 4 8 45
27 4 9 88
27 4 10 9
27 4 11 65
27 4 12 15
27 4 13 73
27 4 14 5
27 4 15 33
27 4 16 44
27 4 17 89
27 4 18 29
27 4 19 26
27 4 20 70
27 4 21 74
27 4 22 78
27 4 23 47
27 4 24 0
27 4 25 90
27 4 26 63
27 4 27 59
27 4 28 7
27 4 29 38
27 4 30 49
27 5 0 40
27 5 1 47
27 5 2 3
27 5 3 39
27 5 4 71
27 5 5 75
27 5 6 8
27 5 7 50
27 5 8 30
27 5 9 26
27 5 10 24
27 5 11 68
27 5 12 72
27 5 13 76
27 5 14 53
27 5 15 34
27 5 16 0
27 5 17 17
27 5 18 13
27 5 19 69
27 5 20 73
27 5 21 77
27 5 22 48
27 5 23 7
27 5 24 89
27 5 25 15
27 5 26 44
27 5 27 28
27 5 28 32
27 5 29 35
27 5 30 82
27 6 0 42
27 6 1 62
27 6 2 48
27 6 3 70
27 6 4 22
27 6 5 4
27 6 6 55
27 6 7 86
27 6 8 20
27 6 9 63
27 6 10 28
27 6 11 71
27 6 12 75
27 6 13 43
27 6 14 47
27 6 15 87
27 6 16 19
27 6 17 64
27 6 18 9
27 6 19 72
27 6 20 24
27 6 21 34
27 6 22 21
27 6 23 30
27 6 24 3
27 6 25 49
27 6 26 8
27 6 27 32
27 6 28 44
27 6 29 81
27 6 30 37
27 7 0 31
27 7 1 58
27 7 2 69
27 7 3 3
27 7 4 25
27 7 5 55
27 7 6 85
27 7 7 13
27 7 8 10
27 7 9 21
27 7 10 70
27 7 11 8
27 7 12 40
27 7 13 56
27 7 14 11
27 7 15 2
27 7 16 6
27 7 17 67
27 7 18 71
27 7 19 1
27 7 20 39
27 7 21 83
27 7 22 87
27 7 23 12
27 7 24 50
27 7 25 68
27 7 26 48
27 7 27 34
27 7 28 80
27 7 29 61
27 7 30 60
27 8 0 36
27 8 1 22
27 8 2 0
27 8 3 76
27 8 4 56
27 8 5 84
27 8 6 88
27 8 7 16
27 8 8 26
27 8 9 69
27 8 10 19
27 8 11 53
27 8 12 49
27 8 13 24
27 8 14 15
27 8 15 62
27 8 16 66
27 8 17 70
27 8 18 74
27 8 19 47
27 8 20 29
27 8 21 5
27 8 22 13
27 8 23 33
27 8 24 12
27 8 25 60
27 8 26 55
27 8 27 79
27 8 28 46
27 8 29 45
27 8 30 11
27 9 0 67
27 9 1 25
27 9 2 75
27 9 3 36
27 9 4 2
27 9 5 20
27 9 6 29
27 9 7 64
27 9 8 21
27 9 9 5
27 9 10 58
27 9 11 59
27 9 12 3
27 9 13 88
27 9 14 42
27 9 15 65
27 9 16 69
27 9 17 73
27 9 18 50
27 9 19 24
27 9 20 13
27 9 21 16
27 9 22 46
27 9 23 19
27 9 24 35
27 9 25 39
27 9 26 78
27 9 27 41
27 9 28 37
27 9 29 90
27 9 30 61
27 10 0 28
27 10 1 11
27 10 2 57
27 10 3 82
27 10 4 86
27 10 5 16
27 10 6 25
27 10 7 67
27 10 8 0
27 10 9 32
27 10 10 38
27 10 11 83
27 10 12 9
27 10 13 29
27 10 14 21
27 10 15 13
27 10 16 72
27 10 17 36
27 10 18 22
27 10 19 8
27 10 20 88
27 10 21 33
27 10 22 19
27 10 23 59
27 10 24 55
27 10 25 77
27 10 26 53
27 10 27 43
27 10 28 89
27 10 29 40
27 10 30 66
27 11 0 20
27 11 1 49
27 11 2 81
27 11 3 85
27 11 4 1
27 11 5 62
27 11 6 66
27 11 7 19
27 11 8 47
27 11 9 53
27 11 10 22
27 11 11 86
27 11 12 90
27 11 13 63
27 11 14 67
27 11 15 71
27 11 16 59
27 11 17 29
27 11 18 83
27 11 19 23
27 11 20 45
27 11 21 64
27 11 22 42
27 11 23 32
27 11 24 76
27 11 25 61
27 11 26 57
27 11 27 9
27 11 28 52
27 11 29 65
27 11 30 5
27 12 0 35
27 12 1 80
27 12 2 84
27 12 3 88
27 12 4 43
27 12 5 65
27 12 6 1
27 12 7 57
27 12 8 58
27 12 9 4
27 12 10 85
27 12 11 89
27 12 12 22
27 12 13 66
27 12 14 70
27 12 15 49
27 12 16 3
27 12 17 18
27 12 18 86
27 12 19 55
27 12 20 14
27 12 21 48
27 12 22 44
27 12 23 75
27 12 24 46
27 12 25 50
27 12 26 87
27 12 27 39
27 12 28 0
27 12 29 68
27 12 30 25
27 13 0 79
27 13 1 10
27 13 2 2
27 13 3 25
27 13 4 14
27 13 5 68
27 13 6 36
27 13 7 32
27 13 8 23
27 13 9 84
27 13 10 29
27 13 11 7
27 13 12 65
27 13 13 69
27 13 14 60
27 13 15 12
27 13 16 26
27 13 17 85
27 13 18 49
27 13 19 62
27 13 20 40
27 13 21 39
27 13 22 74
27 13 23 61
27 13 24 56
27 13 25 4
27 13 26 52
27 13 27 63
27 13 28 15
27 13 29 1
27 13 30 38
27 14 0 82
27 14 1 86
27 14 2 90
27 14 3 63
27 14 4 20
27 14 5 60
27 14 6 45
27 14 7 18
27 14 8 2
27 14 9 87
27 14 10 25
27 14 11 3
27 14 12 21
27 14 13 61
27 14 14 76
27 14 15 29
27 14 16 84
27 14 17 58
27 14 18 54
27 14 19 56
27 14 20 55
27 14 21 73
27 14 22 51
27 14 23 37
27 14 24 4
27 14 25 35
27 14 26 7
27 14 27 10
27 14 28 30
27 14 29 46
27 14 30 78
27 15 0 85
27 15 1 89
27 15 2 8
27 15 3 30
27 15 4 38
27 15 5 42
27 15 6 4
27 15 7 82
27 15 8 28
27 15 9 7
27 15 10 63
27 15 11 67
27 15 12 61
27 15 13 75
27 15 14 23
27 15 15 1
27 15 16 37
27 15 17 12
27 15 18 43
27 15 19 48
27 15 20 72
27 15 21 41
27 15 22 53
27 15 23 11
27 15 24 36
27 15 25 10
27 15 26 18
27 15 27 25
27 15 28 51
27 15 29 77
27 15 30 81
27 16 0 17
27 16 1 21
27 16 2 12
27 16 3 51
27 16 4 32
27 16 5 15
27 16 6 81
27 16 7 2
27 16 8 13
27 16 9 10
27 16 10 66
27 16 11 35
27 16 12 29
27 16 13 20
27 16 14 82
27 16 15 46
27 16 16 90
27 16 17 38
27 16 18 45
27 16 19 71
27 16 20 50
27 16 21 53
27 16 22 83
27 16 23 41
27 16 24 11
27 16 25 64
27 16 26 68
27 16 27 37
27 16 28 22
27 16 29 80
27 16 30 84
27 17 0 4
27 17 1 64
27 17 2 41
27 17 3 52
27 17 4 76
27 17 5 80
27 17 6 26
27 17 7 88
27 17 8 3
27 17 9 65
27 17 10 40
27 17 11 19
27 17 12 1
27 17 13 81
27 17 14 37
27 17 15 89
27 17 16 61
27 17 17 59
27 17 18 70
27 17 19 36
27 17 20 47
27 17 21 15
27 17 22 57
27 17 23 20
27 17 24 24
27 17 25 2
27 17 26 38
27 17 27 30
27 17 28 79
27 17 29 14
27 17 30 87
27 18 0 23
27 18 1 41
27 18 2 40
27 18 3 75
27 18 4 79
27 18 5 83
27 18 6 30
27 18 7 28
27 18 8 24
27 18 9 45
27 18 10 15
27 18 11 76
27 18 12 80
27 18 13 47
27 18 14 20
27 18 15 61
27 18 16 43
27 18 17 69
27 18 18 35
27 18 19 49
27 18 20 26
27 18 21 42
27 18 22 8
27 18 23 62
27 18 24 16
27 18 25 48
27 18 26 74
27 18 27 78
27 18 28 82
27 18 29 10
27 18 30 6
27 19 0 51
27 19 1 52
27 19 2 18
27 19 3 78
27 19 4 8
27 19 5 86
27 19 6 14
27 19 7 63
27 19 8 42
27 19 9 9
27 19 10 75
27 19 11 79
27 19 12 38
27 19 13 87
27 19 14 41
27 19 15 53
27 19 16 68
27 19 17 54
27 19 18 33
27 19 19 16
27 19 20 31
27 19 21 88
27 19 22 35
27 19 23 23
27 19 24 58
27 19 25 73
27 19 26 77
27 19 27 81
27 19 28 28
27 19 29 25
27 19 30 62
27 20 0 39
27 20 1 0
27 20 2 77
27 20 3 14
27 20 4 85
27 20 5 30
27 20 6 5
27 20 7 59
27 20 8 25
27 20 9 28
27 20 10 78
27 20 11 44
27 20 12 11
27 20 13 58
27 20 14 57
27 20 15 67
27 20 16 32
27 20 17 31
27 20 18 21
27 20 19 52
27 20 20 3
27 20 21 26
27 20 22 64
27 20 23 36
27 20 24 72
27 20 25 17
27 20 26 80
27 20 27 4
27 20 28 88
27 20 29 56
27 20 30 41
27 21 0 19
27 21 1 3
27 21 2 26
27 21 3 84
27 21 4 88
27 21 5 2
27 21 6 39
27 21 7 0
27 21 8 12
27 21 9 77
27 21 10 31
27 21 11 25
27 21 12 52
27 21 13 48
27 21 14 66
27 21 15 40
27 21 16 34
27 21 17 7
27 21 18 32
27 21 19 86
27 21 20 90
27 21 21 13
27 21 22 45
27 21 23 71
27 21 24 17
27 21 25 79
27 21 26 83
27 21 27 14
27 21 28 4
27 21 29 36
27 21 30 54
27 22 0 8
27 22 1 30
27 22 2 13
27 22 3 5
27 22 4 0
27 22 5 34
27 22 6 68
27 22 7 11
27 22 8 15
27 22 9 36
27 22 10 14
27 22 11 37
27 22 12 44
27 22 13 65
27 22 14 38
27 22 15 50
27 22 16 10
27 22 17 53
27 22 18 85
27 22 19 89
27 22 20 62
27 22 21 49
27 22 22 70
27 22 23 74
27 22 24 78
27 22 25 23
27 22 26 86
27 22 27 90
27 22 28 35
27 22 29 31
27 22 30 21
27 23 0 25
27 23 1 82
27 23 2 86
27 23 3 26
27 23 4 34
27 23 5 7
27 23 6 2
27 23 7 5
27 23 8 43
27 23 9 83
27 23 10 51
27 23 11 58
27 23 12 64
27 23 13 60
27 23 14 55
27 23 15 76
27 23 16 47
27 23 17 84
27 23 18 12
27 23 19 57
27 23 20 33
27 23 21 69
27 23 22 73
27 23 23 77
27 23 24 18
27 23 25 85
27 23 26 89
27 23 27 42
27 23 28 45
27 23 29 6
27 23 30 74
27 24 0 81
27 24 1 85
27 24 2 5
27 24 3 31
27 24 4 23
27 24 5 11
27 24 6 74
27 24 7 46
27 24 8 4
27 24 9 47
27 24 10 32
27 24 11 63
27 24 12 54
27 24 13 40
27 24 14 75
27 24 15 38
27 24 16 22
27 24 17 87
27 24 18 0
27 24 19 60
27 24 20 15
27 24 21 72
27 24 22 30
27 24 23 29
27 24 24 84
27 24 25 26
27 24 26 51
27 24 27 48
27 24 28 17
27 24 29 73
27 24 30 20
27 25 0 84
27 25 1 88
27 25 2 39
27 25 3 1
27 25 4 26
27 25 5 73
27 25 6 60
27 25 7 30
27 25 8 52
27 25 9 37
27 25 10 62
27 25 11 49
27 25 12 48
27 25 13 4
27 25 14 59
27 25 15 82
27 25 16 7
27 25 17 90
27 25 18 53
27 25 19 67
27 25 20 71
27 25 21 11
27 25 22 17
27 25 23 16
27 25 24 87
27 25 25 45
27 25 26 56
27 25 27 68
27 25 28 72
27 25 29 76
27 25 30 80
27 26 0 6
27 26 1 34
27 26 2 64
27 26 3 68
27 26 4 72
27 26 5 46
27 26 6 11
27 26 7 52
27 26 8 55
27 26 9 58
27 26 10 61
27 26 11 33
27 26 12 17
27 26 13 39
27 26 14 81
27 26 15 22
27 26 16 89
27 26 17 51
27 26 18 66
27 26 19 70
27 26 20 74
27 26 21 14
27 26 22 82
27 26 23 13
27 26 24 41
27 26 25 44
27 26 26 0
27 26 27 71
27 26 28 75
27 26 29 79
27 26 30 19
27 27 0 32
27 27 1 17
27 27 2 14
27 27 3 71
27 27 4 57
27 27 5 5
27 27 6 37
27 27 7 36
27 27 8 27
27 27 9 48
27 27 10 33
27 27 11 18
27 27 12 56
27 27 13 80
27 27 14 9
27 27 15 6
27 27 16 46
27 27 17 65
27 27 18 69
27 27 19 73
27 27 20 22
27 27 21 81
27 27 22 16
27 27 23 60
27 27 24 40
27 27 25 7
27 27 26 70
27 27 27 1
27 27 28 78
27 27 29 82
27 27 30 86
27 28 0 62
27 28 1 1
27 28 2 70
27 28 3 47
27 28 4 6
27 28 5 45
27 28 6 31
27 28 7 90
27 28 8 53
27 28 9 38
27 28 10 12
27 28 11 39
27 28 12 79
27 28 13 83
27 28 14 87
27 28 15 54
27 28 16 17
27 28 17 4
27 28 18 72
27 28 19 76
27 28 20 80
27 28 21 23
27 28 22 37
27 28 23 34
27 28 24 10
27 28 25 69
27 28 26 9
27 28 27 77
27 28 28 81
27 28 29 85
27 28 30 56
27 29 0 16
27 29 1 69
27 29 2 38
27 29 3 19
27 29 4 61
27 29 5 56
27 29 6 89
27 29 7 58
27 29 8 34
27 29 9 24
27 29 10 42
27 29 11 78
27 29 12 28
27 29 13 22
27 29 14 51
27 29 15 63
27 29 16 67
27 29 17 71
27 29 18 75
27 29 19 79
27 29 20 83
27 29 21 40
27 29 22 43
27 29 23 64
27 29 24 7
27 29 25 6
27 29 26 12
27 29 27 80
27 29 28 84
27 29 29 52
27 29 30 59
27 30 0 1
27 30 1 32
27 30 2 76
27 30 3 35
27 30 4 47
27 30 5 88
27 30 6 41
27 30 7 48
27 30 8 19
27 30 9 49
27 30 10 77
27 30 11 12
27 30 12 0
27 30 13 51
27 30 14 18
27 30 15 66
27 30 16 70
27 30 17 3
27 30 18 78
27 30 19 6
27 30 20 54
27 30 21 50
27 30 22 28
27 30 23 67
27 30 24 25
27 30 25 24
27 30 26 79
27 30 27 8
27 30 28 36
27 30 29 23
27 30 30 64
28 0 0 76
28 0 1 36
28 0 2 48
28 0 3 88
28 0 4 42
28 0 5 49
28 0 6 20
28 0 7 50
28 0 8 77
28 0 9 13
28 0 10 1
28 0 11 52
28 0 12 19
28 0 13 66
28 0 14 70
28 0 15 4
28 0 16 78
28 0 17 7
28 0 18 55
28 0 19 51
28 0 20 29
28 0 21 67
28 0 22 26
28 0 23 25
28 0 24 79
28 0 25 9
28 0 26 37
28 0 27 24
28 0 28 64
28 0 29 2
28 0 30 33
28 1 0 52
28 1 1 46
28 1 2 87
28 1 3 38
28 1 4 34
28 1 5 68
28 1 6 55
28 1 7 19
28 1 8 22
28 1 9 17
28 1 10 47
28 1 11 29
28 1 12 65
28 1 13 69
28 1 14 30
28 1 15 77
28 1 16 18
28 1 17 32
28 1 18 50
28 1 19 62
28 1 20 66
28 1 21 6
28 1 22 74
28 1 23 78
28 1 24 82
28 1 25 41
28 1 26 90
28 1 27 12
28 1 28 67
28 1 29 54
28 1 30 75
28 2 0 54
28 2 1 86
28 2 2 60
28 2 3 59
28 2 4 10
28 2 5 42
28 2 6 9
28 2 7 13
28 2 8 83
28 2 9 58
28 2 10 24
28 2 11 19
28 2 12 11
28 2 13 25
28 2 14 16
28 2 15 3
28 2 16 47
28 2 17 45
28 2 18 61
28 2 19 65
28 2 20 1
28 2 21 73
28 2 22 77
28 2 23 81
28 2 24 50
28 2 25 89
28 2 26 62
28 2 27 66
28 2 28 34
28 2 29 14
28 2 30 55
28 3 0 85
28 3 1 33
28 3 2 45
28 3 3 30
28 3 4 48
28 3 5 74
28 3 6 12
28 3 7 24
28 3 8 44
28 3 9 22
28 3 10 63
28 3 11 67
28 3 12 29
28 3 13 21
28 3 14 5
28 3 15 34
28 3 16 35
28 3 17 20
28 3 18 10
28 3 19 68
28 3 20 72
28 3 21 7
28 3 22 80
28 3 23 59
28 3 24 11
28 3 25 51
28 3 26 65
28 3 27 55
28 3 28 17
28 3 29 53
28 3 30 32
28 4 0 43
28 4 1 56
28 4 2 13
28 4 3 39
28 4 4 73
28 4 5 27
28 4 6 30
28 4 7 41
28 4 8 19
28 4 9 25
28 4 10 66
28 4 11 10
28 4 12 74
28 4 13 24
28 4 14 46
28 4 15 45
28 4 16 90
28 4 17 63
28 4 18 20
28 4 19 71
28 4 20 7
28 4 21 79
28 4 22 38
28 4 23 87
28 4 24 29
28 4 25 21
28 4 26 44
28 4 27 3
28 4 28 37
28 4 29 51
28 4 30 84
28 5 0 56
28 5 1 64
28 5 2 49
28 5 3 72
28 5 4 76
28 5 5 15
28 5 6 46
28 5 7 88
28 5 8 10
28 5 9 65
28 5 10 16
28 5 11 73
28 5 12 6
28 5 13 34
28 5 14 45
28 5 15 89
28 5 16 30
28 5 17 27
28 5 18 70
28 5 19 74
28 5 20 78
28 5 21 48
28 5 22 1
28 5 23 90
28 5 24 63
28 5 25 60
28 5 26 8
28 5 27 39
28 5 28 50
28 5 29 83
28 5 30 58
28 6 0 4
28 6 1 40
28 6 2 71
28 6 3 75
28 6 4 9
28 6 5 51
28 6 6 0
28 6 7 27
28 6 8 25
28 6 9 68
28 6 10 72
28 6 11 76
28 6 12 54
28 6 13 35
28 6 14 1
28 6 15 18
28 6 16 14
28 6 17 69
28 6 18 73
28 6 19 77
28 6 20 49
28 6 21 8
28 6 22 89
28 6 23 16
28 6 24 45
28 6 25 29
28 6 26 33
28 6 27 36
28 6 28 82
28 6 29 41
28 6 30 48
28 7 0 49
28 7 1 70
28 7 2 23
28 7 3 5
28 7 4 56
28 7 5 86
28 7 6 21
28 7 7 63
28 7 8 29
28 7 9 71
28 7 10 75
28 7 11 44
28 7 12 48
28 7 13 87
28 7 14 20
28 7 15 64
28 7 16 10
28 7 17 72
28 7 18 25
28 7 19 35
28 7 20 22
28 7 21 0
28 7 22 4
28 7 23 50
28 7 24 9
28 7 25 33
28 7 26 45
28 7 27 81
28 7 28 38
28 7 29 43
28 7 30 62
28 8 0 69
28 8 1 4
28 8 2 26
28 8 3 56
28 8 4 85
28 8 5 14
28 8 6 11
28 8 7 22
28 8 8 70
28 8 9 9
28 8 10 41
28 8 11 57
28 8 12 12
28 8 13 3
28 8 14 7
28 8 15 67
28 8 16 71
28 8 17 2
28 8 18 40
28 8 19 83
28 8 20 87
28 8 21 13
28 8 22 51
28 8 23 68
28 8 24 49
28 8 25 35
28 8 26 80
28 8 27 31
28 8 28 61
28 8 29 32
28 8 30 59
28 9 0 1
28 9 1 76
28 9 2 57
28 9 3 84
28 9 4 88
28 9 5 17
28 9 6 27
28 9 7 69
28 9 8 20
28 9 9 54
28 9 10 50
28 9 11 25
28 9 12 16
28 9 13 62
28 9 14 66
28 9 15 70
28 9 16 74
28 9 17 48
28 9 18 30
28 9 19 6
28 9 20 14
28 9 21 34
28 9 22 13
28 9 23 61
28 9 24 56
28 9 25 79
28 9 26 47
28 9 27 46
28 9 28 12
28 9 29 37
28 9 30 23
28 10 0 75
28 10 1 37
28 10 2 3
28 10 3 21
28 10 4 30
28 10 5 64
28 10 6 22
28 10 7 6
28 10 8 59
28 10 9 60
28 10 10 4
28 10 11 88
28 10 12 43
28 10 13 65
28 10 14 69
28 10 15 73
28 10 16 51
28 10 17 25
28 10 18 14
28 10 19 17
28 10 20 47
28 10 21 20
28 10 22 36
28 10 23 40
28 10 24 78
28 10 25 42
28 10 26 38
28 10 27 90
28 10 28 31
28 10 29 67
28 10 30 26
28 11 0 58
28 11 1 82
28 11 2 86
28 11 3 17
28 11 4 26
28 11 5 67
28 11 6 1
28 11 7 33
28 11 8 39
28 11 9 83
28 11 10 10
28 11 11 30
28 11 12 22
28 11 13 14
28 11 14 72
28 11 15 37
28 11 16 23
28 11 17 9
28 11 18 88
28 11 19 34
28 11 20 20
28 11 21 60
28 11 22 56
28 11 23 77
28 11 24 54
28 11 25 44
28 11 26 89
28 11 27 41
28 11 28 66
28 11 29 29
28 11 30 12
28 12 0 81
28 12 1 85
28 12 2 2
28 12 3 62
28 12 4 66
28 12 5 20
28 12 6 48
28 12 7 54
28 12 8 23
28 12 9 86
28 12 10 90
28 12 11 63
28 12 12 67
28 12 13 71
28 12 14 60
28 12 15 30
28 12 16 83
28 12 17 24
28 12 18 46
28 12 19 64
28 12 20 43
28 12 21 33
28 12 22 76
28 12 23 31
28 12 24 58
28 12 25 10
28 12 26 53
28 12 27 65
28 12 28 6
28 12 29 21
28 12 30 50
28 13 0 84
28 13 1 88
28 13 2 44
28 13 3 65
28 13 4 2
28 13 5 58
28 13 6 59
28 13 7 5
28 13 8 85
28 13 9 89
28 13 10 23
28 13 11 66
28 13 12 70
28 13 13 50
28 13 14 4
28 13 15 19
28 13 16 86
28 13 17 56
28 13 18 15
28 13 19 49
28 13 20 45
28 13 21 75
28 13 22 47
28 13 23 51
28 13 24 87
28 13 25 40
28 13 26 1
28 13 27 68
28 13 28 26
28 13 29 36
28 13 30 80
28 14 0 3
28 14 1 26
28 14 2 15
28 14 3 68
28 14 4 37
28 14 5 33
28 14 6 24
28 14 7 84
28 14 8 30
28 14 9 8
28 14 10 65
28 14 11 69
28 14 12 61
28 14 13 13
28 14 14 27
28 14 15 85
28 14 16 50
28 14 17 62
28 14 18 41
28 14 19 40
28 14 20 74
28 14 21 31
28 14 22 57
28 14 23 5
28 14 24 53
28 14 25 63
28 14 26 16
28 14 27 2
28 14 28 39
28 14 29 79
28 14 30 11
28 15 0 90
28 15 1 63
28 15 2 21
28 15 3 61
28 15 4 46
28 15 5 19
28 15 6 3
28 15 7 87
28 15 8 26
28 15 9 4
28 15 10 22
28 15 11 31
28 15 12 76
28 15 13 30
28 15 14 84
28 15 15 59
28 15 16 55
28 15 17 57
28 15 18 56
28 15 19 73
28 15 20 52
28 15 21 38
28 15 22 5
28 15 23 36
28 15 24 8
28 15 25 11
28 15 26 0
28 15 27 47
28 15 28 78
28 15 29 82
28 15 30 86
28 16 0 9
28 16 1 0
28 16 2 39
28 16 3 43
28 16 4 5
28 16 5 82
28 16 6 29
28 16 7 8
28 16 8 63
28 16 9 67
28 16 10 31
28 16 11 75
28 16 12 24
28 16 13 2
28 16 14 38
28 16 15 13
28 16 16 44
28 16 17 49
28 16 18 72
28 16 19 42
28 16 20 54
28 16 21 12
28 16 22 37
28 16 23 11
28 16 24 19
28 16 25 26
28 16 26 52
28 16 27 77
28 16 28 81
28 16 29 85
28 16 30 89
28 17 0 13
28 17 1 52
28 17 2 33
28 17 3 16
28 17 4 81
28 17 5 3
28 17 6 14
28 17 7 11
28 17 8 66
28 17 9 36
28 17 10 30
28 17 11 21
28 17 12 82
28 17 13 47
28 17 14 90
28 17 15 39
28 17 16 46
28 17 17 71
28 17 18 51
28 17 19 54
28 17 20 83
28 17 21 42
28 17 22 12
28 17 23 64
28 17 24 68
28 17 25 38
28 17 26 23
28 17 27 80
28 17 28 84
28 17 29 18
28 17 30 22
28 18 0 42
28 18 1 53
28 18 2 76
28 18 3 80
28 18 4 27
28 18 5 88
28 18 6 4
28 18 7 65
28 18 8 41
28 18 9 20
28 18 10 2
28 18 11 81
28 18 12 38
28 18 13 89
28 18 14 31
28 18 15 60
28 18 16 70
28 18 17 37
28 18 18 48
28 18 19 16
28 18 20 58
28 18 21 21
28 18 22 25
28 18 23 3
28 18 24 39
28 18 25 0
28 18 26 79
28 18 27 15
28 18 28 87
28 18 29 5
28 18 30 64
28 19 0 41
28 19 1 75
28 19 2 79
28 19 3 83
28 19 4 0
28 19 5 29
28 19 6 25
28 19 7 46
28 19 8 16
28 19 9 76
28 19 10 80
28 19 11 48
28 19 12 21
28 19 13 31
28 19 14 44
28 19 15 69
28 19 16 36
28 19 17 50
28 19 18 27
28 19 19 43
28 19 20 9
28 19 21 62
28 19 22 17
28 19 23 49
28 19 24 74
28 19 25 78
28 19 26 82
28 19 27 11
28 19 28 7
28 19 29 24
28 19 30 42
28 20 0 19
28 20 1 78
28 20 2 9
28 20 3 86
28 20 4 15
28 20 5 63
28 20 6 43
28 20 7 10
28 20 8 75
28 20 9 79
28 20 10 39
28 20 11 87
28 20 12 42
28 20 13 54
28 20 14 68
28 20 15 55
28 20 16 34
28 20 17 17
28 20 18 32
28 20 19 88
28 20 20 36
28 20 21 24
28 20 22 59
28 20 23 73
28 20 24 77
28 20 25 81
28 20 26 29
28 20 27 26
28 20 28 62
28 20 29 52
28 20 30 53
28 21 0 77
28 21 1 15
28 21 2 85
28 21 3 0
28 21 4 6
28 21 5 60
28 21 6 26
28 21 7 29
28 21 8 78
28 21 9 45
28 21 10 12
28 21 11 59
28 21 12 58
28 21 13 67
28 21 14 33
28 21 15 32
28 21 16 22
28 21 17 53
28 21 18 4
28 21 19 27
28 21 20 64
28 21 21 37
28 21 22 72
28 21 23 18
28 21 24 80
28 21 25 5
28 21 26 88
28 21 27 57
28 21 28 42
28 21 29 40
28 21 30 1
28 22 0 27
28 22 1 84
28 22 2 88
28 22 3 3
28 22 4 40
28 22 5 1
28 22 6 13
28 22 7 77
28 22 8 32
28 22 9 26
28 22 10 53
28 22 11 49
28 22 12 66
28 22 13 41
28 22 14 35
28 22 15 8
28 22 16 33
28 22 17 86
28 22 18 90
28 22 19 14
28 22 20 46
28 22 21 71
28 22 22 18
28 22 23 79
28 22 24 83
28 22 25 15
28 22 26 5
28 22 27 37
28 22 28 55
28 22 29 20
28 22 30 4
28 23 0 14
28 23 1 6
28 23 2 1
28 23 3 35
28 23 4 68
28 23 5 12
28 23 6 16
28 23 7 37
28 23 8 15
28 23 9 38
28 23 10 45
28 23 11 65
28 23 12 39
28 23 13 51
28 23 14 11
28 23 15 54
28 23 16 85
28 23 17 89
28 23 18 62
28 23 19 50
28 23 20 70
28 23 21 74
28 23 22 78
28 23 23 24
28 23 24 86
28 23 25 90
28 23 26 36
28 23 27 32
28 23 28 22
28 23 29 9
28 23 30 0
28 24 0 86
28 24 1 27
28 24 2 35
28 24 3 8
28 24 4 3
28 24 5 6
28 24 6 44
28 24 7 83
28 24 8 52
28 24 9 59
28 24 10 64
28 24 11 61
28 24 12 56
28 24 13 76
28 24 14 48
28 24 15 84
28 24 16 13
28 24 17 58
28 24 18 34
28 24 19 69
28 24 20 73
28 24 21 77
28 24 22 19
28 24 23 85
28 24 24 89
28 24 25 43
28 24 26 46
28 24 27 7
28 24 28 74
28 24 29 26
28 24 30 82
28 25 0 6
28 25 1 32
28 25 2 24
28 25 3 12
28 25 4 74
28 25 5 47
28 25 6 5
28 25 7 48
28 25 8 33
28 25 9 63
28 25 10 55
28 25 11 41
28 25 12 75
28 25 13 39
28 25 14 23
28 25 15 87
28 25 16 1
28 25 17 61
28 25 18 16
28 25 19 72
28 25 20 0
28 25 21 30
28 25 22 84
28 25 23 27
28 25 24 52
28 25 25 49
28 25 26 18
28 25 27 73
28 25 28 21
28 25 29 81
28 25 30 85
28 26 0 40
28 26 1 2
28 26 2 27
28 26 3 73
28 26 4 61
28 26 5 0
28 26 6 53
28 26 7 38
28 26 8 62
28 26 9 50
28 26 10 49
28 26 11 5
28 26 12 60
28 26 13 82
28 26 14 8
28 26 15 90
28 26 16 54
28 26 17 67
28 26 18 71
28 26 19 12
28 26 20 18
28 26 21 17
28 26 22 87
28 26 23 46
28 26 24 57
28 26 25 68
28 26 26 72
28 26 27 76
28 26 28 80
28 26 29 84
28 26 30 88
28 27 0 64
28 27 1 68
28 27 2 72
28 27 3 47
28 27 4 12
28 27 5 53
28 27 6 56
28 27 7 59
28 27 8 31
28 27 9 34
28 27 10 18
28 27 11 40
28 27 12 81
28 27 13 23
28 27 14 89
28 27 15 52
28 27 16 66
28 27 17 70
28 27 18 74
28 27 19 15
28 27 20 82
28 27 21 14
28 27 22 42
28 27 23 45
28 27 24 1
28 27 25 71
28 27 26 75
28 27 27 79
28 27 28 20
28 27 29 7
28 27 30 35
28 28 0 15
28 28 1 71
28 28 2 58
28 28 3 6
28 28 4 38
28 28 5 37
28 28 6 28
28 28 7 49
28 28 8 34
28 28 9 19
28 28 10 57
28 28 11 80
28 28 12 10
28 28 13 7
28 28 14 47
28 28 15 65
28 28 16 69
28 28 17 73
28 28 18 23
28 28 19 81
28 28 20 17
28 28 21 61
28 28 22 41
28 28 23 8
28 28 24 70
28 28 25 2
28 28 26 78
28 28 27 82
28 28 28 86
28 28 29 33
28 28 30 18
28 29 0 70
28 29 1 48
28 29 2 7
28 29 3 46
28 29 4 32
28 29 5 90
28 29 6 54
28 29 7 39
28 29 8 13
28 29 9 40
28 29 10 79
28 29 11 83
28 29 12 87
28 29 13 55
28 29 14 18
28 29 15 5
28 29 16 72
28 29 17 76
28 29 18 80
28 29 19 24
28 29 20 38
28 29 21 35
28 29 22 11
28 29 23 69
28 29 24 10
28 29 25 77
28 29 26 81
28 29 27 85
28 29 28 57
28 29 29 62
28 29 30 2
28 30 0 39
28 30 1 20
28 30 2 31
28 30 3 57
28 30 4 89
28 30 5 59
28 30 6 35
28 30 7 25
28 30 8 43
28 30 9 78
28 30 10 29
28 30 11 23
28 30 12 52
28 30 13 63
28 30 14 67
28 30 15 71
28 30 16 75
28 30 17 79
28 30 18 83
28 30 19 41
28 30 20 44
28 30 21 64
28 30 22 8
28 30 23 7
28 30 24 13
28 30 25 80
28 30 26 84
28 30 27 53
28 30 28 60
28 30 29 17
28 30 30 69
29 0 0 32
29 0 1 58
29 0 2 89
29 0 3 60
29 0 4 36
29 0 5 26
29 0 6 44
29 0 7 78
29 0 8 30
29 0 9 24
29 0 10 53
29 0 11 63
29 0 12 67
29 0 13 71
29 0 14 75
29 0 15 79
29 0 16 83
29 0 17 42
29 0 18 45
29 0 19 64
29 0 20 9
29 0 21 8
29 0 22 14
29 0 23 80
29 0 24 84
29 0 25 54
29 0 26 61
29 0 27 18
29 0 28 69
29 0 29 40
29 0 30 21
29 1 0 49
29 1 1 88
29 1 2 43
29 1 3 50
29 1 4 21
29 1 5 51
29 1 6 77
29 1 7 14
29 1 8 2
29 1 9 53
29 1 10 20
29 1 11 66
29 1 12 70
29 1 13 5
29 1 14 78
29 1 15 8
29 1 16 56
29 1 17 52
29 1 18 30
29 1 19 67
29 1 20 27
29 1 21 26
29 1 22 79
29 1 23 10
29 1 24 38
29 1 25 25
29 1 26 64
29 1 27 3
29 1 28 34
29 1 29 76
29 1 30 37
29 2 0 87
29 2 1 39
29 2 2 35
29 2 3 68
29 2 4 56
29 2 5 20
29 2 6 23
29 2 7 18
29 2 8 48
29 2 9 30
29 2 10 65
29 2 11 69
29 2 12 0
29 2 13 77
29 2 14 19
29 2 15 33
29 2 16 51
29 2 17 62
29 2 18 66
29 2 19 7
29 2 20 74
29 2 21 78
29 2 22 82
29 2 23 42
29 2 24 90
29 2 25 13
29 2 26 67
29 2 27 55
29 2 28 75
29 2 29 53
29 2 30 47
29 3 0 61
29 3 1 60
29 3 2 11
29 3 3 43
29 3 4 10
29 3 5 14
29 3 6 83
29 3 7 59
29 3 8 25
29 3 9 20
29 3 10 12
29 3 11 26
29 3 12 17
29 3 13 4
29 3 14 48
29 3 15 46
29 3 16 31
29 3 17 65
29 3 18 2
29 3 19 73
29 3 20 77
29 3 21 81
29 3 22 51
29 3 23 89
29 3 24 62
29 3 25 66
29 3 26 35
29 3 27 15
29 3 28 56
29 3 29 55
29 3 30 86
29 4 0 46
29 4 1 0
29 4 2 49
29 4 3 74
29 4 4 13
29 4 5 25
29 4 6 45
29 4 7 23
29 4 8 63
29 4 9 67
29 4 10 30
29 4 11 22
29 4 12 6
29 4 13 35
29 4 14 36
29 4 15 21
29 4 16 11
29 4 17 68
29 4 18 72
29 4 19 8
29 4 20 80
29 4 21 60
29 4 22 12
29 4 23 52
29 4 24 65
29 4 25 56
29 4 26 18
29 4 27 54
29 4 28 33
29 4 29 85
29 4 30 34
29 5 0 14
29 5 1 40
29 5 2 73
29 5 3 28
29 5 4 0
29 5 5 42
29 5 6 20
29 5 7 26
29 5 8 66
29 5 9 11
29 5 10 74
29 5 11 25
29 5 12 47
29 5 13 46
29 5 14 90
29 5 15 63
29 5 16 21
29 5 17 71
29 5 18 8
29 5 19 79
29 5 20 39
29 5 21 87
29 5 22 30
29 5 23 22
29 5 24 45
29 5 25 4
29 5 26 38
29 5 27 52
29 5 28 84
29 5 29 44
29 5 30 57
29 6 0 50
29 6 1 72
29 6 2 76
29 6 3 16
29 6 4 47
29 6 5 88
29 6 6 11
29 6 7 65
29 6 8 17
29 6 9 73
29 6 10 7
29 6 11 35
29 6 12 46
29 6 13 89
29 6 14 0
29 6 15 28
29 6 16 70
29 6 17 74
29 6 18 78
29 6 19 49
29 6 20 2
29 6 21 90
29 6 22 63
29 6 23 61
29 6 24 9
29 6 25 40
29 6 26 51
29 6 27 83
29 6 28 59
29 6 29 57
29 6 30 64
29 7 0 71
29 7 1 75
29 7 2 10
29 7 3 52
29 7 4 1
29 7 5 28
29 7 6 26
29 7 7 68
29 7 8 72
29 7 9 76
29 7 10 55
29 7 11 36
29 7 12 2
29 7 13 19
29 7 14 15
29 7 15 69
29 7 16 73
29 7 17 77
29 7 18 50
29 7 19 9
29 7 20 89
29 7 21 17
29 7 22 46
29 7 23 30
29 7 24 34
29 7 25 37
29 7 26 82
29 7 27 42
29 7 28 49
29 7 29 5
29 7 30 41
29 8 0 24
29 8 1 6
29 8 2 57
29 8 3 86
29 8 4 22
29 8 5 63
29 8 6 30
29 8 7 71
29 8 8 75
29 8 9 45
29 8 10 49
29 8 11 87
29 8 12 21
29 8 13 64
29 8 14 11
29 8 15 72
29 8 16 26
29 8 17 36
29 8 18 23
29 8 19 1
29 8 20 5
29 8 21 51
29 8 22 10
29 8 23 34
29 8 24 46
29 8 25 81
29 8 26 39
29 8 27 44
29 8 28 62
29 8 29 50
29 8 30 70
29 9 0 27
29 9 1 57
29 9 2 85
29 9 3 15
29 9 4 12
29 9 5 23
29 9 6 70
29 9 7 10
29 9 8 42
29 9 9 58
29 9 10 13
29 9 11 4
29 9 12 8
29 9 13 67
29 9 14 71
29 9 15 3
29 9 16 41
29 9 17 83
29 9 18 87
29 9 19 14
29 9 20 52
29 9 21 68
29 9 22 50
29 9 23 36
29 9 24 80
29 9 25 32
29 9 26 31
29 9 27 33
29 9 28 60
29 9 29 69
29 9 30 5
29 10 0 58
29 10 1 84
29 10 2 88
29 10 3 18
29 10 4 28
29 10 5 69
29 10 6 21
29 10 7 55
29 10 8 51
29 10 9 26
29 10 10 17
29 10 11 62
29 10 12 66
29 10 13 70
29 10 14 74
29 10 15 49
29 10 16 0
29 10 17 7
29 10 18 15
29 10 19 35
29 10 20 14
29 10 21 31
29 10 22 57
29 10 23 79
29 10 24 48
29 10 25 47
29 10 26 13
29 10 27 38
29 10 28 24
29 10 29 2
29 10 30 76
29 11 0 4
29 11 1 22
29 11 2 0
29 11 3 64
29 11 4 23
29 11 5 7
29 11 6 60
29 11 7 61
29 11 8 5
29 11 9 88
29 11 10 44
29 11 11 65
29 11 12 69
29 11 13 73
29 11 14 52
29 11 15 26
29 11 16 15
29 11 17 18
29 11 18 48
29 11 19 21
29 11 20 37
29 11 21 41
29 11 22 78
29 11 23 43
29 11 24 39
29 11 25 90
29 11 26 32
29 11 27 67
29 11 28 27
29 11 29 75
29 11 30 38
29 12 0 86
29 12 1 18
29 12 2 27
29 12 3 67
29 12 4 2
29 12 5 34
29 12 6 40
29 12 7 83
29 12 8 11
29 12 9 0
29 12 10 23
29 12 11 15
29 12 12 72
29 12 13 38
29 12 14 24
29 12 15 10
29 12 16 88
29 12 17 35
29 12 18 21
29 12 19 61
29 12 20 57
29 12 21 77
29 12 22 55
29 12 23 45
29 12 24 89
29 12 25 42
29 12 26 66
29 12 27 30
29 12 28 13
29 12 29 59
29 12 30 82
29 13 0 3
29 13 1 62
29 13 2 66
29 13 3 21
29 13 4 49
29 13 5 55
29 13 6 24
29 13 7 86
29 13 8 90
29 13 9 63
29 13 10 67
29 13 11 71
29 13 12 61
29 13 13 0
29 13 14 83
29 13 15 25
29 13 16 47
29 13 17 64
29 13 18 44
29 13 19 34
29 13 20 76
29 13 21 32
29 13 22 59
29 13 23 11
29 13 24 54
29 13 25 65
29 13 26 7
29 13 27 22
29 13 28 51
29 13 29 81
29 13 30 85
29 14 0 45
29 14 1 65
29 14 2 3
29 14 3 59
29 14 4 60
29 14 5 6
29 14 6 85
29 14 7 89
29 14 8 24
29 14 9 66
29 14 10 70
29 14 11 51
29 14 12 5
29 14 13 20
29 14 14 86
29 14 15 57
29 14 16 16
29 14 17 50
29 14 18 46
29 14 19 75
29 14 20 48
29 14 21 52
29 14 22 87
29 14 23 41
29 14 24 2
29 14 25 68
29 14 26 27
29 14 27 37
29 14 28 80
29 14 29 84
29 14 30 88
29 15 0 16
29 15 1 68
29 15 2 38
29 15 3 34
29 15 4 25
29 15 5 84
29 15 6 0
29 15 7 9
29 15 8 65
29 15 9 69
29 15 10 31
29 15 11 14
29 15 12 28
29 15 13 85
29 15 14 51
29 15 15 62
29 15 16 42
29 15 17 41
29 15 18 74
29 15 19 32
29 15 20 58
29 15 21 6
29 15 22 54
29 15 23 63
29 15 24 17
29 15 25 3
29 15 26 40
29 15 27 79
29 15 28 12
29 15 29 4
29 15 30 27
29 16 0 22
29 16 1 31
29 16 2 47
29 16 3 20
29 16 4 4
29 16 5 87
29 16 6 27
29 16 7 5
29 16 8 23
29 16 9 32
29 16 10 76
29 16 11 0
29 16 12 84
29 16 13 60
29 16 14 56
29 16 15 58
29 16 16 57
29 16 17 73
29 16 18 53
29 16 19 39
29 16 20 6
29 16 21 37
29 16 22 9
29 16 23 12
29 16 24 1
29 16 25 48
29 16 26 78
29 16 27 82
29 16 28 86
29 16 29 90
29 16 30 63
29 17 0 40
29 17 1 44
29 17 2 6
29 17 3 82
29 17 4 30
29 17 5 9
29 17 6 63
29 17 7 67
29 17 8 32
29 17 9 75
29 17 10 25
29 17 11 3
29 17 12 39
29 17 13 14
29 17 14 45
29 17 15 50
29 17 16 72
29 17 17 43
29 17 18 55
29 17 19 13
29 17 20 38
29 17 21 12
29 17 22 20
29 17 23 27
29 17 24 53
29 17 25 77
29 17 26 81
29 17 27 85
29 17 28 89
29 17 29 10
29 17 30 1
29 18 0 34
29 18 1 17
29 18 2 81
29 18 3 4
29 18 4 15
29 18 5 12
29 18 6 66
29 18 7 37
29 18 8 0
29 18 9 22
29 18 10 82
29 18 11 48
29 18 12 90
29 18 13 40
29 18 14 47
29 18 15 71
29 18 16 52
29 18 17 55
29 18 18 83
29 18 19 43
29 18 20 13
29 18 21 64
29 18 22 68
29 18 23 39
29 18 24 24
29 18 25 80
29 18 26 84
29 18 27 19
29 18 28 23
29 18 29 14
29 18 30 53
29 19 0 76
29 19 1 80
29 19 2 28
29 19 3 88
29 19 4 5
29 19 5 65
29 19 6 42
29 19 7 21
29 19 8 3
29 19 9 81
29 19 10 39
29 19 11 89
29 19 12 32
29 19 13 61
29 19 14 70
29 19 15 38
29 19 16 49
29 19 17 17
29 19 18 59
29 19 19 22
29 19 20 26
29 19 21 4
29 19 22 40
29 19 23 1
29 19 24 79
29 19 25 16
29 19 26 87
29 19 27 6
29 19 28 64
29 19 29 43
29 19 30 54
29 20 0 79
29 20 1 83
29 20 2 1
29 20 3 30
29 20 4 26
29 20 5 47
29 20 6 17
29 20 7 76
29 20 8 80
29 20 9 49
29 20 10 22
29 20 11 32
29 20 12 45
29 20 13 69
29 20 14 37
29 20 15 51
29 20 16 28
29 20 17 44
29 20 18 10
29 20 19 62
29 20 20 18
29 20 21 50
29 20 22 74
29 20 23 78
29 20 24 82
29 20 25 12
29 20 26 8
29 20 27 25
29 20 28 43
29 20 29 42
29 20 30 75
29 21 0 10
29 21 1 86
29 21 2 16
29 21 3 63
29 21 4 44
29 21 5 11
29 21 6 75
29 21 7 79
29 21 8 40
29 21 9 87
29 21 10 43
29 21 11 55
29 21 12 68
29 21 13 56
29 21 14 35
29 21 15 18
29 21 16 33
29 21 17 88
29 21 18 37
29 21 19 25
29 21 20 60
29 21 21 73
29 21 22 77
29 21 23 81
29 21 24 30
29 21 25 27
29 21 26 62
29 21 27 53
29 21 28 54
29 21 29 20
29 21 30 78
29 22 0 85
29 22 1 1
29 22 2 7
29 22 3 61
29 22 4 27
29 22 5 30
29 22 6 78
29 22 7 46
29 22 8 13
29 22 9 60
29 22 10 59
29 22 11 67
29 22 12 34
29 22 13 33
29 22 14 23
29 22 15 54
29 22 16 5
29 22 17 28
29 22 18 64
29 22 19 38
29 22 20 72
29 22 21 19
29 22 22 80
29 22 23 6
29 22 24 88
29 22 25 58
29 22 26 43
29 22 27 41
29 22 28 2
29 22 29 77
29 22 30 16
29 23 0 88
29 23 1 4
29 23 2 41
29 23 3 2
29 23 4 14
29 23 5 77
29 23 6 33
29 23 7 27
29 23 8 54
29 23 9 50
29 23 10 66
29 23 11 42
29 23 12 36
29 23 13 9
29 23 14 34
29 23 15 86
29 23 16 90
29 23 17 15
29 23 18 47
29 23 19 71
29 23 20 19
29 23 21 79
29 23 22 83
29 23 23 16
29 23 24 6
29 23 25 38
29 23 26 56
29 23 27 21
29 23 28 5
29 23 29 28
29 23 30 84
29 24 0 2
29 24 1 36
29 24 2 68
29 24 3 13
29 24 4 17
29 24 5 38
29 24 6 16
29 24 7 39
29 24 8 46
29 24 9 65
29 24 10 40
29 24 11 52
29 24 12 12
29 24 13 55
29 24 14 85
29 24 15 89
29 24 16 62
29 24 17 51
29 24 18 70
29 24 19 74
29 24 20 78
29 24 21 25
29 24 22 86
29 24 23 90
29 24 24 37
29 24 25 33
29 24 26 23
29 24 27 10
29 24 28 1
29 24 29 15
29 24 30 7
29 25 0 36
29 25 1 9
29 25 2 4
29 25 3 7
29 25 4 45
29 25 5 83
29 25 6 53
29 25 7 60
29 25 8 64
29 25 9 31
29 25 10 57
29 25 11 76
29 25 12 49
29 25 13 84
29 25 14 14
29 25 15 59
29 25 16 35
29 25 17 69
29 25 18 73
29 25 19 77
29 25 20 20
29 25 21 85
29 25 22 89
29 25 23 44
29 25 24 47
29 25 25 8
29 25 26 74
29 25 27 27
29 25 28 82
29 25 29 86
29 25 30 28
29 26 0 25
29 26 1 13
29 26 2 74
29 26 3 48
29 26 4 6
29 26 5 49
29 26 6 34
29 26 7 63
29 26 8 56
29 26 9 42
29 26 10 75
29 26 11 40
29 26 12 24
29 26 13 87
29 26 14 2
29 26 15 31
29 26 16 17
29 26 17 72
29 26 18 1
29 26 19 0
29 26 20 84
29 26 21 28
29 26 22 53
29 26 23 50
29 26 24 19
29 26 25 73
29 26 26 22
29 26 27 81
29 26 28 85
29 26 29 7
29 26 30 33
29 27 0 28
29 27 1 73
29 27 2 31
29 27 3 1
29 27 4 54
29 27 5 39
29 27 6 62
29 27 7 51
29 27 8 50
29 27 9 6
29 27 10 61
29 27 11 82
29 27 12 9
29 27 13 90
29 27 14 55
29 27 15 67
29 27 16 71
29 27 17 13
29 27 18 19
29 27 19 18
29 27 20 87
29 27 21 47
29 27 22 58
29 27 23 68
29 27 24 72
29 27 25 76
29 27 26 80
29 27 27 84
29 27 28 88
29 27 29 41
29 27 30 3
29 28 0 72
29 28 1 48
29 28 2 13
29 28 3 54
29 28 4 57
29 28 5 60
29 28 6 32
29 28 7 35
29 28 8 19
29 28 9 41
29 28 10 81
29 28 11 24
29 28 12 89
29 28 13 53
29 28 14 66
29 28 15 70
29 28 16 74
29 28 17 16
29 28 18 82
29 28 19 15
29 28 20 43
29 28 21 46
29 28 22 2
29 28 23 71
29 28 24 75
29 28 25 79
29 28 26 21
29 28 27 8
29 28 28 36
29 28 29 64
29 28 30 68
29 29 0 59
29 29 1 7
29 29 2 39
29 29 3 38
29 29 4 29
29 29 5 50
29 29 6 35
29 29 7 20
29 29 8 58
29 29 9 80
29 29 10 11
29 29 11 8
29 29 12 48
29 29 13 65
29 29 14 69
29 29 15 73
29 29 16 24
29 29 17 81
29 29 18 18
29 29 19 31
29 29 20 42
29 29 21 9
29 29 22 70
29 29 23 3
29 29 24 78
29 29 25 82
29 29 26 86
29 29 27 34
29 29 28 19
29 29 29 16
29 29 30 71
29 30 0 8
29 30 1 47
29 30 2 33
29 30 3 90
29 30 4 55
29 30 5 40
29 30 6 14
29 30 7 41
29 30 8 79
29 30 9 83
29 30 10 87
29 30 11 56
29 30 12 19
29 30 13 6
29 30 14 72
29 30 15 76
29 30 16 80
29 30 17 25
29 30 18 39
29 30 19 36
29 30 20 12
29 30 21 69
29 30 22 11
29 30 23 77
29 30 24 81
29 30 25 85
29 30 26 58
29 30 27 62
29 30 28 3
29 30 29 70
29 30 30 49
30 0 0 34
30 0 1 90
30 0 2 56
30 0 3 41
30 0 4 15
30 0 5 42
30 0 6 79
30 0 7 83
30 0 8 87
30 0 9 57
30 0 10 20
30 0 11 7
30 0 12 72
30 0 13 76
30 0 14 80
30 0 15 26
30 0 16 40
30 0 17 37
30 0 18 13
30 0 19 69
30 0 20 12
30 0 21 77
30 0 22 81
30 0 23 85
30 0 24 59
30 0 25 62
30 0 26 4
30 0 27 70
30 0 28 50
30 0 29 9
30 0 30 48
30 1 0 89
30 1 1 61
30 1 2 37
30 1 3 27
30 1 4 45
30 1 5 78
30 1 6 0
30 1 7 25
30 1 8 54
30 1 9 63
30 1 10 67
30 1 11 71
30 1 12 75
30 1 13 79
30 1 14 83
30 1 15 43
30 1 16 46
30 1 17 64
30 1 18 10
30 1 19 9
30 1 20 15
30 1 21 80
30 1 22 84
30 1 23 55
30 1 24 31
30 1 25 19
30 1 26 69
30 1 27 41
30 1 28 22
30 1 29 33
30 1 30 59
30 2 0 44
30 2 1 51
30 2 2 22
30 2 3 52
30 2 4 77
30 2 5 15
30 2 6 3
30 2 7 54
30 2 8 21
30 2 9 66
30 2 10 70
30 2 11 6
30 2 12 78
30 2 13 9
30 2 14 57
30 2 15 53
30 2 16 0
30 2 17 67
30 2 18 28
30 2 19 27
30 2 20 79
30 2 21 11
30 2 22 39
30 2 23 26
30 2 24 64
30 2 25 4
30 2 26 35
30 2 27 76
30 2 28 38
30 2 29 50
30 2 30 88
30 3 0 36
30 3 1 68
30 3 2 57
30 3 3 21
30 3 4 24
30 3 5 19
30 3 6 49
30 3 7 0
30 3 8 65
30 3 9 69
30 3 10 1
30 3 11 77
30 3 12 20
30 3 13 34
30 3 14 52
30 3 15 62
30 3 16 66
30 3 17 8
30 3 18 74
30 3 19 78
30 3 20 82
30 3 21 43
30 3 22 90
30 3 23 14
30 3 24 67
30 3 25 56
30 3 26 75
30 3 27 54
30 3 28 48
30 3 29 87
30 3 30 40
30 4 0 12
30 4 1 44
30 4 2 11
30 4 3 15
30 4 4 83
30 4 5 60
30 4 6 26
30 4 7 21
30 4 8 13
30 4 9 27
30 4 10 18
30 4 11 5
30 4 12 49
30 4 13 47
30 4 14 32
30 4 15 65
30 4 16 3
30 4 17 73
30 4 18 77
30 4 19 81
30 4 20 52
30 4 21 89
30 4 22 62
30 4 23 66
30 4 24 36
30 4 25 16
30 4 26 57
30 4 27 56
30 4 28 86
30 4 29 31
30 4 30 61
30 5 0 50
30 5 1 74
30 5 2 14
30 5 3 26
30 5 4 46
30 5 5 24
30 5 6 63
30 5 7 67
30 5 8 0
30 5 9 23
30 5 10 7
30 5 11 36
30 5 12 37
30 5 13 22
30 5 14 12
30 5 15 68
30 5 16 72
30 5 17 9
30 5 18 80
30 5 19 61
30 5 20 13
30 5 21 53
30 5 22 65
30 5 23 57
30 5 24 19
30 5 25 55
30 5 26 34
30 5 27 85
30 5 28 35
30 5 29 47
30 5 30 1
30 6 0 73
30 6 1 29
30 6 2 1
30 6 3 43
30 6 4 21
30 6 5 27
30 6 6 66
30 6 7 12
30 6 8 74
30 6 9 26
30 6 10 48
30 6 11 47
30 6 12 90
30 6 13 63
30 6 14 22
30 6 15 71
30 6 16 9
30 6 17 79
30 6 18 40
30 6 19 87
30 6 20 0
30 6 21 23
30 6 22 46
30 6 23 5
30 6 24 39
30 6 25 53
30 6 26 84
30 6 27 45
30 6 28 58
30 6 29 15
30 6 30 41
30 7 0 76
30 7 1 17
30 7 2 48
30 7 3 88
30 7 4 12
30 7 5 65
30 7 6 18
30 7 7 73
30 7 8 8
30 7 9 36
30 7 10 47
30 7 11 89
30 7 12 1
30 7 13 29
30 7 14 70
30 7 15 74
30 7 16 78
30 7 17 50
30 7 18 3
30 7 19 90
30 7 20 63
30 7 21 31
30 7 22 10
30 7 23 41
30 7 24 52
30 7 25 83
30 7 26 60
30 7 27 58
30 7 28 64
30 7 29 51
30 7 30 72
30 8 0 11
30 8 1 53
30 8 2 2
30 8 3 29
30 8 4 27
30 8 5 68
30 8 6 72
30 8 7 76
30 8 8 56
30 8 9 37
30 8 10 3
30 8 11 20
30 8 12 16
30 8 13 69
30 8 14 73
30 8 15 77
30 8 16 51
30 8 17 10
30 8 18 89
30 8 19 18
30 8 20 47
30 8 21 0
30 8 22 35
30 8 23 38
30 8 24 82
30 8 25 43
30 8 26 50
30 8 27 6
30 8 28 42
30 8 29 71
30 8 30 75
30 9 0 58
30 9 1 86
30 9 2 23
30 9 3 63
30 9 4 0
30 9 5 71
30 9 6 75
30 9 7 46
30 9 8 50
30 9 9 87
30 9 10 22
30 9 11 64
30 9 12 12
30 9 13 72
30 9 14 27
30 9 15 37
30 9 16 24
30 9 17 2
30 9 18 6
30 9 19 52
30 9 20 11
30 9 21 35
30 9 22 47
30 9 23 81
30 9 24 40
30 9 25 45
30 9 26 62
30 9 27 51
30 9 28 70
30 9 29 25
30 9 30 7
30 10 0 85
30 10 1 16
30 10 2 13
30 10 3 24
30 10 4 70
30 10 5 11
30 10 6 43
30 10 7 59
30 10 8 14
30 10 9 5
30 10 10 9
30 10 11 67
30 10 12 71
30 10 13 4
30 10 14 42
30 10 15 83
30 10 16 87
30 10 17 15
30 10 18 53
30 10 19 68
30 10 20 51
30 10 21 37
30 10 22 80
30 10 23 33
30 10 24 32
30 10 25 34
30 10 26 61
30 10 27 69
30 10 28 6
30 10 29 28
30 10 30 58
30 11 0 88
30 11 1 19
30 11 2 29
30 11 3 69
30 11 4 22
30 11 5 56
30 11 6 52
30 11 7 27
30 11 8 18
30 11 9 62
30 11 10 66
30 11 11 70
30 11 12 74
30 11 13 50
30 11 14 1
30 11 15 8
30 11 16 16
30 11 17 36
30 11 18 15
30 11 19 32
30 11 20 58
30 11 21 79
30 11 22 49
30 11 23 48
30 11 24 14
30 11 25 39
30 11 26 25
30 11 27 3
30 11 28 76
30 11 29 59
30 11 30 84
30 12 0 1
30 12 1 64
30 12 2 24
30 12 3 8
30 12 4 61
30 12 5 31
30 12 6 6
30 12 7 88
30 12 8 45
30 12 9 65
30 12 10 69
30 12 11 73
30 12 12 53
30 12 13 27
30 12 14 16
30 12 15 19
30 12 16 49
30 12 17 22
30 12 18 38
30 12 19 42
30 12 20 78
30 12 21 44
30 12 22 40
30 12 23 90
30 12 24 33
30 12 25 67
30 12 26 28
30 12 27 75
30 12 28 39
30 12 29 5
30 12 30 23
30 13 0 28
30 13 1 67
30 13 2 3
30 13 3 35
30 13 4 41
30 13 5 83
30 13 6 12
30 13 7 1
30 13 8 24
30 13 9 16
30 13 10 72
30 13 11 39
30 13 12 25
30 13 13 11
30 13 14 88
30 13 15 36
30 13 16 22
30 13 17 31
30 13 18 58
30 13 19 77
30 13 20 56
30 13 21 46
30 13 22 89
30 13 23 43
30 13 24 66
30 13 25 0
30 13 26 14
30 13 27 60
30 13 28 82
30 13 29 86
30 13 30 19
30 14 0 66
30 14 1 22
30 14 2 50
30 14 3 56
30 14 4 25
30 14 5 86
30 14 6 90
30 14 7 63
30 14 8 67
30 14 9 71
30 14 10 31
30 14 11 1
30 14 12 83
30 14 13 26
30 14 14 48
30 14 15 64
30 14 16 45
30 14 17 35
30 14 18 76
30 14 19 33
30 14 20 60
30 14 21 12
30 14 22 55
30 14 23 65
30 14 24 8
30 14 25 23
30 14 26 52
30 14 27 81
30 14 28 85
30 14 29 4
30 14 30 62
30 15 0 4
30 15 1 60
30 15 2 61
30 15 3 7
30 15 4 85
30 15 5 89
30 15 6 25
30 15 7 66
30 15 8 70
30 15 9 52
30 15 10 6
30 15 11 21
30 15 12 86
30 15 13 58
30 15 14 17
30 15 15 51
30 15 16 47
30 15 17 75
30 15 18 49
30 15 19 53
30 15 20 87
30 15 21 42
30 15 22 3
30 15 23 68
30 15 24 28
30 15 25 38
30 15 26 80
30 15 27 84
30 15 28 88
30 15 29 46
30 15 30 65
30 16 0 39
30 16 1 35
30 16 2 26
30 16 3 84
30 16 4 1
30 16 5 10
30 16 6 65
30 16 7 69
30 16 8 32
30 16 9 15
30 16 10 29
30 16 11 85
30 16 12 52
30 16 13 62
30 16 14 43
30 16 15 42
30 16 16 74
30 16 17 33
30 16 18 59
30 16 19 7
30 16 20 55
30 16 21 63
30 16 22 18
30 16 23 4
30 16 24 41
30 16 25 79
30 16 26 13
30 16 27 5
30 16 28 28
30 16 29 17
30 16 30 68
30 17 0 48
30 17 1 21
30 17 2 5
30 17 3 87
30 17 4 28
30 17 5 6
30 17 6 24
30 17 7 33
30 17 8 76
30 17 9 1
30 17 10 84
30 17 11 61
30 17 12 57
30 17 13 59
30 17 14 58
30 17 15 73
30 17 16 54
30 17 17 40
30 17 18 7
30 17 19 38
30 17 20 10
30 17 21 13
30 17 22 2
30 17 23 49
30 17 24 78
30 17 25 82
30 17 26 86
30 17 27 90
30 17 28 63
30 17 29 23
30 17 30 32
30 18 0 7
30 18 1 82
30 18 2 0
30 18 3 10
30 18 4 63
30 18 5 67
30 18 6 33
30 18 7 75
30 18 8 26
30 18 9 4
30 18 10 40
30 18 11 15
30 18 12 46
30 18 13 51
30 18 14 72
30 18 15 44
30 18 16 56
30 18 17 14
30 18 18 39
30 18 19 13
30 18 20 21
30 18 21 28
30 18 22 54
30 18 23 77
30 18 24 81
30 18 25 85
30 18 26 89
30 18 27 11
30 18 28 2
30 18 29 41
30 18 30 45
30 19 0 81
30 19 1 5
30 19 2 16
30 19 3 13
30 19 4 66
30 19 5 38
30 19 6 1
30 19 7 23
30 19 8 82
30 19 9 49
30 19 10 90
30 19 11 41
30 19 12 48
30 19 13 71
30 19 14 53
30 19 15 56
30 19 16 83
30 19 17 44
30 19 18 14
30 19 19 64
30 19 20 68
30 19 21 40
30 19 22 25
30 19 23 80
30 19 24 84
30 19 25 20
30 19 26 24
30 19 27 15
30 19 28 54
30 19 29 35
30 19 30 18
30 20 0 29
30 20 1 88
30 20 2 6
30 20 3 65
30 20 4 43
30 20 5 22
30 20 6 4
30 20 7 81
30 20 8 40
30 20 9 89
30 20 10 33
30 20 11 31
30 20 12 70
30 20 13 39
30 20 14 50
30 20 15 18
30 20 16 60
30 20 17 23
30 20 18 27
30 20 19 5
30 20 20 41
30 20 21 2
30 20 22 79
30 20 23 17
30 20 24 87
30 20 25 7
30 20 26 64
30 20 27 44
30 20 28 55
30 20 29 76
30 20 30 80
30 21 0 2
30 21 1 0
30 21 2 27
30 21 3 48
30 21 4 18
30 21 5 76
30 21 6 80
30 21 7 50
30 21 8 23
30 21 9 33
30 21 10 46
30 21 11 69
30 21 12 38
30 21 13 52
30 21 14 29
30 21 15 45
30 21 16 11
30 21 17 62
30 21 18 19
30 21 19 51
30 21 20 74
30 21 21 78
30 21 22 82
30 21 23 13
30 21 24 9
30 21 25 26
30 21 26 44
30 21 27 43
30 21 28 75
30 21 29 79
30 21 30 83
30 22 0 17
30 22 1 63
30 22 2 45
30 22 3 12
30 22 4 75
30 22 5 79
30 22 6 41
30 22 7 87
30 22 8 44
30 22 9 56
30 22 10 68
30 22 11 57
30 22 12 36
30 22 13 19
30 22 14 34
30 22 15 88
30 22 16 38
30 22 17 26
30 22 18 61
30 22 19 73
30 22 20 77
30 22 21 81
30 22 22 0
30 22 23 28
30 22 24 62
30 22 25 54
30 22 26 55
30 22 27 21
30 22 28 78
30 22 29 11
30 22 30 86
30 23 0 8
30 23 1 31
30 23 2 28
30 23 3 0
30 23 4 78
30 23 5 47
30 23 6 14
30 23 7 61
30 23 8 60
30 23 9 67
30 23 10 35
30 23 11 34
30 23 12 24
30 23 13 55
30 23 14 6
30 23 15 29
30 23 16 64
30 23 17 39
30 23 18 72
30 23 19 20
30 23 20 80
30 23 21 7
30 23 22 88
30 23 23 59
30 23 24 44
30 23 25 42
30 23 26 3
30 23 27 77
30 23 28 17
30 23 29 85
30 23 30 2
30 24 0 42
30 24 1 3
30 24 2 15
30 24 3 77
30 24 4 34
30 24 5 28
30 24 6 55
30 24 7 51
30 24 8 66
30 24 9 43
30 24 10 37
30 24 11 10
30 24 12 35
30 24 13 86
30 24 14 90
30 24 15 16
30 24 16 48
30 24 17 71
30 24 18 20
30 24 19 79
30 24 20 83
30 24 21 17
30 24 22 7
30 24 23 39
30 24 24 57
30 24 25 22
30 24 26 6
30 24 27 29
30 24 28 84
30 24 29 88
30 24 30 5
30 25 0 68
30 25 1 14
30 25 2 18
30 25 3 39
30 25 4 17
30 25 5 40
30 25 6 47
30 25 7 65
30 25 8 41
30 25 9 53
30 25 10 13
30 25 11 56
30 25 12 85
30 25 13 89
30 25 14 62
30 25 15 52
30 25 16 70
30 25 17 74
30 25 18 78
30 25 19 26
30 25 20 86
30 25 21 90
30 25 22 38
30 25 23 34
30 25 24 24
30 25 25 11
30 25 26 2
30 25 27 16
30 25 28 8
30 25 29 3
30 25 30 37
30 26 0 5
30 26 1 8
30 26 2 46
30 26 3 83
30 26 4 54
30 26 5 61
30 26 6 64
30 26 7 32
30 26 8 58
30 26 9 76
30 26 10 50
30 26 11 84
30 26 12 15
30 26 13 60
30 26 14 36
30 26 15 69
30 26 16 73
30 26 17 77
30 26 18 21
30 26 19 85
30 26 20 89
30 26 21 45
30 26 22 48
30 26 23 9
30 26 24 74
30 26 25 28
30 26 26 82
30 26 27 86
30 26 28 29
30 26 29 37
30 26 30 10
30 27 0 74
30 27 1 49
30 27 2 7
30 27 3 50
30 27 4 35
30 27 5 63
30 27 6 57
30 27 7 43
30 27 8 75
30 27 9 41
30 27 10 25
30 27 11 87
30 27 12 3
30 27 13 32
30 27 14 18
30 27 15 72
30 27 16 2
30 27 17 1
30 27 18 84
30 27 19 29
30 27 20 54
30 27 21 51
30 27 22 20
30 27 23 73
30 27 24 23
30 27 25 81
30 27 26 85
30 27 27 8
30 27 28 34
30 27 29 26
30 27 30 14
30 28 0 32
30 28 1 2
30 28 2 55
30 28 3 40
30 28 4 62
30 28 5 52
30 28 6 51
30 28 7 7
30 28 8 31
30 28 9 82
30 28 10 10
30 28 11 90
30 28 12 56
30 28 13 67
30 28 14 71
30 28 15 14
30 28 16 20
30 28 17 19
30 28 18 87
30 28 19 48
30 28 20 59
30 28 21 68
30 28 22 72
30 28 23 76
30 28 24 80
30 28 25 84
30 28 26 88
30 28 27 42
30 28 28 4
30 28 29 29
30 28 30 73
30 29 0 14
30 29 1 55
30 29 2 58
30 29 3 61
30 29 4 33
30 29 5 36
30 29 6 20
30 29 7 42
30 29 8 81
30 29 9 25
30 29 10 89
30 29 11 54
30 29 12 66
30 29 13 70
30 29 14 74
30 29 15 17
30 29 16 82
30 29 17 16
30 29 18 44
30 29 19 47
30 29 20 3
30 29 21 71
30 29 22 75
30 29 23 79
30 29 24 22
30 29 25 9
30 29 26 37
30 29 27 64
30 29 28 68
30 29 29 72
30 29 30 49
30 30 0 40
30 30 1 39
30 30 2 30
30 30 3 51
30 30 4 36
30 30 5 21
30 30 6 59
30 30 7 80
30 30 8 12
30 30 9 9
30 30 10 49
30 30 11 65
30 30 12 69
30 30 13 73
30 30 14 25
30 30 15 81
30 30 16 19
30 30 17 32
30 30 18 43
30 30 19 10
30 30 20 70
30 30 21 4
30 30 22 78
30 30 23 82
30 30 24 86
30 30 25 35
30 30 26 20
30 30 27 17
30 30 28 71
30 30 29 60
30 30 30 8
