# silver (43,3)-cube, colors=127
# constructed (not searched) from the 14Handoff.md section 7 template:
# v=7, swap=0, (phi,gam,del,eps,miss,one)=(0, 2, 2, 1, 1, 2)
# diagonal x+y+z=0 mod 43; lines: x y z color
0 0 0 0
0 0 1 17
0 0 2 34
0 0 3 105
0 0 4 25
0 0 5 119
0 0 6 52
0 0 7 47
0 0 8 7
0 0 9 60
0 0 10 111
0 0 11 15
0 0 12 125
0 0 13 89
0 0 14 96
0 0 15 75
0 0 16 14
0 0 17 117
0 0 18 124
0 0 19 88
0 0 20 95
0 0 21 13
0 0 22 30
0 0 23 116
0 0 24 123
0 0 25 87
0 0 26 59
0 0 27 29
0 0 28 72
0 0 29 48
0 0 30 44
0 0 31 50
0 0 32 28
0 0 33 100
0 0 34 107
0 0 35 36
0 0 36 77
0 0 37 67
0 0 38 92
0 0 39 18
0 0 40 65
0 0 41 9
0 0 42 26
0 1 0 41
0 1 1 1
0 1 2 104
0 1 3 12
0 1 4 118
0 1 5 125
0 1 6 89
0 1 7 24
0 1 8 75
0 1 9 110
0 1 10 20
0 1 11 61
0 1 12 58
0 1 13 51
0 1 14 53
0 1 15 29
0 1 16 45
0 1 17 77
0 1 18 57
0 1 19 94
0 1 20 9
0 1 21 3
0 1 22 115
0 1 23 122
0 1 24 86
0 1 25 93
0 1 26 33
0 1 27 107
0 1 28 68
0 1 29 64
0 1 30 48
0 1 31 36
0 1 32 99
0 1 33 106
0 1 34 34
0 1 35 120
0 1 36 44
0 1 37 91
0 1 38 39
0 1 39 105
0 1 40 15
0 1 41 7
0 1 42 126
0 2 0 39
0 2 1 103
0 2 2 2
0 2 3 53
0 2 4 82
0 2 5 74
0 2 6 24
0 2 7 75
0 2 8 109
0 2 9 23
0 2 10 123
0 2 11 87
0 2 12 66
0 2 13 101
0 2 14 5
0 2 15 49
0 2 16 80
0 2 17 44
0 2 18 67
0 2 19 29
0 2 20 40
0 2 21 114
0 2 22 121
0 2 23 48
0 2 24 61
0 2 25 25
0 2 26 106
0 2 27 71
0 2 28 120
0 2 29 79
0 2 30 15
0 2 31 98
0 2 32 52
0 2 33 35
0 2 34 54
0 2 35 57
0 2 36 90
0 2 37 30
0 2 38 104
0 2 39 14
0 2 40 18
0 2 41 125
0 2 42 6
0 3 0 102
0 3 1 24
0 3 2 116
0 3 3 123
0 3 4 87
0 3 5 19
0 3 6 101
0 3 7 108
0 3 8 41
0 3 9 122
0 3 10 86
0 3 11 93
0 3 12 50
0 3 13 30
0 3 14 85
0 3 15 64
0 3 16 53
0 3 17 92
0 3 18 27
0 3 19 22
0 3 20 113
0 3 21 79
0 3 22 29
0 3 23 73
0 3 24 13
0 3 25 59
0 3 26 112
0 3 27 63
0 3 28 45
0 3 29 28
0 3 30 97
0 3 31 47
0 3 32 38
0 3 33 68
0 3 34 125
0 3 35 71
0 3 36 34
0 3 37 103
0 3 38 12
0 3 39 20
0 3 40 124
0 3 41 21
0 3 42 2
0 4 0 35
0 4 1 115
0 4 2 122
0 4 3 86
0 4 4 4
0 4 5 67
0 4 6 65
0 4 7 7
0 4 8 121
0 4 9 80
0 4 10 53
0 4 11 82
0 4 12 5
0 4 13 47
0 4 14 120
0 4 15 83
0 4 16 91
0 4 17 30
0 4 18 3
0 4 19 60
0 4 20 119
0 4 21 126
0 4 22 66
0 4 23 27
0 4 24 58
0 4 25 73
0 4 26 76
0 4 27 125
0 4 28 10
0 4 29 52
0 4 30 61
0 4 31 17
0 4 32 117
0 4 33 74
0 4 34 88
0 4 35 28
0 4 36 102
0 4 37 36
0 4 38 15
0 4 39 123
0 4 40 37
0 4 41 12
0 4 42 59
0 5 0 114
0 5 1 121
0 5 2 53
0 5 3 8
0 5 4 79
0 5 5 63
0 5 6 20
0 5 7 78
0 5 8 34
0 5 9 62
0 5 10 56
0 5 11 35
0 5 12 112
0 5 13 64
0 5 14 72
0 5 15 90
0 5 16 40
0 5 17 28
0 5 18 111
0 5 19 118
0 5 20 61
0 5 21 89
0 5 22 19
0 5 23 46
0 5 24 65
0 5 25 117
0 5 26 71
0 5 27 32
0 5 28 95
0 5 29 55
0 5 30 2
0 5 31 74
0 5 32 123
0 5 33 45
0 5 34 18
0 5 35 48
0 5 36 7
0 5 37 3
0 5 38 122
0 5 39 6
0 5 40 36
0 5 41 100
0 5 42 11
0 6 0 43
0 6 1 15
0 6 2 5
0 6 3 44
0 6 4 105
0 6 5 26
0 6 6 119
0 6 7 126
0 6 8 82
0 6 9 56
0 6 10 38
0 6 11 62
0 6 12 69
0 6 13 125
0 6 14 48
0 6 15 13
0 6 16 39
0 6 17 110
0 6 18 84
0 6 19 124
0 6 20 46
0 6 21 33
0 6 22 85
0 6 23 49
0 6 24 55
0 6 25 123
0 6 26 17
0 6 27 94
0 6 28 101
0 6 29 25
0 6 30 57
0 6 31 122
0 6 32 68
0 6 33 24
0 6 34 100
0 6 35 40
0 6 36 11
0 6 37 121
0 6 38 1
0 6 39 42
0 6 40 99
0 6 41 4
0 6 42 113
0 7 0 126
0 7 1 3
0 7 2 60
0 7 3 104
0 7 4 32
0 7 5 118
0 7 6 75
0 7 7 89
0 7 8 96
0 7 9 27
0 7 10 83
0 7 11 117
0 7 12 47
0 7 13 88
0 7 14 25
0 7 15 40
0 7 16 109
0 7 17 116
0 7 18 51
0 7 19 87
0 7 20 30
0 7 21 101
0 7 22 50
0 7 23 57
0 7 24 122
0 7 25 31
0 7 26 56
0 7 27 84
0 7 28 4
0 7 29 85
0 7 30 121
0 7 31 63
0 7 32 20
0 7 33 99
0 7 34 23
0 7 35 21
0 7 36 120
0 7 37 41
0 7 38 29
0 7 39 98
0 7 40 39
0 7 41 72
0 7 42 119
0 8 0 27
0 8 1 96
0 8 2 103
0 8 3 11
0 8 4 69
0 8 5 124
0 8 6 83
0 8 7 53
0 8 8 8
0 8 9 58
0 8 10 44
0 8 11 123
0 8 12 43
0 8 13 20
0 8 14 14
0 8 15 108
0 8 16 115
0 8 17 63
0 8 18 86
0 8 19 34
0 8 20 49
0 8 21 107
0 8 22 75
0 8 23 121
0 8 24 10
0 8 25 92
0 8 26 61
0 8 27 13
0 8 28 54
0 8 29 65
0 8 30 74
0 8 31 29
0 8 32 98
0 8 33 30
0 8 34 17
0 8 35 119
0 8 36 6
0 8 37 31
0 8 38 97
0 8 39 24
0 8 40 111
0 8 41 118
0 8 42 72
0 9 0 46
0 9 1 102
0 9 2 27
0 9 3 116
0 9 4 73
0 9 5 87
0 9 6 60
0 9 7 33
0 9 8 66
0 9 9 48
0 9 10 122
0 9 11 44
0 9 12 25
0 9 13 5
0 9 14 61
0 9 15 114
0 9 16 79
0 9 17 74
0 9 18 26
0 9 19 63
0 9 20 106
0 9 21 78
0 9 22 62
0 9 23 22
0 9 24 91
0 9 25 51
0 9 26 3
0 9 27 112
0 9 28 119
0 9 29 80
0 9 30 4
0 9 31 97
0 9 32 10
0 9 33 1
0 9 34 118
0 9 35 38
0 9 36 42
0 9 37 77
0 9 38 14
0 9 39 110
0 9 40 75
0 9 41 124
0 9 42 35
0 10 0 70
0 10 1 38
0 10 2 115
0 10 3 58
0 10 4 86
0 10 5 93
0 10 6 16
0 10 7 107
0 10 8 55
0 10 9 121
0 10 10 49
0 10 11 21
0 10 12 40
0 10 13 56
0 10 14 113
0 10 15 120
0 10 16 25
0 10 17 4
0 10 18 47
0 10 19 54
0 10 20 112
0 10 21 119
0 10 22 27
0 10 23 90
0 10 24 44
0 10 25 36
0 10 26 51
0 10 27 118
0 10 28 125
0 10 29 14
0 10 30 77
0 10 31 6
0 10 32 37
0 10 33 117
0 10 34 13
0 10 35 12
0 10 36 95
0 10 37 29
0 10 38 109
0 10 39 116
0 10 40 61
0 10 41 22
0 10 42 73
0 11 0 21
0 11 1 114
0 11 2 49
0 11 3 63
0 11 4 44
0 11 5 13
0 11 6 106
0 11 7 72
0 11 8 56
0 11 9 83
0 11 10 36
0 11 11 11
0 11 12 105
0 11 13 70
0 11 14 67
0 11 15 126
0 11 16 33
0 11 17 81
0 11 18 62
0 11 19 69
0 11 20 118
0 11 21 34
0 11 22 47
0 11 23 96
0 11 24 5
0 11 25 85
0 11 26 53
0 11 27 58
0 11 28 19
0 11 29 95
0 11 30 30
0 11 31 42
0 11 32 116
0 11 33 3
0 11 34 6
0 11 35 94
0 11 36 18
0 11 37 108
0 11 38 115
0 11 39 79
0 11 40 9
0 11 41 93
0 11 42 100
0 12 0 113
0 12 1 120
0 12 2 30
0 12 3 79
0 12 4 10
0 12 5 48
0 12 6 112
0 12 7 119
0 12 8 70
0 12 9 34
0 12 10 9
0 12 11 104
0 12 12 111
0 12 13 53
0 12 14 54
0 12 15 7
0 12 16 96
0 12 17 51
0 12 18 69
0 12 19 83
0 12 20 33
0 12 21 88
0 12 22 61
0 12 23 5
0 12 24 67
0 12 25 116
0 12 26 123
0 12 27 37
0 12 28 94
0 12 29 22
0 12 30 26
0 12 31 115
0 12 32 35
0 12 33 2
0 12 34 71
0 12 35 41
0 12 36 43
0 12 37 114
0 12 38 66
0 12 39 8
0 12 40 78
0 12 41 99
0 12 42 23
0 13 0 84
0 13 1 126
0 13 2 55
0 13 3 17
0 13 4 67
0 13 5 45
0 13 6 118
0 13 7 125
0 13 8 24
0 13 9 32
0 13 10 103
0 13 11 110
0 13 12 117
0 13 13 124
0 13 14 12
0 13 15 78
0 13 16 71
0 13 17 69
0 13 18 116
0 13 19 11
0 13 20 50
0 13 21 81
0 13 22 39
0 13 23 52
0 13 24 115
0 13 25 122
0 13 26 28
0 13 27 53
0 13 28 33
0 13 29 1
0 13 30 114
0 13 31 25
0 13 32 41
0 13 33 92
0 13 34 19
0 13 35 82
0 13 36 113
0 13 37 120
0 13 38 27
0 13 39 49
0 13 40 98
0 13 41 31
0 13 42 43
0 14 0 68
0 14 1 89
0 14 2 6
0 14 3 47
0 14 4 53
0 14 5 43
0 14 6 72
0 14 7 19
0 14 8 21
0 14 9 102
0 14 10 109
0 14 11 74
0 14 12 77
0 14 13 8
0 14 14 73
0 14 15 101
0 14 16 59
0 14 17 115
0 14 18 11
0 14 19 51
0 14 20 93
0 14 21 40
0 14 22 107
0 14 23 114
0 14 24 121
0 14 25 3
0 14 26 92
0 14 27 42
0 14 28 7
0 14 29 113
0 14 30 37
0 14 31 39
0 14 32 91
0 14 33 15
0 14 34 105
0 14 35 66
0 14 36 82
0 14 37 35
0 14 38 81
0 14 39 97
0 14 40 17
0 14 41 111
0 14 42 62
0 15 0 57
0 15 1 6
0 15 2 71
0 15 3 77
0 15 4 116
0 15 5 123
0 15 6 9
0 15 7 21
0 15 8 69
0 15 9 108
0 15 10 82
0 15 11 64
0 15 12 16
0 15 13 93
0 15 14 84
0 15 15 107
0 15 16 114
0 15 17 27
0 15 18 83
0 15 19 80
0 15 20 13
0 15 21 106
0 15 22 113
0 15 23 51
0 15 24 8
0 15 25 91
0 15 26 12
0 15 27 1
0 15 28 112
0 15 29 5
0 15 30 29
0 15 31 90
0 15 32 2
0 15 33 104
0 15 34 111
0 15 35 59
0 15 36 37
0 15 37 89
0 15 38 58
0 15 39 31
0 15 40 110
0 15 41 117
0 15 42 124
0 16 0 11
0 16 1 101
0 16 2 50
0 16 3 115
0 16 4 122
0 16 5 20
0 16 6 22
0 16 7 100
0 16 8 49
0 16 9 59
0 16 10 77
0 16 11 26
0 16 12 70
0 16 13 83
0 16 14 106
0 16 15 113
0 16 16 16
0 16 17 43
0 16 18 64
0 16 19 15
0 16 20 66
0 16 21 73
0 16 22 119
0 16 23 17
0 16 24 90
0 16 25 34
0 16 26 40
0 16 27 111
0 16 28 28
0 16 29 12
0 16 30 75
0 16 31 19
0 16 32 103
0 16 33 110
0 16 34 117
0 16 35 5
0 16 36 76
0 16 37 95
0 16 38 25
0 16 39 109
0 16 40 57
0 16 41 81
0 16 42 87
0 17 0 64
0 17 1 107
0 17 2 114
0 17 3 121
0 17 4 24
0 17 5 21
0 17 6 99
0 17 7 52
0 17 8 79
0 17 9 120
0 17 10 32
0 17 11 80
0 17 12 65
0 17 13 63
0 17 14 44
0 17 15 19
0 17 16 62
0 17 17 73
0 17 18 5
0 17 19 45
0 17 20 111
0 17 21 118
0 17 22 4
0 17 23 43
0 17 24 36
0 17 25 22
0 17 26 110
0 17 27 38
0 17 28 41
0 17 29 88
0 17 30 20
0 17 31 102
0 17 32 109
0 17 33 83
0 17 34 30
0 17 35 87
0 17 36 94
0 17 37 9
0 17 38 108
0 17 39 55
0 17 40 58
0 17 41 86
0 17 42 8
0 18 0 106
0 18 1 113
0 18 2 78
0 18 3 1
0 18 4 11
0 18 5 98
0 18 6 105
0 18 7 112
0 18 8 77
0 18 9 6
0 18 10 48
0 18 11 57
0 18 12 53
0 18 13 111
0 18 14 23
0 18 15 125
0 18 16 89
0 18 17 8
0 18 18 81
0 18 19 110
0 18 20 75
0 18 21 20
0 18 22 88
0 18 23 2
0 18 24 7
0 18 25 109
0 18 26 10
0 18 27 33
0 18 28 49
0 18 29 41
0 18 30 60
0 18 31 108
0 18 32 71
0 18 33 28
0 18 34 86
0 18 35 56
0 18 36 9
0 18 37 66
0 18 38 84
0 18 39 45
0 18 40 46
0 18 41 27
0 18 42 74
0 19 0 81
0 19 1 119
0 19 2 40
0 19 3 20
0 19 4 97
0 19 5 104
0 19 6 59
0 19 7 60
0 19 8 27
0 19 9 89
0 19 10 96
0 19 11 77
0 19 12 110
0 19 13 29
0 19 14 74
0 19 15 46
0 19 16 4
0 19 17 53
0 19 18 109
0 19 19 116
0 19 20 39
0 19 21 45
0 19 22 16
0 19 23 25
0 19 24 108
0 19 25 18
0 19 26 34
0 19 27 79
0 19 28 42
0 19 29 100
0 19 30 68
0 19 31 72
0 19 32 12
0 19 33 62
0 19 34 92
0 19 35 23
0 19 36 64
0 19 37 83
0 19 38 120
0 19 39 26
0 19 40 33
0 19 41 70
0 19 42 49
0 20 0 118
0 20 1 11
0 20 2 33
0 20 3 75
0 20 4 103
0 20 5 69
0 20 6 117
0 20 7 29
0 20 8 64
0 20 9 50
0 20 10 78
0 20 11 109
0 20 12 32
0 20 13 123
0 20 14 87
0 20 15 28
0 20 16 101
0 20 17 108
0 20 18 115
0 20 19 12
0 20 20 60
0 20 21 31
0 20 22 42
0 20 23 107
0 20 24 37
0 20 25 26
0 20 26 74
0 20 27 24
0 20 28 99
0 20 29 61
0 20 30 62
0 20 31 15
0 20 32 7
0 20 33 91
0 20 34 8
0 20 35 105
0 20 36 112
0 20 37 70
0 20 38 126
0 20 39 1
0 20 40 56
0 20 41 84
0 20 42 111
0 21 0 1
0 21 1 18
0 21 2 95
0 21 3 102
0 21 4 45
0 21 5 73
0 21 6 25
0 21 7 87
0 21 8 59
0 21 9 101
0 21 10 108
0 21 11 20
0 21 12 122
0 21 13 86
0 21 14 7
0 21 15 67
0 21 16 68
0 21 17 114
0 21 18 31
0 21 19 55
0 21 20 37
0 21 21 21
0 21 22 106
0 21 23 14
0 21 24 2
0 21 25 69
0 21 26 26
0 21 27 98
0 21 28 105
0 21 29 112
0 21 30 5
0 21 31 126
0 21 32 90
0 21 33 17
0 21 34 104
0 21 35 51
0 21 36 79
0 21 37 65
0 21 38 33
0 21 39 96
0 21 40 60
0 21 41 110
0 21 42 54
0 22 0 42
0 22 1 94
0 22 2 48
0 22 3 80
0 22 4 59
0 22 5 10
0 22 6 86
0 22 7 93
0 22 8 46
0 22 9 65
0 22 10 26
0 22 11 121
0 22 12 67
0 22 13 38
0 22 14 57
0 22 15 61
0 22 16 113
0 22 17 17
0 22 18 50
0 22 19 41
0 22 20 29
0 22 21 105
0 22 22 22
0 22 23 6
0 22 24 84
0 22 25 12
0 22 26 97
0 22 27 104
0 22 28 76
0 22 29 36
0 22 30 83
0 22 31 55
0 22 32 23
0 22 33 103
0 22 34 52
0 22 35 117
0 22 36 124
0 22 37 18
0 22 38 69
0 22 39 70
0 22 40 109
0 22 41 116
0 22 42 25
0 23 0 51
0 23 1 100
0 23 2 107
0 23 3 55
0 23 4 42
0 23 5 83
0 23 6 84
0 23 7 45
0 23 8 63
0 23 9 35
0 23 10 73
0 23 11 36
0 23 12 28
0 23 13 58
0 23 14 105
0 23 15 69
0 23 16 19
0 23 17 80
0 23 18 17
0 23 19 6
0 23 20 104
0 23 21 1
0 23 22 12
0 23 23 125
0 23 24 31
0 23 25 54
0 23 26 103
0 23 27 48
0 23 28 15
0 23 29 124
0 23 30 88
0 23 31 11
0 23 32 102
0 23 33 76
0 23 34 72
0 23 35 81
0 23 36 14
0 23 37 52
0 23 38 101
0 23 39 108
0 23 40 115
0 23 41 10
0 23 42 32
0 24 0 99
0 24 1 106
0 24 2 65
0 24 3 10
0 24 4 17
0 24 5 71
0 24 6 74
0 24 7 105
0 24 8 20
0 24 9 119
0 24 10 126
0 24 11 31
0 24 12 46
0 24 13 104
0 24 14 111
0 24 15 1
0 24 16 125
0 24 17 9
0 24 18 25
0 24 19 103
0 24 20 18
0 24 21 27
0 24 22 43
0 24 23 4
0 24 24 95
0 24 25 102
0 24 26 84
0 24 27 39
0 24 28 56
0 24 29 67
0 24 30 14
0 24 31 85
0 24 32 66
0 24 33 64
0 24 34 49
0 24 35 16
0 24 36 93
0 24 37 50
0 24 38 77
0 24 39 114
0 24 40 23
0 24 41 3
0 24 42 92
0 25 0 79
0 25 1 112
0 25 2 16
0 25 3 126
0 25 4 48
0 25 5 72
0 25 6 104
0 25 7 34
0 25 8 118
0 25 9 53
0 25 10 15
0 25 11 96
0 25 12 103
0 25 13 110
0 25 14 2
0 25 15 54
0 25 16 10
0 25 17 33
0 25 18 102
0 25 19 36
0 25 20 41
0 25 21 123
0 25 22 23
0 25 23 94
0 25 24 56
0 25 25 63
0 25 26 35
0 25 27 65
0 25 28 43
0 25 29 20
0 25 30 100
0 25 31 107
0 25 32 46
0 25 33 59
0 25 34 37
0 25 35 52
0 25 36 70
0 25 37 80
0 25 38 113
0 25 39 32
0 25 40 42
0 25 41 91
0 25 42 98
0 26 0 58
0 26 1 35
0 26 2 72
0 26 3 89
0 26 4 96
0 26 5 103
0 26 6 34
0 26 7 71
0 26 8 124
0 26 9 13
0 26 10 70
0 26 11 102
0 26 12 109
0 26 13 23
0 26 14 123
0 26 15 2
0 26 16 5
0 26 17 101
0 26 18 21
0 26 19 7
0 26 20 122
0 26 21 39
0 26 22 78
0 26 23 100
0 26 24 107
0 26 25 38
0 26 26 49
0 26 27 46
0 26 28 24
0 26 29 99
0 26 30 106
0 26 31 45
0 26 32 120
0 26 33 11
0 26 34 65
0 26 35 47
0 26 36 105
0 26 37 60
0 26 38 22
0 26 39 19
0 26 40 90
0 26 41 97
0 26 42 52
0 27 0 32
0 27 1 124
0 27 2 61
0 27 3 67
0 27 4 102
0 27 5 18
0 27 6 116
0 27 7 48
0 27 8 38
0 27 9 47
0 27 10 63
0 27 11 108
0 27 12 24
0 27 13 122
0 27 14 31
0 27 15 15
0 27 16 100
0 27 17 3
0 27 18 9
0 27 19 121
0 27 20 26
0 27 21 92
0 27 22 99
0 27 23 106
0 27 24 28
0 27 25 120
0 27 26 78
0 27 27 27
0 27 28 98
0 27 29 70
0 27 30 112
0 27 31 56
0 27 32 17
0 27 33 52
0 27 34 55
0 27 35 104
0 27 36 111
0 27 37 21
0 27 38 23
0 27 39 57
0 27 40 43
0 27 41 76
0 27 42 82
0 28 0 74
0 28 1 87
0 28 2 45
0 28 3 43
0 28 4 12
0 28 5 115
0 28 6 80
0 28 7 6
0 28 8 93
0 28 9 100
0 28 10 47
0 28 11 41
0 28 12 121
0 28 13 14
0 28 14 38
0 28 15 99
0 28 16 42
0 28 17 31
0 28 18 76
0 28 19 35
0 28 20 91
0 28 21 98
0 28 22 77
0 28 23 30
0 28 24 48
0 28 25 79
0 28 26 16
0 28 27 97
0 28 28 60
0 28 29 58
0 28 30 51
0 28 31 27
0 28 32 89
0 28 33 96
0 28 34 103
0 28 35 110
0 28 36 22
0 28 37 34
0 28 38 88
0 28 39 95
0 28 40 84
0 28 41 62
0 28 42 37
0 29 0 86
0 29 1 93
0 29 2 100
0 29 3 26
0 29 4 114
0 29 5 51
0 29 6 8
0 29 7 63
0 29 8 99
0 29 9 43
0 29 10 28
0 29 11 58
0 29 12 4
0 29 13 6
0 29 14 98
0 29 15 36
0 29 16 1
0 29 17 119
0 29 18 40
0 29 19 90
0 29 20 97
0 29 21 62
0 29 22 3
0 29 23 68
0 29 24 125
0 29 25 32
0 29 26 46
0 29 27 60
0 29 28 78
0 29 29 117
0 29 30 35
0 29 31 75
0 29 32 76
0 29 33 102
0 29 34 109
0 29 35 22
0 29 36 24
0 29 37 59
0 29 38 94
0 29 39 101
0 29 40 81
0 29 41 37
0 29 42 50
0 30 0 80
0 30 1 99
0 30 2 12
0 30 3 113
0 30 4 120
0 30 5 16
0 30 6 50
0 30 7 98
0 30 8 105
0 30 9 24
0 30 10 119
0 30 11 2
0 30 12 18
0 30 13 97
0 30 14 42
0 30 15 10
0 30 16 118
0 30 17 15
0 30 18 71
0 30 19 76
0 30 20 44
0 30 21 4
0 30 22 117
0 30 23 82
0 30 24 32
0 30 25 95
0 30 26 60
0 30 27 67
0 30 28 48
0 30 29 31
0 30 30 87
0 30 31 62
0 30 32 59
0 30 33 108
0 30 34 11
0 30 35 19
0 30 36 46
0 30 37 73
0 30 38 57
0 30 39 107
0 30 40 26
0 30 41 85
0 30 42 66
0 31 0 98
0 31 1 20
0 31 2 59
0 31 3 56
0 31 4 35
0 31 5 68
0 31 6 97
0 31 7 104
0 31 8 2
0 31 9 118
0 31 10 41
0 31 11 8
0 31 12 96
0 31 13 17
0 31 14 21
0 31 15 52
0 31 16 6
0 31 17 88
0 31 18 95
0 31 19 78
0 31 20 38
0 31 21 85
0 31 22 123
0 31 23 10
0 31 24 94
0 31 25 101
0 31 26 75
0 31 27 82
0 31 28 36
0 31 29 86
0 31 30 93
0 31 31 100
0 31 32 73
0 31 33 34
0 31 34 9
0 31 35 80
0 31 36 92
0 31 37 74
0 31 38 106
0 31 39 33
0 31 40 120
0 31 41 13
0 31 42 71
0 32 0 22
0 32 1 111
0 32 2 83
0 32 3 34
0 32 4 89
0 32 5 54
0 32 6 103
0 32 7 25
0 32 8 52
0 32 9 37
0 32 10 40
0 32 11 95
0 32 12 1
0 32 13 13
0 32 14 116
0 32 15 24
0 32 16 49
0 32 17 94
0 32 18 101
0 32 19 38
0 32 20 78
0 32 21 122
0 32 22 9
0 32 23 67
0 32 24 51
0 32 25 107
0 32 26 66
0 32 27 10
0 32 28 55
0 32 29 50
0 32 30 99
0 32 31 68
0 32 32 32
0 32 33 7
0 32 34 85
0 32 35 91
0 32 36 81
0 32 37 63
0 32 38 30
0 32 39 69
0 32 40 126
0 32 41 56
0 32 42 97
0 33 0 110
0 33 1 117
0 33 2 21
0 33 3 57
0 33 4 95
0 33 5 102
0 33 6 14
0 33 7 116
0 33 8 31
0 33 9 30
0 33 10 94
0 33 11 6
0 33 12 37
0 33 13 115
0 33 14 29
0 33 15 55
0 33 16 64
0 33 17 75
0 33 18 7
0 33 19 68
0 33 20 121
0 33 21 16
0 33 22 92
0 33 23 54
0 33 24 106
0 33 25 80
0 33 26 39
0 33 27 18
0 33 28 66
0 33 29 98
0 33 30 105
0 33 31 3
0 33 32 22
0 33 33 43
0 33 34 90
0 33 35 85
0 33 36 71
0 33 37 27
0 33 38 76
0 33 39 46
0 33 40 89
0 33 41 60
0 33 42 5
0 34 0 69
0 34 1 8
0 34 2 87
0 34 3 94
0 34 4 57
0 34 5 29
0 34 6 115
0 34 7 1
0 34 8 5
0 34 9 93
0 34 10 42
0 34 11 33
0 34 12 114
0 34 13 39
0 34 14 66
0 34 15 92
0 34 16 44
0 34 17 40
0 34 18 45
0 34 19 73
0 34 20 21
0 34 21 91
0 34 22 72
0 34 23 79
0 34 24 112
0 34 25 17
0 34 26 126
0 34 27 78
0 34 28 97
0 34 29 104
0 34 30 38
0 34 31 18
0 34 32 125
0 34 33 82
0 34 34 96
0 34 35 46
0 34 36 10
0 34 37 117
0 34 38 124
0 34 39 54
0 34 40 95
0 34 41 16
0 34 42 109
0 35 0 16
0 35 1 86
0 35 2 43
0 35 3 100
0 35 4 19
0 35 5 114
0 35 6 12
0 35 7 37
0 35 8 92
0 35 9 26
0 35 10 13
0 35 11 113
0 35 12 14
0 35 13 61
0 35 14 91
0 35 15 72
0 35 16 30
0 35 17 112
0 35 18 119
0 35 19 33
0 35 20 90
0 35 21 74
0 35 22 80
0 35 23 44
0 35 24 9
0 35 25 83
0 35 26 89
0 35 27 45
0 35 28 103
0 35 29 29
0 35 30 23
0 35 31 81
0 35 32 88
0 35 33 60
0 35 34 67
0 35 35 35
0 35 36 73
0 35 37 47
0 35 38 87
0 35 39 94
0 35 40 32
0 35 41 108
0 35 42 85
0 36 0 76
0 36 1 92
0 36 2 99
0 36 3 4
0 36 4 113
0 36 5 14
0 36 6 2
0 36 7 91
0 36 8 22
0 36 9 20
0 36 10 81
0 36 11 23
0 36 12 84
0 36 13 90
0 36 14 55
0 36 15 39
0 36 16 74
0 36 17 118
0 36 18 12
0 36 19 58
0 36 20 96
0 36 21 64
0 36 22 83
0 36 23 13
0 36 24 124
0 36 25 68
0 36 26 95
0 36 27 102
0 36 28 3
0 36 29 18
0 36 30 123
0 36 31 57
0 36 32 65
0 36 33 101
0 36 34 16
0 36 35 73
0 36 36 67
0 36 37 86
0 36 38 51
0 36 39 11
0 36 40 66
0 36 41 50
0 36 42 40
0 37 0 91
0 37 1 98
0 37 2 39
0 37 3 70
0 37 4 1
0 37 5 42
0 37 6 90
0 37 7 32
0 37 8 3
0 37 9 111
0 37 10 19
0 37 11 125
0 37 12 55
0 37 13 96
0 37 14 18
0 37 15 68
0 37 16 77
0 37 17 26
0 37 18 88
0 37 19 53
0 37 20 56
0 37 21 71
0 37 22 10
0 37 23 63
0 37 24 87
0 37 25 94
0 37 26 69
0 37 27 4
0 37 28 30
0 37 29 122
0 37 30 46
0 37 31 93
0 37 32 82
0 37 33 5
0 37 34 47
0 37 35 76
0 37 36 49
0 37 37 92
0 37 38 17
0 37 39 64
0 37 40 62
0 37 41 38
0 37 42 28
0 38 0 97
0 38 1 32
0 38 2 111
0 38 3 7
0 38 4 37
0 38 5 89
0 38 6 40
0 38 7 36
0 38 8 110
0 38 9 25
0 38 10 58
0 38 11 88
0 38 12 61
0 38 13 41
0 38 14 82
0 38 15 116
0 38 16 11
0 38 17 84
0 38 18 66
0 38 19 101
0 38 20 70
0 38 21 24
0 38 22 56
0 38 23 86
0 38 24 50
0 38 25 100
0 38 26 15
0 38 27 3
0 38 28 121
0 38 29 76
0 38 30 65
0 38 31 44
0 38 32 8
0 38 33 79
0 38 34 120
0 38 35 9
0 38 36 91
0 38 37 23
0 38 38 105
0 38 39 112
0 38 40 35
0 38 41 126
0 38 42 90
0 39 0 8
0 39 1 110
0 39 2 31
0 39 3 6
0 39 4 88
0 39 5 28
0 39 6 7
0 39 7 109
0 39 8 15
0 39 9 123
0 39 10 72
0 39 11 75
0 39 12 26
0 39 13 77
0 39 14 115
0 39 15 33
0 39 16 50
0 39 17 93
0 39 18 58
0 39 19 107
0 39 20 16
0 39 21 68
0 39 22 81
0 39 23 92
0 39 24 99
0 39 25 40
0 39 26 13
0 39 27 62
0 39 28 85
0 39 29 49
0 39 30 80
0 39 31 38
0 39 32 112
0 39 33 63
0 39 34 126
0 39 35 90
0 39 36 36
0 39 37 104
0 39 38 54
0 39 39 39
0 39 40 55
0 39 41 47
0 39 42 76
0 40 0 109
0 40 1 41
0 40 2 22
0 40 3 87
0 40 4 23
0 40 5 31
0 40 6 108
0 40 7 9
0 40 8 122
0 40 9 85
0 40 10 93
0 40 11 5
0 40 12 107
0 40 13 114
0 40 14 15
0 40 15 81
0 40 16 65
0 40 17 61
0 40 18 106
0 40 19 30
0 40 20 120
0 40 21 14
0 40 22 91
0 40 23 98
0 40 24 21
0 40 25 16
0 40 26 119
0 40 27 72
0 40 28 52
0 40 29 84
0 40 30 13
0 40 31 76
0 40 32 78
0 40 33 71
0 40 34 68
0 40 35 2
0 40 36 103
0 40 37 54
0 40 38 24
0 40 39 124
0 40 40 88
0 40 41 95
0 40 42 19
0 41 0 4
0 41 1 37
0 41 2 86
0 41 3 25
0 41 4 29
0 41 5 64
0 41 6 13
0 41 7 121
0 41 8 62
0 41 9 52
0 41 10 8
0 41 11 106
0 41 12 113
0 41 13 28
0 41 14 79
0 41 15 85
0 41 16 81
0 41 17 57
0 41 18 18
0 41 19 70
0 41 20 126
0 41 21 90
0 41 22 97
0 41 23 3
0 41 24 14
0 41 25 118
0 41 26 125
0 41 27 89
0 41 28 96
0 41 29 38
0 41 30 54
0 41 31 117
0 41 32 124
0 41 33 88
0 41 34 20
0 41 35 102
0 41 36 69
0 41 37 19
0 41 38 82
0 41 39 77
0 41 40 94
0 41 41 41
0 41 42 108
0 42 0 2
0 42 1 43
0 42 2 36
0 42 3 28
0 42 4 74
0 42 5 4
0 42 6 66
0 42 7 62
0 42 8 54
0 42 9 9
0 42 10 51
0 42 11 46
0 42 12 7
0 42 13 81
0 42 14 45
0 42 15 65
0 42 16 85
0 42 17 10
0 42 18 82
0 42 19 59
0 42 20 53
0 42 21 49
0 42 22 40
0 42 23 34
0 42 24 80
0 42 25 76
0 42 26 70
0 42 27 47
0 42 28 14
0 42 29 44
0 42 30 64
0 42 31 84
0 42 32 48
0 42 33 23
0 42 34 83
0 42 35 78
0 42 36 19
0 42 37 75
0 42 38 67
0 42 39 63
0 42 40 31
0 42 41 55
0 42 42 42
1 0 0 37
1 0 1 29
1 0 2 75
1 0 3 5
1 0 4 67
1 0 5 63
1 0 6 55
1 0 7 10
1 0 8 52
1 0 9 47
1 0 10 8
1 0 11 82
1 0 12 46
1 0 13 66
1 0 14 43
1 0 15 11
1 0 16 83
1 0 17 60
1 0 18 54
1 0 19 50
1 0 20 41
1 0 21 35
1 0 22 81
1 0 23 77
1 0 24 71
1 0 25 48
1 0 26 15
1 0 27 45
1 0 28 65
1 0 29 85
1 0 30 49
1 0 31 24
1 0 32 84
1 0 33 79
1 0 34 20
1 0 35 76
1 0 36 68
1 0 37 64
1 0 38 32
1 0 39 56
1 0 40 0
1 0 41 3
1 0 42 44
1 1 0 35
1 1 1 105
1 1 2 26
1 1 3 119
1 1 4 53
1 1 5 48
1 1 6 8
1 1 7 61
1 1 8 111
1 1 9 16
1 1 10 125
1 1 11 89
1 1 12 96
1 1 13 76
1 1 14 15
1 1 15 117
1 1 16 124
1 1 17 88
1 1 18 95
1 1 19 14
1 1 20 31
1 1 21 116
1 1 22 123
1 1 23 87
1 1 24 60
1 1 25 30
1 1 26 73
1 1 27 49
1 1 28 45
1 1 29 51
1 1 30 29
1 1 31 100
1 1 32 107
1 1 33 37
1 1 34 78
1 1 35 68
1 1 36 92
1 1 37 19
1 1 38 66
1 1 39 10
1 1 40 27
1 1 41 1
1 1 42 18
1 2 0 104
1 2 1 13
1 2 2 118
1 2 3 125
1 2 4 89
1 2 5 25
1 2 6 76
1 2 7 110
1 2 8 21
1 2 9 62
1 2 10 59
1 2 11 52
1 2 12 54
1 2 13 30
1 2 14 46
1 2 15 78
1 2 16 58
1 2 17 94
1 2 18 10
1 2 19 4
1 2 20 115
1 2 21 122
1 2 22 86
1 2 23 93
1 2 24 34
1 2 25 107
1 2 26 69
1 2 27 65
1 2 28 49
1 2 29 37
1 2 30 99
1 2 31 106
1 2 32 35
1 2 33 120
1 2 34 45
1 2 35 91
1 2 36 40
1 2 37 105
1 2 38 16
1 2 39 8
1 2 40 126
1 2 41 42
1 2 42 2
1 3 0 3
1 3 1 54
1 3 2 83
1 3 3 75
1 3 4 25
1 3 5 76
1 3 6 109
1 3 7 24
1 3 8 123
1 3 9 87
1 3 10 67
1 3 11 101
1 3 12 6
1 3 13 50
1 3 14 81
1 3 15 45
1 3 16 68
1 3 17 30
1 3 18 41
1 3 19 114
1 3 20 121
1 3 21 49
1 3 22 62
1 3 23 26
1 3 24 106
1 3 25 72
1 3 26 120
1 3 27 80
1 3 28 16
1 3 29 98
1 3 30 53
1 3 31 36
1 3 32 55
1 3 33 58
1 3 34 90
1 3 35 31
1 3 36 104
1 3 37 15
1 3 38 19
1 3 39 125
1 3 40 7
1 3 41 40
1 3 42 103
1 4 0 116
1 4 1 123
1 4 2 87
1 4 3 20
1 4 4 101
1 4 5 108
1 4 6 42
1 4 7 122
1 4 8 86
1 4 9 93
1 4 10 51
1 4 11 31
1 4 12 43
1 4 13 65
1 4 14 54
1 4 15 92
1 4 16 28
1 4 17 23
1 4 18 113
1 4 19 80
1 4 20 30
1 4 21 74
1 4 22 14
1 4 23 60
1 4 24 112
1 4 25 64
1 4 26 46
1 4 27 29
1 4 28 97
1 4 29 48
1 4 30 39
1 4 31 69
1 4 32 125
1 4 33 72
1 4 34 35
1 4 35 103
1 4 36 13
1 4 37 21
1 4 38 124
1 4 39 22
1 4 40 3
1 4 41 102
1 4 42 25
1 5 0 122
1 5 1 86
1 5 2 5
1 5 3 68
1 5 4 66
1 5 5 8
1 5 6 121
1 5 7 81
1 5 8 54
1 5 9 83
1 5 10 6
1 5 11 48
1 5 12 120
1 5 13 84
1 5 14 91
1 5 15 31
1 5 16 4
1 5 17 61
1 5 18 119
1 5 19 126
1 5 20 67
1 5 21 28
1 5 22 59
1 5 23 74
1 5 24 77
1 5 25 125
1 5 26 11
1 5 27 53
1 5 28 62
1 5 29 18
1 5 30 117
1 5 31 75
1 5 32 88
1 5 33 29
1 5 34 102
1 5 35 37
1 5 36 16
1 5 37 123
1 5 38 38
1 5 39 13
1 5 40 60
1 5 41 36
1 5 42 115
1 6 0 54
1 6 1 9
1 6 2 80
1 6 3 64
1 6 4 21
1 6 5 79
1 6 6 35
1 6 7 63
1 6 8 57
1 6 9 36
1 6 10 112
1 6 11 65
1 6 12 73
1 6 13 90
1 6 14 41
1 6 15 29
1 6 16 111
1 6 17 118
1 6 18 62
1 6 19 89
1 6 20 20
1 6 21 47
1 6 22 66
1 6 23 117
1 6 24 72
1 6 25 33
1 6 26 95
1 6 27 56
1 6 28 3
1 6 29 75
1 6 30 123
1 6 31 46
1 6 32 19
1 6 33 49
1 6 34 8
1 6 35 4
1 6 36 122
1 6 37 7
1 6 38 37
1 6 39 100
1 6 40 12
1 6 41 114
1 6 42 121
1 7 0 6
1 7 1 45
1 7 2 105
1 7 3 27
1 7 4 119
1 7 5 126
1 7 6 83
1 7 7 57
1 7 8 39
1 7 9 63
1 7 10 70
1 7 11 125
1 7 12 49
1 7 13 14
1 7 14 40
1 7 15 110
1 7 16 85
1 7 17 124
1 7 18 47
1 7 19 34
1 7 20 43
1 7 21 50
1 7 22 56
1 7 23 123
1 7 24 18
1 7 25 94
1 7 26 101
1 7 27 26
1 7 28 58
1 7 29 122
1 7 30 69
1 7 31 25
1 7 32 100
1 7 33 41
1 7 34 12
1 7 35 121
1 7 36 2
1 7 37 0
1 7 38 99
1 7 39 5
1 7 40 113
1 7 41 44
1 7 42 16
1 8 0 61
1 8 1 104
1 8 2 33
1 8 3 118
1 8 4 76
1 8 5 89
1 8 6 96
1 8 7 28
1 8 8 84
1 8 9 117
1 8 10 48
1 8 11 88
1 8 12 26
1 8 13 41
1 8 14 109
1 8 15 116
1 8 16 52
1 8 17 87
1 8 18 31
1 8 19 101
1 8 20 51
1 8 21 58
1 8 22 122
1 8 23 32
1 8 24 57
1 8 25 85
1 8 26 5
1 8 27 43
1 8 28 121
1 8 29 64
1 8 30 21
1 8 31 99
1 8 32 24
1 8 33 22
1 8 34 120
1 8 35 42
1 8 36 30
1 8 37 98
1 8 38 40
1 8 39 73
1 8 40 119
1 8 41 126
1 8 42 4
1 9 0 103
1 9 1 12
1 9 2 70
1 9 3 124
1 9 4 84
1 9 5 54
1 9 6 9
1 9 7 59
1 9 8 45
1 9 9 123
1 9 10 44
1 9 11 21
1 9 12 15
1 9 13 108
1 9 14 115
1 9 15 64
1 9 16 86
1 9 17 35
1 9 18 50
1 9 19 107
1 9 20 76
1 9 21 121
1 9 22 11
1 9 23 92
1 9 24 62
1 9 25 14
1 9 26 55
1 9 27 66
1 9 28 75
1 9 29 30
1 9 30 98
1 9 31 31
1 9 32 18
1 9 33 119
1 9 34 7
1 9 35 32
1 9 36 97
1 9 37 25
1 9 38 111
1 9 39 118
1 9 40 73
1 9 41 28
1 9 42 96
1 10 0 28
1 10 1 116
1 10 2 74
1 10 3 87
1 10 4 61
1 10 5 34
1 10 6 67
1 10 7 49
1 10 8 122
1 10 9 45
1 10 10 26
1 10 11 6
1 10 12 62
1 10 13 114
1 10 14 80
1 10 15 75
1 10 16 27
1 10 17 64
1 10 18 106
1 10 19 79
1 10 20 63
1 10 21 23
1 10 22 91
1 10 23 52
1 10 24 4
1 10 25 112
1 10 26 119
1 10 27 81
1 10 28 5
1 10 29 97
1 10 30 11
1 10 31 2
1 10 32 118
1 10 33 39
1 10 34 0
1 10 35 78
1 10 36 15
1 10 37 110
1 10 38 76
1 10 39 124
1 10 40 36
1 10 41 47
1 10 42 102
1 11 0 115
1 11 1 59
1 11 2 86
1 11 3 93
1 11 4 17
1 11 5 107
1 11 6 56
1 11 7 121
1 11 8 50
1 11 9 22
1 11 10 41
1 11 11 57
1 11 12 113
1 11 13 120
1 11 14 26
1 11 15 5
1 11 16 48
1 11 17 55
1 11 18 112
1 11 19 119
1 11 20 28
1 11 21 90
1 11 22 45
1 11 23 37
1 11 24 52
1 11 25 118
1 11 26 125
1 11 27 15
1 11 28 78
1 11 29 7
1 11 30 38
1 11 31 117
1 11 32 14
1 11 33 13
1 11 34 95
1 11 35 30
1 11 36 109
1 11 37 116
1 11 38 62
1 11 39 23
1 11 40 74
1 11 41 71
1 11 42 39
1 12 0 50
1 12 1 64
1 12 2 45
1 12 3 14
1 12 4 106
1 12 5 73
1 12 6 57
1 12 7 84
1 12 8 37
1 12 9 12
1 12 10 105
1 12 11 71
1 12 12 68
1 12 13 126
1 12 14 34
1 12 15 82
1 12 16 63
1 12 17 70
1 12 18 118
1 12 19 35
1 12 20 48
1 12 21 96
1 12 22 6
1 12 23 43
1 12 24 54
1 12 25 59
1 12 26 20
1 12 27 95
1 12 28 31
1 12 29 0
1 12 30 116
1 12 31 4
1 12 32 7
1 12 33 94
1 12 34 19
1 12 35 108
1 12 36 115
1 12 37 80
1 12 38 10
1 12 39 93
1 12 40 100
1 12 41 22
1 12 42 114
1 13 0 31
1 13 1 80
1 13 2 11
1 13 3 49
1 13 4 112
1 13 5 119
1 13 6 71
1 13 7 35
1 13 8 10
1 13 9 104
1 13 10 111
1 13 11 54
1 13 12 55
1 13 13 8
1 13 14 96
1 13 15 52
1 13 16 70
1 13 17 84
1 13 18 34
1 13 19 88
1 13 20 62
1 13 21 6
1 13 22 68
1 13 23 116
1 13 24 123
1 13 25 38
1 13 26 94
1 13 27 23
1 13 28 27
1 13 29 115
1 13 30 36
1 13 31 3
1 13 32 72
1 13 33 42
1 13 34 44
1 13 35 114
1 13 36 67
1 13 37 9
1 13 38 79
1 13 39 99
1 13 40 24
1 13 41 113
1 13 42 120
1 14 0 56
1 14 1 18
1 14 2 68
1 14 3 46
1 14 4 118
1 14 5 125
1 14 6 25
1 14 7 33
1 14 8 103
1 14 9 110
1 14 10 117
1 14 11 124
1 14 12 13
1 14 13 79
1 14 14 72
1 14 15 70
1 14 16 116
1 14 17 12
1 14 18 51
1 14 19 82
1 14 20 40
1 14 21 53
1 14 22 115
1 14 23 122
1 14 24 29
1 14 25 54
1 14 26 34
1 14 27 2
1 14 28 114
1 14 29 26
1 14 30 42
1 14 31 92
1 14 32 20
1 14 33 83
1 14 34 113
1 14 35 120
1 14 36 28
1 14 37 50
1 14 38 98
1 14 39 32
1 14 40 44
1 14 41 85
1 14 42 126
1 15 0 7
1 15 1 48
1 15 2 54
1 15 3 44
1 15 4 73
1 15 5 20
1 15 6 22
1 15 7 102
1 15 8 109
1 15 9 75
1 15 10 78
1 15 11 9
1 15 12 74
1 15 13 101
1 15 14 60
1 15 15 115
1 15 16 12
1 15 17 52
1 15 18 93
1 15 19 41
1 15 20 107
1 15 21 114
1 15 22 121
1 15 23 4
1 15 24 92
1 15 25 0
1 15 26 8
1 15 27 113
1 15 28 38
1 15 29 40
1 15 30 91
1 15 31 16
1 15 32 105
1 15 33 67
1 15 34 83
1 15 35 36
1 15 36 82
1 15 37 97
1 15 38 18
1 15 39 111
1 15 40 63
1 15 41 69
1 15 42 89
1 16 0 72
1 16 1 78
1 16 2 116
1 16 3 123
1 16 4 10
1 16 5 22
1 16 6 70
1 16 7 108
1 16 8 83
1 16 9 65
1 16 10 17
1 16 11 93
1 16 12 85
1 16 13 107
1 16 14 114
1 16 15 28
1 16 16 84
1 16 17 81
1 16 18 14
1 16 19 106
1 16 20 113
1 16 21 52
1 16 22 9
1 16 23 91
1 16 24 13
1 16 25 2
1 16 26 112
1 16 27 6
1 16 28 30
1 16 29 90
1 16 30 3
1 16 31 104
1 16 32 111
1 16 33 60
1 16 34 38
1 16 35 89
1 16 36 59
1 16 37 32
1 16 38 110
1 16 39 117
1 16 40 124
1 16 41 58
1 16 42 7
1 17 0 51
1 17 1 115
1 17 2 122
1 17 3 21
1 17 4 23
1 17 5 100
1 17 6 50
1 17 7 60
1 17 8 78
1 17 9 27
1 17 10 71
1 17 11 84
1 17 12 106
1 17 13 113
1 17 14 17
1 17 15 44
1 17 16 65
1 17 17 16
1 17 18 67
1 17 19 74
1 17 20 119
1 17 21 18
1 17 22 90
1 17 23 35
1 17 24 41
1 17 25 111
1 17 26 29
1 17 27 13
1 17 28 76
1 17 29 20
1 17 30 103
1 17 31 110
1 17 32 117
1 17 33 6
1 17 34 77
1 17 35 95
1 17 36 26
1 17 37 109
1 17 38 58
1 17 39 82
1 17 40 87
1 17 41 12
1 17 42 101
1 18 0 114
1 18 1 121
1 18 2 25
1 18 3 22
1 18 4 99
1 18 5 53
1 18 6 80
1 18 7 120
1 18 8 33
1 18 9 81
1 18 10 66
1 18 11 64
1 18 12 45
1 18 13 20
1 18 14 63
1 18 15 74
1 18 16 6
1 18 17 46
1 18 18 111
1 18 19 118
1 18 20 5
1 18 21 44
1 18 22 37
1 18 23 23
1 18 24 110
1 18 25 39
1 18 26 42
1 18 27 88
1 18 28 21
1 18 29 102
1 18 30 109
1 18 31 84
1 18 32 31
1 18 33 87
1 18 34 94
1 18 35 10
1 18 36 108
1 18 37 56
1 18 38 59
1 18 39 86
1 18 40 9
1 18 41 65
1 18 42 107
1 19 0 79
1 19 1 2
1 19 2 12
1 19 3 98
1 19 4 105
1 19 5 112
1 19 6 78
1 19 7 7
1 19 8 49
1 19 9 58
1 19 10 54
1 19 11 111
1 19 12 24
1 19 13 125
1 19 14 89
1 19 15 9
1 19 16 82
1 19 17 110
1 19 18 76
1 19 19 21
1 19 20 88
1 19 21 3
1 19 22 8
1 19 23 109
1 19 24 11
1 19 25 34
1 19 26 50
1 19 27 42
1 19 28 61
1 19 29 108
1 19 30 72
1 19 31 29
1 19 32 86
1 19 33 57
1 19 34 10
1 19 35 67
1 19 36 85
1 19 37 46
1 19 38 47
1 19 39 28
1 19 40 75
1 19 41 106
1 19 42 113
1 20 0 41
1 20 1 21
1 20 2 97
1 20 3 104
1 20 4 60
1 20 5 61
1 20 6 28
1 20 7 89
1 20 8 96
1 20 9 78
1 20 10 110
1 20 11 30
1 20 12 75
1 20 13 47
1 20 14 5
1 20 15 54
1 20 16 109
1 20 17 116
1 20 18 40
1 20 19 46
1 20 20 17
1 20 21 26
1 20 22 108
1 20 23 19
1 20 24 35
1 20 25 80
1 20 26 0
1 20 27 100
1 20 28 69
1 20 29 73
1 20 30 13
1 20 31 63
1 20 32 92
1 20 33 24
1 20 34 65
1 20 35 84
1 20 36 120
1 20 37 27
1 20 38 34
1 20 39 71
1 20 40 50
1 20 41 82
1 20 42 119
1 21 0 34
1 21 1 76
1 21 2 103
1 21 3 70
1 21 4 117
1 21 5 30
1 21 6 65
1 21 7 51
1 21 8 79
1 21 9 109
1 21 10 33
1 21 11 123
1 21 12 87
1 21 13 29
1 21 14 101
1 21 15 108
1 21 16 115
1 21 17 13
1 21 18 61
1 21 19 32
1 21 20 0
1 21 21 107
1 21 22 38
1 21 23 27
1 21 24 75
1 21 25 25
1 21 26 99
1 21 27 62
1 21 28 63
1 21 29 16
1 21 30 8
1 21 31 91
1 21 32 9
1 21 33 105
1 21 34 112
1 21 35 71
1 21 36 126
1 21 37 2
1 21 38 57
1 21 39 85
1 21 40 111
1 21 41 118
1 21 42 12
1 22 0 95
1 22 1 102
1 22 2 46
1 22 3 74
1 22 4 26
1 22 5 87
1 22 6 60
1 22 7 101
1 22 8 108
1 22 9 21
1 22 10 122
1 22 11 86
1 22 12 8
1 22 13 68
1 22 14 69
1 22 15 114
1 22 16 32
1 22 17 56
1 22 18 38
1 22 19 22
1 22 20 106
1 22 21 15
1 22 22 3
1 22 23 70
1 22 24 27
1 22 25 98
1 22 26 105
1 22 27 112
1 22 28 6
1 22 29 126
1 22 30 90
1 22 31 18
1 22 32 104
1 22 33 52
1 22 34 80
1 22 35 66
1 22 36 34
1 22 37 96
1 22 38 61
1 22 39 110
1 22 40 55
1 22 41 2
1 22 42 19
1 23 0 49
1 23 1 81
1 23 2 60
1 23 3 11
1 23 4 86
1 23 5 93
1 23 6 47
1 23 7 66
1 23 8 27
1 23 9 121
1 23 10 68
1 23 11 39
1 23 12 58
1 23 13 62
1 23 14 113
1 23 15 18
1 23 16 51
1 23 17 42
1 23 18 30
1 23 19 105
1 23 20 23
1 23 21 7
1 23 22 85
1 23 23 13
1 23 24 97
1 23 25 104
1 23 26 77
1 23 27 37
1 23 28 84
1 23 29 56
1 23 30 24
1 23 31 103
1 23 32 53
1 23 33 117
1 23 34 124
1 23 35 19
1 23 36 70
1 23 37 71
1 23 38 109
1 23 39 116
1 23 40 26
1 23 41 0
1 23 42 94
1 24 0 107
1 24 1 56
1 24 2 0
1 24 3 84
1 24 4 85
1 24 5 46
1 24 6 64
1 24 7 36
1 24 8 74
1 24 9 37
1 24 10 29
1 24 11 59
1 24 12 105
1 24 13 70
1 24 14 20
1 24 15 81
1 24 16 18
1 24 17 7
1 24 18 104
1 24 19 2
1 24 20 13
1 24 21 125
1 24 22 32
1 24 23 55
1 24 24 103
1 24 25 49
1 24 26 16
1 24 27 124
1 24 28 88
1 24 29 12
1 24 30 102
1 24 31 77
1 24 32 73
1 24 33 82
1 24 34 15
1 24 35 53
1 24 36 101
1 24 37 108
1 24 38 115
1 24 39 11
1 24 40 33
1 24 41 52
1 24 42 100
1 25 0 66
1 25 1 11
1 25 2 18
1 25 3 72
1 25 4 75
1 25 5 105
1 25 6 21
1 25 7 119
1 25 8 126
1 25 9 32
1 25 10 47
1 25 11 104
1 25 12 111
1 25 13 2
1 25 14 125
1 25 15 10
1 25 16 26
1 25 17 103
1 25 18 19
1 25 19 28
1 25 20 44
1 25 21 5
1 25 22 95
1 25 23 102
1 25 24 85
1 25 25 40
1 25 26 57
1 25 27 68
1 25 28 15
1 25 29 43
1 25 30 67
1 25 31 65
1 25 32 50
1 25 33 17
1 25 34 93
1 25 35 51
1 25 36 78
1 25 37 114
1 25 38 24
1 25 39 4
1 25 40 92
1 25 41 99
1 25 42 106
1 26 0 17
1 26 1 126
1 26 2 49
1 26 3 73
1 26 4 104
1 26 5 35
1 26 6 118
1 26 7 54
1 26 8 16
1 26 9 96
1 26 10 103
1 26 11 110
1 26 12 3
1 26 13 55
1 26 14 11
1 26 15 34
1 26 16 102
1 26 17 37
1 26 18 42
1 26 19 123
1 26 20 24
1 26 21 94
1 26 22 57
1 26 23 64
1 26 24 36
1 26 25 66
1 26 26 44
1 26 27 21
1 26 28 100
1 26 29 107
1 26 30 47
1 26 31 60
1 26 32 38
1 26 33 53
1 26 34 71
1 26 35 81
1 26 36 113
1 26 37 33
1 26 38 0
1 26 39 91
1 26 40 98
1 26 41 80
1 26 42 112
1 27 0 73
1 27 1 89
1 27 2 96
1 27 3 103
1 27 4 35
1 27 5 72
1 27 6 124
1 27 7 14
1 27 8 71
1 27 9 102
1 27 10 109
1 27 11 24
1 27 12 123
1 27 13 3
1 27 14 6
1 27 15 101
1 27 16 22
1 27 17 8
1 27 18 122
1 27 19 40
1 27 20 79
1 27 21 100
1 27 22 107
1 27 23 39
1 27 24 50
1 27 25 47
1 27 26 25
1 27 27 99
1 27 28 106
1 27 29 46
1 27 30 120
1 27 31 12
1 27 32 66
1 27 33 48
1 27 34 105
1 27 35 61
1 27 36 23
1 27 37 20
1 27 38 90
1 27 39 97
1 27 40 53
1 27 41 59
1 27 42 36
1 28 0 62
1 28 1 68
1 28 2 102
1 28 3 19
1 28 4 116
1 28 5 49
1 28 6 39
1 28 7 48
1 28 8 64
1 28 9 108
1 28 10 25
1 28 11 122
1 28 12 32
1 28 13 16
1 28 14 100
1 28 15 4
1 28 16 10
1 28 17 121
1 28 18 27
1 28 19 92
1 28 20 99
1 28 21 106
1 28 22 29
1 28 23 120
1 28 24 79
1 28 25 28
1 28 26 98
1 28 27 71
1 28 28 112
1 28 29 57
1 28 30 18
1 28 31 53
1 28 32 56
1 28 33 104
1 28 34 111
1 28 35 22
1 28 36 24
1 28 37 58
1 28 38 44
1 28 39 77
1 28 40 83
1 28 41 33
1 28 42 124
1 29 0 46
1 29 1 44
1 29 2 13
1 29 3 115
1 29 4 81
1 29 5 7
1 29 6 93
1 29 7 100
1 29 8 48
1 29 9 42
1 29 10 121
1 29 11 15
1 29 12 39
1 29 13 99
1 29 14 0
1 29 15 32
1 29 16 77
1 29 17 36
1 29 18 91
1 29 19 98
1 29 20 78
1 29 21 31
1 29 22 49
1 29 23 80
1 29 24 17
1 29 25 97
1 29 26 61
1 29 27 59
1 29 28 52
1 29 29 28
1 29 30 89
1 29 31 96
1 29 32 103
1 29 33 110
1 29 34 23
1 29 35 35
1 29 36 88
1 29 37 95
1 29 38 85
1 29 39 63
1 29 40 38
1 29 41 75
1 29 42 87
1 30 0 100
1 30 1 27
1 30 2 114
1 30 3 52
1 30 4 9
1 30 5 64
1 30 6 99
1 30 7 44
1 30 8 29
1 30 9 59
1 30 10 5
1 30 11 7
1 30 12 98
1 30 13 37
1 30 14 2
1 30 15 119
1 30 16 41
1 30 17 90
1 30 18 97
1 30 19 63
1 30 20 4
1 30 21 69
1 30 22 125
1 30 23 33
1 30 24 47
1 30 25 61
1 30 26 79
1 30 27 117
1 30 28 36
1 30 29 76
1 30 30 77
1 30 31 102
1 30 32 109
1 30 33 23
1 30 34 25
1 30 35 60
1 30 36 94
1 30 37 101
1 30 38 82
1 30 39 38
1 30 40 51
1 30 41 86
1 30 42 93
1 31 0 13
1 31 1 113
1 31 2 120
1 31 3 17
1 31 4 51
1 31 5 98
1 31 6 105
1 31 7 25
1 31 8 119
1 31 9 3
1 31 10 19
1 31 11 97
1 31 12 0
1 31 13 11
1 31 14 118
1 31 15 16
1 31 16 72
1 31 17 77
1 31 18 45
1 31 19 5
1 31 20 117
1 31 21 83
1 31 22 33
1 31 23 95
1 31 24 61
1 31 25 68
1 31 26 49
1 31 27 32
1 31 28 87
1 31 29 63
1 31 30 60
1 31 31 108
1 31 32 12
1 31 33 20
1 31 34 47
1 31 35 74
1 31 36 58
1 31 37 107
1 31 38 27
1 31 39 43
1 31 40 67
1 31 41 81
1 31 42 99
1 32 0 60
1 32 1 57
1 32 2 36
1 32 3 69
1 32 4 97
1 32 5 104
1 32 6 3
1 32 7 118
1 32 8 42
1 32 9 9
1 32 10 96
1 32 11 18
1 32 12 22
1 32 13 53
1 32 14 7
1 32 15 88
1 32 16 95
1 32 17 79
1 32 18 39
1 32 19 43
1 32 20 123
1 32 21 11
1 32 22 94
1 32 23 101
1 32 24 76
1 32 25 83
1 32 26 37
1 32 27 86
1 32 28 93
1 32 29 100
1 32 30 74
1 32 31 35
1 32 32 10
1 32 33 81
1 32 34 92
1 32 35 75
1 32 36 106
1 32 37 34
1 32 38 120
1 32 39 14
1 32 40 72
1 32 41 98
1 32 42 21
1 33 0 84
1 33 1 35
1 33 2 89
1 33 3 55
1 33 4 103
1 33 5 26
1 33 6 53
1 33 7 38
1 33 8 41
1 33 9 95
1 33 10 2
1 33 11 14
1 33 12 116
1 33 13 25
1 33 14 50
1 33 15 94
1 33 16 101
1 33 17 39
1 33 18 79
1 33 19 122
1 33 20 10
1 33 21 68
1 33 22 52
1 33 23 107
1 33 24 67
1 33 25 11
1 33 26 56
1 33 27 51
1 33 28 99
1 33 29 69
1 33 30 33
1 33 31 8
1 33 32 43
1 33 33 91
1 33 34 82
1 33 35 64
1 33 36 31
1 33 37 70
1 33 38 126
1 33 39 57
1 33 40 97
1 33 41 23
1 33 42 111
1 34 0 22
1 34 1 58
1 34 2 95
1 34 3 102
1 34 4 15
1 34 5 116
1 34 6 32
1 34 7 31
1 34 8 94
1 34 9 7
1 34 10 38
1 34 11 115
1 34 12 30
1 34 13 56
1 34 14 65
1 34 15 76
1 34 16 8
1 34 17 69
1 34 18 121
1 34 19 17
1 34 20 92
1 34 21 55
1 34 22 106
1 34 23 81
1 34 24 40
1 34 25 19
1 34 26 67
1 34 27 98
1 34 28 105
1 34 29 4
1 34 30 23
1 34 31 44
1 34 32 90
1 34 33 43
1 34 34 72
1 34 35 28
1 34 36 77
1 34 37 47
1 34 38 89
1 34 39 61
1 34 40 6
1 34 41 110
1 34 42 117
1 35 0 87
1 35 1 94
1 35 2 58
1 35 3 30
1 35 4 115
1 35 5 2
1 35 6 6
1 35 7 93
1 35 8 0
1 35 9 34
1 35 10 114
1 35 11 40
1 35 12 67
1 35 13 92
1 35 14 45
1 35 15 41
1 35 16 46
1 35 17 74
1 35 18 22
1 35 19 91
1 35 20 73
1 35 21 80
1 35 22 112
1 35 23 18
1 35 24 126
1 35 25 79
1 35 26 97
1 35 27 104
1 35 28 39
1 35 29 19
1 35 30 125
1 35 31 83
1 35 32 96
1 35 33 47
1 35 34 11
1 35 35 117
1 35 36 124
1 35 37 55
1 35 38 95
1 35 39 17
1 35 40 109
1 35 41 70
1 35 42 9
1 36 0 44
1 36 1 100
1 36 2 20
1 36 3 114
1 36 4 13
1 36 5 38
1 36 6 92
1 36 7 27
1 36 8 14
1 36 9 113
1 36 10 15
1 36 11 62
1 36 12 91
1 36 13 73
1 36 14 31
1 36 15 112
1 36 16 119
1 36 17 34
1 36 18 90
1 36 19 75
1 36 20 81
1 36 21 45
1 36 22 10
1 36 23 84
1 36 24 89
1 36 25 46
1 36 26 103
1 36 27 30
1 36 28 24
1 36 29 82
1 36 30 88
1 36 31 61
1 36 32 68
1 36 33 36
1 36 34 74
1 36 35 48
1 36 36 87
1 36 37 94
1 36 38 33
1 36 39 108
1 36 40 43
1 36 41 17
1 36 42 86
1 37 0 99
1 37 1 5
1 37 2 113
1 37 3 15
1 37 4 3
1 37 5 91
1 37 6 23
1 37 7 21
1 37 8 82
1 37 9 24
1 37 10 85
1 37 11 90
1 37 12 56
1 37 13 40
1 37 14 75
1 37 15 118
1 37 16 13
1 37 17 59
1 37 18 96
1 37 19 65
1 37 20 84
1 37 21 14
1 37 22 124
1 37 23 69
1 37 24 95
1 37 25 102
1 37 26 4
1 37 27 19
1 37 28 123
1 37 29 58
1 37 30 66
1 37 31 101
1 37 32 17
1 37 33 74
1 37 34 68
1 37 35 86
1 37 36 52
1 37 37 12
1 37 38 67
1 37 39 51
1 37 40 41
1 37 41 77
1 37 42 92
1 38 0 40
1 38 1 71
1 38 2 2
1 38 3 0
1 38 4 90
1 38 5 33
1 38 6 4
1 38 7 111
1 38 8 20
1 38 9 125
1 38 10 56
1 38 11 96
1 38 12 19
1 38 13 69
1 38 14 78
1 38 15 27
1 38 16 88
1 38 17 54
1 38 18 57
1 38 19 72
1 38 20 11
1 38 21 64
1 38 22 87
1 38 23 94
1 38 24 70
1 38 25 5
1 38 26 31
1 38 27 122
1 38 28 47
1 38 29 93
1 38 30 83
1 38 31 6
1 38 32 48
1 38 33 77
1 38 34 50
1 38 35 92
1 38 36 18
1 38 37 65
1 38 38 63
1 38 39 39
1 38 40 29
1 38 41 91
1 38 42 98
1 39 0 111
1 39 1 8
1 39 2 38
1 39 3 89
1 39 4 41
1 39 5 37
1 39 6 110
1 39 7 26
1 39 8 59
1 39 9 88
1 39 10 62
1 39 11 42
1 39 12 83
1 39 13 116
1 39 14 12
1 39 15 85
1 39 16 67
1 39 17 101
1 39 18 71
1 39 19 25
1 39 20 57
1 39 21 86
1 39 22 51
1 39 23 100
1 39 24 16
1 39 25 4
1 39 26 121
1 39 27 77
1 39 28 66
1 39 29 45
1 39 30 9
1 39 31 80
1 39 32 120
1 39 33 10
1 39 34 91
1 39 35 24
1 39 36 105
1 39 37 112
1 39 38 36
1 39 39 126
1 39 40 90
1 39 41 97
1 39 42 33
1 40 0 32
1 40 1 7
1 40 2 88
1 40 3 29
1 40 4 8
1 40 5 109
1 40 6 16
1 40 7 123
1 40 8 73
1 40 9 76
1 40 10 27
1 40 11 78
1 40 12 115
1 40 13 34
1 40 14 51
1 40 15 93
1 40 16 59
1 40 17 107
1 40 18 17
1 40 19 69
1 40 20 82
1 40 21 92
1 40 22 99
1 40 23 41
1 40 24 14
1 40 25 63
1 40 26 43
1 40 27 50
1 40 28 81
1 40 29 39
1 40 30 112
1 40 31 64
1 40 32 126
1 40 33 90
1 40 34 37
1 40 35 104
1 40 36 55
1 40 37 40
1 40 38 56
1 40 39 48
1 40 40 77
1 40 41 9
1 40 42 110
1 41 0 23
1 41 1 87
1 41 2 24
1 41 3 32
1 41 4 108
1 41 5 10
1 41 6 122
1 41 7 43
1 41 8 93
1 41 9 6
1 41 10 107
1 41 11 114
1 41 12 16
1 41 13 82
1 41 14 66
1 41 15 62
1 41 16 106
1 41 17 31
1 41 18 120
1 41 19 15
1 41 20 91
1 41 21 98
1 41 22 22
1 41 23 17
1 41 24 119
1 41 25 73
1 41 26 53
1 41 27 85
1 41 28 14
1 41 29 77
1 41 30 79
1 41 31 72
1 41 32 69
1 41 33 3
1 41 34 103
1 41 35 55
1 41 36 25
1 41 37 124
1 41 38 88
1 41 39 95
1 41 40 20
1 41 41 109
1 41 42 42
1 42 0 86
1 42 1 26
1 42 2 30
1 42 3 65
1 42 4 14
1 42 5 121
1 42 6 63
1 42 7 53
1 42 8 9
1 42 9 106
1 42 10 113
1 42 11 29
1 42 12 80
1 42 13 43
1 42 14 82
1 42 15 58
1 42 16 19
1 42 17 71
1 42 18 126
1 42 19 90
1 42 20 97
1 42 21 4
1 42 22 15
1 42 23 118
1 42 24 125
1 42 25 89
1 42 26 96
1 42 27 39
1 42 28 55
1 42 29 117
1 42 30 124
1 42 31 88
1 42 32 21
1 42 33 102
1 42 34 70
1 42 35 20
1 42 36 83
1 42 37 78
1 42 38 94
1 42 39 42
1 42 40 108
1 42 41 5
1 42 42 38
2 0 0 31
2 0 1 66
2 0 2 15
2 0 3 121
2 0 4 64
2 0 5 54
2 0 6 10
2 0 7 106
2 0 8 113
2 0 9 30
2 0 10 81
2 0 11 44
2 0 12 83
2 0 13 59
2 0 14 20
2 0 15 72
2 0 16 126
2 0 17 90
2 0 18 97
2 0 19 5
2 0 20 16
2 0 21 118
2 0 22 125
2 0 23 89
2 0 24 96
2 0 25 40
2 0 26 56
2 0 27 117
2 0 28 124
2 0 29 88
2 0 30 22
2 0 31 102
2 0 32 71
2 0 33 21
2 0 34 84
2 0 35 79
2 0 36 94
2 0 37 0
2 0 38 108
2 0 39 6
2 0 40 39
2 0 41 86
2 0 42 27
2 1 0 76
2 1 1 6
2 1 2 68
2 1 3 64
2 1 4 56
2 1 5 11
2 1 6 53
2 1 7 48
2 1 8 9
2 1 9 83
2 1 10 47
2 1 11 67
2 1 12 44
2 1 13 12
2 1 14 84
2 1 15 61
2 1 16 55
2 1 17 51
2 1 18 42
2 1 19 36
2 1 20 82
2 1 21 78
2 1 22 72
2 1 23 49
2 1 24 16
2 1 25 46
2 1 26 66
2 1 27 43
2 1 28 50
2 1 29 25
2 1 30 85
2 1 31 80
2 1 32 21
2 1 33 77
2 1 34 69
2 1 35 65
2 1 36 33
2 1 37 57
2 1 38 1
2 1 39 4
2 1 40 45
2 1 41 38
2 1 42 30
2 2 0 27
2 2 1 119
2 2 2 54
2 2 3 49
2 2 4 9
2 2 5 62
2 2 6 111
2 2 7 17
2 2 8 125
2 2 9 89
2 2 10 96
2 2 11 77
2 2 12 16
2 2 13 117
2 2 14 124
2 2 15 88
2 2 16 95
2 2 17 15
2 2 18 32
2 2 19 116
2 2 20 123
2 2 21 87
2 2 22 61
2 2 23 31
2 2 24 74
2 2 25 50
2 2 26 46
2 2 27 52
2 2 28 30
2 2 29 100
2 2 30 107
2 2 31 38
2 2 32 79
2 2 33 69
2 2 34 92
2 2 35 20
2 2 36 67
2 2 37 11
2 2 38 28
2 2 39 2
2 2 40 19
2 2 41 36
2 2 42 105
2 3 0 118
2 3 1 125
2 3 2 89
2 3 3 26
2 3 4 77
2 3 5 110
2 3 6 22
2 3 7 63
2 3 8 60
2 3 9 53
2 3 10 55
2 3 11 31
2 3 12 47
2 3 13 79
2 3 14 59
2 3 15 94
2 3 16 11
2 3 17 5
2 3 18 115
2 3 19 122
2 3 20 86
2 3 21 93
2 3 22 35
2 3 23 107
2 3 24 70
2 3 25 66
2 3 26 50
2 3 27 38
2 3 28 99
2 3 29 106
2 3 30 36
2 3 31 120
2 3 32 46
2 3 33 91
2 3 34 41
2 3 35 105
2 3 36 17
2 3 37 9
2 3 38 126
2 3 39 0
2 3 40 3
2 3 41 104
2 3 42 14
2 4 0 84
2 4 1 76
2 4 2 26
2 4 3 77
2 4 4 109
2 4 5 25
2 4 6 123
2 4 7 87
2 4 8 68
2 4 9 101
2 4 10 7
2 4 11 51
2 4 12 82
2 4 13 46
2 4 14 69
2 4 15 31
2 4 16 42
2 4 17 114
2 4 18 121
2 4 19 50
2 4 20 63
2 4 21 27
2 4 22 106
2 4 23 73
2 4 24 120
2 4 25 81
2 4 26 17
2 4 27 98
2 4 28 54
2 4 29 37
2 4 30 56
2 4 31 59
2 4 32 90
2 4 33 32
2 4 34 104
2 4 35 16
2 4 36 20
2 4 37 125
2 4 38 8
2 4 39 41
2 4 40 103
2 4 41 4
2 4 42 55
2 5 0 87
2 5 1 21
2 5 2 101
2 5 3 108
2 5 4 0
2 5 5 122
2 5 6 86
2 5 7 93
2 5 8 52
2 5 9 32
2 5 10 44
2 5 11 66
2 5 12 55
2 5 13 92
2 5 14 29
2 5 15 24
2 5 16 113
2 5 17 81
2 5 18 31
2 5 19 75
2 5 20 15
2 5 21 61
2 5 22 112
2 5 23 65
2 5 24 47
2 5 25 30
2 5 26 97
2 5 27 49
2 5 28 40
2 5 29 70
2 5 30 125
2 5 31 73
2 5 32 36
2 5 33 103
2 5 34 14
2 5 35 22
2 5 36 124
2 5 37 23
2 5 38 4
2 5 39 102
2 5 40 26
2 5 41 116
2 5 42 123
2 6 0 6
2 6 1 69
2 6 2 67
2 6 3 9
2 6 4 121
2 6 5 82
2 6 6 55
2 6 7 84
2 6 8 7
2 6 9 49
2 6 10 120
2 6 11 85
2 6 12 91
2 6 13 32
2 6 14 5
2 6 15 62
2 6 16 119
2 6 17 126
2 6 18 68
2 6 19 29
2 6 20 60
2 6 21 75
2 6 22 78
2 6 23 125
2 6 24 12
2 6 25 54
2 6 26 63
2 6 27 19
2 6 28 117
2 6 29 76
2 6 30 88
2 6 31 30
2 6 32 102
2 6 33 38
2 6 34 17
2 6 35 123
2 6 36 39
2 6 37 14
2 6 38 61
2 6 39 37
2 6 40 115
2 6 41 122
2 6 42 86
2 7 0 81
2 7 1 65
2 7 2 22
2 7 3 80
2 7 4 36
2 7 5 64
2 7 6 58
2 7 7 37
2 7 8 112
2 7 9 66
2 7 10 74
2 7 11 90
2 7 12 42
2 7 13 30
2 7 14 111
2 7 15 118
2 7 16 63
2 7 17 89
2 7 18 21
2 7 19 48
2 7 20 67
2 7 21 117
2 7 22 73
2 7 23 34
2 7 24 95
2 7 25 57
2 7 26 4
2 7 27 76
2 7 28 123
2 7 29 47
2 7 30 20
2 7 31 50
2 7 32 9
2 7 33 5
2 7 34 122
2 7 35 8
2 7 36 38
2 7 37 100
2 7 38 13
2 7 39 114
2 7 40 121
2 7 41 55
2 7 42 10
2 8 0 105
2 8 1 28
2 8 2 119
2 8 3 126
2 8 4 84
2 8 5 58
2 8 6 40
2 8 7 64
2 8 8 71
2 8 9 125
2 8 10 50
2 8 11 15
2 8 12 41
2 8 13 110
2 8 14 43
2 8 15 124
2 8 16 48
2 8 17 35
2 8 18 44
2 8 19 51
2 8 20 57
2 8 21 123
2 8 22 19
2 8 23 94
2 8 24 101
2 8 25 27
2 8 26 59
2 8 27 122
2 8 28 70
2 8 29 26
2 8 30 100
2 8 31 42
2 8 32 13
2 8 33 121
2 8 34 3
2 8 35 1
2 8 36 99
2 8 37 6
2 8 38 113
2 8 39 45
2 8 40 17
2 8 41 7
2 8 42 46
2 9 0 34
2 9 1 118
2 9 2 77
2 9 3 89
2 9 4 96
2 9 5 29
2 9 6 85
2 9 7 117
2 9 8 49
2 9 9 88
2 9 10 27
2 9 11 42
2 9 12 109
2 9 13 116
2 9 14 53
2 9 15 87
2 9 16 32
2 9 17 101
2 9 18 52
2 9 19 59
2 9 20 122
2 9 21 33
2 9 22 58
2 9 23 43
2 9 24 6
2 9 25 44
2 9 26 121
2 9 27 65
2 9 28 22
2 9 29 99
2 9 30 25
2 9 31 23
2 9 32 120
2 9 33 0
2 9 34 31
2 9 35 98
2 9 36 41
2 9 37 74
2 9 38 119
2 9 39 126
2 9 40 5
2 9 41 62
2 9 42 104
2 10 0 71
2 10 1 124
2 10 2 85
2 10 3 55
2 10 4 10
2 10 5 60
2 10 6 46
2 10 7 123
2 10 8 45
2 10 9 22
2 10 10 16
2 10 11 108
2 10 12 115
2 10 13 65
2 10 14 86
2 10 15 36
2 10 16 51
2 10 17 107
2 10 18 77
2 10 19 121
2 10 20 12
2 10 21 92
2 10 22 63
2 10 23 15
2 10 24 56
2 10 25 67
2 10 26 76
2 10 27 31
2 10 28 98
2 10 29 32
2 10 30 19
2 10 31 119
2 10 32 8
2 10 33 33
2 10 34 97
2 10 35 26
2 10 36 111
2 10 37 118
2 10 38 74
2 10 39 29
2 10 40 96
2 10 41 103
2 10 42 13
2 11 0 75
2 11 1 87
2 11 2 62
2 11 3 35
2 11 4 68
2 11 5 50
2 11 6 122
2 11 7 46
2 11 8 27
2 11 9 7
2 11 10 63
2 11 11 114
2 11 12 81
2 11 13 76
2 11 14 28
2 11 15 65
2 11 16 106
2 11 17 80
2 11 18 64
2 11 19 24
2 11 20 91
2 11 21 53
2 11 22 5
2 11 23 112
2 11 24 119
2 11 25 82
2 11 26 6
2 11 27 97
2 11 28 12
2 11 29 3
2 11 30 118
2 11 31 40
2 11 32 1
2 11 33 79
2 11 34 16
2 11 35 110
2 11 36 77
2 11 37 124
2 11 38 37
2 11 39 48
2 11 40 102
2 11 41 29
2 11 42 116
2 12 0 86
2 12 1 93
2 12 2 18
2 12 3 107
2 12 4 57
2 12 5 121
2 12 6 51
2 12 7 23
2 12 8 42
2 12 9 58
2 12 10 113
2 12 11 120
2 12 12 27
2 12 13 6
2 12 14 49
2 12 15 56
2 12 16 112
2 12 17 119
2 12 18 29
2 12 19 90
2 12 20 46
2 12 21 38
2 12 22 53
2 12 23 118
2 12 24 125
2 12 25 16
2 12 26 79
2 12 27 8
2 12 28 39
2 12 29 117
2 12 30 15
2 12 31 14
2 12 32 95
2 12 33 31
2 12 34 109
2 12 35 116
2 12 36 63
2 12 37 24
2 12 38 75
2 12 39 72
2 12 40 40
2 12 41 115
2 12 42 60
2 13 0 46
2 13 1 15
2 13 2 106
2 13 3 74
2 13 4 58
2 13 5 85
2 13 6 38
2 13 7 13
2 13 8 105
2 13 9 72
2 13 10 69
2 13 11 126
2 13 12 35
2 13 13 83
2 13 14 64
2 13 15 71
2 13 16 118
2 13 17 36
2 13 18 49
2 13 19 96
2 13 20 7
2 13 21 44
2 13 22 55
2 13 23 60
2 13 24 21
2 13 25 95
2 13 26 32
2 13 27 1
2 13 28 116
2 13 29 5
2 13 30 8
2 13 31 94
2 13 32 20
2 13 33 108
2 13 34 115
2 13 35 81
2 13 36 11
2 13 37 93
2 13 38 100
2 13 39 23
2 13 40 114
2 13 41 51
2 13 42 65
2 14 0 12
2 14 1 50
2 14 2 112
2 14 3 119
2 14 4 72
2 14 5 36
2 14 6 11
2 14 7 104
2 14 8 111
2 14 9 55
2 14 10 56
2 14 11 9
2 14 12 96
2 14 13 53
2 14 14 71
2 14 15 85
2 14 16 35
2 14 17 88
2 14 18 63
2 14 19 7
2 14 20 69
2 14 21 116
2 14 22 123
2 14 23 39
2 14 24 94
2 14 25 24
2 14 26 28
2 14 27 115
2 14 28 37
2 14 29 4
2 14 30 73
2 14 31 0
2 14 32 45
2 14 33 114
2 14 34 68
2 14 35 10
2 14 36 80
2 14 37 99
2 14 38 25
2 14 39 113
2 14 40 120
2 14 41 32
2 14 42 81
2 15 0 69
2 15 1 47
2 15 2 118
2 15 3 125
2 15 4 26
2 15 5 34
2 15 6 103
2 15 7 110
2 15 8 117
2 15 9 124
2 15 10 14
2 15 11 80
2 15 12 73
2 15 13 71
2 15 14 116
2 15 15 13
2 15 16 52
2 15 17 83
2 15 18 41
2 15 19 54
2 15 20 115
2 15 21 122
2 15 22 30
2 15 23 55
2 15 24 35
2 15 25 3
2 15 26 114
2 15 27 27
2 15 28 0
2 15 29 92
2 15 30 21
2 15 31 84
2 15 32 113
2 15 33 120
2 15 34 29
2 15 35 51
2 15 36 98
2 15 37 33
2 15 38 45
2 15 39 43
2 15 40 126
2 15 41 57
2 15 42 19
2 16 0 55
2 16 1 45
2 16 2 74
2 16 3 21
2 16 4 23
2 16 5 102
2 16 6 109
2 16 7 76
2 16 8 79
2 16 9 10
2 16 10 75
2 16 11 101
2 16 12 61
2 16 13 115
2 16 14 13
2 16 15 53
2 16 16 93
2 16 17 42
2 16 18 107
2 16 19 114
2 16 20 121
2 16 21 5
2 16 22 92
2 16 23 1
2 16 24 9
2 16 25 113
2 16 26 39
2 16 27 41
2 16 28 91
2 16 29 17
2 16 30 105
2 16 31 68
2 16 32 84
2 16 33 37
2 16 34 83
2 16 35 97
2 16 36 19
2 16 37 111
2 16 38 64
2 16 39 70
2 16 40 89
2 16 41 8
2 16 42 49
2 17 0 116
2 17 1 123
2 17 2 11
2 17 3 23
2 17 4 71
2 17 5 108
2 17 6 84
2 17 7 66
2 17 8 18
2 17 9 93
2 17 10 43
2 17 11 107
2 17 12 114
2 17 13 29
2 17 14 85
2 17 15 82
2 17 16 15
2 17 17 106
2 17 18 113
2 17 19 53
2 17 20 10
2 17 21 91
2 17 22 14
2 17 23 3
2 17 24 112
2 17 25 7
2 17 26 31
2 17 27 90
2 17 28 4
2 17 29 104
2 17 30 111
2 17 31 61
2 17 32 39
2 17 33 89
2 17 34 60
2 17 35 33
2 17 36 110
2 17 37 117
2 17 38 124
2 17 39 59
2 17 40 8
2 17 41 73
2 17 42 79
2 18 0 122
2 18 1 22
2 18 2 24
2 18 3 100
2 18 4 51
2 18 5 61
2 18 6 79
2 18 7 28
2 18 8 72
2 18 9 85
2 18 10 106
2 18 11 113
2 18 12 18
2 18 13 45
2 18 14 66
2 18 15 17
2 18 16 68
2 18 17 75
2 18 18 119
2 18 19 19
2 18 20 90
2 18 21 36
2 18 22 42
2 18 23 111
2 18 24 30
2 18 25 14
2 18 26 77
2 18 27 21
2 18 28 103
2 18 29 110
2 18 30 117
2 18 31 7
2 18 32 78
2 18 33 95
2 18 34 27
2 18 35 109
2 18 36 59
2 18 37 83
2 18 38 87
2 18 39 13
2 18 40 101
2 18 41 52
2 18 42 115
2 19 0 26
2 19 1 23
2 19 2 99
2 19 3 54
2 19 4 81
2 19 5 120
2 19 6 34
2 19 7 82
2 19 8 67
2 19 9 65
2 19 10 46
2 19 11 21
2 19 12 64
2 19 13 75
2 19 14 7
2 19 15 47
2 19 16 111
2 19 17 118
2 19 18 6
2 19 19 45
2 19 20 38
2 19 21 24
2 19 22 110
2 19 23 40
2 19 24 0
2 19 25 88
2 19 26 22
2 19 27 102
2 19 28 109
2 19 29 85
2 19 30 32
2 19 31 87
2 19 32 94
2 19 33 11
2 19 34 108
2 19 35 57
2 19 36 60
2 19 37 86
2 19 38 10
2 19 39 66
2 19 40 107
2 19 41 114
2 19 42 121
2 20 0 13
2 20 1 98
2 20 2 105
2 20 3 112
2 20 4 79
2 20 5 8
2 20 6 50
2 20 7 59
2 20 8 55
2 20 9 111
2 20 10 25
2 20 11 125
2 20 12 89
2 20 13 10
2 20 14 83
2 20 15 110
2 20 16 77
2 20 17 22
2 20 18 88
2 20 19 4
2 20 20 9
2 20 21 109
2 20 22 12
2 20 23 35
2 20 24 51
2 20 25 0
2 20 26 62
2 20 27 108
2 20 28 73
2 20 29 30
2 20 30 86
2 20 31 58
2 20 32 11
2 20 33 68
2 20 34 43
2 20 35 47
2 20 36 48
2 20 37 29
2 20 38 76
2 20 39 106
2 20 40 113
2 20 41 80
2 20 42 3
2 21 0 97
2 21 1 104
2 21 2 61
2 21 3 62
2 21 4 29
2 21 5 89
2 21 6 96
2 21 7 79
2 21 8 110
2 21 9 31
2 21 10 76
2 21 11 48
2 21 12 6
2 21 13 55
2 21 14 109
2 21 15 116
2 21 16 41
2 21 17 47
2 21 18 18
2 21 19 27
2 21 20 108
2 21 21 20
2 21 22 36
2 21 23 81
2 21 24 1
2 21 25 100
2 21 26 70
2 21 27 74
2 21 28 14
2 21 29 64
2 21 30 92
2 21 31 25
2 21 32 66
2 21 33 85
2 21 34 120
2 21 35 28
2 21 36 35
2 21 37 72
2 21 38 51
2 21 39 83
2 21 40 119
2 21 41 42
2 21 42 22
2 22 0 103
2 22 1 71
2 22 2 117
2 22 3 31
2 22 4 66
2 22 5 52
2 22 6 80
2 22 7 109
2 22 8 34
2 22 9 123
2 22 10 87
2 22 11 30
2 22 12 101
2 22 13 108
2 22 14 115
2 22 15 14
2 22 16 62
2 22 17 33
2 22 18 1
2 22 19 107
2 22 20 39
2 22 21 28
2 22 22 76
2 22 23 26
2 22 24 99
2 22 25 63
2 22 26 64
2 22 27 17
2 22 28 9
2 22 29 91
2 22 30 10
2 22 31 105
2 22 32 112
2 22 33 72
2 22 34 126
2 22 35 3
2 22 36 58
2 22 37 43
2 22 38 111
2 22 39 118
2 22 40 13
2 22 41 35
2 22 42 77
2 23 0 47
2 23 1 75
2 23 2 27
2 23 3 87
2 23 4 61
2 23 5 101
2 23 6 108
2 23 7 22
2 23 8 122
2 23 9 86
2 23 10 9
2 23 11 69
2 23 12 70
2 23 13 114
2 23 14 33
2 23 15 57
2 23 16 39
2 23 17 23
2 23 18 106
2 23 19 16
2 23 20 4
2 23 21 71
2 23 22 28
2 23 23 98
2 23 24 105
2 23 25 112
2 23 26 7
2 23 27 126
2 23 28 90
2 23 29 19
2 23 30 104
2 23 31 53
2 23 32 81
2 23 33 67
2 23 34 35
2 23 35 96
2 23 36 62
2 23 37 110
2 23 38 56
2 23 39 3
2 23 40 20
2 23 41 95
2 23 42 102
2 24 0 61
2 24 1 12
2 24 2 86
2 24 3 93
2 24 4 48
2 24 5 67
2 24 6 28
2 24 7 121
2 24 8 69
2 24 9 40
2 24 10 59
2 24 11 63
2 24 12 113
2 24 13 19
2 24 14 52
2 24 15 0
2 24 16 31
2 24 17 105
2 24 18 24
2 24 19 8
2 24 20 43
2 24 21 14
2 24 22 97
2 24 23 104
2 24 24 78
2 24 25 38
2 24 26 85
2 24 27 57
2 24 28 25
2 24 29 103
2 24 30 54
2 24 31 117
2 24 32 124
2 24 33 20
2 24 34 71
2 24 35 72
2 24 36 109
2 24 37 116
2 24 38 27
2 24 39 1
2 24 40 94
2 24 41 50
2 24 42 82
2 25 0 1
2 25 1 85
2 25 2 43
2 25 3 47
2 25 4 65
2 25 5 37
2 25 6 75
2 25 7 38
2 25 8 30
2 25 9 60
2 25 10 105
2 25 11 71
2 25 12 21
2 25 13 82
2 25 14 19
2 25 15 8
2 25 16 104
2 25 17 3
2 25 18 14
2 25 19 125
2 25 20 33
2 25 21 56
2 25 22 103
2 25 23 50
2 25 24 17
2 25 25 124
2 25 26 88
2 25 27 13
2 25 28 102
2 25 29 78
2 25 30 74
2 25 31 83
2 25 32 16
2 25 33 54
2 25 34 101
2 25 35 108
2 25 36 115
2 25 37 12
2 25 38 34
2 25 39 53
2 25 40 100
2 25 41 107
2 25 42 57
2 26 0 19
2 26 1 73
2 26 2 76
2 26 3 105
2 26 4 22
2 26 5 119
2 26 6 126
2 26 7 33
2 26 8 48
2 26 9 104
2 26 10 111
2 26 11 3
2 26 12 125
2 26 13 11
2 26 14 27
2 26 15 103
2 26 16 20
2 26 17 29
2 26 18 45
2 26 19 6
2 26 20 95
2 26 21 102
2 26 22 43
2 26 23 41
2 26 24 58
2 26 25 69
2 26 26 16
2 26 27 44
2 26 28 68
2 26 29 66
2 26 30 51
2 26 31 18
2 26 32 93
2 26 33 52
2 26 34 79
2 26 35 114
2 26 36 25
2 26 37 5
2 26 38 92
2 26 39 99
2 26 40 106
2 26 41 67
2 26 42 12
2 27 0 50
2 27 1 74
2 27 2 104
2 27 3 36
2 27 4 118
2 27 5 55
2 27 6 17
2 27 7 96
2 27 8 103
2 27 9 110
2 27 10 4
2 27 11 56
2 27 12 12
2 27 13 35
2 27 14 102
2 27 15 38
2 27 16 0
2 27 17 123
2 27 18 25
2 27 19 94
2 27 20 58
2 27 21 65
2 27 22 37
2 27 23 67
2 27 24 45
2 27 25 22
2 27 26 100
2 27 27 107
2 27 28 48
2 27 29 61
2 27 30 39
2 27 31 54
2 27 32 72
2 27 33 82
2 27 34 113
2 27 35 34
2 27 36 1
2 27 37 91
2 27 38 98
2 27 39 81
2 27 40 112
2 27 41 18
2 27 42 126
2 28 0 96
2 28 1 103
2 28 2 36
2 28 3 73
2 28 4 124
2 28 5 15
2 28 6 72
2 28 7 102
2 28 8 109
2 28 9 25
2 28 10 123
2 28 11 4
2 28 12 7
2 28 13 101
2 28 14 23
2 28 15 9
2 28 16 122
2 28 17 41
2 28 18 80
2 28 19 100
2 28 20 107
2 28 21 40
2 28 22 51
2 28 23 48
2 28 24 26
2 28 25 99
2 28 26 106
2 28 27 47
2 28 28 120
2 28 29 13
2 28 30 67
2 28 31 49
2 28 32 105
2 28 33 62
2 28 34 24
2 28 35 21
2 28 36 90
2 28 37 97
2 28 38 54
2 28 39 60
2 28 40 37
2 28 41 74
2 28 42 89
2 29 0 102
2 29 1 20
2 29 2 116
2 29 3 50
2 29 4 40
2 29 5 49
2 29 6 65
2 29 7 108
2 29 8 26
2 29 9 122
2 29 10 33
2 29 11 17
2 29 12 100
2 29 13 5
2 29 14 11
2 29 15 121
2 29 16 28
2 29 17 92
2 29 18 99
2 29 19 106
2 29 20 30
2 29 21 120
2 29 22 80
2 29 23 29
2 29 24 98
2 29 25 72
2 29 26 112
2 29 27 58
2 29 28 19
2 29 29 54
2 29 30 57
2 29 31 104
2 29 32 111
2 29 33 23
2 29 34 25
2 29 35 59
2 29 36 45
2 29 37 78
2 29 38 84
2 29 39 34
2 29 40 124
2 29 41 63
2 29 42 69
2 30 0 14
2 30 1 115
2 30 2 82
2 30 3 8
2 30 4 93
2 30 5 100
2 30 6 49
2 30 7 0
2 30 8 121
2 30 9 16
2 30 10 40
2 30 11 99
2 30 12 1
2 30 13 33
2 30 14 78
2 30 15 37
2 30 16 91
2 30 17 98
2 30 18 79
2 30 19 32
2 30 20 50
2 30 21 81
2 30 22 18
2 30 23 97
2 30 24 62
2 30 25 60
2 30 26 53
2 30 27 29
2 30 28 89
2 30 29 96
2 30 30 103
2 30 31 110
2 30 32 24
2 30 33 36
2 30 34 88
2 30 35 95
2 30 36 43
2 30 37 64
2 30 38 39
2 30 39 76
2 30 40 87
2 30 41 47
2 30 42 45
2 31 0 114
2 31 1 53
2 31 2 10
2 31 3 65
2 31 4 99
2 31 5 45
2 31 6 30
2 31 7 60
2 31 8 6
2 31 9 8
2 31 10 98
2 31 11 38
2 31 12 3
2 31 13 119
2 31 14 42
2 31 15 90
2 31 16 97
2 31 17 64
2 31 18 5
2 31 19 70
2 31 20 125
2 31 21 34
2 31 22 48
2 31 23 62
2 31 24 80
2 31 25 117
2 31 26 37
2 31 27 77
2 31 28 78
2 31 29 102
2 31 30 109
2 31 31 24
2 31 32 26
2 31 33 61
2 31 34 94
2 31 35 101
2 31 36 83
2 31 37 39
2 31 38 52
2 31 39 86
2 31 40 93
2 31 41 100
2 31 42 28
2 32 0 120
2 32 1 18
2 32 2 52
2 32 3 98
2 32 4 105
2 32 5 26
2 32 6 119
2 32 7 4
2 32 8 20
2 32 9 97
2 32 10 1
2 32 11 12
2 32 12 118
2 32 13 17
2 32 14 73
2 32 15 78
2 32 16 46
2 32 17 6
2 32 18 117
2 32 19 84
2 32 20 34
2 32 21 95
2 32 22 62
2 32 23 69
2 32 24 50
2 32 25 33
2 32 26 87
2 32 27 64
2 32 28 61
2 32 29 108
2 32 30 13
2 32 31 21
2 32 32 48
2 32 33 75
2 32 34 59
2 32 35 107
2 32 36 28
2 32 37 44
2 32 38 68
2 32 39 82
2 32 40 99
2 32 41 14
2 32 42 113
2 33 0 37
2 33 1 70
2 33 2 97
2 33 3 104
2 33 4 4
2 33 5 118
2 33 6 0
2 33 7 10
2 33 8 96
2 33 9 19
2 33 10 23
2 33 11 54
2 33 12 8
2 33 13 88
2 33 14 95
2 33 15 80
2 33 16 40
2 33 17 44
2 33 18 123
2 33 19 12
2 33 20 94
2 33 21 101
2 33 22 77
2 33 23 84
2 33 24 38
2 33 25 86
2 33 26 93
2 33 27 100
2 33 28 75
2 33 29 36
2 33 30 11
2 33 31 82
2 33 32 92
2 33 33 76
2 33 34 106
2 33 35 35
2 33 36 120
2 33 37 15
2 33 38 73
2 33 39 98
2 33 40 22
2 33 41 61
2 33 42 58
2 34 0 89
2 34 1 56
2 34 2 103
2 34 3 27
2 34 4 54
2 34 5 39
2 34 6 42
2 34 7 95
2 34 8 3
2 34 9 15
2 34 10 116
2 34 11 26
2 34 12 51
2 34 13 94
2 34 14 101
2 34 15 40
2 34 16 80
2 34 17 122
2 34 18 11
2 34 19 69
2 34 20 53
2 34 21 107
2 34 22 68
2 34 23 12
2 34 24 57
2 34 25 52
2 34 26 99
2 34 27 70
2 34 28 34
2 34 29 9
2 34 30 44
2 34 31 91
2 34 32 83
2 34 33 65
2 34 34 32
2 34 35 71
2 34 36 126
2 34 37 58
2 34 38 97
2 34 39 24
2 34 40 111
2 34 41 85
2 34 42 36
2 35 0 95
2 35 1 102
2 35 2 16
2 35 3 116
2 35 4 33
2 35 5 32
2 35 6 94
2 35 7 8
2 35 8 39
2 35 9 115
2 35 10 31
2 35 11 57
2 35 12 66
2 35 13 77
2 35 14 9
2 35 15 70
2 35 16 121
2 35 17 18
2 35 18 92
2 35 19 56
2 35 20 106
2 35 21 82
2 35 22 41
2 35 23 20
2 35 24 68
2 35 25 98
2 35 26 105
2 35 27 5
2 35 28 24
2 35 29 45
2 35 30 90
2 35 31 44
2 35 32 73
2 35 33 29
2 35 34 78
2 35 35 48
2 35 36 89
2 35 37 62
2 35 38 7
2 35 39 110
2 35 40 117
2 35 41 23
2 35 42 59
2 36 0 59
2 36 1 31
2 36 2 115
2 36 3 3
2 36 4 7
2 36 5 93
2 36 6 1
2 36 7 35
2 36 8 114
2 36 9 41
2 36 10 68
2 36 11 92
2 36 12 46
2 36 13 42
2 36 14 47
2 36 15 75
2 36 16 23
2 36 17 91
2 36 18 74
2 36 19 81
2 36 20 112
2 36 21 19
2 36 22 126
2 36 23 80
2 36 24 97
2 36 25 104
2 36 26 40
2 36 27 20
2 36 28 125
2 36 29 84
2 36 30 96
2 36 31 48
2 36 32 12
2 36 33 117
2 36 34 124
2 36 35 56
2 36 36 95
2 36 37 18
2 36 38 109
2 36 39 71
2 36 40 10
2 36 41 87
2 36 42 94
2 37 0 21
2 37 1 114
2 37 2 14
2 37 3 39
2 37 4 92
2 37 5 28
2 37 6 15
2 37 7 113
2 37 8 16
2 37 9 63
2 37 10 91
2 37 11 74
2 37 12 32
2 37 13 112
2 37 14 119
2 37 15 35
2 37 16 90
2 37 17 76
2 37 18 82
2 37 19 46
2 37 20 11
2 37 21 85
2 37 22 89
2 37 23 47
2 37 24 103
2 37 25 31
2 37 26 25
2 37 27 83
2 37 28 88
2 37 29 62
2 37 30 69
2 37 31 37
2 37 32 75
2 37 33 49
2 37 34 87
2 37 35 94
2 37 36 34
2 37 37 108
2 37 38 44
2 37 39 18
2 37 40 86
2 37 41 45
2 37 42 100
2 38 0 113
2 38 1 16
2 38 2 4
2 38 3 91
2 38 4 24
2 38 5 22
2 38 6 83
2 38 7 25
2 38 8 43
2 38 9 90
2 38 10 57
2 38 11 41
2 38 12 76
2 38 13 118
2 38 14 14
2 38 15 60
2 38 16 96
2 38 17 66
2 38 18 85
2 38 19 15
2 38 20 124
2 38 21 70
2 38 22 95
2 38 23 102
2 38 24 5
2 38 25 20
2 38 26 123
2 38 27 59
2 38 28 67
2 38 29 101
2 38 30 18
2 38 31 75
2 38 32 69
2 38 33 86
2 38 34 53
2 38 35 13
2 38 36 68
2 38 37 52
2 38 38 42
2 38 39 78
2 38 40 92
2 38 41 99
2 38 42 6
2 39 0 3
2 39 1 1
2 39 2 90
2 39 3 34
2 39 4 5
2 39 5 111
2 39 6 21
2 39 7 125
2 39 8 57
2 39 9 96
2 39 10 20
2 39 11 70
2 39 12 79
2 39 13 28
2 39 14 88
2 39 15 55
2 39 16 58
2 39 17 73
2 39 18 12
2 39 19 65
2 39 20 87
2 39 21 94
2 39 22 71
2 39 23 6
2 39 24 32
2 39 25 122
2 39 26 48
2 39 27 93
2 39 28 84
2 39 29 7
2 39 30 49
2 39 31 78
2 39 32 51
2 39 33 92
2 39 34 19
2 39 35 66
2 39 36 64
2 39 37 40
2 39 38 30
2 39 39 91
2 39 40 98
2 39 41 41
2 39 42 72
2 40 0 39
2 40 1 89
2 40 2 42
2 40 3 38
2 40 4 110
2 40 5 27
2 40 6 60
2 40 7 88
2 40 8 63
2 40 9 0
2 40 10 84
2 40 11 116
2 40 12 13
2 40 13 43
2 40 14 68
2 40 15 101
2 40 16 72
2 40 17 26
2 40 18 58
2 40 19 86
2 40 20 52
2 40 21 100
2 40 22 17
2 40 23 5
2 40 24 121
2 40 25 78
2 40 26 67
2 40 27 46
2 40 28 10
2 40 29 81
2 40 30 120
2 40 31 11
2 40 32 91
2 40 33 25
2 40 34 105
2 40 35 112
2 40 36 37
2 40 37 126
2 40 38 90
2 40 39 97
2 40 40 34
2 40 41 111
2 40 42 9
2 41 0 88
2 41 1 30
2 41 2 9
2 41 3 109
2 41 4 17
2 41 5 123
2 41 6 74
2 41 7 77
2 41 8 28
2 41 9 79
2 41 10 115
2 41 11 35
2 41 12 52
2 41 13 93
2 41 14 60
2 41 15 107
2 41 16 18
2 41 17 70
2 41 18 83
2 41 19 92
2 41 20 99
2 41 21 42
2 41 22 15
2 41 23 64
2 41 24 44
2 41 25 51
2 41 26 82
2 41 27 40
2 41 28 112
2 41 29 65
2 41 30 126
2 41 31 90
2 41 32 38
2 41 33 104
2 41 34 56
2 41 35 41
2 41 36 57
2 41 37 49
2 41 38 78
2 41 39 10
2 41 40 110
2 41 41 33
2 41 42 8
2 42 0 25
2 42 1 33
2 42 2 108
2 42 3 11
2 42 4 122
2 42 5 44
2 42 6 93
2 42 7 7
2 42 8 107
2 42 9 114
2 42 10 17
2 42 11 83
2 42 12 67
2 42 13 63
2 42 14 106
2 42 15 32
2 42 16 120
2 42 17 16
2 42 18 91
2 42 19 98
2 42 20 23
2 42 21 18
2 42 22 119
2 42 23 74
2 42 24 54
2 42 25 43
2 42 26 15
2 42 27 78
2 42 28 80
2 42 29 73
2 42 30 70
2 42 31 4
2 42 32 103
2 42 33 56
2 42 34 26
2 42 35 124
2 42 36 88
2 42 37 95
2 42 38 21
2 42 39 109
2 42 40 0
2 42 41 24
2 42 42 87
3 0 0 108
3 0 1 12
3 0 2 122
3 0 3 45
3 0 4 93
3 0 5 8
3 0 6 107
3 0 7 114
3 0 8 18
3 0 9 84
3 0 10 68
3 0 11 64
3 0 12 106
3 0 13 33
3 0 14 120
3 0 15 17
3 0 16 91
3 0 17 98
3 0 18 24
3 0 19 19
3 0 20 119
3 0 21 75
3 0 22 55
3 0 23 44
3 0 24 16
3 0 25 79
3 0 26 81
3 0 27 74
3 0 28 71
3 0 29 5
3 0 30 103
3 0 31 57
3 0 32 27
3 0 33 124
3 0 34 88
3 0 35 95
3 0 36 22
3 0 37 109
3 0 38 1
3 0 39 25
3 0 40 87
3 0 41 26
3 0 42 34
3 1 0 16
3 1 1 121
3 1 2 65
3 1 3 55
3 1 4 11
3 1 5 106
3 1 6 113
3 1 7 31
3 1 8 82
3 1 9 45
3 1 10 84
3 1 11 60
3 1 12 21
3 1 13 73
3 1 14 126
3 1 15 90
3 1 16 97
3 1 17 6
3 1 18 17
3 1 19 118
3 1 20 125
3 1 21 89
3 1 22 96
3 1 23 41
3 1 24 57
3 1 25 117
3 1 26 124
3 1 27 88
3 1 28 23
3 1 29 102
3 1 30 72
3 1 31 22
3 1 32 85
3 1 33 80
3 1 34 94
3 1 35 1
3 1 36 108
3 1 37 7
3 1 38 40
3 1 39 86
3 1 40 28
3 1 41 32
3 1 42 67
3 2 0 69
3 2 1 65
3 2 2 57
3 2 3 12
3 2 4 54
3 2 5 49
3 2 6 10
3 2 7 84
3 2 8 48
3 2 9 68
3 2 10 45
3 2 11 13
3 2 12 85
3 2 13 62
3 2 14 56
3 2 15 52
3 2 16 0
3 2 17 37
3 2 18 83
3 2 19 79
3 2 20 73
3 2 21 50
3 2 22 17
3 2 23 47
3 2 24 67
3 2 25 44
3 2 26 51
3 2 27 26
3 2 28 43
3 2 29 81
3 2 30 22
3 2 31 78
3 2 32 70
3 2 33 66
3 2 34 34
3 2 35 58
3 2 36 2
3 2 37 5
3 2 38 46
3 2 39 39
3 2 40 31
3 2 41 77
3 2 42 7
3 3 0 55
3 3 1 50
3 3 2 10
3 3 3 63
3 3 4 111
3 3 5 18
3 3 6 125
3 3 7 89
3 3 8 96
3 3 9 78
3 3 10 17
3 3 11 117
3 3 12 124
3 3 13 88
3 3 14 95
3 3 15 16
3 3 16 33
3 3 17 116
3 3 18 123
3 3 19 87
3 3 20 62
3 3 21 32
3 3 22 75
3 3 23 51
3 3 24 47
3 3 25 53
3 3 26 31
3 3 27 100
3 3 28 107
3 3 29 39
3 3 30 80
3 3 31 70
3 3 32 92
3 3 33 21
3 3 34 68
3 3 35 12
3 3 36 29
3 3 37 3
3 3 38 20
3 3 39 37
3 3 40 105
3 3 41 28
3 3 42 119
3 4 0 89
3 4 1 27
3 4 2 78
3 4 3 110
3 4 4 23
3 4 5 64
3 4 6 61
3 4 7 54
3 4 8 56
3 4 9 32
3 4 10 48
3 4 11 80
3 4 12 60
3 4 13 94
3 4 14 12
3 4 15 6
3 4 16 115
3 4 17 122
3 4 18 86
3 4 19 93
3 4 20 36
3 4 21 107
3 4 22 71
3 4 23 67
3 4 24 51
3 4 25 39
3 4 26 99
3 4 27 106
3 4 28 37
3 4 29 120
3 4 30 47
3 4 31 91
3 4 32 42
3 4 33 105
3 4 34 18
3 4 35 10
3 4 36 126
3 4 37 1
3 4 38 4
3 4 39 104
3 4 40 15
3 4 41 118
3 4 42 125
3 5 0 27
3 5 1 78
3 5 2 109
3 5 3 26
3 5 4 123
3 5 5 87
3 5 6 69
3 5 7 101
3 5 8 8
3 5 9 52
3 5 10 83
3 5 11 47
3 5 12 70
3 5 13 32
3 5 14 0
3 5 15 114
3 5 16 121
3 5 17 51
3 5 18 64
3 5 19 28
3 5 20 106
3 5 21 74
3 5 22 120
3 5 23 82
3 5 24 18
3 5 25 98
3 5 26 55
3 5 27 38
3 5 28 57
3 5 29 60
3 5 30 90
3 5 31 33
3 5 32 104
3 5 33 17
3 5 34 21
3 5 35 125
3 5 36 9
3 5 37 42
3 5 38 103
3 5 39 5
3 5 40 56
3 5 41 85
3 5 42 77
3 6 0 101
3 6 1 108
3 6 2 1
3 6 3 122
3 6 4 86
3 6 5 93
3 6 6 53
3 6 7 33
3 6 8 45
3 6 9 67
3 6 10 56
3 6 11 92
3 6 12 30
3 6 13 25
3 6 14 113
3 6 15 82
3 6 16 32
3 6 17 76
3 6 18 16
3 6 19 62
3 6 20 112
3 6 21 66
3 6 22 48
3 6 23 31
3 6 24 97
3 6 25 50
3 6 26 41
3 6 27 71
3 6 28 125
3 6 29 74
3 6 30 37
3 6 31 103
3 6 32 15
3 6 33 23
3 6 34 124
3 6 35 24
3 6 36 5
3 6 37 102
3 6 38 27
3 6 39 116
3 6 40 123
3 6 41 87
3 6 42 22
3 7 0 68
3 7 1 10
3 7 2 121
3 7 3 83
3 7 4 56
3 7 5 85
3 7 6 8
3 7 7 50
3 7 8 120
3 7 9 43
3 7 10 91
3 7 11 33
3 7 12 6
3 7 13 63
3 7 14 119
3 7 15 126
3 7 16 69
3 7 17 30
3 7 18 61
3 7 19 76
3 7 20 79
3 7 21 125
3 7 22 13
3 7 23 55
3 7 24 64
3 7 25 20
3 7 26 117
3 7 27 77
3 7 28 88
3 7 29 31
3 7 30 102
3 7 31 39
3 7 32 18
3 7 33 123
3 7 34 40
3 7 35 15
3 7 36 62
3 7 37 38
3 7 38 115
3 7 39 122
3 7 40 86
3 7 41 7
3 7 42 70
3 8 0 23
3 8 1 81
3 8 2 37
3 8 3 65
3 8 4 59
3 8 5 38
3 8 6 112
3 8 7 67
3 8 8 75
3 8 9 90
3 8 10 0
3 8 11 31
3 8 12 111
3 8 13 118
3 8 14 64
3 8 15 89
3 8 16 22
3 8 17 49
3 8 18 68
3 8 19 117
3 8 20 74
3 8 21 35
3 8 22 95
3 8 23 58
3 8 24 5
3 8 25 77
3 8 26 123
3 8 27 48
3 8 28 21
3 8 29 51
3 8 30 10
3 8 31 6
3 8 32 122
3 8 33 9
3 8 34 39
3 8 35 100
3 8 36 14
3 8 37 114
3 8 38 121
3 8 39 56
3 8 40 11
3 8 41 82
3 8 42 66
3 9 0 119
3 9 1 126
3 9 2 85
3 9 3 59
3 9 4 41
3 9 5 65
3 9 6 72
3 9 7 125
3 9 8 51
3 9 9 16
3 9 10 42
3 9 11 110
3 9 12 44
3 9 13 124
3 9 14 49
3 9 15 36
3 9 16 45
3 9 17 52
3 9 18 58
3 9 19 123
3 9 20 20
3 9 21 94
3 9 22 101
3 9 23 28
3 9 24 60
3 9 25 122
3 9 26 71
3 9 27 27
3 9 28 100
3 9 29 0
3 9 30 14
3 9 31 121
3 9 32 4
3 9 33 2
3 9 34 99
3 9 35 7
3 9 36 113
3 9 37 46
3 9 38 18
3 9 39 8
3 9 40 47
3 9 41 105
3 9 42 29
3 10 0 78
3 10 1 89
3 10 2 96
3 10 3 30
3 10 4 43
3 10 5 117
3 10 6 50
3 10 7 88
3 10 8 28
3 10 9 0
3 10 10 109
3 10 11 116
3 10 12 54
3 10 13 87
3 10 14 33
3 10 15 101
3 10 16 53
3 10 17 60
3 10 18 122
3 10 19 34
3 10 20 59
3 10 21 44
3 10 22 7
3 10 23 45
3 10 24 121
3 10 25 66
3 10 26 23
3 10 27 99
3 10 28 26
3 10 29 24
3 10 30 120
3 10 31 1
3 10 32 32
3 10 33 98
3 10 34 42
3 10 35 75
3 10 36 119
3 10 37 126
3 10 38 6
3 10 39 63
3 10 40 104
3 10 41 35
3 10 42 118
3 11 0 43
3 11 1 56
3 11 2 11
3 11 3 61
3 11 4 47
3 11 5 123
3 11 6 46
3 11 7 23
3 11 8 17
3 11 9 108
3 11 10 115
3 11 11 66
3 11 12 86
3 11 13 37
3 11 14 52
3 11 15 107
3 11 16 78
3 11 17 121
3 11 18 13
3 11 19 92
3 11 20 64
3 11 21 16
3 11 22 57
3 11 23 68
3 11 24 77
3 11 25 32
3 11 26 98
3 11 27 33
3 11 28 20
3 11 29 119
3 11 30 9
3 11 31 34
3 11 32 97
3 11 33 27
3 11 34 111
3 11 35 118
3 11 36 75
3 11 37 30
3 11 38 96
3 11 39 103
3 11 40 14
3 11 41 72
3 11 42 124
3 12 0 63
3 12 1 36
3 12 2 69
3 12 3 51
3 12 4 122
3 12 5 47
3 12 6 28
3 12 7 8
3 12 8 64
3 12 9 114
3 12 10 82
3 12 11 77
3 12 12 29
3 12 13 66
3 12 14 106
3 12 15 81
3 12 16 65
3 12 17 25
3 12 18 91
3 12 19 54
3 12 20 6
3 12 21 112
3 12 22 119
3 12 23 83
3 12 24 7
3 12 25 97
3 12 26 13
3 12 27 4
3 12 28 118
3 12 29 41
3 12 30 2
3 12 31 80
3 12 32 17
3 12 33 110
3 12 34 78
3 12 35 124
3 12 36 38
3 12 37 49
3 12 38 102
3 12 39 30
3 12 40 116
3 12 41 76
3 12 42 87
3 13 0 19
3 13 1 107
3 13 2 58
3 13 3 121
3 13 4 52
3 13 5 24
3 13 6 0
3 13 7 59
3 13 8 113
3 13 9 120
3 13 10 28
3 13 11 7
3 13 12 50
3 13 13 57
3 13 14 112
3 13 15 119
3 13 16 30
3 13 17 90
3 13 18 47
3 13 19 39
3 13 20 54
3 13 21 118
3 13 22 125
3 13 23 17
3 13 24 80
3 13 25 9
3 13 26 40
3 13 27 117
3 13 28 16
3 13 29 15
3 13 30 95
3 13 31 32
3 13 32 109
3 13 33 116
3 13 34 64
3 13 35 25
3 13 36 76
3 13 37 73
3 13 38 41
3 13 39 115
3 13 40 61
3 13 41 86
3 13 42 93
3 14 0 106
3 14 1 75
3 14 2 59
3 14 3 43
3 14 4 39
3 14 5 14
3 14 6 105
3 14 7 73
3 14 8 70
3 14 9 126
3 14 10 36
3 14 11 84
3 14 12 65
3 14 13 72
3 14 14 118
3 14 15 37
3 14 16 50
3 14 17 96
3 14 18 8
3 14 19 45
3 14 20 56
3 14 21 61
3 14 22 22
3 14 23 95
3 14 24 33
3 14 25 2
3 14 26 116
3 14 27 6
3 14 28 9
3 14 29 94
3 14 30 21
3 14 31 108
3 14 32 115
3 14 33 82
3 14 34 12
3 14 35 93
3 14 36 100
3 14 37 24
3 14 38 114
3 14 39 52
3 14 40 66
3 14 41 47
3 14 42 16
3 15 0 112
3 15 1 119
3 15 2 73
3 15 3 37
3 15 4 12
3 15 5 104
3 15 6 111
3 15 7 56
3 15 8 57
3 15 9 10
3 15 10 96
3 15 11 54
3 15 12 72
3 15 13 43
3 15 14 36
3 15 15 88
3 15 16 64
3 15 17 8
3 15 18 70
3 15 19 116
3 15 20 123
3 15 21 40
3 15 22 94
3 15 23 25
3 15 24 29
3 15 25 115
3 15 26 38
3 15 27 5
3 15 28 74
3 15 29 1
3 15 30 46
3 15 31 114
3 15 32 69
3 15 33 11
3 15 34 81
3 15 35 99
3 15 36 26
3 15 37 113
3 15 38 120
3 15 39 33
3 15 40 82
3 15 41 13
3 15 42 51
3 16 0 118
3 16 1 125
3 16 2 27
3 16 3 35
3 16 4 103
3 16 5 110
3 16 6 117
3 16 7 124
3 16 8 15
3 16 9 81
3 16 10 74
3 16 11 72
3 16 12 116
3 16 13 14
3 16 14 53
3 16 15 84
3 16 16 42
3 16 17 55
3 16 18 115
3 16 19 122
3 16 20 31
3 16 21 56
3 16 22 36
3 16 23 4
3 16 24 114
3 16 25 28
3 16 26 1
3 16 27 92
3 16 28 22
3 16 29 85
3 16 30 113
3 16 31 120
3 16 32 30
3 16 33 52
3 16 34 98
3 16 35 34
3 16 36 46
3 16 37 44
3 16 38 126
3 16 39 58
3 16 40 20
3 16 41 70
3 16 42 48
3 17 0 75
3 17 1 22
3 17 2 24
3 17 3 102
3 17 4 109
3 17 5 77
3 17 6 80
3 17 7 11
3 17 8 76
3 17 9 101
3 17 10 62
3 17 11 115
3 17 12 14
3 17 13 54
3 17 14 93
3 17 15 0
3 17 16 107
3 17 17 114
3 17 18 121
3 17 19 6
3 17 20 92
3 17 21 2
3 17 22 10
3 17 23 113
3 17 24 40
3 17 25 42
3 17 26 91
3 17 27 18
3 17 28 105
3 17 29 69
3 17 30 85
3 17 31 38
3 17 32 84
3 17 33 97
3 17 34 20
3 17 35 111
3 17 36 65
3 17 37 71
3 17 38 89
3 17 39 9
3 17 40 50
3 17 41 56
3 17 42 46
3 18 0 12
3 18 1 24
3 18 2 72
3 18 3 108
3 18 4 85
3 18 5 67
3 18 6 19
3 18 7 93
3 18 8 44
3 18 9 107
3 18 10 114
3 18 11 30
3 18 12 43
3 18 13 83
3 18 14 16
3 18 15 106
3 18 16 113
3 18 17 54
3 18 18 11
3 18 19 91
3 18 20 15
3 18 21 4
3 18 22 112
3 18 23 8
3 18 24 32
3 18 25 90
3 18 26 5
3 18 27 104
3 18 28 111
3 18 29 62
3 18 30 40
3 18 31 89
3 18 32 61
3 18 33 34
3 18 34 110
3 18 35 117
3 18 36 124
3 18 37 60
3 18 38 9
3 18 39 74
3 18 40 80
3 18 41 116
3 18 42 123
3 19 0 25
3 19 1 100
3 19 2 52
3 19 3 62
3 19 4 80
3 19 5 29
3 19 6 73
3 19 7 43
3 19 8 106
3 19 9 113
3 19 10 19
3 19 11 46
3 19 12 67
3 19 13 18
3 19 14 69
3 19 15 76
3 19 16 119
3 19 17 20
3 19 18 90
3 19 19 37
3 19 20 0
3 19 21 111
3 19 22 31
3 19 23 15
3 19 24 78
3 19 25 22
3 19 26 103
3 19 27 110
3 19 28 117
3 19 29 8
3 19 30 79
3 19 31 95
3 19 32 28
3 19 33 109
3 19 34 60
3 19 35 84
3 19 36 87
3 19 37 14
3 19 38 101
3 19 39 53
3 19 40 115
3 19 41 122
3 19 42 23
3 20 0 99
3 20 1 55
3 20 2 82
3 20 3 120
3 20 4 35
3 20 5 83
3 20 6 68
3 20 7 66
3 20 8 47
3 20 9 22
3 20 10 65
3 20 11 76
3 20 12 8
3 20 13 48
3 20 14 111
3 20 15 118
3 20 16 7
3 20 17 46
3 20 18 39
3 20 19 25
3 20 20 110
3 20 21 41
3 20 22 1
3 20 23 88
3 20 24 23
3 20 25 102
3 20 26 109
3 20 27 43
3 20 28 33
3 20 29 87
3 20 30 94
3 20 31 12
3 20 32 108
3 20 33 58
3 20 34 61
3 20 35 86
3 20 36 11
3 20 37 67
3 20 38 107
3 20 39 114
3 20 40 121
3 20 41 27
3 20 42 24
3 21 0 105
3 21 1 112
3 21 2 80
3 21 3 9
3 21 4 51
3 21 5 60
3 21 6 56
3 21 7 111
3 21 8 26
3 21 9 125
3 21 10 89
3 21 11 11
3 21 12 84
3 21 13 110
3 21 14 78
3 21 15 23
3 21 16 88
3 21 17 5
3 21 18 10
3 21 19 109
3 21 20 13
3 21 21 36
3 21 22 52
3 21 23 1
3 21 24 63
3 21 25 108
3 21 26 74
3 21 27 31
3 21 28 86
3 21 29 59
3 21 30 12
3 21 31 69
3 21 32 44
3 21 33 48
3 21 34 49
3 21 35 30
3 21 36 77
3 21 37 106
3 21 38 113
3 21 39 81
3 21 40 4
3 21 41 14
3 21 42 98
3 22 0 62
3 22 1 63
3 22 2 30
3 22 3 89
3 22 4 96
3 22 5 80
3 22 6 110
3 22 7 32
3 22 8 77
3 22 9 49
3 22 10 7
3 22 11 56
3 22 12 109
3 22 13 116
3 22 14 42
3 22 15 48
3 22 16 19
3 22 17 28
3 22 18 108
3 22 19 21
3 22 20 37
3 22 21 82
3 22 22 2
3 22 23 100
3 22 24 71
3 22 25 75
3 22 26 15
3 22 27 65
3 22 28 92
3 22 29 26
3 22 30 67
3 22 31 43
3 22 32 120
3 22 33 29
3 22 34 36
3 22 35 73
3 22 36 52
3 22 37 84
3 22 38 119
3 22 39 0
3 22 40 23
3 22 41 97
3 22 42 104
3 23 0 117
3 23 1 32
3 23 2 67
3 23 3 53
3 23 4 81
3 23 5 109
3 23 6 35
3 23 7 123
3 23 8 87
3 23 9 31
3 23 10 101
3 23 11 108
3 23 12 115
3 23 13 15
3 23 14 63
3 23 15 34
3 23 16 2
3 23 17 107
3 23 18 40
3 23 19 29
3 23 20 77
3 23 21 27
3 23 22 99
3 23 23 64
3 23 24 65
3 23 25 18
3 23 26 10
3 23 27 91
3 23 28 11
3 23 29 105
3 23 30 112
3 23 31 73
3 23 32 126
3 23 33 4
3 23 34 59
3 23 35 44
3 23 36 111
3 23 37 118
3 23 38 14
3 23 39 36
3 23 40 78
3 23 41 103
3 23 42 72
3 24 0 28
3 24 1 87
3 24 2 62
3 24 3 101
3 24 4 108
3 24 5 23
3 24 6 122
3 24 7 86
3 24 8 10
3 24 9 70
3 24 10 71
3 24 11 114
3 24 12 34
3 24 13 58
3 24 14 40
3 24 15 24
3 24 16 106
3 24 17 17
3 24 18 5
3 24 19 72
3 24 20 29
3 24 21 98
3 24 22 105
3 24 23 112
3 24 24 8
3 24 25 126
3 24 26 90
3 24 27 20
3 24 28 104
3 24 29 54
3 24 30 82
3 24 31 68
3 24 32 36
3 24 33 96
3 24 34 63
3 24 35 110
3 24 36 57
3 24 37 4
3 24 38 21
3 24 39 95
3 24 40 102
3 24 41 48
3 24 42 76
3 25 0 86
3 25 1 93
3 25 2 49
3 25 3 68
3 25 4 29
3 25 5 121
3 25 6 70
3 25 7 41
3 25 8 60
3 25 9 64
3 25 10 113
3 25 11 20
3 25 12 53
3 25 13 1
3 25 14 32
3 25 15 105
3 25 16 25
3 25 17 9
3 25 18 44
3 25 19 15
3 25 20 97
3 25 21 104
3 25 22 79
3 25 23 39
3 25 24 43
3 25 25 58
3 25 26 26
3 25 27 103
3 25 28 55
3 25 29 117
3 25 30 124
3 25 31 21
3 25 32 72
3 25 33 73
3 25 34 109
3 25 35 116
3 25 36 28
3 25 37 2
3 25 38 94
3 25 39 51
3 25 40 83
3 25 41 62
3 25 42 13
3 26 0 44
3 26 1 48
3 26 2 66
3 26 3 38
3 26 4 76
3 26 5 39
3 26 6 31
3 26 7 61
3 26 8 105
3 26 9 72
3 26 10 22
3 26 11 83
3 26 12 20
3 26 13 9
3 26 14 104
3 26 15 4
3 26 16 15
3 26 17 125
3 26 18 34
3 26 19 57
3 26 20 103
3 26 21 51
3 26 22 18
3 26 23 124
3 26 24 88
3 26 25 14
3 26 26 102
3 26 27 79
3 26 28 75
3 26 29 84
3 26 30 17
3 26 31 55
3 26 32 101
3 26 33 108
3 26 34 115
3 26 35 13
3 26 36 35
3 26 37 54
3 26 38 100
3 26 39 107
3 26 40 58
3 26 41 2
3 26 42 43
3 27 0 77
3 27 1 105
3 27 2 23
3 27 3 119
3 27 4 126
3 27 5 34
3 27 6 49
3 27 7 104
3 27 8 111
3 27 9 4
3 27 10 125
3 27 11 12
3 27 12 28
3 27 13 103
3 27 14 21
3 27 15 30
3 27 16 46
3 27 17 7
3 27 18 95
3 27 19 102
3 27 20 44
3 27 21 42
3 27 22 59
3 27 23 70
3 27 24 17
3 27 25 45
3 27 26 69
3 27 27 67
3 27 28 52
3 27 29 19
3 27 30 93
3 27 31 53
3 27 32 80
3 27 33 114
3 27 34 26
3 27 35 6
3 27 36 92
3 27 37 99
3 27 38 106
3 27 39 68
3 27 40 13
3 27 41 20
3 27 42 74
3 28 0 104
3 28 1 37
3 28 2 118
3 28 3 56
3 28 4 18
3 28 5 96
3 28 6 103
3 28 7 110
3 28 8 5
3 28 9 57
3 28 10 13
3 28 11 36
3 28 12 102
3 28 13 39
3 28 14 1
3 28 15 123
3 28 16 26
3 28 17 94
3 28 18 59
3 28 19 66
3 28 20 38
3 28 21 68
3 28 22 46
3 28 23 23
3 28 24 100
3 28 25 107
3 28 26 49
3 28 27 62
3 28 28 40
3 28 29 55
3 28 30 73
3 28 31 83
3 28 32 113
3 28 33 35
3 28 34 2
3 28 35 91
3 28 36 98
3 28 37 82
3 28 38 112
3 28 39 19
3 28 40 126
3 28 41 51
3 28 42 75
3 29 0 37
3 29 1 74
3 29 2 124
3 29 3 16
3 29 4 73
3 29 5 102
3 29 6 109
3 29 7 26
3 29 8 123
3 29 9 5
3 29 10 8
3 29 11 101
3 29 12 24
3 29 13 10
3 29 14 122
3 29 15 42
3 29 16 81
3 29 17 100
3 29 18 107
3 29 19 41
3 29 20 52
3 29 21 49
3 29 22 27
3 29 23 99
3 29 24 106
3 29 25 48
3 29 26 120
3 29 27 14
3 29 28 68
3 29 29 50
3 29 30 105
3 29 31 63
3 29 32 25
3 29 33 22
3 29 34 90
3 29 35 97
3 29 36 55
3 29 37 61
3 29 38 38
3 29 39 75
3 29 40 89
3 29 41 96
3 29 42 103
3 30 0 116
3 30 1 51
3 30 2 41
3 30 3 50
3 30 4 66
3 30 5 108
3 30 6 27
3 30 7 122
3 30 8 34
3 30 9 18
3 30 10 100
3 30 11 6
3 30 12 12
3 30 13 121
3 30 14 29
3 30 15 92
3 30 16 99
3 30 17 106
3 30 18 31
3 30 19 120
3 30 20 81
3 30 21 30
3 30 22 98
3 30 23 73
3 30 24 112
3 30 25 59
3 30 26 20
3 30 27 55
3 30 28 58
3 30 29 104
3 30 30 111
3 30 31 24
3 30 32 26
3 30 33 60
3 30 34 46
3 30 35 79
3 30 36 85
3 30 37 35
3 30 38 124
3 30 39 64
3 30 40 70
3 30 41 102
3 30 42 21
3 31 0 83
3 31 1 9
3 31 2 93
3 31 3 100
3 31 4 50
3 31 5 1
3 31 6 121
3 31 7 17
3 31 8 41
3 31 9 99
3 31 10 2
3 31 11 34
3 31 12 79
3 31 13 38
3 31 14 91
3 31 15 98
3 31 16 80
3 31 17 33
3 31 18 51
3 31 19 82
3 31 20 19
3 31 21 97
3 31 22 63
3 31 23 61
3 31 24 54
3 31 25 30
3 31 26 89
3 31 27 96
3 31 28 103
3 31 29 110
3 31 30 25
3 31 31 37
3 31 32 88
3 31 33 95
3 31 34 44
3 31 35 65
3 31 36 40
3 31 37 77
3 31 38 87
3 31 39 48
3 31 40 46
3 31 41 15
3 31 42 115
3 32 0 11
3 32 1 66
3 32 2 99
3 32 3 46
3 32 4 31
3 32 5 61
3 32 6 7
3 32 7 9
3 32 8 98
3 32 9 39
3 32 10 4
3 32 11 119
3 32 12 0
3 32 13 90
3 32 14 97
3 32 15 65
3 32 16 6
3 32 17 71
3 32 18 125
3 32 19 35
3 32 20 49
3 32 21 63
3 32 22 81
3 32 23 117
3 32 24 38
3 32 25 78
3 32 26 79
3 32 27 102
3 32 28 109
3 32 29 25
3 32 30 27
3 32 31 62
3 32 32 94
3 32 33 101
3 32 34 84
3 32 35 40
3 32 36 53
3 32 37 86
3 32 38 93
3 32 39 100
3 32 40 29
3 32 41 114
3 32 42 54
3 33 0 53
3 33 1 98
3 33 2 105
3 33 3 27
3 33 4 119
3 33 5 5
3 33 6 21
3 33 7 97
3 33 8 2
3 33 9 13
3 33 10 118
3 33 11 18
3 33 12 74
3 33 13 79
3 33 14 47
3 33 15 7
3 33 16 117
3 33 17 85
3 33 18 35
3 33 19 95
3 33 20 63
3 33 21 70
3 33 22 51
3 33 23 34
3 33 24 87
3 33 25 65
3 33 26 62
3 33 27 108
3 33 28 14
3 33 29 22
3 33 30 49
3 33 31 76
3 33 32 60
3 33 33 107
3 33 34 29
3 33 35 45
3 33 36 69
3 33 37 83
3 33 38 99
3 33 39 15
3 33 40 113
3 33 41 120
3 33 42 19
3 34 0 97
3 34 1 104
3 34 2 5
3 34 3 118
3 34 4 1
3 34 5 11
3 34 6 96
3 34 7 20
3 34 8 24
3 34 9 55
3 34 10 9
3 34 11 88
3 34 12 95
3 34 13 81
3 34 14 41
3 34 15 45
3 34 16 123
3 34 17 13
3 34 18 94
3 34 19 101
3 34 20 78
3 34 21 85
3 34 22 39
3 34 23 86
3 34 24 93
3 34 25 100
3 34 26 76
3 34 27 37
3 34 28 12
3 34 29 83
3 34 30 92
3 34 31 77
3 34 32 106
3 34 33 36
3 34 34 120
3 34 35 16
3 34 36 74
3 34 37 98
3 34 38 23
3 34 39 62
3 34 40 59
3 34 41 38
3 34 42 71
3 35 0 103
3 35 1 28
3 35 2 55
3 35 3 40
3 35 4 0
3 35 5 95
3 35 6 4
3 35 7 16
3 35 8 116
3 35 9 27
3 35 10 52
3 35 11 94
3 35 12 101
3 35 13 41
3 35 14 81
3 35 15 122
3 35 16 12
3 35 17 70
3 35 18 54
3 35 19 107
3 35 20 69
3 35 21 13
3 35 22 58
3 35 23 53
3 35 24 99
3 35 25 71
3 35 26 35
3 35 27 10
3 35 28 45
3 35 29 91
3 35 30 84
3 35 31 66
3 35 32 33
3 35 33 72
3 35 34 126
3 35 35 59
3 35 36 97
3 35 37 25
3 35 38 111
3 35 39 43
3 35 40 37
3 35 41 89
3 35 42 57
3 36 0 17
3 36 1 116
3 36 2 34
3 36 3 33
3 36 4 94
3 36 5 9
3 36 6 40
3 36 7 115
3 36 8 32
3 36 9 58
3 36 10 67
3 36 11 78
3 36 12 10
3 36 13 71
3 36 14 121
3 36 15 19
3 36 16 92
3 36 17 57
3 36 18 106
3 36 19 83
3 36 20 42
3 36 21 21
3 36 22 69
3 36 23 98
3 36 24 105
3 36 25 6
3 36 26 25
3 36 27 46
3 36 28 90
3 36 29 45
3 36 30 74
3 36 31 30
3 36 32 79
3 36 33 49
3 36 34 89
3 36 35 63
3 36 36 8
3 36 37 110
3 36 38 117
3 36 39 24
3 36 40 60
3 36 41 95
3 36 42 102
3 37 0 115
3 37 1 4
3 37 2 8
3 37 3 93
3 37 4 2
3 37 5 36
3 37 6 114
3 37 7 42
3 37 8 69
3 37 9 92
3 37 10 47
3 37 11 0
3 37 12 48
3 37 13 76
3 37 14 24
3 37 15 91
3 37 16 75
3 37 17 82
3 37 18 112
3 37 19 20
3 37 20 126
3 37 21 81
3 37 22 97
3 37 23 104
3 37 24 41
3 37 25 21
3 37 26 125
3 37 27 85
3 37 28 96
3 37 29 49
3 37 30 13
3 37 31 117
3 37 32 124
3 37 33 57
3 37 34 95
3 37 35 19
3 37 36 109
3 37 37 72
3 37 38 11
3 37 39 87
3 37 40 94
3 37 41 60
3 37 42 32
3 38 0 15
3 38 1 40
3 38 2 92
3 38 3 29
3 38 4 16
3 38 5 113
3 38 6 17
3 38 7 64
3 38 8 91
3 38 9 75
3 38 10 33
3 38 11 112
3 38 12 119
3 38 13 36
3 38 14 90
3 38 15 77
3 38 16 83
3 38 17 47
3 38 18 12
3 38 19 43
3 38 20 89
3 38 21 48
3 38 22 103
3 38 23 32
3 38 24 26
3 38 25 84
3 38 26 88
3 38 27 63
3 38 28 70
3 38 29 38
3 38 30 76
3 38 31 50
3 38 32 87
3 38 33 94
3 38 34 35
3 38 35 108
3 38 36 45
3 38 37 19
3 38 38 86
3 38 39 46
3 38 40 100
3 38 41 22
3 38 42 114
3 39 0 5
3 39 1 91
3 39 2 25
3 39 3 23
3 39 4 84
3 39 5 26
3 39 6 44
3 39 7 90
3 39 8 58
3 39 9 42
3 39 10 77
3 39 11 118
3 39 12 15
3 39 13 61
3 39 14 96
3 39 15 67
3 39 16 43
3 39 17 16
3 39 18 124
3 39 19 71
3 39 20 95
3 39 21 102
3 39 22 6
3 39 23 21
3 39 24 123
3 39 25 60
3 39 26 68
3 39 27 101
3 39 28 19
3 39 29 76
3 39 30 70
3 39 31 86
3 39 32 54
3 39 33 14
3 39 34 69
3 39 35 53
3 39 36 0
3 39 37 79
3 39 38 92
3 39 39 99
3 39 40 7
3 39 41 113
3 39 42 17
3 40 0 90
3 40 1 35
3 40 2 6
3 40 3 111
3 40 4 22
3 40 5 125
3 40 6 58
3 40 7 96
3 40 8 21
3 40 9 71
3 40 10 80
3 40 11 29
3 40 12 88
3 40 13 56
3 40 14 59
3 40 15 74
3 40 16 13
3 40 17 66
3 40 18 87
3 40 19 94
3 40 20 72
3 40 21 7
3 40 22 33
3 40 23 122
3 40 24 49
3 40 25 93
3 40 26 85
3 40 27 8
3 40 28 50
3 40 29 79
3 40 30 52
3 40 31 92
3 40 32 20
3 40 33 67
3 40 34 65
3 40 35 41
3 40 36 31
3 40 37 91
3 40 38 98
3 40 39 42
3 40 40 73
3 40 41 4
3 40 42 2
3 41 0 0
3 41 1 39
3 41 2 110
3 41 3 28
3 41 4 61
3 41 5 88
3 41 6 64
3 41 7 1
3 41 8 85
3 41 9 116
3 41 10 14
3 41 11 44
3 41 12 69
3 41 13 101
3 41 14 73
3 41 15 27
3 41 16 59
3 41 17 86
3 41 18 53
3 41 19 100
3 41 20 18
3 41 21 6
3 41 22 121
3 41 23 79
3 41 24 68
3 41 25 47
3 41 26 11
3 41 27 82
3 41 28 120
3 41 29 12
3 41 30 91
3 41 31 26
3 41 32 105
3 41 33 112
3 41 34 38
3 41 35 126
3 41 36 90
3 41 37 97
3 41 38 35
3 41 39 111
3 41 40 10
3 41 41 40
3 41 42 89
3 42 0 10
3 42 1 109
3 42 2 18
3 42 3 123
3 42 4 75
3 42 5 78
3 42 6 29
3 42 7 80
3 42 8 115
3 42 9 36
3 42 10 53
3 42 11 93
3 42 12 61
3 42 13 107
3 42 14 19
3 42 15 71
3 42 16 84
3 42 17 92
3 42 18 99
3 42 19 0
3 42 20 16
3 42 21 65
3 42 22 45
3 42 23 52
3 42 24 83
3 42 25 41
3 42 26 112
3 42 27 66
3 42 28 126
3 42 29 90
3 42 30 39
3 42 31 104
3 42 32 57
3 42 33 42
3 42 34 58
3 42 35 50
3 42 36 79
3 42 37 11
3 42 38 110
3 42 39 34
3 42 40 9
3 42 41 88
3 42 42 31
4 0 0 19
4 0 1 123
4 0 2 76
4 0 3 79
4 0 4 30
4 0 5 81
4 0 6 115
4 0 7 37
4 0 8 54
4 0 9 93
4 0 10 62
4 0 11 107
4 0 12 20
4 0 13 72
4 0 14 85
4 0 15 92
4 0 16 99
4 0 17 1
4 0 18 17
4 0 19 66
4 0 20 46
4 0 21 53
4 0 22 84
4 0 23 42
4 0 24 112
4 0 25 67
4 0 26 126
4 0 27 90
4 0 28 40
4 0 29 104
4 0 30 58
4 0 31 0
4 0 32 59
4 0 33 51
4 0 34 80
4 0 35 12
4 0 36 110
4 0 37 35
4 0 38 10
4 0 39 88
4 0 40 32
4 0 41 11
4 0 42 109
4 1 0 122
4 1 1 46
4 1 2 93
4 1 3 9
4 1 4 107
4 1 5 114
4 1 6 19
4 1 7 85
4 1 8 69
4 1 9 65
4 1 10 106
4 1 11 34
4 1 12 120
4 1 13 18
4 1 14 91
4 1 15 98
4 1 16 25
4 1 17 20
4 1 18 119
4 1 19 76
4 1 20 56
4 1 21 45
4 1 22 17
4 1 23 80
4 1 24 82
4 1 25 75
4 1 26 72
4 1 27 6
4 1 28 103
4 1 29 58
4 1 30 28
4 1 31 124
4 1 32 88
4 1 33 95
4 1 34 23
4 1 35 109
4 1 36 2
4 1 37 26
4 1 38 87
4 1 39 27
4 1 40 35
4 1 41 108
4 1 42 13
4 2 0 66
4 2 1 56
4 2 2 12
4 2 3 106
4 2 4 113
4 2 5 32
4 2 6 83
4 2 7 46
4 2 8 85
4 2 9 61
4 2 10 22
4 2 11 74
4 2 12 126
4 2 13 90
4 2 14 97
4 2 15 7
4 2 16 18
4 2 17 118
4 2 18 125
4 2 19 89
4 2 20 96
4 2 21 42
4 2 22 58
4 2 23 117
4 2 24 124
4 2 25 88
4 2 26 24
4 2 27 102
4 2 28 73
4 2 29 23
4 2 30 43
4 2 31 81
4 2 32 94
4 2 33 2
4 2 34 108
4 2 35 8
4 2 36 41
4 2 37 86
4 2 38 29
4 2 39 33
4 2 40 68
4 2 41 17
4 2 42 121
4 3 0 58
4 3 1 13
4 3 2 55
4 3 3 50
4 3 4 11
4 3 5 85
4 3 6 49
4 3 7 69
4 3 8 46
4 3 9 14
4 3 10 43
4 3 11 63
4 3 12 57
4 3 13 53
4 3 14 1
4 3 15 38
4 3 16 84
4 3 17 80
4 3 18 74
4 3 19 51
4 3 20 18
4 3 21 48
4 3 22 68
4 3 23 45
4 3 24 52
4 3 25 27
4 3 26 44
4 3 27 82
4 3 28 23
4 3 29 79
4 3 30 71
4 3 31 67
4 3 32 35
4 3 33 59
4 3 34 3
4 3 35 6
4 3 36 47
4 3 37 40
4 3 38 32
4 3 39 78
4 3 40 8
4 3 41 70
4 3 42 66
4 4 0 11
4 4 1 64
4 4 2 111
4 4 3 19
4 4 4 125
4 4 5 89
4 4 6 96
4 4 7 79
4 4 8 18
4 4 9 117
4 4 10 124
4 4 11 88
4 4 12 95
4 4 13 17
4 4 14 34
4 4 15 116
4 4 16 123
4 4 17 87
4 4 18 63
4 4 19 33
4 4 20 76
4 4 21 52
4 4 22 48
4 4 23 54
4 4 24 32
4 4 25 100
4 4 26 107
4 4 27 40
4 4 28 81
4 4 29 71
4 4 30 92
4 4 31 22
4 4 32 69
4 4 33 13
4 4 34 30
4 4 35 4
4 4 36 21
4 4 37 38
4 4 38 105
4 4 39 29
4 4 40 119
4 4 41 56
4 4 42 51
4 5 0 79
4 5 1 110
4 5 2 24
4 5 3 65
4 5 4 62
4 5 5 55
4 5 6 57
4 5 7 33
4 5 8 49
4 5 9 81
4 5 10 61
4 5 11 94
4 5 12 13
4 5 13 7
4 5 14 115
4 5 15 122
4 5 16 86
4 5 17 93
4 5 18 37
4 5 19 107
4 5 20 72
4 5 21 68
4 5 22 52
4 5 23 40
4 5 24 99
4 5 25 106
4 5 26 38
4 5 27 120
4 5 28 48
4 5 29 91
4 5 30 0
4 5 31 105
4 5 32 19
4 5 33 11
4 5 34 126
4 5 35 2
4 5 36 5
4 5 37 104
4 5 38 16
4 5 39 118
4 5 40 125
4 5 41 89
4 5 42 28
4 6 0 109
4 6 1 27
4 6 2 123
4 6 3 87
4 6 4 70
4 6 5 101
4 6 6 9
4 6 7 53
4 6 8 84
4 6 9 48
4 6 10 71
4 6 11 33
4 6 12 1
4 6 13 114
4 6 14 121
4 6 15 52
4 6 16 65
4 6 17 29
4 6 18 106
4 6 19 75
4 6 20 120
4 6 21 83
4 6 22 19
4 6 23 98
4 6 24 56
4 6 25 39
4 6 26 58
4 6 27 61
4 6 28 90
4 6 29 34
4 6 30 104
4 6 31 18
4 6 32 22
4 6 33 125
4 6 34 10
4 6 35 0
4 6 36 103
4 6 37 6
4 6 38 57
4 6 39 43
4 6 40 78
4 6 41 28
4 6 42 79
4 7 0 2
4 7 1 122
4 7 2 86
4 7 3 93
4 7 4 54
4 7 5 34
4 7 6 46
4 7 7 68
4 7 8 57
4 7 9 92
4 7 10 31
4 7 11 26
4 7 12 113
4 7 13 83
4 7 14 33
4 7 15 77
4 7 16 17
4 7 17 63
4 7 18 112
4 7 19 67
4 7 20 49
4 7 21 32
4 7 22 97
4 7 23 51
4 7 24 42
4 7 25 72
4 7 26 125
4 7 27 75
4 7 28 38
4 7 29 103
4 7 30 16
4 7 31 24
4 7 32 124
4 7 33 25
4 7 34 6
4 7 35 102
4 7 36 28
4 7 37 116
4 7 38 123
4 7 39 87
4 7 40 23
4 7 41 101
4 7 42 108
4 8 0 121
4 8 1 84
4 8 2 57
4 8 3 43
4 8 4 9
4 8 5 51
4 8 6 120
4 8 7 44
4 8 8 91
4 8 9 34
4 8 10 7
4 8 11 64
4 8 12 119
4 8 13 126
4 8 14 70
4 8 15 31
4 8 16 62
4 8 17 77
4 8 18 80
4 8 19 125
4 8 20 14
4 8 21 56
4 8 22 65
4 8 23 21
4 8 24 117
4 8 25 78
4 8 26 88
4 8 27 32
4 8 28 102
4 8 29 40
4 8 30 19
4 8 31 123
4 8 32 41
4 8 33 16
4 8 34 63
4 8 35 39
4 8 36 115
4 8 37 122
4 8 38 86
4 8 39 8
4 8 40 71
4 8 41 69
4 8 42 11
4 9 0 38
4 9 1 66
4 9 2 60
4 9 3 39
4 9 4 112
4 9 5 68
4 9 6 76
4 9 7 90
4 9 8 1
4 9 9 32
4 9 10 111
4 9 11 118
4 9 12 65
4 9 13 89
4 9 14 23
4 9 15 50
4 9 16 69
4 9 17 117
4 9 18 75
4 9 19 36
4 9 20 95
4 9 21 59
4 9 22 6
4 9 23 78
4 9 24 123
4 9 25 49
4 9 26 22
4 9 27 52
4 9 28 11
4 9 29 7
4 9 30 122
4 9 31 10
4 9 32 40
4 9 33 100
4 9 34 15
4 9 35 114
4 9 36 121
4 9 37 57
4 9 38 12
4 9 39 83
4 9 40 67
4 9 41 24
4 9 42 82
4 10 0 43
4 10 1 60
4 10 2 42
4 10 3 66
4 10 4 73
4 10 5 125
4 10 6 52
4 10 7 17
4 10 8 0
4 10 9 110
4 10 10 45
4 10 11 124
4 10 12 50
4 10 13 37
4 10 14 46
4 10 15 53
4 10 16 59
4 10 17 123
4 10 18 21
4 10 19 94
4 10 20 101
4 10 21 29
4 10 22 61
4 10 23 122
4 10 24 72
4 10 25 28
4 10 26 100
4 10 27 1
4 10 28 15
4 10 29 121
4 10 30 5
4 10 31 3
4 10 32 99
4 10 33 8
4 10 34 113
4 10 35 47
4 10 36 19
4 10 37 9
4 10 38 48
4 10 39 105
4 10 40 30
4 10 41 119
4 10 42 126
4 11 0 96
4 11 1 31
4 11 2 44
4 11 3 117
4 11 4 51
4 11 5 88
4 11 6 29
4 11 7 1
4 11 8 109
4 11 9 116
4 11 10 55
4 11 11 87
4 11 12 34
4 11 13 101
4 11 14 54
4 11 15 61
4 11 16 122
4 11 17 35
4 11 18 60
4 11 19 45
4 11 20 8
4 11 21 46
4 11 22 121
4 11 23 67
4 11 24 24
4 11 25 99
4 11 26 27
4 11 27 25
4 11 28 120
4 11 29 2
4 11 30 33
4 11 31 98
4 11 32 0
4 11 33 76
4 11 34 119
4 11 35 126
4 11 36 7
4 11 37 64
4 11 38 104
4 11 39 36
4 11 40 118
4 11 41 79
4 11 42 89
4 12 0 12
4 12 1 62
4 12 2 48
4 12 3 123
4 12 4 47
4 12 5 24
4 12 6 18
4 12 7 108
4 12 8 115
4 12 9 67
4 12 10 86
4 12 11 38
4 12 12 53
4 12 13 107
4 12 14 79
4 12 15 121
4 12 16 14
4 12 17 92
4 12 18 65
4 12 19 17
4 12 20 58
4 12 21 69
4 12 22 78
4 12 23 33
4 12 24 98
4 12 25 34
4 12 26 21
4 12 27 119
4 12 28 10
4 12 29 35
4 12 30 97
4 12 31 28
4 12 32 111
4 12 33 118
4 12 34 76
4 12 35 31
4 12 36 96
4 12 37 103
4 12 38 15
4 12 39 73
4 12 40 124
4 12 41 44
4 12 42 57
4 13 0 70
4 13 1 52
4 13 2 122
4 13 3 48
4 13 4 29
4 13 5 9
4 13 6 65
4 13 7 114
4 13 8 83
4 13 9 78
4 13 10 30
4 13 11 67
4 13 12 106
4 13 13 82
4 13 14 66
4 13 15 26
4 13 16 91
4 13 17 55
4 13 18 7
4 13 19 112
4 13 20 119
4 13 21 84
4 13 22 8
4 13 23 97
4 13 24 14
4 13 25 5
4 13 26 118
4 13 27 42
4 13 28 3
4 13 29 81
4 13 30 18
4 13 31 110
4 13 32 79
4 13 33 124
4 13 34 39
4 13 35 50
4 13 36 102
4 13 37 31
4 13 38 116
4 13 39 77
4 13 40 87
4 13 41 64
4 13 42 37
4 14 0 59
4 14 1 121
4 14 2 53
4 14 3 25
4 14 4 1
4 14 5 60
4 14 6 113
4 14 7 120
4 14 8 29
4 14 9 8
4 14 10 51
4 14 11 58
4 14 12 112
4 14 13 119
4 14 14 31
4 14 15 90
4 14 16 48
4 14 17 40
4 14 18 55
4 14 19 118
4 14 20 125
4 14 21 18
4 14 22 81
4 14 23 10
4 14 24 41
4 14 25 117
4 14 26 17
4 14 27 16
4 14 28 95
4 14 29 33
4 14 30 109
4 14 31 116
4 14 32 65
4 14 33 26
4 14 34 77
4 14 35 74
4 14 36 42
4 14 37 115
4 14 38 62
4 14 39 86
4 14 40 93
4 14 41 20
4 14 42 107
4 15 0 60
4 15 1 44
4 15 2 40
4 15 3 15
4 15 4 105
4 15 5 74
4 15 6 71
4 15 7 126
4 15 8 37
4 15 9 85
4 15 10 66
4 15 11 73
4 15 12 118
4 15 13 38
4 15 14 51
4 15 15 96
4 15 16 9
4 15 17 46
4 15 18 57
4 15 19 62
4 15 20 23
4 15 21 95
4 15 22 34
4 15 23 3
4 15 24 116
4 15 25 7
4 15 26 10
4 15 27 94
4 15 28 22
4 15 29 108
4 15 30 115
4 15 31 83
4 15 32 13
4 15 33 93
4 15 34 100
4 15 35 25
4 15 36 114
4 15 37 53
4 15 38 67
4 15 39 48
4 15 40 17
4 15 41 106
4 15 42 76
4 16 0 74
4 16 1 38
4 16 2 13
4 16 3 104
4 16 4 111
4 16 5 57
4 16 6 58
4 16 7 11
4 16 8 96
4 16 9 55
4 16 10 73
4 16 11 44
4 16 12 37
4 16 13 88
4 16 14 65
4 16 15 9
4 16 16 71
4 16 17 116
4 16 18 123
4 16 19 41
4 16 20 94
4 16 21 26
4 16 22 30
4 16 23 115
4 16 24 39
4 16 25 6
4 16 26 75
4 16 27 2
4 16 28 47
4 16 29 114
4 16 30 70
4 16 31 12
4 16 32 82
4 16 33 99
4 16 34 27
4 16 35 113
4 16 36 120
4 16 37 34
4 16 38 83
4 16 39 14
4 16 40 52
4 16 41 112
4 16 42 119
4 17 0 28
4 17 1 36
4 17 2 103
4 17 3 110
4 17 4 117
4 17 5 124
4 17 6 16
4 17 7 82
4 17 8 75
4 17 9 73
4 17 10 116
4 17 11 15
4 17 12 54
4 17 13 85
4 17 14 0
4 17 15 56
4 17 16 115
4 17 17 122
4 17 18 32
4 17 19 57
4 17 20 37
4 17 21 5
4 17 22 114
4 17 23 29
4 17 24 2
4 17 25 92
4 17 26 23
4 17 27 43
4 17 28 113
4 17 29 120
4 17 30 31
4 17 31 53
4 17 32 98
4 17 33 35
4 17 34 47
4 17 35 45
4 17 36 126
4 17 37 59
4 17 38 21
4 17 39 71
4 17 40 49
4 17 41 118
4 17 42 125
4 18 0 25
4 18 1 102
4 18 2 109
4 18 3 78
4 18 4 81
4 18 5 12
4 18 6 77
4 18 7 101
4 18 8 63
4 18 9 115
4 18 10 15
4 18 11 55
4 18 12 93
4 18 13 1
4 18 14 107
4 18 15 114
4 18 16 121
4 18 17 7
4 18 18 92
4 18 19 3
4 18 20 11
4 18 21 113
4 18 22 41
4 18 23 0
4 18 24 91
4 18 25 19
4 18 26 105
4 18 27 70
4 18 28 43
4 18 29 39
4 18 30 85
4 18 31 97
4 18 32 21
4 18 33 111
4 18 34 66
4 18 35 72
4 18 36 89
4 18 37 10
4 18 38 51
4 18 39 57
4 18 40 47
4 18 41 76
4 18 42 23
4 19 0 73
4 19 1 108
4 19 2 43
4 19 3 68
4 19 4 20
4 19 5 93
4 19 6 45
4 19 7 107
4 19 8 114
4 19 9 31
4 19 10 44
4 19 11 84
4 19 12 17
4 19 13 106
4 19 14 113
4 19 15 55
4 19 16 12
4 19 17 91
4 19 18 16
4 19 19 5
4 19 20 112
4 19 21 9
4 19 22 33
4 19 23 90
4 19 24 6
4 19 25 104
4 19 26 111
4 19 27 63
4 19 28 41
4 19 29 89
4 19 30 62
4 19 31 35
4 19 32 110
4 19 33 117
4 19 34 124
4 19 35 61
4 19 36 10
4 19 37 75
4 19 38 81
4 19 39 116
4 19 40 123
4 19 41 13
4 19 42 25
4 20 0 53
4 20 1 63
4 20 2 81
4 20 3 30
4 20 4 74
4 20 5 44
4 20 6 106
4 20 7 113
4 20 8 20
4 20 9 47
4 20 10 68
4 20 11 19
4 20 12 70
4 20 13 77
4 20 14 119
4 20 15 21
4 20 16 90
4 20 17 38
4 20 18 1
4 20 19 111
4 20 20 32
4 20 21 16
4 20 22 79
4 20 23 23
4 20 24 103
4 20 25 110
4 20 26 117
4 20 27 9
4 20 28 80
4 20 29 95
4 20 30 29
4 20 31 109
4 20 32 61
4 20 33 85
4 20 34 87
4 20 35 15
4 20 36 101
4 20 37 54
4 20 38 115
4 20 39 122
4 20 40 24
4 20 41 26
4 20 42 100
4 21 0 83
4 21 1 120
4 21 2 36
4 21 3 84
4 21 4 69
4 21 5 67
4 21 6 48
4 21 7 23
4 21 8 66
4 21 9 77
4 21 10 9
4 21 11 49
4 21 12 111
4 21 13 118
4 21 14 8
4 21 15 47
4 21 16 40
4 21 17 26
4 21 18 110
4 21 19 42
4 21 20 2
4 21 21 88
4 21 22 24
4 21 23 102
4 21 24 109
4 21 25 44
4 21 26 34
4 21 27 87
4 21 28 94
4 21 29 13
4 21 30 108
4 21 31 59
4 21 32 62
4 21 33 86
4 21 34 12
4 21 35 68
4 21 36 107
4 21 37 114
4 21 38 121
4 21 39 28
4 21 40 25
4 21 41 99
4 21 42 56
4 22 0 81
4 22 1 10
4 22 2 52
4 22 3 61
4 22 4 57
4 22 5 111
4 22 6 27
4 22 7 125
4 22 8 89
4 22 9 12
4 22 10 85
4 22 11 110
4 22 12 79
4 22 13 24
4 22 14 88
4 22 15 6
4 22 16 11
4 22 17 109
4 22 18 14
4 22 19 37
4 22 20 53
4 22 21 2
4 22 22 64
4 22 23 108
4 22 24 75
4 22 25 32
4 22 26 86
4 22 27 60
4 22 28 13
4 22 29 70
4 22 30 45
4 22 31 49
4 22 32 50
4 22 33 31
4 22 34 78
4 22 35 106
4 22 36 113
4 22 37 82
4 22 38 5
4 22 39 15
4 22 40 98
4 22 41 105
4 22 42 112
4 23 0 31
4 23 1 89
4 23 2 96
4 23 3 81
4 23 4 110
4 23 5 33
4 23 6 78
4 23 7 50
4 23 8 8
4 23 9 57
4 23 10 109
4 23 11 116
4 23 12 0
4 23 13 49
4 23 14 20
4 23 15 29
4 23 16 108
4 23 17 22
4 23 18 38
4 23 19 83
4 23 20 3
4 23 21 100
4 23 22 72
4 23 23 76
4 23 24 16
4 23 25 66
4 23 26 92
4 23 27 27
4 23 28 68
4 23 29 44
4 23 30 120
4 23 31 30
4 23 32 37
4 23 33 74
4 23 34 53
4 23 35 85
4 23 36 119
4 23 37 1
4 23 38 24
4 23 39 97
4 23 40 104
4 23 41 63
4 23 42 64
4 24 0 68
4 24 1 54
4 24 2 82
4 24 3 109
4 24 4 36
4 24 5 123
4 24 6 87
4 24 7 32
4 24 8 101
4 24 9 108
4 24 10 115
4 24 11 16
4 24 12 64
4 24 13 35
4 24 14 3
4 24 15 107
4 24 16 41
4 24 17 30
4 24 18 78
4 24 19 28
4 24 20 99
4 24 21 65
4 24 22 66
4 24 23 19
4 24 24 11
4 24 25 91
4 24 26 12
4 24 27 105
4 24 28 112
4 24 29 74
4 24 30 126
4 24 31 5
4 24 32 60
4 24 33 45
4 24 34 111
4 24 35 118
4 24 36 15
4 24 37 37
4 24 38 79
4 24 39 103
4 24 40 73
4 24 41 117
4 24 42 33
4 25 0 63
4 25 1 101
4 25 2 108
4 25 3 24
4 25 4 122
4 25 5 86
4 25 6 11
4 25 7 71
4 25 8 72
4 25 9 114
4 25 10 35
4 25 11 59
4 25 12 41
4 25 13 25
4 25 14 106
4 25 15 18
4 25 16 6
4 25 17 73
4 25 18 30
4 25 19 98
4 25 20 105
4 25 21 112
4 25 22 9
4 25 23 126
4 25 24 90
4 25 25 21
4 25 26 104
4 25 27 55
4 25 28 83
4 25 29 69
4 25 30 37
4 25 31 96
4 25 32 64
4 25 33 110
4 25 34 58
4 25 35 5
4 25 36 22
4 25 37 95
4 25 38 102
4 25 39 49
4 25 40 77
4 25 41 29
4 25 42 87
4 26 0 50
4 26 1 69
4 26 2 30
4 26 3 121
4 26 4 71
4 26 5 42
4 26 6 61
4 26 7 65
4 26 8 113
4 26 9 21
4 26 10 54
4 26 11 2
4 26 12 33
4 26 13 105
4 26 14 26
4 26 15 10
4 26 16 45
4 26 17 16
4 26 18 97
4 26 19 104
4 26 20 80
4 26 21 40
4 26 22 44
4 26 23 59
4 26 24 27
4 26 25 103
4 26 26 56
4 26 27 117
4 26 28 124
4 26 29 22
4 26 30 73
4 26 31 74
4 26 32 109
4 26 33 116
4 26 34 29
4 26 35 3
4 26 36 94
4 26 37 52
4 26 38 84
4 26 39 63
4 26 40 14
4 26 41 86
4 26 42 93
4 27 0 67
4 27 1 39
4 27 2 77
4 27 3 40
4 27 4 32
4 27 5 62
4 27 6 105
4 27 7 73
4 27 8 23
4 27 9 84
4 27 10 21
4 27 11 10
4 27 12 104
4 27 13 5
4 27 14 16
4 27 15 125
4 27 16 35
4 27 17 58
4 27 18 103
4 27 19 52
4 27 20 19
4 27 21 124
4 27 22 88
4 27 23 15
4 27 24 102
4 27 25 80
4 27 26 76
4 27 27 85
4 27 28 18
4 27 29 56
4 27 30 101
4 27 31 108
4 27 32 115
4 27 33 14
4 27 34 36
4 27 35 55
4 27 36 100
4 27 37 107
4 27 38 59
4 27 39 3
4 27 40 44
4 27 41 45
4 27 42 49
4 28 0 24
4 28 1 119
4 28 2 126
4 28 3 35
4 28 4 50
4 28 5 104
4 28 6 111
4 28 7 5
4 28 8 125
4 28 9 13
4 28 10 29
4 28 11 103
4 28 12 22
4 28 13 31
4 28 14 47
4 28 15 8
4 28 16 95
4 28 17 102
4 28 18 45
4 28 19 0
4 28 20 60
4 28 21 71
4 28 22 18
4 28 23 46
4 28 24 70
4 28 25 68
4 28 26 53
4 28 27 20
4 28 28 93
4 28 29 54
4 28 30 81
4 28 31 114
4 28 32 27
4 28 33 7
4 28 34 92
4 28 35 99
4 28 36 106
4 28 37 69
4 28 38 14
4 28 39 21
4 28 40 75
4 28 41 78
4 28 42 105
4 29 0 118
4 29 1 57
4 29 2 19
4 29 3 96
4 29 4 103
4 29 5 110
4 29 6 6
4 29 7 58
4 29 8 14
4 29 9 37
4 29 10 102
4 29 11 40
4 29 12 2
4 29 13 123
4 29 14 27
4 29 15 94
4 29 16 60
4 29 17 67
4 29 18 39
4 29 19 69
4 29 20 47
4 29 21 24
4 29 22 100
4 29 23 107
4 29 24 50
4 29 25 63
4 29 26 41
4 29 27 56
4 29 28 74
4 29 29 84
4 29 30 113
4 29 31 36
4 29 32 3
4 29 33 91
4 29 34 98
4 29 35 83
4 29 36 112
4 29 37 20
4 29 38 126
4 29 39 52
4 29 40 76
4 29 41 104
4 29 42 38
4 30 0 124
4 30 1 17
4 30 2 74
4 30 3 102
4 30 4 109
4 30 5 27
4 30 6 123
4 30 7 6
4 30 8 9
4 30 9 101
4 30 10 25
4 30 11 11
4 30 12 122
4 30 13 0
4 30 14 82
4 30 15 100
4 30 16 107
4 30 17 42
4 30 18 53
4 30 19 50
4 30 20 28
4 30 21 99
4 30 22 106
4 30 23 49
4 30 24 120
4 30 25 15
4 30 26 69
4 30 27 51
4 30 28 105
4 30 29 64
4 30 30 26
4 30 31 23
4 30 32 90
4 30 33 97
4 30 34 56
4 30 35 62
4 30 36 39
4 30 37 76
4 30 38 89
4 30 39 96
4 30 40 103
4 30 41 38
4 30 42 75
4 31 0 42
4 31 1 51
4 31 2 67
4 31 3 108
4 31 4 28
4 31 5 122
4 31 6 35
4 31 7 19
4 31 8 100
4 31 9 7
4 31 10 13
4 31 11 121
4 31 12 30
4 31 13 92
4 31 14 99
4 31 15 106
4 31 16 32
4 31 17 120
4 31 18 82
4 31 19 31
4 31 20 98
4 31 21 74
4 31 22 112
4 31 23 60
4 31 24 21
4 31 25 56
4 31 26 59
4 31 27 104
4 31 28 111
4 31 29 25
4 31 30 27
4 31 31 61
4 31 32 47
4 31 33 80
4 31 34 43
4 31 35 36
4 31 36 124
4 31 37 65
4 31 38 71
4 31 39 102
4 31 40 22
4 31 41 116
4 31 42 52
4 32 0 93
4 32 1 100
4 32 2 51
4 32 3 2
4 32 4 121
4 32 5 18
4 32 6 42
4 32 7 99
4 32 8 3
4 32 9 35
4 32 10 80
4 32 11 39
4 32 12 91
4 32 13 98
4 32 14 81
4 32 15 34
4 32 16 52
4 32 17 83
4 32 18 20
4 32 19 97
4 32 20 64
4 32 21 62
4 32 22 55
4 32 23 31
4 32 24 89
4 32 25 96
4 32 26 103
4 32 27 110
4 32 28 26
4 32 29 38
4 32 30 88
4 32 31 95
4 32 32 45
4 32 33 66
4 32 34 41
4 32 35 78
4 32 36 87
4 32 37 49
4 32 38 47
4 32 39 16
4 32 40 115
4 32 41 84
4 32 42 10
4 33 0 99
4 33 1 47
4 33 2 32
4 33 3 62
4 33 4 8
4 33 5 10
4 33 6 98
4 33 7 40
4 33 8 5
4 33 9 119
4 33 10 1
4 33 11 90
4 33 12 97
4 33 13 66
4 33 14 7
4 33 15 72
4 33 16 125
4 33 17 36
4 33 18 50
4 33 19 64
4 33 20 82
4 33 21 117
4 33 22 39
4 33 23 79
4 33 24 80
4 33 25 102
4 33 26 109
4 33 27 26
4 33 28 28
4 33 29 63
4 33 30 94
4 33 31 101
4 33 32 85
4 33 33 41
4 33 34 54
4 33 35 86
4 33 36 93
4 33 37 100
4 33 38 30
4 33 39 114
4 33 40 55
4 33 41 12
4 33 42 67
4 34 0 105
4 34 1 28
4 34 2 119
4 34 3 6
4 34 4 22
4 34 5 97
4 34 6 3
4 34 7 14
4 34 8 118
4 34 9 19
4 34 10 75
4 34 11 80
4 34 12 48
4 34 13 8
4 34 14 117
4 34 15 43
4 34 16 36
4 34 17 95
4 34 18 64
4 34 19 71
4 34 20 52
4 34 21 35
4 34 22 87
4 34 23 66
4 34 24 63
4 34 25 108
4 34 26 15
4 34 27 23
4 34 28 50
4 34 29 77
4 34 30 61
4 34 31 107
4 34 32 30
4 34 33 46
4 34 34 70
4 34 35 84
4 34 36 99
4 34 37 16
4 34 38 113
4 34 39 120
4 34 40 20
4 34 41 54
4 34 42 98
4 35 0 6
4 35 1 118
4 35 2 2
4 35 3 12
4 35 4 96
4 35 5 21
4 35 6 25
4 35 7 56
4 35 8 10
4 35 9 88
4 35 10 95
4 35 11 82
4 35 12 42
4 35 13 46
4 35 14 123
4 35 15 14
4 35 16 94
4 35 17 101
4 35 18 79
4 35 19 43
4 35 20 40
4 35 21 86
4 35 22 93
4 35 23 100
4 35 24 77
4 35 25 38
4 35 26 13
4 35 27 84
4 35 28 92
4 35 29 78
4 35 30 106
4 35 31 37
4 35 32 120
4 35 33 17
4 35 34 75
4 35 35 98
4 35 36 24
4 35 37 63
4 35 38 60
4 35 39 39
4 35 40 72
4 35 41 97
4 35 42 104
4 36 0 56
4 36 1 41
4 36 2 1
4 36 3 95
4 36 4 5
4 36 5 17
4 36 6 116
4 36 7 28
4 36 8 53
4 36 9 94
4 36 10 101
4 36 11 42
4 36 12 82
4 36 13 122
4 36 14 13
4 36 15 71
4 36 16 55
4 36 17 107
4 36 18 70
4 36 19 14
4 36 20 59
4 36 21 54
4 36 22 99
4 36 23 72
4 36 24 36
4 36 25 11
4 36 26 46
4 36 27 91
4 36 28 85
4 36 29 67
4 36 30 34
4 36 31 73
4 36 32 126
4 36 33 60
4 36 34 97
4 36 35 26
4 36 36 111
4 36 37 44
4 36 38 38
4 36 39 89
4 36 40 58
4 36 41 103
4 36 42 29
4 37 0 35
4 37 1 34
4 37 2 94
4 37 3 10
4 37 4 41
4 37 5 115
4 37 6 33
4 37 7 59
4 37 8 68
4 37 9 79
4 37 10 11
4 37 11 72
4 37 12 121
4 37 13 20
4 37 14 92
4 37 15 58
4 37 16 106
4 37 17 84
4 37 18 0
4 37 19 22
4 37 20 70
4 37 21 98
4 37 22 105
4 37 23 7
4 37 24 26
4 37 25 47
4 37 26 90
4 37 27 46
4 37 28 75
4 37 29 31
4 37 30 80
4 37 31 50
4 37 32 89
4 37 33 64
4 37 34 9
4 37 35 110
4 37 36 117
4 37 37 25
4 37 38 61
4 37 39 95
4 37 40 102
4 37 41 18
4 37 42 116
4 38 0 9
4 38 1 93
4 38 2 3
4 38 3 37
4 38 4 114
4 38 5 0
4 38 6 70
4 38 7 92
4 38 8 48
4 38 9 1
4 38 10 49
4 38 11 77
4 38 12 25
4 38 13 91
4 38 14 76
4 38 15 83
4 38 16 112
4 38 17 21
4 38 18 126
4 38 19 82
4 38 20 97
4 38 21 104
4 38 22 42
4 38 23 22
4 38 24 125
4 38 25 43
4 38 26 96
4 38 27 50
4 38 28 14
4 38 29 117
4 38 30 124
4 38 31 58
4 38 32 95
4 38 33 20
4 38 34 109
4 38 35 73
4 38 36 12
4 38 37 87
4 38 38 94
4 38 39 61
4 38 40 33
4 38 41 115
4 38 42 5
4 39 0 92
4 39 1 30
4 39 2 17
4 39 3 113
4 39 4 18
4 39 5 65
4 39 6 91
4 39 7 76
4 39 8 34
4 39 9 112
4 39 10 119
4 39 11 37
4 39 12 90
4 39 13 78
4 39 14 84
4 39 15 48
4 39 16 13
4 39 17 44
4 39 18 89
4 39 19 49
4 39 20 103
4 39 21 33
4 39 22 27
4 39 23 85
4 39 24 88
4 39 25 64
4 39 26 71
4 39 27 39
4 39 28 77
4 39 29 51
4 39 30 87
4 39 31 94
4 39 32 36
4 39 33 108
4 39 34 46
4 39 35 20
4 39 36 86
4 39 37 47
4 39 38 100
4 39 39 23
4 39 40 114
4 39 41 16
4 39 42 41
4 40 0 26
4 40 1 24
4 40 2 85
4 40 3 27
4 40 4 45
4 40 5 90
4 40 6 59
4 40 7 0
4 40 8 78
4 40 9 118
4 40 10 16
4 40 11 62
4 40 12 96
4 40 13 68
4 40 14 44
4 40 15 17
4 40 16 124
4 40 17 72
4 40 18 95
4 40 19 102
4 40 20 7
4 40 21 22
4 40 22 123
4 40 23 61
4 40 24 69
4 40 25 101
4 40 26 20
4 40 27 77
4 40 28 71
4 40 29 86
4 40 30 55
4 40 31 15
4 40 32 70
4 40 33 54
4 40 34 1
4 40 35 80
4 40 36 92
4 40 37 99
4 40 38 8
4 40 39 113
4 40 40 18
4 40 41 6
4 40 42 91
4 41 0 7
4 41 1 111
4 41 2 23
4 41 3 125
4 41 4 59
4 41 5 96
4 41 6 22
4 41 7 72
4 41 8 81
4 41 9 30
4 41 10 88
4 41 11 57
4 41 12 60
4 41 13 75
4 41 14 14
4 41 15 67
4 41 16 87
4 41 17 94
4 41 18 73
4 41 19 8
4 41 20 34
4 41 21 122
4 41 22 50
4 41 23 93
4 41 24 43
4 41 25 9
4 41 26 51
4 41 27 80
4 41 28 53
4 41 29 92
4 41 30 21
4 41 31 68
4 41 32 66
4 41 33 42
4 41 34 32
4 41 35 91
4 41 36 98
4 41 37 0
4 41 38 74
4 41 39 5
4 41 40 3
4 41 41 90
4 41 42 36
4 42 0 110
4 42 1 29
4 42 2 62
4 42 3 88
4 42 4 65
4 42 5 2
4 42 6 43
4 42 7 116
4 42 8 15
4 42 9 45
4 42 10 70
4 42 11 101
4 42 12 74
4 42 13 28
4 42 14 60
4 42 15 86
4 42 16 54
4 42 17 100
4 42 18 19
4 42 19 7
4 42 20 121
4 42 21 80
4 42 22 69
4 42 23 48
4 42 24 12
4 42 25 83
4 42 26 120
4 42 27 13
4 42 28 91
4 42 29 27
4 42 30 105
4 42 31 112
4 42 32 39
4 42 33 126
4 42 34 90
4 42 35 97
4 42 36 36
4 42 37 111
4 42 38 11
4 42 39 41
4 42 40 89
4 42 41 1
4 42 42 40
5 0 0 63
5 0 1 88
5 0 2 66
5 0 3 3
5 0 4 44
5 0 5 116
5 0 6 16
5 0 7 46
5 0 8 71
5 0 9 101
5 0 10 75
5 0 11 29
5 0 12 61
5 0 13 86
5 0 14 55
5 0 15 100
5 0 16 20
5 0 17 8
5 0 18 121
5 0 19 81
5 0 20 70
5 0 21 49
5 0 22 13
5 0 23 84
5 0 24 120
5 0 25 14
5 0 26 91
5 0 27 28
5 0 28 105
5 0 29 112
5 0 30 40
5 0 31 126
5 0 32 90
5 0 33 97
5 0 34 37
5 0 35 111
5 0 36 12
5 0 37 42
5 0 38 89
5 0 39 2
5 0 40 41
5 0 41 110
5 0 42 30
5 1 0 77
5 1 1 80
5 1 2 31
5 1 3 82
5 1 4 115
5 1 5 38
5 1 6 55
5 1 7 93
5 1 8 63
5 1 9 107
5 1 10 21
5 1 11 73
5 1 12 43
5 1 13 92
5 1 14 99
5 1 15 2
5 1 16 18
5 1 17 67
5 1 18 47
5 1 19 54
5 1 20 85
5 1 21 0
5 1 22 112
5 1 23 68
5 1 24 126
5 1 25 90
5 1 26 41
5 1 27 104
5 1 28 59
5 1 29 1
5 1 30 60
5 1 31 52
5 1 32 81
5 1 33 13
5 1 34 110
5 1 35 36
5 1 36 11
5 1 37 88
5 1 38 33
5 1 39 12
5 1 40 109
5 1 41 20
5 1 42 123
5 2 0 93
5 2 1 10
5 2 2 107
5 2 3 114
5 2 4 20
5 2 5 43
5 2 6 70
5 2 7 66
5 2 8 106
5 2 9 35
5 2 10 120
5 2 11 19
5 2 12 91
5 2 13 98
5 2 14 26
5 2 15 21
5 2 16 119
5 2 17 77
5 2 18 57
5 2 19 46
5 2 20 18
5 2 21 81
5 2 22 83
5 2 23 76
5 2 24 73
5 2 25 7
5 2 26 103
5 2 27 59
5 2 28 29
5 2 29 124
5 2 30 88
5 2 31 95
5 2 32 24
5 2 33 109
5 2 34 3
5 2 35 27
5 2 36 87
5 2 37 28
5 2 38 36
5 2 39 108
5 2 40 14
5 2 41 122
5 2 42 47
5 3 0 13
5 3 1 106
5 3 2 113
5 3 3 33
5 3 4 84
5 3 5 47
5 3 6 43
5 3 7 62
5 3 8 23
5 3 9 75
5 3 10 126
5 3 11 90
5 3 12 97
5 3 13 8
5 3 14 19
5 3 15 118
5 3 16 125
5 3 17 89
5 3 18 96
5 3 19 0
5 3 20 59
5 3 21 117
5 3 22 124
5 3 23 88
5 3 24 25
5 3 25 102
5 3 26 74
5 3 27 24
5 3 28 44
5 3 29 82
5 3 30 94
5 3 31 3
5 3 32 108
5 3 33 9
5 3 34 42
5 3 35 86
5 3 36 30
5 3 37 34
5 3 38 69
5 3 39 18
5 3 40 121
5 3 41 67
5 3 42 57
5 4 0 56
5 4 1 51
5 4 2 12
5 4 3 43
5 4 4 50
5 4 5 70
5 4 6 47
5 4 7 15
5 4 8 44
5 4 9 64
5 4 10 58
5 4 11 54
5 4 12 2
5 4 13 39
5 4 14 85
5 4 15 81
5 4 16 75
5 4 17 52
5 4 18 19
5 4 19 49
5 4 20 69
5 4 21 46
5 4 22 53
5 4 23 28
5 4 24 45
5 4 25 83
5 4 26 24
5 4 27 80
5 4 28 72
5 4 29 68
5 4 30 36
5 4 31 60
5 4 32 4
5 4 33 7
5 4 34 48
5 4 35 41
5 4 36 33
5 4 37 79
5 4 38 9
5 4 39 71
5 4 40 67
5 4 41 59
5 4 42 14
5 5 0 111
5 5 1 20
5 5 2 125
5 5 3 89
5 5 4 96
5 5 5 80
5 5 6 19
5 5 7 117
5 5 8 124
5 5 9 88
5 5 10 95
5 5 11 18
5 5 12 35
5 5 13 116
5 5 14 123
5 5 15 87
5 5 16 64
5 5 17 34
5 5 18 77
5 5 19 53
5 5 20 49
5 5 21 55
5 5 22 33
5 5 23 100
5 5 24 107
5 5 25 41
5 5 26 82
5 5 27 72
5 5 28 92
5 5 29 23
5 5 30 70
5 5 31 14
5 5 32 31
5 5 33 5
5 5 34 22
5 5 35 39
5 5 36 105
5 5 37 30
5 5 38 119
5 5 39 57
5 5 40 52
5 5 41 12
5 5 42 65
5 6 0 25
5 6 1 66
5 6 2 63
5 6 3 56
5 6 4 58
5 6 5 34
5 6 6 50
5 6 7 82
5 6 8 62
5 6 9 94
5 6 10 14
5 6 11 8
5 6 12 115
5 6 13 122
5 6 14 86
5 6 15 93
5 6 16 38
5 6 17 107
5 6 18 73
5 6 19 69
5 6 20 53
5 6 21 41
5 6 22 99
5 6 23 106
5 6 24 39
5 6 25 120
5 6 26 49
5 6 27 91
5 6 28 1
5 6 29 105
5 6 30 20
5 6 31 12
5 6 32 126
5 6 33 3
5 6 34 6
5 6 35 104
5 6 36 17
5 6 37 118
5 6 38 125
5 6 39 89
5 6 40 29
5 6 41 80
5 6 42 110
5 7 0 123
5 7 1 87
5 7 2 71
5 7 3 101
5 7 4 10
5 7 5 54
5 7 6 85
5 7 7 49
5 7 8 72
5 7 9 34
5 7 10 2
5 7 11 114
5 7 12 121
5 7 13 53
5 7 14 66
5 7 15 30
5 7 16 106
5 7 17 76
5 7 18 120
5 7 19 84
5 7 20 20
5 7 21 98
5 7 22 57
5 7 23 40
5 7 24 59
5 7 25 62
5 7 26 90
5 7 27 35
5 7 28 104
5 7 29 19
5 7 30 23
5 7 31 125
5 7 32 11
5 7 33 1
5 7 34 103
5 7 35 7
5 7 36 58
5 7 37 44
5 7 38 79
5 7 39 29
5 7 40 80
5 7 41 109
5 7 42 28
5 8 0 86
5 8 1 93
5 8 2 55
5 8 3 35
5 8 4 47
5 8 5 69
5 8 6 58
5 8 7 92
5 8 8 32
5 8 9 27
5 8 10 113
5 8 11 84
5 8 12 34
5 8 13 78
5 8 14 18
5 8 15 64
5 8 16 112
5 8 17 68
5 8 18 50
5 8 19 33
5 8 20 97
5 8 21 52
5 8 22 0
5 8 23 73
5 8 24 125
5 8 25 76
5 8 26 39
5 8 27 103
5 8 28 17
5 8 29 25
5 8 30 124
5 8 31 26
5 8 32 7
5 8 33 102
5 8 34 29
5 8 35 116
5 8 36 123
5 8 37 87
5 8 38 24
5 8 39 101
5 8 40 108
5 8 41 3
5 8 42 122
5 9 0 58
5 9 1 44
5 9 2 10
5 9 3 52
5 9 4 120
5 9 5 45
5 9 6 91
5 9 7 35
5 9 8 8
5 9 9 65
5 9 10 119
5 9 11 126
5 9 12 71
5 9 13 32
5 9 14 63
5 9 15 78
5 9 16 81
5 9 17 125
5 9 18 15
5 9 19 57
5 9 20 66
5 9 21 22
5 9 22 117
5 9 23 79
5 9 24 88
5 9 25 33
5 9 26 102
5 9 27 41
5 9 28 20
5 9 29 123
5 9 30 42
5 9 31 17
5 9 32 64
5 9 33 40
5 9 34 115
5 9 35 122
5 9 36 86
5 9 37 9
5 9 38 72
5 9 39 70
5 9 40 12
5 9 41 121
5 9 42 85
5 10 0 61
5 10 1 40
5 10 2 112
5 10 3 69
5 10 4 77
5 10 5 90
5 10 6 2
5 10 7 33
5 10 8 111
5 10 9 118
5 10 10 66
5 10 11 89
5 10 12 24
5 10 13 51
5 10 14 70
5 10 15 117
5 10 16 76
5 10 17 37
5 10 18 95
5 10 19 60
5 10 20 7
5 10 21 79
5 10 22 123
5 10 23 50
5 10 24 23
5 10 25 53
5 10 26 12
5 10 27 8
5 10 28 122
5 10 29 11
5 10 30 41
5 10 31 100
5 10 32 16
5 10 33 114
5 10 34 121
5 10 35 58
5 10 36 13
5 10 37 84
5 10 38 68
5 10 39 25
5 10 40 83
5 10 41 39
5 10 42 67
5 11 0 0
5 11 1 67
5 11 2 74
5 11 3 125
5 11 4 53
5 11 5 18
5 11 6 1
5 11 7 110
5 11 8 46
5 11 9 124
5 11 10 51
5 11 11 38
5 11 12 47
5 11 13 54
5 11 14 60
5 11 15 123
5 11 16 22
5 11 17 94
5 11 18 101
5 11 19 30
5 11 20 62
5 11 21 122
5 11 22 73
5 11 23 29
5 11 24 100
5 11 25 2
5 11 26 16
5 11 27 121
5 11 28 6
5 11 29 4
5 11 30 99
5 11 31 9
5 11 32 113
5 11 33 48
5 11 34 20
5 11 35 10
5 11 36 49
5 11 37 105
5 11 38 31
5 11 39 119
5 11 40 126
5 11 41 44
5 11 42 61
5 12 0 45
5 12 1 117
5 12 2 52
5 12 3 88
5 12 4 30
5 12 5 2
5 12 6 109
5 12 7 116
5 12 8 56
5 12 9 87
5 12 10 35
5 12 11 101
5 12 12 55
5 12 13 62
5 12 14 122
5 12 15 36
5 12 16 61
5 12 17 46
5 12 18 9
5 12 19 47
5 12 20 121
5 12 21 68
5 12 22 25
5 12 23 99
5 12 24 28
5 12 25 26
5 12 26 120
5 12 27 3
5 12 28 34
5 12 29 98
5 12 30 1
5 12 31 77
5 12 32 119
5 12 33 126
5 12 34 8
5 12 35 65
5 12 36 104
5 12 37 37
5 12 38 118
5 12 39 80
5 12 40 89
5 12 41 96
5 12 42 32
5 13 0 49
5 13 1 123
5 13 2 48
5 13 3 25
5 13 4 19
5 13 5 108
5 13 6 115
5 13 7 68
5 13 8 86
5 13 9 39
5 13 10 54
5 13 11 107
5 13 12 80
5 13 13 121
5 13 14 15
5 13 15 92
5 13 16 66
5 13 17 18
5 13 18 59
5 13 19 70
5 13 20 79
5 13 21 34
5 13 22 98
5 13 23 35
5 13 24 22
5 13 25 119
5 13 26 11
5 13 27 36
5 13 28 97
5 13 29 29
5 13 30 111
5 13 31 118
5 13 32 77
5 13 33 32
5 13 34 96
5 13 35 103
5 13 36 16
5 13 37 74
5 13 38 124
5 13 39 45
5 13 40 58
5 13 41 13
5 13 42 63
5 14 0 122
5 14 1 49
5 14 2 30
5 14 3 10
5 14 4 66
5 14 5 114
5 14 6 84
5 14 7 79
5 14 8 31
5 14 9 68
5 14 10 106
5 14 11 83
5 14 12 67
5 14 13 27
5 14 14 91
5 14 15 56
5 14 16 8
5 14 17 112
5 14 18 119
5 14 19 85
5 14 20 9
5 14 21 97
5 14 22 15
5 14 23 6
5 14 24 118
5 14 25 0
5 14 26 4
5 14 27 82
5 14 28 19
5 14 29 110
5 14 30 80
5 14 31 124
5 14 32 40
5 14 33 51
5 14 34 102
5 14 35 32
5 14 36 116
5 14 37 78
5 14 38 87
5 14 39 65
5 14 40 38
5 14 41 71
5 14 42 53
5 15 0 54
5 15 1 26
5 15 2 2
5 15 3 61
5 15 4 113
5 15 5 120
5 15 6 30
5 15 7 9
5 15 8 52
5 15 9 59
5 15 10 112
5 15 11 119
5 15 12 32
5 15 13 90
5 15 14 49
5 15 15 41
5 15 16 56
5 15 17 118
5 15 18 125
5 15 19 19
5 15 20 82
5 15 21 11
5 15 22 42
5 15 23 117
5 15 24 18
5 15 25 17
5 15 26 95
5 15 27 34
5 15 28 109
5 15 29 116
5 15 30 66
5 15 31 27
5 15 32 78
5 15 33 75
5 15 34 0
5 15 35 115
5 15 36 63
5 15 37 86
5 15 38 93
5 15 39 21
5 15 40 107
5 15 41 60
5 15 42 121
5 16 0 41
5 16 1 16
5 16 2 105
5 16 3 75
5 16 4 72
5 16 5 126
5 16 6 38
5 16 7 43
5 16 8 67
5 16 9 74
5 16 10 118
5 16 11 39
5 16 12 52
5 16 13 96
5 16 14 10
5 16 15 47
5 16 16 58
5 16 17 63
5 16 18 24
5 16 19 95
5 16 20 35
5 16 21 4
5 16 22 116
5 16 23 8
5 16 24 11
5 16 25 94
5 16 26 23
5 16 27 108
5 16 28 115
5 16 29 84
5 16 30 14
5 16 31 93
5 16 32 100
5 16 33 26
5 16 34 114
5 16 35 54
5 16 36 68
5 16 37 49
5 16 38 18
5 16 39 106
5 16 40 77
5 16 41 61
5 16 42 45
5 17 0 14
5 17 1 104
5 17 2 111
5 17 3 58
5 17 4 59
5 17 5 12
5 17 6 96
5 17 7 56
5 17 8 74
5 17 9 45
5 17 10 38
5 17 11 88
5 17 12 66
5 17 13 10
5 17 14 72
5 17 15 116
5 17 16 123
5 17 17 42
5 17 18 94
5 17 19 27
5 17 20 31
5 17 21 115
5 17 22 40
5 17 23 7
5 17 24 76
5 17 25 3
5 17 26 48
5 17 27 114
5 17 28 71
5 17 29 13
5 17 30 83
5 17 31 99
5 17 32 28
5 17 33 113
5 17 34 120
5 17 35 35
5 17 36 84
5 17 37 15
5 17 38 53
5 17 39 112
5 17 40 119
5 17 41 75
5 17 42 39
5 18 0 103
5 18 1 110
5 18 2 117
5 18 3 124
5 18 4 17
5 18 5 83
5 18 6 76
5 18 7 74
5 18 8 116
5 18 9 16
5 18 10 55
5 18 11 43
5 18 12 1
5 18 13 57
5 18 14 115
5 18 15 122
5 18 16 33
5 18 17 58
5 18 18 38
5 18 19 6
5 18 20 114
5 18 21 30
5 18 22 3
5 18 23 92
5 18 24 24
5 18 25 44
5 18 26 113
5 18 27 120
5 18 28 32
5 18 29 54
5 18 30 98
5 18 31 36
5 18 32 48
5 18 33 46
5 18 34 126
5 18 35 60
5 18 36 22
5 18 37 72
5 18 38 50
5 18 39 118
5 18 40 125
5 18 41 29
5 18 42 37
5 19 0 109
5 19 1 79
5 19 2 82
5 19 3 13
5 19 4 78
5 19 5 101
5 19 6 64
5 19 7 115
5 19 8 16
5 19 9 56
5 19 10 93
5 19 11 2
5 19 12 107
5 19 13 114
5 19 14 121
5 19 15 8
5 19 16 92
5 19 17 4
5 19 18 12
5 19 19 113
5 19 20 42
5 19 21 1
5 19 22 91
5 19 23 20
5 19 24 105
5 19 25 71
5 19 26 44
5 19 27 40
5 19 28 43
5 19 29 97
5 19 30 22
5 19 31 111
5 19 32 67
5 19 33 73
5 19 34 89
5 19 35 11
5 19 36 52
5 19 37 58
5 19 38 48
5 19 39 77
5 19 40 24
5 19 41 26
5 19 42 102
5 20 0 44
5 20 1 69
5 20 2 21
5 20 3 93
5 20 4 46
5 20 5 107
5 20 6 114
5 20 7 32
5 20 8 45
5 20 9 85
5 20 10 18
5 20 11 106
5 20 12 113
5 20 13 56
5 20 14 13
5 20 15 91
5 20 16 17
5 20 17 6
5 20 18 112
5 20 19 10
5 20 20 34
5 20 21 90
5 20 22 7
5 20 23 104
5 20 24 111
5 20 25 64
5 20 26 42
5 20 27 89
5 20 28 63
5 20 29 36
5 20 30 110
5 20 31 117
5 20 32 124
5 20 33 62
5 20 34 11
5 20 35 76
5 20 36 82
5 20 37 116
5 20 38 123
5 20 39 14
5 20 40 26
5 20 41 74
5 20 42 108
5 21 0 82
5 21 1 31
5 21 2 75
5 21 3 45
5 21 4 106
5 21 5 113
5 21 6 21
5 21 7 48
5 21 8 69
5 21 9 20
5 21 10 71
5 21 11 78
5 21 12 119
5 21 13 22
5 21 14 90
5 21 15 39
5 21 16 2
5 21 17 111
5 21 18 33
5 21 19 17
5 21 20 80
5 21 21 24
5 21 22 103
5 21 23 110
5 21 24 117
5 21 25 10
5 21 26 81
5 21 27 95
5 21 28 30
5 21 29 109
5 21 30 62
5 21 31 43
5 21 32 87
5 21 33 16
5 21 34 101
5 21 35 55
5 21 36 115
5 21 37 122
5 21 38 25
5 21 39 27
5 21 40 100
5 21 41 54
5 21 42 64
5 22 0 37
5 22 1 85
5 22 2 70
5 22 3 68
5 22 4 49
5 22 5 24
5 22 6 67
5 22 7 78
5 22 8 10
5 22 9 50
5 22 10 111
5 22 11 118
5 22 12 9
5 22 13 48
5 22 14 41
5 22 15 27
5 22 16 110
5 22 17 0
5 22 18 3
5 22 19 88
5 22 20 25
5 22 21 102
5 22 22 109
5 22 23 45
5 22 24 35
5 22 25 87
5 22 26 94
5 22 27 14
5 22 28 108
5 22 29 60
5 22 30 63
5 22 31 86
5 22 32 13
5 22 33 69
5 22 34 107
5 22 35 114
5 22 36 121
5 22 37 29
5 22 38 26
5 22 39 99
5 22 40 57
5 22 41 84
5 22 42 120
5 23 0 53
5 23 1 62
5 23 2 58
5 23 3 111
5 23 4 28
5 23 5 125
5 23 6 89
5 23 7 13
5 23 8 43
5 23 9 110
5 23 10 80
5 23 11 25
5 23 12 88
5 23 13 7
5 23 14 12
5 23 15 109
5 23 16 15
5 23 17 38
5 23 18 54
5 23 19 3
5 23 20 65
5 23 21 108
5 23 22 76
5 23 23 33
5 23 24 86
5 23 25 61
5 23 26 14
5 23 27 71
5 23 28 46
5 23 29 50
5 23 30 51
5 23 31 32
5 23 32 79
5 23 33 106
5 23 34 113
5 23 35 83
5 23 36 6
5 23 37 16
5 23 38 98
5 23 39 105
5 23 40 112
5 23 41 82
5 23 42 11
5 24 0 96
5 24 1 82
5 24 2 110
5 24 3 34
5 24 4 79
5 24 5 51
5 24 6 9
5 24 7 58
5 24 8 109
5 24 9 116
5 24 10 1
5 24 11 50
5 24 12 21
5 24 13 30
5 24 14 108
5 24 15 23
5 24 16 39
5 24 17 84
5 24 18 4
5 24 19 100
5 24 20 73
5 24 21 77
5 24 22 17
5 24 23 67
5 24 24 92
5 24 25 28
5 24 26 69
5 24 27 45
5 24 28 120
5 24 29 31
5 24 30 38
5 24 31 75
5 24 32 54
5 24 33 43
5 24 34 119
5 24 35 2
5 24 36 25
5 24 37 97
5 24 38 104
5 24 39 64
5 24 40 65
5 24 41 32
5 24 42 89
5 25 0 83
5 25 1 109
5 25 2 37
5 25 3 123
5 25 4 87
5 25 5 33
5 25 6 101
5 25 7 108
5 25 8 115
5 25 9 17
5 25 10 65
5 25 11 36
5 25 12 4
5 25 13 107
5 25 14 42
5 25 15 31
5 25 16 79
5 25 17 29
5 25 18 99
5 25 19 66
5 25 20 67
5 25 21 20
5 25 22 12
5 25 23 91
5 25 24 13
5 25 25 105
5 25 26 112
5 25 27 75
5 25 28 126
5 25 29 6
5 25 30 61
5 25 31 46
5 25 32 111
5 25 33 118
5 25 34 16
5 25 35 38
5 25 36 80
5 25 37 103
5 25 38 74
5 25 39 117
5 25 40 34
5 25 41 69
5 25 42 55
5 26 0 108
5 26 1 25
5 26 2 122
5 26 3 86
5 26 4 12
5 26 5 72
5 26 6 73
5 26 7 114
5 26 8 36
5 26 9 60
5 26 10 42
5 26 11 26
5 26 12 106
5 26 13 19
5 26 14 7
5 26 15 74
5 26 16 31
5 26 17 98
5 26 18 105
5 26 19 112
5 26 20 10
5 26 21 126
5 26 22 90
5 26 23 22
5 26 24 104
5 26 25 56
5 26 26 84
5 26 27 70
5 26 28 38
5 26 29 96
5 26 30 65
5 26 31 110
5 26 32 59
5 26 33 6
5 26 34 23
5 26 35 95
5 26 36 102
5 26 37 50
5 26 38 78
5 26 39 30
5 26 40 87
5 26 41 64
5 26 42 101
5 27 0 31
5 27 1 121
5 27 2 72
5 27 3 0
5 27 4 62
5 27 5 66
5 27 6 113
5 27 7 22
5 27 8 55
5 27 9 3
5 27 10 34
5 27 11 105
5 27 12 27
5 27 13 11
5 27 14 46
5 27 15 17
5 27 16 97
5 27 17 104
5 27 18 81
5 27 19 41
5 27 20 45
5 27 21 60
5 27 22 28
5 27 23 103
5 27 24 57
5 27 25 117
5 27 26 124
5 27 27 23
5 27 28 74
5 27 29 75
5 27 30 109
5 27 31 116
5 27 32 30
5 27 33 4
5 27 34 94
5 27 35 53
5 27 36 85
5 27 37 64
5 27 38 15
5 27 39 86
5 27 40 93
5 27 41 51
5 27 42 70
5 28 0 78
5 28 1 41
5 28 2 33
5 28 3 63
5 28 4 105
5 28 5 74
5 28 6 24
5 28 7 85
5 28 8 22
5 28 9 11
5 28 10 104
5 28 11 6
5 28 12 17
5 28 13 125
5 28 14 36
5 28 15 59
5 28 16 103
5 28 17 53
5 28 18 20
5 28 19 124
5 28 20 88
5 28 21 16
5 28 22 102
5 28 23 81
5 28 24 77
5 28 25 43
5 28 26 19
5 28 27 57
5 28 28 101
5 28 29 108
5 28 30 115
5 28 31 15
5 28 32 37
5 28 33 56
5 28 34 100
5 28 35 107
5 28 36 60
5 28 37 4
5 28 38 45
5 28 39 46
5 28 40 50
5 28 41 68
5 28 42 40
5 29 0 126
5 29 1 36
5 29 2 51
5 29 3 104
5 29 4 111
5 29 5 6
5 29 6 125
5 29 7 14
5 29 8 30
5 29 9 103
5 29 10 23
5 29 11 32
5 29 12 48
5 29 13 9
5 29 14 95
5 29 15 102
5 29 16 46
5 29 17 1
5 29 18 61
5 29 19 72
5 29 20 19
5 29 21 47
5 29 22 71
5 29 23 69
5 29 24 54
5 29 25 21
5 29 26 93
5 29 27 55
5 29 28 82
5 29 29 114
5 29 30 28
5 29 31 8
5 29 32 92
5 29 33 99
5 29 34 106
5 29 35 70
5 29 36 15
5 29 37 22
5 29 38 76
5 29 39 79
5 29 40 105
5 29 41 25
5 29 42 119
5 30 0 20
5 30 1 96
5 30 2 103
5 30 3 110
5 30 4 7
5 30 5 59
5 30 6 15
5 30 7 38
5 30 8 102
5 30 9 41
5 30 10 3
5 30 11 123
5 30 12 28
5 30 13 94
5 30 14 61
5 30 15 68
5 30 16 40
5 30 17 70
5 30 18 48
5 30 19 25
5 30 20 100
5 30 21 107
5 30 22 51
5 30 23 64
5 30 24 42
5 30 25 57
5 30 26 75
5 30 27 85
5 30 28 113
5 30 29 37
5 30 30 4
5 30 31 91
5 30 32 98
5 30 33 84
5 30 34 112
5 30 35 21
5 30 36 126
5 30 37 53
5 30 38 77
5 30 39 104
5 30 40 39
5 30 41 118
5 30 42 58
5 31 0 75
5 31 1 102
5 31 2 109
5 31 3 28
5 31 4 123
5 31 5 7
5 31 6 10
5 31 7 101
5 31 8 26
5 31 9 12
5 31 10 122
5 31 11 1
5 31 12 83
5 31 13 100
5 31 14 107
5 31 15 0
5 31 16 54
5 31 17 51
5 31 18 29
5 31 19 99
5 31 20 106
5 31 21 50
5 31 22 120
5 31 23 16
5 31 24 70
5 31 25 52
5 31 26 105
5 31 27 65
5 31 28 27
5 31 29 24
5 31 30 90
5 31 31 97
5 31 32 57
5 31 33 63
5 31 34 40
5 31 35 77
5 31 36 89
5 31 37 96
5 31 38 103
5 31 39 39
5 31 40 76
5 31 41 124
5 31 42 18
5 32 0 68
5 32 1 108
5 32 2 29
5 32 3 122
5 32 4 36
5 32 5 20
5 32 6 100
5 32 7 8
5 32 8 14
5 32 9 121
5 32 10 31
5 32 11 92
5 32 12 99
5 32 13 106
5 32 14 33
5 32 15 120
5 32 16 83
5 32 17 32
5 32 18 98
5 32 19 75
5 32 20 112
5 32 21 61
5 32 22 22
5 32 23 57
5 32 24 60
5 32 25 104
5 32 26 111
5 32 27 26
5 32 28 28
5 32 29 62
5 32 30 48
5 32 31 81
5 32 32 44
5 32 33 37
5 32 34 124
5 32 35 66
5 32 36 72
5 32 37 102
5 32 38 23
5 32 39 116
5 32 40 53
5 32 41 0
5 32 42 52
5 33 0 52
5 33 1 3
5 33 2 121
5 33 3 19
5 33 4 0
5 33 5 99
5 33 6 4
5 33 7 36
5 33 8 81
5 33 9 40
5 33 10 91
5 33 11 98
5 33 12 82
5 33 13 35
5 33 14 53
5 33 15 84
5 33 16 21
5 33 17 97
5 33 18 65
5 33 19 63
5 33 20 56
5 33 21 32
5 33 22 89
5 33 23 96
5 33 24 103
5 33 25 110
5 33 26 27
5 33 27 39
5 33 28 88
5 33 29 95
5 33 30 46
5 33 31 67
5 33 32 42
5 33 33 79
5 33 34 87
5 33 35 50
5 33 36 48
5 33 37 17
5 33 38 115
5 33 39 85
5 33 40 11
5 33 41 93
5 33 42 100
5 34 0 33
5 34 1 63
5 34 2 9
5 34 3 11
5 34 4 98
5 34 5 41
5 34 6 6
5 34 7 119
5 34 8 2
5 34 9 90
5 34 10 97
5 34 11 67
5 34 12 8
5 34 13 73
5 34 14 125
5 34 15 37
5 34 16 51
5 34 17 65
5 34 18 83
5 34 19 117
5 34 20 40
5 34 21 80
5 34 22 81
5 34 23 102
5 34 24 109
5 34 25 27
5 34 26 29
5 34 27 64
5 34 28 94
5 34 29 101
5 34 30 43
5 34 31 42
5 34 32 55
5 34 33 86
5 34 34 93
5 34 35 100
5 34 36 31
5 34 37 114
5 34 38 56
5 34 39 13
5 34 40 68
5 34 41 99
5 34 42 48
5 35 0 119
5 35 1 7
5 35 2 23
5 35 3 97
5 35 4 4
5 35 5 15
5 35 6 118
5 35 7 20
5 35 8 76
5 35 9 81
5 35 10 49
5 35 11 9
5 35 12 117
5 35 13 44
5 35 14 37
5 35 15 95
5 35 16 65
5 35 17 72
5 35 18 53
5 35 19 36
5 35 20 87
5 35 21 67
5 35 22 64
5 35 23 108
5 35 24 16
5 35 25 24
5 35 26 51
5 35 27 78
5 35 28 62
5 35 29 107
5 35 30 31
5 35 31 47
5 35 32 71
5 35 33 85
5 35 34 99
5 35 35 17
5 35 36 113
5 35 37 120
5 35 38 21
5 35 39 55
5 35 40 98
5 35 41 105
5 35 42 29
5 36 0 3
5 36 1 13
5 36 2 96
5 36 3 22
5 36 4 26
5 36 5 57
5 36 6 11
5 36 7 88
5 36 8 95
5 36 9 83
5 36 10 0
5 36 11 47
5 36 12 123
5 36 13 15
5 36 14 94
5 36 15 101
5 36 16 80
5 36 17 44
5 36 18 41
5 36 19 86
5 36 20 93
5 36 21 100
5 36 22 78
5 36 23 39
5 36 24 14
5 36 25 85
5 36 26 92
5 36 27 79
5 36 28 106
5 36 29 38
5 36 30 120
5 36 31 18
5 36 32 76
5 36 33 98
5 36 34 25
5 36 35 64
5 36 36 61
5 36 37 40
5 36 38 73
5 36 39 97
5 36 40 104
5 36 41 7
5 36 42 118
5 37 0 2
5 37 1 95
5 37 2 6
5 37 3 18
5 37 4 116
5 37 5 29
5 37 6 54
5 37 7 94
5 37 8 101
5 37 9 0
5 37 10 83
5 37 11 122
5 37 12 14
5 37 13 72
5 37 14 56
5 37 15 107
5 37 16 71
5 37 17 15
5 37 18 60
5 37 19 55
5 37 20 99
5 37 21 73
5 37 22 37
5 37 23 12
5 37 24 47
5 37 25 91
5 37 26 43
5 37 27 68
5 37 28 35
5 37 29 74
5 37 30 126
5 37 31 61
5 37 32 97
5 37 33 27
5 37 34 111
5 37 35 45
5 37 36 39
5 37 37 89
5 37 38 59
5 37 39 103
5 37 40 30
5 37 41 57
5 37 42 42
5 38 0 94
5 38 1 11
5 38 2 42
5 38 3 115
5 38 4 34
5 38 5 60
5 38 6 69
5 38 7 80
5 38 8 12
5 38 9 73
5 38 10 121
5 38 11 21
5 38 12 92
5 38 13 59
5 38 14 106
5 38 15 85
5 38 16 1
5 38 17 23
5 38 18 71
5 38 19 98
5 38 20 105
5 38 21 8
5 38 22 27
5 38 23 48
5 38 24 90
5 38 25 47
5 38 26 76
5 38 27 32
5 38 28 81
5 38 29 51
5 38 30 89
5 38 31 65
5 38 32 10
5 38 33 110
5 38 34 117
5 38 35 26
5 38 36 62
5 38 37 95
5 38 38 102
5 38 39 19
5 38 40 116
5 38 41 36
5 38 42 35
5 39 0 4
5 39 1 38
5 39 2 114
5 39 3 1
5 39 4 71
5 39 5 92
5 39 6 49
5 39 7 2
5 39 8 50
5 39 9 78
5 39 10 26
5 39 11 91
5 39 12 77
5 39 13 84
5 39 14 112
5 39 15 22
5 39 16 126
5 39 17 83
5 39 18 97
5 39 19 104
5 39 20 0
5 39 21 23
5 39 22 125
5 39 23 44
5 39 24 96
5 39 25 51
5 39 26 15
5 39 27 117
5 39 28 124
5 39 29 59
5 39 30 95
5 39 31 21
5 39 32 109
5 39 33 74
5 39 34 13
5 39 35 87
5 39 36 94
5 39 37 62
5 39 38 34
5 39 39 115
5 39 40 6
5 39 41 10
5 39 42 93
5 40 0 18
5 40 1 113
5 40 2 19
5 40 3 66
5 40 4 91
5 40 5 77
5 40 6 35
5 40 7 112
5 40 8 119
5 40 9 38
5 40 10 90
5 40 11 79
5 40 12 85
5 40 13 49
5 40 14 14
5 40 15 45
5 40 16 89
5 40 17 50
5 40 18 103
5 40 19 34
5 40 20 28
5 40 21 43
5 40 22 88
5 40 23 65
5 40 24 72
5 40 25 40
5 40 26 78
5 40 27 52
5 40 28 87
5 40 29 94
5 40 30 37
5 40 31 108
5 40 32 47
5 40 33 21
5 40 34 86
5 40 35 48
5 40 36 100
5 40 37 24
5 40 38 114
5 40 39 17
5 40 40 42
5 40 41 92
5 40 42 31
5 41 0 43
5 41 1 28
5 41 2 46
5 41 3 90
5 41 4 60
5 41 5 1
5 41 6 79
5 41 7 118
5 41 8 17
5 41 9 63
5 41 10 96
5 41 11 69
5 41 12 45
5 41 13 18
5 41 14 124
5 41 15 73
5 41 16 95
5 41 17 102
5 41 18 8
5 41 19 23
5 41 20 123
5 41 21 62
5 41 22 70
5 41 23 101
5 41 24 21
5 41 25 78
5 41 26 72
5 41 27 86
5 41 28 56
5 41 29 16
5 41 30 71
5 41 31 55
5 41 32 2
5 41 33 81
5 41 34 92
5 41 35 99
5 41 36 9
5 41 37 113
5 41 38 19
5 41 39 7
5 41 40 91
5 41 41 27
5 41 42 25
5 42 0 24
5 42 1 125
5 42 2 60
5 42 3 96
5 42 4 23
5 42 5 73
5 42 6 82
5 42 7 31
5 42 8 88
5 42 9 58
5 42 10 61
5 42 11 76
5 42 12 15
5 42 13 68
5 42 14 87
5 42 15 94
5 42 16 74
5 42 17 9
5 42 18 35
5 42 19 122
5 42 20 51
5 42 21 93
5 42 22 44
5 42 23 10
5 42 24 52
5 42 25 81
5 42 26 54
5 42 27 92
5 42 28 22
5 42 29 69
5 42 30 67
5 42 31 0
5 42 32 33
5 42 33 91
5 42 34 98
5 42 35 1
5 42 36 75
5 42 37 6
5 42 38 4
5 42 39 90
5 42 40 37
5 42 41 8
5 42 42 111
6 0 0 61
6 0 1 96
6 0 2 24
6 0 3 74
6 0 4 83
6 0 5 32
6 0 6 88
6 0 7 59
6 0 8 62
6 0 9 77
6 0 10 16
6 0 11 69
6 0 12 87
6 0 13 94
6 0 14 75
6 0 15 10
6 0 16 36
6 0 17 122
6 0 18 52
6 0 19 93
6 0 20 45
6 0 21 11
6 0 22 53
6 0 23 82
6 0 24 55
6 0 25 92
6 0 26 23
6 0 27 70
6 0 28 68
6 0 29 1
6 0 30 34
6 0 31 91
6 0 32 98
6 0 33 2
6 0 34 76
6 0 35 7
6 0 36 5
6 0 37 90
6 0 38 38
6 0 39 9
6 0 40 111
6 0 41 25
6 0 42 125
6 1 0 67
6 1 1 4
6 1 2 45
6 1 3 116
6 1 4 17
6 1 5 47
6 1 6 72
6 1 7 101
6 1 8 76
6 1 9 30
6 1 10 62
6 1 11 86
6 1 12 56
6 1 13 100
6 1 14 21
6 1 15 9
6 1 16 121
6 1 17 82
6 1 18 71
6 1 19 50
6 1 20 14
6 1 21 85
6 1 22 120
6 1 23 15
6 1 24 91
6 1 25 29
6 1 26 105
6 1 27 112
6 1 28 41
6 1 29 126
6 1 30 90
6 1 31 97
6 1 32 38
6 1 33 111
6 1 34 13
6 1 35 0
6 1 36 89
6 1 37 3
6 1 38 42
6 1 39 110
6 1 40 31
6 1 41 64
6 1 42 88
6 2 0 32
6 2 1 83
6 2 2 115
6 2 3 39
6 2 4 56
6 2 5 93
6 2 6 64
6 2 7 107
6 2 8 22
6 2 9 74
6 2 10 44
6 2 11 92
6 2 12 99
6 2 13 3
6 2 14 19
6 2 15 68
6 2 16 48
6 2 17 55
6 2 18 43
6 2 19 1
6 2 20 112
6 2 21 69
6 2 22 126
6 2 23 90
6 2 24 42
6 2 25 104
6 2 26 60
6 2 27 2
6 2 28 61
6 2 29 53
6 2 30 82
6 2 31 14
6 2 32 110
6 2 33 37
6 2 34 12
6 2 35 88
6 2 36 34
6 2 37 13
6 2 38 109
6 2 39 21
6 2 40 123
6 2 41 78
6 2 42 81
6 3 0 107
6 3 1 114
6 3 2 21
6 3 3 44
6 3 4 71
6 3 5 67
6 3 6 106
6 3 7 36
6 3 8 120
6 3 9 20
6 3 10 91
6 3 11 98
6 3 12 27
6 3 13 22
6 3 14 119
6 3 15 78
6 3 16 58
6 3 17 47
6 3 18 19
6 3 19 82
6 3 20 84
6 3 21 77
6 3 22 74
6 3 23 8
6 3 24 103
6 3 25 60
6 3 26 30
6 3 27 124
6 3 28 88
6 3 29 95
6 3 30 25
6 3 31 109
6 3 32 4
6 3 33 28
6 3 34 87
6 3 35 29
6 3 36 37
6 3 37 108
6 3 38 15
6 3 39 122
6 3 40 48
6 3 41 93
6 3 42 11
6 4 0 113
6 4 1 34
6 4 2 85
6 4 3 48
6 4 4 44
6 4 5 63
6 4 6 24
6 4 7 76
6 4 8 126
6 4 9 90
6 4 10 97
6 4 11 9
6 4 12 20
6 4 13 118
6 4 14 125
6 4 15 89
6 4 16 96
6 4 17 1
6 4 18 60
6 4 19 117
6 4 20 124
6 4 21 88
6 4 22 26
6 4 23 102
6 4 24 75
6 4 25 25
6 4 26 45
6 4 27 83
6 4 28 94
6 4 29 4
6 4 30 108
6 4 31 10
6 4 32 0
6 4 33 86
6 4 34 31
6 4 35 35
6 4 36 70
6 4 37 19
6 4 38 121
6 4 39 68
6 4 40 58
6 4 41 14
6 4 42 106
6 5 0 13
6 5 1 44
6 5 2 51
6 5 3 71
6 5 4 48
6 5 5 16
6 5 6 45
6 5 7 65
6 5 8 59
6 5 9 55
6 5 10 3
6 5 11 40
6 5 12 43
6 5 13 82
6 5 14 76
6 5 15 53
6 5 16 20
6 5 17 50
6 5 18 70
6 5 19 47
6 5 20 54
6 5 21 29
6 5 22 46
6 5 23 84
6 5 24 25
6 5 25 81
6 5 26 73
6 5 27 69
6 5 28 37
6 5 29 61
6 5 30 5
6 5 31 8
6 5 32 49
6 5 33 42
6 5 34 34
6 5 35 80
6 5 36 10
6 5 37 72
6 5 38 68
6 5 39 60
6 5 40 15
6 5 41 57
6 5 42 52
6 6 0 125
6 6 1 89
6 6 2 96
6 6 3 81
6 6 4 20
6 6 5 117
6 6 6 124
6 6 7 88
6 6 8 95
6 6 9 19
6 6 10 36
6 6 11 116
6 6 12 123
6 6 13 87
6 6 14 65
6 6 15 35
6 6 16 78
6 6 17 54
6 6 18 50
6 6 19 56
6 6 20 34
6 6 21 100
6 6 22 107
6 6 23 42
6 6 24 83
6 6 25 73
6 6 26 92
6 6 27 24
6 6 28 71
6 6 29 15
6 6 30 32
6 6 31 6
6 6 32 23
6 6 33 40
6 6 34 105
6 6 35 31
6 6 36 119
6 6 37 58
6 6 38 53
6 6 39 13
6 6 40 66
6 6 41 111
6 6 42 21
6 7 0 64
6 7 1 57
6 7 2 59
6 7 3 35
6 7 4 51
6 7 5 83
6 7 6 63
6 7 7 94
6 7 8 15
6 7 9 9
6 7 10 115
6 7 11 122
6 7 12 86
6 7 13 93
6 7 14 39
6 7 15 107
6 7 16 74
6 7 17 70
6 7 18 54
6 7 19 42
6 7 20 99
6 7 21 106
6 7 22 40
6 7 23 120
6 7 24 50
6 7 25 91
6 7 26 2
6 7 27 105
6 7 28 21
6 7 29 13
6 7 30 126
6 7 31 4
6 7 32 7
6 7 33 104
6 7 34 18
6 7 35 118
6 7 36 125
6 7 37 89
6 7 38 30
6 7 39 81
6 7 40 110
6 7 41 26
6 7 42 67
6 8 0 72
6 8 1 101
6 8 2 11
6 8 3 55
6 8 4 43
6 8 5 50
6 8 6 73
6 8 7 35
6 8 8 3
6 8 9 114
6 8 10 121
6 8 11 54
6 8 12 67
6 8 13 31
6 8 14 106
6 8 15 77
6 8 16 120
6 8 17 85
6 8 18 21
6 8 19 98
6 8 20 58
6 8 21 41
6 8 22 60
6 8 23 63
6 8 24 90
6 8 25 36
6 8 26 104
6 8 27 20
6 8 28 24
6 8 29 125
6 8 30 12
6 8 31 2
6 8 32 103
6 8 33 8
6 8 34 59
6 8 35 45
6 8 36 80
6 8 37 30
6 8 38 81
6 8 39 109
6 8 40 29
6 8 41 123
6 8 42 87
6 9 0 56
6 9 1 36
6 9 2 48
6 9 3 70
6 9 4 59
6 9 5 92
6 9 6 33
6 9 7 28
6 9 8 113
6 9 9 85
6 9 10 35
6 9 11 79
6 9 12 19
6 9 13 65
6 9 14 112
6 9 15 69
6 9 16 51
6 9 17 34
6 9 18 97
6 9 19 53
6 9 20 1
6 9 21 74
6 9 22 125
6 9 23 77
6 9 24 40
6 9 25 103
6 9 26 18
6 9 27 26
6 9 28 124
6 9 29 27
6 9 30 8
6 9 31 102
6 9 32 30
6 9 33 116
6 9 34 123
6 9 35 87
6 9 36 25
6 9 37 101
6 9 38 108
6 9 39 4
6 9 40 122
6 9 41 86
6 9 42 93
6 10 0 11
6 10 1 53
6 10 2 120
6 10 3 46
6 10 4 91
6 10 5 36
6 10 6 9
6 10 7 66
6 10 8 119
6 10 9 126
6 10 10 72
6 10 11 33
6 10 12 64
6 10 13 79
6 10 14 82
6 10 15 125
6 10 16 16
6 10 17 58
6 10 18 67
6 10 19 23
6 10 20 117
6 10 21 80
6 10 22 88
6 10 23 34
6 10 24 102
6 10 25 42
6 10 26 21
6 10 27 123
6 10 28 0
6 10 29 18
6 10 30 65
6 10 31 41
6 10 32 115
6 10 33 122
6 10 34 86
6 10 35 10
6 10 36 73
6 10 37 71
6 10 38 13
6 10 39 121
6 10 40 43
6 10 41 59
6 10 42 45
6 11 0 112
6 11 1 70
6 11 2 78
6 11 3 90
6 11 4 3
6 11 5 34
6 11 6 111
6 11 7 118
6 11 8 67
6 11 9 89
6 11 10 25
6 11 11 52
6 11 12 71
6 11 13 117
6 11 14 77
6 11 15 38
6 11 16 95
6 11 17 61
6 11 18 8
6 11 19 80
6 11 20 123
6 11 21 51
6 11 22 24
6 11 23 54
6 11 24 13
6 11 25 9
6 11 26 122
6 11 27 12
6 11 28 42
6 11 29 100
6 11 30 17
6 11 31 114
6 11 32 121
6 11 33 59
6 11 34 14
6 11 35 85
6 11 36 69
6 11 37 26
6 11 38 84
6 11 39 40
6 11 40 68
6 11 41 62
6 11 42 41
6 12 0 75
6 12 1 125
6 12 2 54
6 12 3 19
6 12 4 2
6 12 5 110
6 12 6 47
6 12 7 124
6 12 8 52
6 12 9 39
6 12 10 48
6 12 11 55
6 12 12 61
6 12 13 123
6 12 14 23
6 12 15 94
6 12 16 101
6 12 17 31
6 12 18 63
6 12 19 122
6 12 20 74
6 12 21 30
6 12 22 100
6 12 23 3
6 12 24 17
6 12 25 121
6 12 26 7
6 12 27 5
6 12 28 99
6 12 29 10
6 12 30 113
6 12 31 49
6 12 32 21
6 12 33 11
6 12 34 50
6 12 35 105
6 12 36 32
6 12 37 119
6 12 38 126
6 12 39 45
6 12 40 62
6 12 41 1
6 12 42 68
6 13 0 53
6 13 1 88
6 13 2 31
6 13 3 3
6 13 4 109
6 13 5 116
6 13 6 57
6 13 7 87
6 13 8 36
6 13 9 101
6 13 10 56
6 13 11 63
6 13 12 122
6 13 13 37
6 13 14 62
6 13 15 47
6 13 16 10
6 13 17 48
6 13 18 121
6 13 19 69
6 13 20 26
6 13 21 99
6 13 22 29
6 13 23 27
6 13 24 120
6 13 25 4
6 13 26 35
6 13 27 98
6 13 28 2
6 13 29 78
6 13 30 119
6 13 31 126
6 13 32 9
6 13 33 66
6 13 34 104
6 13 35 38
6 13 36 118
6 13 37 81
6 13 38 89
6 13 39 96
6 13 40 33
6 13 41 46
6 13 42 117
6 14 0 49
6 14 1 26
6 14 2 20
6 14 3 108
6 14 4 115
6 14 5 69
6 14 6 86
6 14 7 40
6 14 8 55
6 14 9 107
6 14 10 81
6 14 11 121
6 14 12 16
6 14 13 92
6 14 14 67
6 14 15 19
6 14 16 60
6 14 17 71
6 14 18 80
6 14 19 35
6 14 20 98
6 14 21 36
6 14 22 23
6 14 23 119
6 14 24 12
6 14 25 37
6 14 26 97
6 14 27 30
6 14 28 111
6 14 29 118
6 14 30 78
6 14 31 33
6 14 32 96
6 14 33 103
6 14 34 17
6 14 35 75
6 14 36 124
6 14 37 46
6 14 38 59
6 14 39 14
6 14 40 64
6 14 41 50
6 14 42 123
6 15 0 31
6 15 1 11
6 15 2 67
6 15 3 114
6 15 4 85
6 15 5 80
6 15 6 32
6 15 7 69
6 15 8 106
6 15 9 84
6 15 10 68
6 15 11 28
6 15 12 91
6 15 13 57
6 15 14 9
6 15 15 112
6 15 16 119
6 15 17 43
6 15 18 10
6 15 19 97
6 15 20 16
6 15 21 7
6 15 22 118
6 15 23 1
6 15 24 5
6 15 25 83
6 15 26 20
6 15 27 110
6 15 28 81
6 15 29 124
6 15 30 41
6 15 31 52
6 15 32 102
6 15 33 33
6 15 34 116
6 15 35 79
6 15 36 87
6 15 37 66
6 15 38 39
6 15 39 72
6 15 40 54
6 15 41 122
6 15 42 50
6 16 0 3
6 16 1 62
6 16 2 113
6 16 3 120
6 16 4 31
6 16 5 10
6 16 6 53
6 16 7 60
6 16 8 112
6 16 9 119
6 16 10 33
6 16 11 90
6 16 12 50
6 16 13 42
6 16 14 57
6 16 15 118
6 16 16 125
6 16 17 20
6 16 18 83
6 16 19 12
6 16 20 0
6 16 21 117
6 16 22 19
6 16 23 18
6 16 24 95
6 16 25 35
6 16 26 109
6 16 27 116
6 16 28 67
6 16 29 28
6 16 30 79
6 16 31 76
6 16 32 1
6 16 33 115
6 16 34 64
6 16 35 86
6 16 36 93
6 16 37 22
6 16 38 107
6 16 39 61
6 16 40 121
6 16 41 55
6 16 42 27
6 17 0 105
6 17 1 76
6 17 2 73
6 17 3 126
6 17 4 39
6 17 5 44
6 17 6 68
6 17 7 75
6 17 8 118
6 17 9 40
6 17 10 53
6 17 11 96
6 17 12 11
6 17 13 48
6 17 14 59
6 17 15 64
6 17 16 25
6 17 17 95
6 17 18 36
6 17 19 5
6 17 20 116
6 17 21 9
6 17 22 12
6 17 23 94
6 17 24 24
6 17 25 108
6 17 26 115
6 17 27 85
6 17 28 15
6 17 29 93
6 17 30 100
6 17 31 27
6 17 32 114
6 17 33 55
6 17 34 69
6 17 35 50
6 17 36 19
6 17 37 106
6 17 38 78
6 17 39 62
6 17 40 46
6 17 41 42
6 17 42 17
6 18 0 111
6 18 1 59
6 18 2 60
6 18 3 13
6 18 4 96
6 18 5 57
6 18 6 75
6 18 7 46
6 18 8 39
6 18 9 88
6 18 10 67
6 18 11 11
6 18 12 73
6 18 13 116
6 18 14 123
6 18 15 0
6 18 16 94
6 18 17 28
6 18 18 32
6 18 19 115
6 18 20 41
6 18 21 8
6 18 22 77
6 18 23 4
6 18 24 49
6 18 25 114
6 18 26 72
6 18 27 14
6 18 28 84
6 18 29 99
6 18 30 29
6 18 31 113
6 18 32 120
6 18 33 36
6 18 34 85
6 18 35 16
6 18 36 54
6 18 37 112
6 18 38 119
6 18 39 76
6 18 40 40
6 18 41 15
6 18 42 104
6 19 0 117
6 19 1 124
6 19 2 18
6 19 3 84
6 19 4 77
6 19 5 75
6 19 6 116
6 19 7 17
6 19 8 56
6 19 9 44
6 19 10 2
6 19 11 58
6 19 12 115
6 19 13 122
6 19 14 34
6 19 15 59
6 19 16 39
6 19 17 7
6 19 18 114
6 19 19 31
6 19 20 4
6 19 21 92
6 19 22 25
6 19 23 45
6 19 24 113
6 19 25 120
6 19 26 33
6 19 27 55
6 19 28 98
6 19 29 37
6 19 30 49
6 19 31 47
6 19 32 126
6 19 33 61
6 19 34 23
6 19 35 73
6 19 36 51
6 19 37 118
6 19 38 125
6 19 39 30
6 19 40 38
6 19 41 103
6 19 42 110
6 20 0 83
6 20 1 14
6 20 2 79
6 20 3 101
6 20 4 65
6 20 5 115
6 20 6 17
6 20 7 57
6 20 8 93
6 20 9 3
6 20 10 107
6 20 11 114
6 20 12 121
6 20 13 9
6 20 14 92
6 20 15 5
6 20 16 13
6 20 17 113
6 20 18 0
6 20 19 2
6 20 20 91
6 20 21 21
6 20 22 105
6 20 23 72
6 20 24 45
6 20 25 41
6 20 26 44
6 20 27 97
6 20 28 23
6 20 29 111
6 20 30 68
6 20 31 74
6 20 32 89
6 20 33 12
6 20 34 53
6 20 35 59
6 20 36 49
6 20 37 78
6 20 38 25
6 20 39 27
6 20 40 102
6 20 41 109
6 20 42 80
6 21 0 22
6 21 1 93
6 21 2 47
6 21 3 107
6 21 4 114
6 21 5 33
6 21 6 46
6 21 7 43
6 21 8 19
6 21 9 106
6 21 10 113
6 21 11 57
6 21 12 14
6 21 13 91
6 21 14 18
6 21 15 7
6 21 16 112
6 21 17 11
6 21 18 35
6 21 19 90
6 21 20 8
6 21 21 104
6 21 22 111
6 21 23 65
6 21 24 0
6 21 25 89
6 21 26 64
6 21 27 37
6 21 28 110
6 21 29 117
6 21 30 124
6 21 31 63
6 21 32 12
6 21 33 77
6 21 34 83
6 21 35 116
6 21 36 123
6 21 37 15
6 21 38 27
6 21 39 75
6 21 40 108
6 21 41 45
6 21 42 70
6 22 0 76
6 22 1 46
6 22 2 106
6 22 3 113
6 22 4 22
6 22 5 49
6 22 6 70
6 22 7 21
6 22 8 72
6 22 9 79
6 22 10 119
6 22 11 23
6 22 12 90
6 22 13 40
6 22 14 3
6 22 15 111
6 22 16 34
6 22 17 18
6 22 18 81
6 22 19 25
6 22 20 103
6 22 21 110
6 22 22 117
6 22 23 11
6 22 24 82
6 22 25 95
6 22 26 31
6 22 27 109
6 22 28 63
6 22 29 44
6 22 30 87
6 22 31 17
6 22 32 101
6 22 33 56
6 22 34 115
6 22 35 122
6 22 36 26
6 22 37 28
6 22 38 100
6 22 39 55
6 22 40 65
6 22 41 83
6 22 42 32
6 23 0 71
6 23 1 69
6 23 2 50
6 23 3 25
6 23 4 68
6 23 5 79
6 23 6 11
6 23 7 51
6 23 8 111
6 23 9 118
6 23 10 10
6 23 11 49
6 23 12 42
6 23 13 28
6 23 14 110
6 23 15 1
6 23 16 4
6 23 17 88
6 23 18 26
6 23 19 102
6 23 20 109
6 23 21 46
6 23 22 36
6 23 23 87
6 23 24 94
6 23 25 15
6 23 26 108
6 23 27 61
6 23 28 64
6 23 29 86
6 23 30 14
6 23 31 70
6 23 32 107
6 23 33 114
6 23 34 121
6 23 35 30
6 23 36 27
6 23 37 99
6 23 38 58
6 23 39 85
6 23 40 120
6 23 41 38
6 23 42 43
6 24 0 59
6 24 1 111
6 24 2 29
6 24 3 125
6 24 4 89
6 24 5 14
6 24 6 44
6 24 7 110
6 24 8 81
6 24 9 26
6 24 10 88
6 24 11 8
6 24 12 13
6 24 13 109
6 24 14 16
6 24 15 39
6 24 16 55
6 24 17 4
6 24 18 66
6 24 19 108
6 24 20 77
6 24 21 34
6 24 22 86
6 24 23 62
6 24 24 15
6 24 25 72
6 24 26 47
6 24 27 51
6 24 28 52
6 24 29 33
6 24 30 80
6 24 31 106
6 24 32 113
6 24 33 84
6 24 34 7
6 24 35 17
6 24 36 98
6 24 37 105
6 24 38 112
6 24 39 83
6 24 40 12
6 24 41 54
6 24 42 63
6 25 0 110
6 25 1 35
6 25 2 80
6 25 3 52
6 25 4 10
6 25 5 59
6 25 6 109
6 25 7 116
6 25 8 2
6 25 9 51
6 25 10 22
6 25 11 31
6 25 12 108
6 25 13 24
6 25 14 40
6 25 15 85
6 25 16 5
6 25 17 100
6 25 18 74
6 25 19 78
6 25 20 18
6 25 21 68
6 25 22 92
6 25 23 29
6 25 24 70
6 25 25 46
6 25 26 120
6 25 27 32
6 25 28 39
6 25 29 76
6 25 30 55
6 25 31 44
6 25 32 119
6 25 33 3
6 25 34 26
6 25 35 97
6 25 36 104
6 25 37 65
6 25 38 66
6 25 39 33
6 25 40 89
6 25 41 96
6 25 42 83
6 26 0 38
6 26 1 123
6 26 2 87
6 26 3 34
6 26 4 101
6 26 5 108
6 26 6 115
6 26 7 18
6 26 8 66
6 26 9 37
6 26 10 5
6 26 11 107
6 26 12 0
6 26 13 32
6 26 14 80
6 26 15 30
6 26 16 99
6 26 17 67
6 26 18 68
6 26 19 21
6 26 20 13
6 26 21 91
6 26 22 14
6 26 23 105
6 26 24 112
6 26 25 76
6 26 26 126
6 26 27 7
6 26 28 62
6 26 29 47
6 26 30 111
6 26 31 118
6 26 32 17
6 26 33 39
6 26 34 81
6 26 35 103
6 26 36 75
6 26 37 117
6 26 38 35
6 26 39 70
6 26 40 56
6 26 41 84
6 26 42 109
6 27 0 122
6 27 1 86
6 27 2 13
6 27 3 73
6 27 4 74
6 27 5 114
6 27 6 37
6 27 7 61
6 27 8 0
6 27 9 27
6 27 10 106
6 27 11 20
6 27 12 8
6 27 13 75
6 27 14 32
6 27 15 98
6 27 16 105
6 27 17 112
6 27 18 11
6 27 19 126
6 27 20 90
6 27 21 23
6 27 22 104
6 27 23 57
6 27 24 85
6 27 25 71
6 27 26 39
6 27 27 96
6 27 28 66
6 27 29 110
6 27 30 60
6 27 31 7
6 27 32 24
6 27 33 95
6 27 34 102
6 27 35 51
6 27 36 79
6 27 37 31
6 27 38 87
6 27 39 65
6 27 40 101
6 27 41 108
6 27 42 26
6 28 0 73
6 28 1 1
6 28 2 63
6 28 3 67
6 28 4 113
6 28 5 23
6 28 6 56
6 28 7 4
6 28 8 35
6 28 9 105
6 28 10 28
6 28 11 12
6 28 12 47
6 28 13 18
6 28 14 97
6 28 15 104
6 28 16 82
6 28 17 42
6 28 18 46
6 28 19 61
6 28 20 29
6 28 21 103
6 28 22 58
6 28 23 117
6 28 24 124
6 28 25 24
6 28 26 75
6 28 27 76
6 28 28 109
6 28 29 116
6 28 30 31
6 28 31 5
6 28 32 94
6 28 33 54
6 28 34 43
6 28 35 65
6 28 36 16
6 28 37 86
6 28 38 93
6 28 39 52
6 28 40 71
6 28 41 32
6 28 42 121
6 29 0 34
6 29 1 64
6 29 2 105
6 29 3 75
6 29 4 25
6 29 5 43
6 29 6 23
6 29 7 12
6 29 8 104
6 29 9 7
6 29 10 18
6 29 11 125
6 29 12 37
6 29 13 60
6 29 14 103
6 29 15 54
6 29 16 21
6 29 17 124
6 29 18 88
6 29 19 17
6 29 20 102
6 29 21 82
6 29 22 78
6 29 23 44
6 29 24 20
6 29 25 58
6 29 26 101
6 29 27 108
6 29 28 115
6 29 29 16
6 29 30 38
6 29 31 57
6 29 32 100
6 29 33 107
6 29 34 61
6 29 35 5
6 29 36 46
6 29 37 47
6 29 38 51
6 29 39 69
6 29 40 41
6 29 41 79
6 29 42 42
6 30 0 52
6 30 1 104
6 30 2 111
6 30 3 7
6 30 4 125
6 30 5 15
6 30 6 31
6 30 7 103
6 30 8 24
6 30 9 33
6 30 10 49
6 30 11 10
6 30 12 95
6 30 13 102
6 30 14 47
6 30 15 2
6 30 16 62
6 30 17 73
6 30 18 20
6 30 19 48
6 30 20 72
6 30 21 70
6 30 22 55
6 30 23 22
6 30 24 93
6 30 25 56
6 30 26 83
6 30 27 114
6 30 28 29
6 30 29 9
6 30 30 92
6 30 31 99
6 30 32 106
6 30 33 71
6 30 34 16
6 30 35 23
6 30 36 77
6 30 37 80
6 30 38 105
6 30 39 26
6 30 40 119
6 30 41 126
6 30 42 37
6 31 0 103
6 31 1 110
6 31 2 8
6 31 3 60
6 31 4 16
6 31 5 39
6 31 6 102
6 31 7 42
6 31 8 4
6 31 9 123
6 31 10 29
6 31 11 94
6 31 12 62
6 31 13 69
6 31 14 41
6 31 15 71
6 31 16 49
6 31 17 26
6 31 18 100
6 31 19 107
6 31 20 52
6 31 21 65
6 31 22 0
6 31 23 58
6 31 24 76
6 31 25 43
6 31 26 113
6 31 27 38
6 31 28 5
6 31 29 91
6 31 30 98
6 31 31 85
6 31 32 112
6 31 33 22
6 31 34 126
6 31 35 54
6 31 36 78
6 31 37 104
6 31 38 40
6 31 39 118
6 31 40 59
6 31 41 21
6 31 42 96
6 32 0 109
6 32 1 29
6 32 2 123
6 32 3 8
6 32 4 11
6 32 5 101
6 32 6 27
6 32 7 13
6 32 8 122
6 32 9 2
6 32 10 84
6 32 11 100
6 32 12 107
6 32 13 1
6 32 14 55
6 32 15 52
6 32 16 30
6 32 17 99
6 32 18 106
6 32 19 51
6 32 20 120
6 32 21 17
6 32 22 71
6 32 23 53
6 32 24 105
6 32 25 66
6 32 26 28
6 32 27 25
6 32 28 90
6 32 29 97
6 32 30 58
6 32 31 64
6 32 32 41
6 32 33 78
6 32 34 89
6 32 35 96
6 32 36 103
6 32 37 40
6 32 38 77
6 32 39 124
6 32 40 19
6 32 41 76
6 32 42 102
6 33 0 30
6 33 1 122
6 33 2 37
6 33 3 21
6 33 4 100
6 33 5 9
6 33 6 15
6 33 7 121
6 33 8 32
6 33 9 92
6 33 10 99
6 33 11 106
6 33 12 34
6 33 13 120
6 33 14 84
6 33 15 33
6 33 16 98
6 33 17 76
6 33 18 112
6 33 19 62
6 33 20 23
6 33 21 58
6 33 22 61
6 33 23 104
6 33 24 111
6 33 25 27
6 33 26 29
6 33 27 63
6 33 28 49
6 33 29 82
6 33 30 45
6 33 31 38
6 33 32 124
6 33 33 67
6 33 34 73
6 33 35 102
6 33 36 24
6 33 37 116
6 33 38 54
6 33 39 1
6 33 40 53
6 33 41 69
6 33 42 108
6 34 0 121
6 34 1 20
6 34 2 1
6 34 3 99
6 34 4 5
6 34 5 37
6 34 6 82
6 34 7 41
6 34 8 91
6 34 9 98
6 34 10 83
6 34 11 36
6 34 12 54
6 34 13 85
6 34 14 22
6 34 15 97
6 34 16 66
6 34 17 64
6 34 18 57
6 34 19 33
6 34 20 89
6 34 21 96
6 34 22 103
6 34 23 110
6 34 24 28
6 34 25 40
6 34 26 88
6 34 27 95
6 34 28 47
6 34 29 68
6 34 30 0
6 34 31 80
6 34 32 87
6 34 33 51
6 34 34 49
6 34 35 18
6 34 36 115
6 34 37 43
6 34 38 12
6 34 39 93
6 34 40 100
6 34 41 53
6 34 42 4
6 35 0 10
6 35 1 12
6 35 2 98
6 35 3 42
6 35 4 7
6 35 5 119
6 35 6 3
6 35 7 90
6 35 8 97
6 35 9 68
6 35 10 9
6 35 11 74
6 35 12 125
6 35 13 38
6 35 14 52
6 35 15 66
6 35 16 84
6 35 17 117
6 35 18 41
6 35 19 81
6 35 20 82
6 35 21 102
6 35 22 109
6 35 23 28
6 35 24 30
6 35 25 65
6 35 26 94
6 35 27 101
6 35 28 44
6 35 29 0
6 35 30 56
6 35 31 86
6 35 32 93
6 35 33 100
6 35 34 32
6 35 35 114
6 35 36 57
6 35 37 14
6 35 38 69
6 35 39 99
6 35 40 49
6 35 41 34
6 35 42 64
6 36 0 24
6 36 1 97
6 36 2 5
6 36 3 16
6 36 4 118
6 36 5 21
6 36 6 77
6 36 7 82
6 36 8 50
6 36 9 10
6 36 10 117
6 36 11 45
6 36 12 38
6 36 13 95
6 36 14 66
6 36 15 73
6 36 16 54
6 36 17 37
6 36 18 87
6 36 19 68
6 36 20 65
6 36 21 108
6 36 22 17
6 36 23 25
6 36 24 52
6 36 25 79
6 36 26 63
6 36 27 107
6 36 28 32
6 36 29 48
6 36 30 72
6 36 31 43
6 36 32 99
6 36 33 18
6 36 34 113
6 36 35 120
6 36 36 22
6 36 37 56
6 36 38 98
6 36 39 105
6 36 40 30
6 36 41 119
6 36 42 8
6 37 0 96
6 37 1 23
6 37 2 27
6 37 3 58
6 37 4 12
6 37 5 88
6 37 6 95
6 37 7 84
6 37 8 1
6 37 9 48
6 37 10 123
6 37 11 16
6 37 12 94
6 37 13 101
6 37 14 81
6 37 15 45
6 37 16 42
6 37 17 86
6 37 18 93
6 37 19 100
6 37 20 79
6 37 21 40
6 37 22 15
6 37 23 43
6 37 24 92
6 37 25 80
6 37 26 106
6 37 27 39
6 37 28 120
6 37 29 19
6 37 30 77
6 37 31 98
6 37 32 26
6 37 33 65
6 37 34 62
6 37 35 41
6 37 36 74
6 37 37 97
6 37 38 104
6 37 39 8
6 37 40 118
6 37 41 4
6 37 42 14
6 38 0 7
6 38 1 19
6 38 2 116
6 38 3 30
6 38 4 55
6 38 5 94
6 38 6 101
6 38 7 1
6 38 8 84
6 38 9 122
6 38 10 15
6 38 11 73
6 38 12 57
6 38 13 107
6 38 14 72
6 38 15 16
6 38 16 61
6 38 17 56
6 38 18 99
6 38 19 74
6 38 20 38
6 38 21 13
6 38 22 48
6 38 23 91
6 38 24 44
6 38 25 69
6 38 26 36
6 38 27 75
6 38 28 126
6 38 29 62
6 38 30 97
6 38 31 28
6 38 32 111
6 38 33 46
6 38 34 40
6 38 35 89
6 38 36 60
6 38 37 103
6 38 38 31
6 38 39 58
6 38 40 0
6 38 41 3
6 38 42 95
6 39 0 0
6 39 1 115
6 39 2 35
6 39 3 61
6 39 4 70
6 39 5 81
6 39 6 13
6 39 7 74
6 39 8 121
6 39 9 22
6 39 10 92
6 39 11 60
6 39 12 106
6 39 13 43
6 39 14 2
6 39 15 24
6 39 16 72
6 39 17 98
6 39 18 105
6 39 19 9
6 39 20 28
6 39 21 49
6 39 22 90
6 39 23 48
6 39 24 77
6 39 25 33
6 39 26 82
6 39 27 52
6 39 28 89
6 39 29 66
6 39 30 11
6 39 31 110
6 39 32 117
6 39 33 27
6 39 34 63
6 39 35 95
6 39 36 102
6 39 37 20
6 39 38 116
6 39 39 37
6 39 40 36
6 39 41 94
6 39 42 12
6 40 0 114
6 40 1 2
6 40 2 72
6 40 3 92
6 40 4 50
6 40 5 3
6 40 6 51
6 40 7 79
6 40 8 27
6 40 9 91
6 40 10 78
6 40 11 85
6 40 12 112
6 40 13 23
6 40 14 126
6 40 15 84
6 40 16 97
6 40 17 104
6 40 18 1
6 40 19 24
6 40 20 125
6 40 21 45
6 40 22 96
6 40 23 52
6 40 24 16
6 40 25 117
6 40 26 124
6 40 27 60
6 40 28 95
6 40 29 22
6 40 30 109
6 40 31 75
6 40 32 14
6 40 33 87
6 40 34 94
6 40 35 63
6 40 36 35
6 40 37 115
6 40 38 7
6 40 39 11
6 40 40 93
6 40 41 5
6 40 42 39
6 41 0 20
6 41 1 67
6 41 2 91
6 41 3 78
6 41 4 36
6 41 5 112
6 41 6 119
6 41 7 39
6 41 8 90
6 41 9 80
6 41 10 43
6 41 11 50
6 41 12 15
6 41 13 46
6 41 14 89
6 41 15 51
6 41 16 103
6 41 17 35
6 41 18 29
6 41 19 44
6 41 20 88
6 41 21 66
6 41 22 73
6 41 23 41
6 41 24 79
6 41 25 53
6 41 26 87
6 41 27 94
6 41 28 38
6 41 29 108
6 41 30 48
6 41 31 22
6 41 32 86
6 41 33 49
6 41 34 100
6 41 35 25
6 41 36 114
6 41 37 18
6 41 38 0
6 41 39 92
6 41 40 32
6 41 41 19
6 41 42 113
6 42 0 47
6 42 1 90
6 42 2 61
6 42 3 2
6 42 4 80
6 42 5 118
6 42 6 18
6 42 7 64
6 42 8 96
6 42 9 70
6 42 10 46
6 42 11 19
6 42 12 124
6 42 13 74
6 42 14 95
6 42 15 102
6 42 16 9
6 42 17 24
6 42 18 123
6 42 19 63
6 42 20 71
6 42 21 101
6 42 22 22
6 42 23 79
6 42 24 73
6 42 25 86
6 42 26 57
6 42 27 17
6 42 28 72
6 42 29 56
6 42 30 3
6 42 31 82
6 42 32 92
6 42 33 99
6 42 34 10
6 42 35 113
6 42 36 20
6 42 37 8
6 42 38 91
6 42 39 28
6 42 40 26
6 42 41 44
6 42 42 29
7 0 0 62
7 0 1 3
7 0 2 81
7 0 3 118
7 0 4 19
7 0 5 65
7 0 6 96
7 0 7 71
7 0 8 47
7 0 9 20
7 0 10 124
7 0 11 75
7 0 12 95
7 0 13 102
7 0 14 10
7 0 15 25
7 0 16 123
7 0 17 64
7 0 18 72
7 0 19 101
7 0 20 23
7 0 21 80
7 0 22 74
7 0 23 86
7 0 24 58
7 0 25 18
7 0 26 73
7 0 27 57
7 0 28 4
7 0 29 83
7 0 30 92
7 0 31 99
7 0 32 11
7 0 33 113
7 0 34 21
7 0 35 9
7 0 36 91
7 0 37 29
7 0 38 27
7 0 39 45
7 0 40 30
7 0 41 48
7 0 42 90
7 1 0 25
7 1 1 75
7 1 2 84
7 1 3 33
7 1 4 88
7 1 5 60
7 1 6 63
7 1 7 78
7 1 8 17
7 1 9 70
7 1 10 87
7 1 11 94
7 1 12 76
7 1 13 11
7 1 14 37
7 1 15 122
7 1 16 53
7 1 17 93
7 1 18 46
7 1 19 12
7 1 20 54
7 1 21 83
7 1 22 56
7 1 23 92
7 1 24 24
7 1 25 71
7 1 26 69
7 1 27 2
7 1 28 35
7 1 29 91
7 1 30 98
7 1 31 3
7 1 32 77
7 1 33 8
7 1 34 6
7 1 35 90
7 1 36 39
7 1 37 10
7 1 38 111
7 1 39 26
7 1 40 125
7 1 41 62
7 1 42 96
7 2 0 46
7 2 1 116
7 2 2 18
7 2 3 48
7 2 4 73
7 2 5 101
7 2 6 77
7 2 7 31
7 2 8 63
7 2 9 86
7 2 10 57
7 2 11 100
7 2 12 22
7 2 13 10
7 2 14 121
7 2 15 83
7 2 16 72
7 2 17 51
7 2 18 15
7 2 19 43
7 2 20 120
7 2 21 16
7 2 22 91
7 2 23 30
7 2 24 105
7 2 25 112
7 2 26 42
7 2 27 126
7 2 28 90
7 2 29 97
7 2 30 39
7 2 31 111
7 2 32 14
7 2 33 1
7 2 34 89
7 2 35 4
7 2 36 0
7 2 37 110
7 2 38 32
7 2 39 65
7 2 40 88
7 2 41 68
7 2 42 5
7 3 0 115
7 3 1 40
7 3 2 57
7 3 3 93
7 3 4 65
7 3 5 107
7 3 6 23
7 3 7 75
7 3 8 45
7 3 9 92
7 3 10 99
7 3 11 4
7 3 12 20
7 3 13 69
7 3 14 49
7 3 15 56
7 3 16 44
7 3 17 2
7 3 18 112
7 3 19 70
7 3 20 126
7 3 21 90
7 3 22 0
7 3 23 104
7 3 24 61
7 3 25 3
7 3 26 62
7 3 27 54
7 3 28 83
7 3 29 15
7 3 30 110
7 3 31 38
7 3 32 13
7 3 33 88
7 3 34 35
7 3 35 14
7 3 36 109
7 3 37 22
7 3 38 123
7 3 39 79
7 3 40 82
7 3 41 33
7 3 42 84
7 4 0 22
7 4 1 45
7 4 2 72
7 4 3 68
7 4 4 106
7 4 5 37
7 4 6 120
7 4 7 21
7 4 8 91
7 4 9 98
7 4 10 28
7 4 11 23
7 4 12 119
7 4 13 79
7 4 14 59
7 4 15 48
7 4 16 20
7 4 17 83
7 4 18 85
7 4 19 78
7 4 20 75
7 4 21 9
7 4 22 103
7 4 23 61
7 4 24 31
7 4 25 124
7 4 26 88
7 4 27 95
7 4 28 26
7 4 29 109
7 4 30 5
7 4 31 29
7 4 32 87
7 4 33 30
7 4 34 38
7 4 35 108
7 4 36 16
7 4 37 122
7 4 38 49
7 4 39 93
7 4 40 12
7 4 41 107
7 4 42 114
7 5 0 43
7 5 1 49
7 5 2 45
7 5 3 64
7 5 4 25
7 5 5 77
7 5 6 126
7 5 7 90
7 5 8 97
7 5 9 10
7 5 10 21
7 5 11 118
7 5 12 125
7 5 13 89
7 5 14 96
7 5 15 2
7 5 16 61
7 5 17 117
7 5 18 124
7 5 19 88
7 5 20 27
7 5 21 102
7 5 22 76
7 5 23 26
7 5 24 46
7 5 25 84
7 5 26 94
7 5 27 5
7 5 28 108
7 5 29 11
7 5 30 1
7 5 31 86
7 5 32 32
7 5 33 36
7 5 34 71
7 5 35 20
7 5 36 121
7 5 37 69
7 5 38 59
7 5 39 15
7 5 40 106
7 5 41 113
7 5 42 35
7 6 0 52
7 6 1 72
7 6 2 49
7 6 3 17
7 6 4 46
7 6 5 66
7 6 6 60
7 6 7 56
7 6 8 4
7 6 9 41
7 6 10 44
7 6 11 83
7 6 12 77
7 6 13 54
7 6 14 21
7 6 15 51
7 6 16 71
7 6 17 48
7 6 18 55
7 6 19 30
7 6 20 47
7 6 21 85
7 6 22 26
7 6 23 82
7 6 24 74
7 6 25 70
7 6 26 38
7 6 27 62
7 6 28 6
7 6 29 9
7 6 30 50
7 6 31 0
7 6 32 35
7 6 33 81
7 6 34 11
7 6 35 73
7 6 36 69
7 6 37 61
7 6 38 16
7 6 39 58
7 6 40 53
7 6 41 14
7 6 42 45
7 7 0 96
7 7 1 82
7 7 2 21
7 7 3 117
7 7 4 124
7 7 5 88
7 7 6 95
7 7 7 20
7 7 8 37
7 7 9 116
7 7 10 123
7 7 11 87
7 7 12 66
7 7 13 36
7 7 14 79
7 7 15 55
7 7 16 51
7 7 17 57
7 7 18 35
7 7 19 100
7 7 20 107
7 7 21 0
7 7 22 84
7 7 23 74
7 7 24 92
7 7 25 25
7 7 26 72
7 7 27 16
7 7 28 33
7 7 29 7
7 7 30 24
7 7 31 41
7 7 32 105
7 7 33 32
7 7 34 119
7 7 35 59
7 7 36 54
7 7 37 14
7 7 38 67
7 7 39 111
7 7 40 22
7 7 41 125
7 7 42 89
7 8 0 60
7 8 1 36
7 8 2 52
7 8 3 84
7 8 4 64
7 8 5 94
7 8 6 16
7 8 7 10
7 8 8 115
7 8 9 122
7 8 10 86
7 8 11 93
7 8 12 40
7 8 13 107
7 8 14 75
7 8 15 71
7 8 16 55
7 8 17 0
7 8 18 99
7 8 19 106
7 8 20 41
7 8 21 120
7 8 22 51
7 8 23 91
7 8 24 3
7 8 25 105
7 8 26 22
7 8 27 14
7 8 28 126
7 8 29 5
7 8 30 8
7 8 31 104
7 8 32 19
7 8 33 118
7 8 34 125
7 8 35 89
7 8 36 31
7 8 37 82
7 8 38 110
7 8 39 27
7 8 40 68
7 8 41 65
7 8 42 58
7 9 0 12
7 9 1 56
7 9 2 44
7 9 3 51
7 9 4 74
7 9 5 36
7 9 6 4
7 9 7 114
7 9 8 121
7 9 9 55
7 9 10 68
7 9 11 32
7 9 12 106
7 9 13 78
7 9 14 120
7 9 15 43
7 9 16 22
7 9 17 98
7 9 18 59
7 9 19 42
7 9 20 61
7 9 21 64
7 9 22 90
7 9 23 37
7 9 24 104
7 9 25 21
7 9 26 25
7 9 27 125
7 9 28 13
7 9 29 3
7 9 30 103
7 9 31 9
7 9 32 60
7 9 33 46
7 9 34 81
7 9 35 31
7 9 36 82
7 9 37 109
7 9 38 30
7 9 39 123
7 9 40 87
7 9 41 73
7 9 42 101
7 10 0 49
7 10 1 71
7 10 2 60
7 10 3 92
7 10 4 34
7 10 5 29
7 10 6 113
7 10 7 43
7 10 8 36
7 10 9 80
7 10 10 20
7 10 11 66
7 10 12 112
7 10 13 70
7 10 14 52
7 10 15 35
7 10 16 97
7 10 17 54
7 10 18 2
7 10 19 75
7 10 20 125
7 10 21 78
7 10 22 41
7 10 23 103
7 10 24 19
7 10 25 27
7 10 26 124
7 10 27 28
7 10 28 9
7 10 29 102
7 10 30 31
7 10 31 116
7 10 32 123
7 10 33 87
7 10 34 26
7 10 35 101
7 10 36 108
7 10 37 5
7 10 38 122
7 10 39 86
7 10 40 93
7 10 41 57
7 10 42 37
7 11 0 120
7 11 1 47
7 11 2 91
7 11 3 37
7 11 4 10
7 11 5 67
7 11 6 119
7 11 7 126
7 11 8 73
7 11 9 34
7 11 10 65
7 11 11 80
7 11 12 83
7 11 13 125
7 11 14 17
7 11 15 59
7 11 16 68
7 11 17 24
7 11 18 117
7 11 19 81
7 11 20 88
7 11 21 35
7 11 22 102
7 11 23 0
7 11 24 22
7 11 25 123
7 11 26 1
7 11 27 19
7 11 28 66
7 11 29 42
7 11 30 115
7 11 31 122
7 11 32 86
7 11 33 11
7 11 34 74
7 11 35 72
7 11 36 14
7 11 37 121
7 11 38 44
7 11 39 60
7 11 40 46
7 11 41 12
7 11 42 54
7 12 0 79
7 12 1 90
7 12 2 4
7 12 3 35
7 12 4 111
7 12 5 118
7 12 6 68
7 12 7 89
7 12 8 26
7 12 9 53
7 12 10 72
7 12 11 117
7 12 12 78
7 12 13 39
7 12 14 95
7 12 15 62
7 12 16 9
7 12 17 81
7 12 18 123
7 12 19 52
7 12 20 25
7 12 21 55
7 12 22 14
7 12 23 10
7 12 24 122
7 12 25 13
7 12 26 0
7 12 27 100
7 12 28 18
7 12 29 114
7 12 30 121
7 12 31 60
7 12 32 15
7 12 33 43
7 12 34 70
7 12 35 27
7 12 36 85
7 12 37 41
7 12 38 69
7 12 39 63
7 12 40 42
7 12 41 112
7 12 42 71
7 13 0 55
7 13 1 20
7 13 2 3
7 13 3 110
7 13 4 48
7 13 5 124
7 13 6 53
7 13 7 40
7 13 8 49
7 13 9 56
7 13 10 62
7 13 11 123
7 13 12 24
7 13 13 94
7 13 14 101
7 13 15 32
7 13 16 64
7 13 17 122
7 13 18 75
7 13 19 31
7 13 20 100
7 13 21 4
7 13 22 18
7 13 23 121
7 13 24 8
7 13 25 6
7 13 26 99
7 13 27 11
7 13 28 113
7 13 29 50
7 13 30 22
7 13 31 12
7 13 32 51
7 13 33 105
7 13 34 33
7 13 35 119
7 13 36 126
7 13 37 46
7 13 38 63
7 13 39 2
7 13 40 69
7 13 41 76
7 13 42 125
7 14 0 32
7 14 1 4
7 14 2 109
7 14 3 116
7 14 4 58
7 14 5 87
7 14 6 37
7 14 7 101
7 14 8 57
7 14 9 64
7 14 10 122
7 14 11 38
7 14 12 63
7 14 13 48
7 14 14 11
7 14 15 49
7 14 16 121
7 14 17 70
7 14 18 27
7 14 19 99
7 14 20 30
7 14 21 28
7 14 22 120
7 14 23 5
7 14 24 36
7 14 25 98
7 14 26 3
7 14 27 79
7 14 28 119
7 14 29 126
7 14 30 10
7 14 31 67
7 14 32 104
7 14 33 39
7 14 34 118
7 14 35 82
7 14 36 89
7 14 37 96
7 14 38 34
7 14 39 47
7 14 40 117
7 14 41 54
7 14 42 88
7 15 0 21
7 15 1 108
7 15 2 115
7 15 3 70
7 15 4 86
7 15 5 41
7 15 6 56
7 15 7 107
7 15 8 82
7 15 9 121
7 15 10 17
7 15 11 92
7 15 12 68
7 15 13 20
7 15 14 61
7 15 15 72
7 15 16 81
7 15 17 36
7 15 18 98
7 15 19 37
7 15 20 24
7 15 21 119
7 15 22 13
7 15 23 38
7 15 24 97
7 15 25 31
7 15 26 111
7 15 27 118
7 15 28 79
7 15 29 34
7 15 30 96
7 15 31 103
7 15 32 18
7 15 33 76
7 15 34 124
7 15 35 47
7 15 36 60
7 15 37 15
7 15 38 65
7 15 39 51
7 15 40 123
7 15 41 50
7 15 42 27
7 16 0 68
7 16 1 114
7 16 2 43
7 16 3 81
7 16 4 33
7 16 5 70
7 16 6 106
7 16 7 85
7 16 8 69
7 16 9 29
7 16 10 91
7 16 11 58
7 16 12 10
7 16 13 112
7 16 14 119
7 16 15 44
7 16 16 11
7 16 17 97
7 16 18 17
7 16 19 8
7 16 20 118
7 16 21 2
7 16 22 6
7 16 23 84
7 16 24 21
7 16 25 110
7 16 26 82
7 16 27 124
7 16 28 42
7 16 29 53
7 16 30 102
7 16 31 34
7 16 32 116
7 16 33 80
7 16 34 87
7 16 35 67
7 16 36 40
7 16 37 73
7 16 38 55
7 16 39 122
7 16 40 51
7 16 41 32
7 16 42 12
7 17 0 113
7 17 1 120
7 17 2 32
7 17 3 11
7 17 4 54
7 17 5 61
7 17 6 112
7 17 7 119
7 17 8 34
7 17 9 90
7 17 10 51
7 17 11 0
7 17 12 58
7 17 13 118
7 17 14 125
7 17 15 21
7 17 16 84
7 17 17 13
7 17 18 1
7 17 19 117
7 17 20 20
7 17 21 19
7 17 22 95
7 17 23 36
7 17 24 109
7 17 25 116
7 17 26 68
7 17 27 29
7 17 28 80
7 17 29 77
7 17 30 2
7 17 31 115
7 17 32 65
7 17 33 86
7 17 34 93
7 17 35 23
7 17 36 107
7 17 37 62
7 17 38 121
7 17 39 56
7 17 40 28
7 17 41 4
7 17 42 63
7 18 0 74
7 18 1 126
7 18 2 40
7 18 3 45
7 18 4 69
7 18 5 76
7 18 6 118
7 18 7 41
7 18 8 54
7 18 9 96
7 18 10 12
7 18 11 49
7 18 12 60
7 18 13 65
7 18 14 26
7 18 15 95
7 18 16 37
7 18 17 6
7 18 18 116
7 18 19 10
7 18 20 13
7 18 21 94
7 18 22 25
7 18 23 108
7 18 24 115
7 18 25 43
7 18 26 16
7 18 27 93
7 18 28 100
7 18 29 28
7 18 30 114
7 18 31 56
7 18 32 70
7 18 33 51
7 18 34 20
7 18 35 106
7 18 36 79
7 18 37 63
7 18 38 47
7 18 39 0
7 18 40 18
7 18 41 105
7 18 42 77
7 19 0 61
7 19 1 14
7 19 2 96
7 19 3 58
7 19 4 76
7 19 5 47
7 19 6 40
7 19 7 88
7 19 8 68
7 19 9 12
7 19 10 74
7 19 11 116
7 19 12 123
7 19 13 1
7 19 14 94
7 19 15 29
7 19 16 33
7 19 17 115
7 19 18 42
7 19 19 9
7 19 20 78
7 19 21 5
7 19 22 50
7 19 23 114
7 19 24 73
7 19 25 15
7 19 26 85
7 19 27 99
7 19 28 30
7 19 29 113
7 19 30 120
7 19 31 37
7 19 32 43
7 19 33 17
7 19 34 55
7 19 35 112
7 19 36 119
7 19 37 77
7 19 38 41
7 19 39 16
7 19 40 104
7 19 41 111
7 19 42 60
7 20 0 19
7 20 1 85
7 20 2 78
7 20 3 76
7 20 4 116
7 20 5 18
7 20 6 57
7 20 7 45
7 20 8 3
7 20 9 59
7 20 10 115
7 20 11 122
7 20 12 35
7 20 13 60
7 20 14 40
7 20 15 8
7 20 16 114
7 20 17 32
7 20 18 5
7 20 19 92
7 20 20 26
7 20 21 46
7 20 22 113
7 20 23 120
7 20 24 34
7 20 25 56
7 20 26 98
7 20 27 38
7 20 28 50
7 20 29 48
7 20 30 126
7 20 31 62
7 20 32 24
7 20 33 74
7 20 34 52
7 20 35 118
7 20 36 125
7 20 37 31
7 20 38 39
7 20 39 103
7 20 40 110
7 20 41 117
7 20 42 124
7 21 0 80
7 21 1 101
7 21 2 66
7 21 3 115
7 21 4 18
7 21 5 58
7 21 6 93
7 21 7 4
7 21 8 107
7 21 9 114
7 21 10 121
7 21 11 10
7 21 12 92
7 21 13 6
7 21 14 14
7 21 15 113
7 21 16 1
7 21 17 3
7 21 18 91
7 21 19 22
7 21 20 105
7 21 21 73
7 21 22 46
7 21 23 42
7 21 24 45
7 21 25 97
7 21 26 24
7 21 27 111
7 21 28 69
7 21 29 75
7 21 30 89
7 21 31 13
7 21 32 54
7 21 33 60
7 21 34 50
7 21 35 79
7 21 36 26
7 21 37 28
7 21 38 102
7 21 39 109
7 21 40 81
7 21 41 84
7 21 42 15
7 22 0 48
7 22 1 107
7 22 2 114
7 22 3 34
7 22 4 47
7 22 5 44
7 22 6 20
7 22 7 106
7 22 8 113
7 22 9 58
7 22 10 15
7 22 11 91
7 22 12 19
7 22 13 8
7 22 14 112
7 22 15 12
7 22 16 36
7 22 17 90
7 22 18 9
7 22 19 104
7 22 20 111
7 22 21 66
7 22 22 1
7 22 23 89
7 22 24 65
7 22 25 38
7 22 26 110
7 22 27 117
7 22 28 124
7 22 29 64
7 22 30 13
7 22 31 78
7 22 32 84
7 22 33 116
7 22 34 123
7 22 35 16
7 22 36 28
7 22 37 76
7 22 38 108
7 22 39 46
7 22 40 71
7 22 41 23
7 22 42 93
7 23 0 106
7 23 1 113
7 23 2 23
7 23 3 50
7 23 4 71
7 23 5 22
7 23 6 73
7 23 7 80
7 23 8 119
7 23 9 24
7 23 10 90
7 23 11 41
7 23 12 4
7 23 13 111
7 23 14 35
7 23 15 19
7 23 16 82
7 23 17 26
7 23 18 103
7 23 19 110
7 23 20 117
7 23 21 12
7 23 22 83
7 23 23 95
7 23 24 32
7 23 25 109
7 23 26 64
7 23 27 45
7 23 28 87
7 23 29 18
7 23 30 101
7 23 31 57
7 23 32 115
7 23 33 122
7 23 34 27
7 23 35 29
7 23 36 100
7 23 37 56
7 23 38 66
7 23 39 84
7 23 40 33
7 23 41 77
7 23 42 47
7 24 0 51
7 24 1 26
7 24 2 69
7 24 3 80
7 24 4 12
7 24 5 52
7 24 6 111
7 24 7 118
7 24 8 11
7 24 9 50
7 24 10 0
7 24 11 29
7 24 12 110
7 24 13 2
7 24 14 5
7 24 15 88
7 24 16 27
7 24 17 102
7 24 18 109
7 24 19 47
7 24 20 37
7 24 21 87
7 24 22 94
7 24 23 16
7 24 24 108
7 24 25 62
7 24 26 65
7 24 27 86
7 24 28 15
7 24 29 71
7 24 30 107
7 24 31 114
7 24 32 121
7 24 33 31
7 24 34 28
7 24 35 99
7 24 36 59
7 24 37 43
7 24 38 120
7 24 39 39
7 24 40 44
7 24 41 72
7 24 42 70
7 25 0 30
7 25 1 125
7 25 2 89
7 25 3 15
7 25 4 45
7 25 5 110
7 25 6 82
7 25 7 27
7 25 8 88
7 25 9 9
7 25 10 14
7 25 11 109
7 25 12 17
7 25 13 40
7 25 14 56
7 25 15 5
7 25 16 67
7 25 17 108
7 25 18 78
7 25 19 35
7 25 20 86
7 25 21 63
7 25 22 16
7 25 23 73
7 25 24 48
7 25 25 52
7 25 26 53
7 25 27 34
7 25 28 81
7 25 29 106
7 25 30 113
7 25 31 85
7 25 32 8
7 25 33 18
7 25 34 98
7 25 35 105
7 25 36 112
7 25 37 84
7 25 38 13
7 25 39 55
7 25 40 64
7 25 41 60
7 25 42 111
7 26 0 81
7 26 1 53
7 26 2 11
7 26 3 60
7 26 4 109
7 26 5 116
7 26 6 3
7 26 7 52
7 26 8 23
7 26 9 32
7 26 10 108
7 26 11 25
7 26 12 41
7 26 13 43
7 26 14 6
7 26 15 100
7 26 16 75
7 26 17 79
7 26 18 19
7 26 19 69
7 26 20 92
7 26 21 30
7 26 22 71
7 26 23 47
7 26 24 120
7 26 25 33
7 26 26 40
7 26 27 77
7 26 28 56
7 26 29 45
7 26 30 119
7 26 31 4
7 26 32 27
7 26 33 97
7 26 34 104
7 26 35 66
7 26 36 67
7 26 37 34
7 26 38 89
7 26 39 96
7 26 40 84
7 26 41 110
7 26 42 36
7 27 0 87
7 27 1 35
7 27 2 101
7 27 3 108
7 27 4 115
7 27 5 19
7 27 6 67
7 27 7 38
7 27 8 6
7 27 9 107
7 27 10 1
7 27 11 33
7 27 12 81
7 27 13 31
7 27 14 99
7 27 15 68
7 27 16 69
7 27 17 22
7 27 18 14
7 27 19 91
7 27 20 15
7 27 21 105
7 27 22 112
7 27 23 77
7 27 24 126
7 27 25 8
7 27 26 63
7 27 27 48
7 27 28 111
7 27 29 118
7 27 30 18
7 27 31 40
7 27 32 82
7 27 33 103
7 27 34 76
7 27 35 117
7 27 36 36
7 27 37 71
7 27 38 57
7 27 39 85
7 27 40 109
7 27 41 39
7 27 42 123
7 28 0 14
7 28 1 74
7 28 2 75
7 28 3 114
7 28 4 38
7 28 5 62
7 28 6 1
7 28 7 28
7 28 8 106
7 28 9 21
7 28 10 9
7 28 11 76
7 28 12 33
7 28 13 98
7 28 14 105
7 28 15 112
7 28 16 12
7 28 17 126
7 28 18 90
7 28 19 24
7 28 20 104
7 28 21 58
7 28 22 43
7 28 23 72
7 28 24 40
7 28 25 96
7 28 26 67
7 28 27 110
7 28 28 61
7 28 29 8
7 28 30 25
7 28 31 95
7 28 32 102
7 28 33 52
7 28 34 80
7 28 35 32
7 28 36 87
7 28 37 66
7 28 38 101
7 28 39 108
7 28 40 27
7 28 41 122
7 28 42 86
7 29 0 64
7 29 1 68
7 29 2 113
7 29 3 24
7 29 4 57
7 29 5 5
7 29 6 36
7 29 7 105
7 29 8 29
7 29 9 13
7 29 10 48
7 29 11 19
7 29 12 97
7 29 13 104
7 29 14 83
7 29 15 0
7 29 16 47
7 29 17 62
7 29 18 30
7 29 19 103
7 29 20 59
7 29 21 117
7 29 22 124
7 29 23 25
7 29 24 76
7 29 25 77
7 29 26 109
7 29 27 116
7 29 28 32
7 29 29 6
7 29 30 94
7 29 31 55
7 29 32 44
7 29 33 66
7 29 34 17
7 29 35 86
7 29 36 93
7 29 37 53
7 29 38 72
7 29 39 33
7 29 40 121
7 29 41 74
7 29 42 2
7 30 0 105
7 30 1 76
7 30 2 26
7 30 3 44
7 30 4 24
7 30 5 13
7 30 6 104
7 30 7 8
7 30 8 19
7 30 9 125
7 30 10 38
7 30 11 61
7 30 12 103
7 30 13 55
7 30 14 22
7 30 15 124
7 30 16 88
7 30 17 18
7 30 18 102
7 30 19 83
7 30 20 79
7 30 21 45
7 30 22 21
7 30 23 59
7 30 24 101
7 30 25 108
7 30 26 115
7 30 27 17
7 30 28 39
7 30 29 58
7 30 30 100
7 30 31 107
7 30 32 62
7 30 33 6
7 30 34 47
7 30 35 48
7 30 36 52
7 30 37 70
7 30 38 42
7 30 39 80
7 30 40 0
7 30 41 35
7 30 42 65
7 31 0 111
7 31 1 8
7 31 2 125
7 31 3 16
7 31 4 32
7 31 5 103
7 31 6 25
7 31 7 34
7 31 8 50
7 31 9 11
7 31 10 95
7 31 11 102
7 31 12 48
7 31 13 3
7 31 14 63
7 31 15 74
7 31 16 21
7 31 17 49
7 31 18 73
7 31 19 71
7 31 20 56
7 31 21 23
7 31 22 93
7 31 23 57
7 31 24 84
7 31 25 114
7 31 26 30
7 31 27 10
7 31 28 92
7 31 29 99
7 31 30 106
7 31 31 72
7 31 32 17
7 31 33 24
7 31 34 78
7 31 35 81
7 31 36 105
7 31 37 27
7 31 38 119
7 31 39 126
7 31 40 38
7 31 41 53
7 31 42 104
7 32 0 9
7 32 1 61
7 32 2 17
7 32 3 40
7 32 4 102
7 32 5 0
7 32 6 5
7 32 7 123
7 32 8 30
7 32 9 94
7 32 10 63
7 32 11 70
7 32 12 42
7 32 13 72
7 32 14 50
7 32 15 27
7 32 16 100
7 32 17 107
7 32 18 53
7 32 19 66
7 32 20 1
7 32 21 59
7 32 22 77
7 32 23 44
7 32 24 113
7 32 25 39
7 32 26 6
7 32 27 91
7 32 28 98
7 32 29 43
7 32 30 112
7 32 31 23
7 32 32 126
7 32 33 55
7 32 34 79
7 32 35 104
7 32 36 41
7 32 37 118
7 32 38 60
7 32 39 22
7 32 40 96
7 32 41 103
7 32 42 110
7 33 0 123
7 33 1 9
7 33 2 12
7 33 3 101
7 33 4 28
7 33 5 14
7 33 6 122
7 33 7 3
7 33 8 85
7 33 9 100
7 33 10 107
7 33 11 2
7 33 12 56
7 33 13 53
7 33 14 31
7 33 15 99
7 33 16 106
7 33 17 52
7 33 18 120
7 33 19 18
7 33 20 72
7 33 21 54
7 33 22 105
7 33 23 67
7 33 24 29
7 33 25 26
7 33 26 90
7 33 27 97
7 33 28 59
7 33 29 65
7 33 30 42
7 33 31 79
7 33 32 89
7 33 33 96
7 33 34 103
7 33 35 41
7 33 36 78
7 33 37 124
7 33 38 20
7 33 39 77
7 33 40 102
7 33 41 109
7 33 42 30
7 34 0 38
7 34 1 22
7 34 2 100
7 34 3 10
7 34 4 16
7 34 5 121
7 34 6 33
7 34 7 92
7 34 8 99
7 34 9 106
7 34 10 35
7 34 11 120
7 34 12 85
7 34 13 34
7 34 14 98
7 34 15 77
7 34 16 112
7 34 17 63
7 34 18 24
7 34 19 59
7 34 20 62
7 34 21 104
7 34 22 111
7 34 23 28
7 34 24 30
7 34 25 64
7 34 26 50
7 34 27 83
7 34 28 46
7 34 29 39
7 34 30 124
7 34 31 68
7 34 32 74
7 34 33 102
7 34 34 25
7 34 35 116
7 34 36 55
7 34 37 2
7 34 38 54
7 34 39 70
7 34 40 108
7 34 41 31
7 34 42 122
7 35 0 2
7 35 1 99
7 35 2 6
7 35 3 38
7 35 4 83
7 35 5 42
7 35 6 91
7 35 7 98
7 35 8 84
7 35 9 37
7 35 10 55
7 35 11 43
7 35 12 23
7 35 13 97
7 35 14 67
7 35 15 65
7 35 16 58
7 35 17 34
7 35 18 89
7 35 19 96
7 35 20 103
7 35 21 110
7 35 22 29
7 35 23 41
7 35 24 88
7 35 25 95
7 35 26 48
7 35 27 69
7 35 28 1
7 35 29 81
7 35 30 87
7 35 31 52
7 35 32 50
7 35 33 19
7 35 34 115
7 35 35 44
7 35 36 13
7 35 37 93
7 35 38 100
7 35 39 54
7 35 40 5
7 35 41 121
7 35 42 21
7 36 0 98
7 36 1 0
7 36 2 8
7 36 3 119
7 36 4 4
7 36 5 90
7 36 6 97
7 36 7 69
7 36 8 10
7 36 9 75
7 36 10 125
7 36 11 39
7 36 12 53
7 36 13 67
7 36 14 85
7 36 15 117
7 36 16 42
7 36 17 82
7 36 18 83
7 36 19 102
7 36 20 109
7 36 21 29
7 36 22 31
7 36 23 66
7 36 24 94
7 36 25 101
7 36 26 45
7 36 27 1
7 36 28 57
7 36 29 86
7 36 30 93
7 36 31 100
7 36 32 33
7 36 33 114
7 36 34 58
7 36 35 15
7 36 36 70
7 36 37 99
7 36 38 50
7 36 39 35
7 36 40 65
7 36 41 11
7 36 42 13
7 37 0 6
7 37 1 17
7 37 2 118
7 37 3 22
7 37 4 78
7 37 5 83
7 37 6 51
7 37 7 11
7 37 8 117
7 37 9 46
7 37 10 39
7 37 11 95
7 37 12 67
7 37 13 74
7 37 14 55
7 37 15 38
7 37 16 87
7 37 17 69
7 37 18 66
7 37 19 108
7 37 20 18
7 37 21 26
7 37 22 53
7 37 23 80
7 37 24 64
7 37 25 107
7 37 26 33
7 37 27 49
7 37 28 73
7 37 29 44
7 37 30 99
7 37 31 19
7 37 32 113
7 37 33 120
7 37 34 23
7 37 35 57
7 37 36 98
7 37 37 105
7 37 38 31
7 37 39 119
7 37 40 9
7 37 41 25
7 37 42 97
7 38 0 28
7 38 1 59
7 38 2 13
7 38 3 88
7 38 4 95
7 38 5 85
7 38 6 2
7 38 7 49
7 38 8 123
7 38 9 17
7 38 10 94
7 38 11 101
7 38 12 82
7 38 13 46
7 38 14 0
7 38 15 86
7 38 16 93
7 38 17 100
7 38 18 80
7 38 19 41
7 38 20 16
7 38 21 44
7 38 22 92
7 38 23 81
7 38 24 106
7 38 25 40
7 38 26 120
7 38 27 20
7 38 28 78
7 38 29 98
7 38 30 27
7 38 31 66
7 38 32 63
7 38 33 42
7 38 34 75
7 38 35 97
7 38 36 104
7 38 37 9
7 38 38 118
7 38 39 5
7 38 40 15
7 38 41 96
7 38 42 24
7 39 0 116
7 39 1 31
7 39 2 56
7 39 3 94
7 39 4 101
7 39 5 2
7 39 6 85
7 39 7 122
7 39 8 16
7 39 9 74
7 39 10 58
7 39 11 107
7 39 12 73
7 39 13 17
7 39 14 62
7 39 15 57
7 39 16 99
7 39 17 75
7 39 18 39
7 39 19 14
7 39 20 49
7 39 21 91
7 39 22 45
7 39 23 70
7 39 24 37
7 39 25 76
7 39 26 126
7 39 27 63
7 39 28 97
7 39 29 29
7 39 30 111
7 39 31 47
7 39 32 41
7 39 33 89
7 39 34 61
7 39 35 103
7 39 36 32
7 39 37 59
7 39 38 1
7 39 39 4
7 39 40 95
7 39 41 8
7 39 42 20
7 40 0 36
7 40 1 62
7 40 2 71
7 40 3 82
7 40 4 14
7 40 5 75
7 40 6 121
7 40 7 23
7 40 8 92
7 40 9 61
7 40 10 106
7 40 11 44
7 40 12 3
7 40 13 25
7 40 14 73
7 40 15 98
7 40 16 105
7 40 17 10
7 40 18 29
7 40 19 50
7 40 20 90
7 40 21 49
7 40 22 78
7 40 23 34
7 40 24 83
7 40 25 53
7 40 26 89
7 40 27 67
7 40 28 12
7 40 29 110
7 40 30 117
7 40 31 28
7 40 32 64
7 40 33 95
7 40 34 102
7 40 35 21
7 40 36 116
7 40 37 38
7 40 38 37
7 40 39 94
7 40 40 13
7 40 41 1
7 40 42 115
7 41 0 73
7 41 1 92
7 41 2 51
7 41 3 4
7 41 4 52
7 41 5 80
7 41 6 28
7 41 7 91
7 41 8 79
7 41 9 43
7 41 10 112
7 41 11 24
7 41 12 126
7 41 13 85
7 41 14 97
7 41 15 104
7 41 16 2
7 41 17 25
7 41 18 125
7 41 19 46
7 41 20 96
7 41 21 53
7 41 22 17
7 41 23 117
7 41 24 124
7 41 25 61
7 41 26 95
7 41 27 23
7 41 28 109
7 41 29 76
7 41 30 15
7 41 31 87
7 41 32 94
7 41 33 64
7 41 34 36
7 41 35 115
7 41 36 8
7 41 37 12
7 41 38 93
7 41 39 6
7 41 40 40
7 41 41 114
7 41 42 3
7 42 0 91
7 42 1 79
7 42 2 37
7 42 3 112
7 42 4 119
7 42 5 40
7 42 6 90
7 42 7 81
7 42 8 44
7 42 9 51
7 42 10 16
7 42 11 47
7 42 12 89
7 42 13 52
7 42 14 103
7 42 15 36
7 42 16 30
7 42 17 45
7 42 18 88
7 42 19 67
7 42 20 74
7 42 21 42
7 42 22 80
7 42 23 54
7 42 24 87
7 42 25 94
7 42 26 39
7 42 27 108
7 42 28 49
7 42 29 23
7 42 30 86
7 42 31 50
7 42 32 100
7 42 33 26
7 42 34 114
7 42 35 19
7 42 36 1
7 42 37 92
7 42 38 33
7 42 39 20
7 42 40 113
7 42 41 21
7 42 42 68
8 0 0 38
8 0 1 112
8 0 2 119
8 0 3 41
8 0 4 90
8 0 5 82
8 0 6 45
8 0 7 52
8 0 8 17
8 0 9 48
8 0 10 89
8 0 11 53
8 0 12 103
8 0 13 37
8 0 14 31
8 0 15 46
8 0 16 88
8 0 17 68
8 0 18 75
8 0 19 0
8 0 20 81
8 0 21 55
8 0 22 87
8 0 23 94
8 0 24 40
8 0 25 108
8 0 26 50
8 0 27 24
8 0 28 86
8 0 29 51
8 0 30 100
8 0 31 27
8 0 32 114
8 0 33 20
8 0 34 2
8 0 35 92
8 0 36 34
8 0 37 21
8 0 38 113
8 0 39 22
8 0 40 69
8 0 41 91
8 0 42 80
8 1 0 82
8 1 1 118
8 1 2 20
8 1 3 66
8 1 4 96
8 1 5 72
8 1 6 48
8 1 7 21
8 1 8 124
8 1 9 76
8 1 10 95
8 1 11 102
8 1 12 11
8 1 13 26
8 1 14 123
8 1 15 65
8 1 16 73
8 1 17 101
8 1 18 24
8 1 19 81
8 1 20 75
8 1 21 86
8 1 22 59
8 1 23 19
8 1 24 74
8 1 25 58
8 1 26 5
8 1 27 84
8 1 28 92
8 1 29 99
8 1 30 12
8 1 31 113
8 1 32 22
8 1 33 10
8 1 34 91
8 1 35 30
8 1 36 28
8 1 37 46
8 1 38 31
8 1 39 49
8 1 40 90
8 1 41 63
8 1 42 4
8 2 0 85
8 2 1 34
8 2 2 88
8 2 3 61
8 2 4 64
8 2 5 79
8 2 6 18
8 2 7 71
8 2 8 87
8 2 9 94
8 2 10 77
8 2 11 12
8 2 12 38
8 2 13 122
8 2 14 54
8 2 15 93
8 2 16 47
8 2 17 13
8 2 18 55
8 2 19 84
8 2 20 57
8 2 21 92
8 2 22 25
8 2 23 72
8 2 24 70
8 2 25 3
8 2 26 36
8 2 27 91
8 2 28 98
8 2 29 4
8 2 30 78
8 2 31 9
8 2 32 7
8 2 33 90
8 2 34 40
8 2 35 11
8 2 36 111
8 2 37 27
8 2 38 125
8 2 39 63
8 2 40 96
8 2 41 26
8 2 42 76
8 3 0 19
8 3 1 49
8 3 2 74
8 3 3 101
8 3 4 78
8 3 5 32
8 3 6 64
8 3 7 86
8 3 8 58
8 3 9 100
8 3 10 23
8 3 11 11
8 3 12 121
8 3 13 84
8 3 14 73
8 3 15 52
8 3 16 16
8 3 17 44
8 3 18 120
8 3 19 17
8 3 20 91
8 3 21 31
8 3 22 105
8 3 23 112
8 3 24 0
8 3 25 126
8 3 26 90
8 3 27 97
8 3 28 40
8 3 29 111
8 3 30 15
8 3 31 2
8 3 32 89
8 3 33 5
8 3 34 1
8 3 35 110
8 3 36 33
8 3 37 66
8 3 38 88
8 3 39 69
8 3 40 6
8 3 41 47
8 3 42 116
8 4 0 58
8 4 1 93
8 4 2 66
8 4 3 107
8 4 4 24
8 4 5 76
8 4 6 46
8 4 7 92
8 4 8 99
8 4 9 5
8 4 10 21
8 4 11 70
8 4 12 50
8 4 13 57
8 4 14 45
8 4 15 3
8 4 16 112
8 4 17 71
8 4 18 126
8 4 19 90
8 4 20 1
8 4 21 104
8 4 22 62
8 4 23 4
8 4 24 63
8 4 25 55
8 4 26 84
8 4 27 16
8 4 28 110
8 4 29 39
8 4 30 14
8 4 31 88
8 4 32 36
8 4 33 15
8 4 34 109
8 4 35 23
8 4 36 123
8 4 37 80
8 4 38 83
8 4 39 34
8 4 40 85
8 4 41 115
8 4 42 41
8 5 0 73
8 5 1 69
8 5 2 106
8 5 3 38
8 5 4 120
8 5 5 22
8 5 6 91
8 5 7 98
8 5 8 29
8 5 9 24
8 5 10 119
8 5 11 80
8 5 12 60
8 5 13 49
8 5 14 21
8 5 15 84
8 5 16 43
8 5 17 79
8 5 18 76
8 5 19 10
8 5 20 103
8 5 21 62
8 5 22 32
8 5 23 124
8 5 24 88
8 5 25 95
8 5 26 27
8 5 27 109
8 5 28 6
8 5 29 30
8 5 30 87
8 5 31 31
8 5 32 39
8 5 33 108
8 5 34 17
8 5 35 122
8 5 36 50
8 5 37 93
8 5 38 13
8 5 39 107
8 5 40 114
8 5 41 23
8 5 42 46
8 6 0 46
8 6 1 65
8 6 2 26
8 6 3 78
8 6 4 126
8 6 5 90
8 6 6 97
8 6 7 11
8 6 8 22
8 6 9 118
8 6 10 125
8 6 11 89
8 6 12 96
8 6 13 3
8 6 14 62
8 6 15 117
8 6 16 124
8 6 17 88
8 6 18 28
8 6 19 102
8 6 20 77
8 6 21 27
8 6 22 47
8 6 23 85
8 6 24 94
8 6 25 6
8 6 26 108
8 6 27 12
8 6 28 2
8 6 29 86
8 6 30 33
8 6 31 37
8 6 32 72
8 6 33 21
8 6 34 121
8 6 35 70
8 6 36 60
8 6 37 16
8 6 38 106
8 6 39 113
8 6 40 36
8 6 41 44
8 6 42 50
8 7 0 50
8 7 1 18
8 7 2 47
8 7 3 67
8 7 4 61
8 7 5 57
8 7 6 5
8 7 7 42
8 7 8 45
8 7 9 84
8 7 10 78
8 7 11 55
8 7 12 22
8 7 13 52
8 7 14 72
8 7 15 49
8 7 16 56
8 7 17 31
8 7 18 48
8 7 19 43
8 7 20 27
8 7 21 83
8 7 22 75
8 7 23 71
8 7 24 39
8 7 25 63
8 7 26 7
8 7 27 10
8 7 28 51
8 7 29 1
8 7 30 36
8 7 31 82
8 7 32 12
8 7 33 74
8 7 34 70
8 7 35 62
8 7 36 17
8 7 37 59
8 7 38 54
8 7 39 15
8 7 40 46
8 7 41 53
8 7 42 73
8 8 0 22
8 8 1 117
8 8 2 124
8 8 3 88
8 8 4 95
8 8 5 21
8 8 6 38
8 8 7 116
8 8 8 123
8 8 9 87
8 8 10 67
8 8 11 37
8 8 12 80
8 8 13 56
8 8 14 52
8 8 15 58
8 8 16 36
8 8 17 100
8 8 18 107
8 8 19 1
8 8 20 85
8 8 21 75
8 8 22 92
8 8 23 26
8 8 24 73
8 8 25 17
8 8 26 34
8 8 27 8
8 8 28 25
8 8 29 42
8 8 30 105
8 8 31 33
8 8 32 119
8 8 33 60
8 8 34 55
8 8 35 15
8 8 36 68
8 8 37 111
8 8 38 23
8 8 39 125
8 8 40 89
8 8 41 96
8 8 42 83
8 9 0 53
8 9 1 85
8 9 2 65
8 9 3 94
8 9 4 17
8 9 5 11
8 9 6 115
8 9 7 122
8 9 8 86
8 9 9 93
8 9 10 41
8 9 11 107
8 9 12 76
8 9 13 72
8 9 14 56
8 9 15 1
8 9 16 99
8 9 17 106
8 9 18 42
8 9 19 120
8 9 20 52
8 9 21 91
8 9 22 4
8 9 23 105
8 9 24 23
8 9 25 15
8 9 26 126
8 9 27 6
8 9 28 9
8 9 29 104
8 9 30 20
8 9 31 118
8 9 32 125
8 9 33 89
8 9 34 32
8 9 35 83
8 9 36 110
8 9 37 28
8 9 38 69
8 9 39 66
8 9 40 59
8 9 41 61
8 9 42 37
8 10 0 45
8 10 1 52
8 10 2 75
8 10 3 37
8 10 4 5
8 10 5 114
8 10 6 121
8 10 7 56
8 10 8 69
8 10 9 33
8 10 10 106
8 10 11 79
8 10 12 120
8 10 13 44
8 10 14 23
8 10 15 98
8 10 16 60
8 10 17 0
8 10 18 62
8 10 19 65
8 10 20 90
8 10 21 38
8 10 22 104
8 10 23 22
8 10 24 26
8 10 25 125
8 10 26 14
8 10 27 4
8 10 28 103
8 10 29 10
8 10 30 61
8 10 31 47
8 10 32 82
8 10 33 32
8 10 34 83
8 10 35 109
8 10 36 31
8 10 37 123
8 10 38 87
8 10 39 74
8 10 40 101
8 10 41 13
8 10 42 57
8 11 0 61
8 11 1 92
8 11 2 35
8 11 3 30
8 11 4 113
8 11 5 44
8 11 6 37
8 11 7 81
8 11 8 21
8 11 9 67
8 11 10 112
8 11 11 71
8 11 12 53
8 11 13 36
8 11 14 97
8 11 15 55
8 11 16 3
8 11 17 76
8 11 18 125
8 11 19 79
8 11 20 42
8 11 21 103
8 11 22 20
8 11 23 28
8 11 24 124
8 11 25 29
8 11 26 10
8 11 27 102
8 11 28 32
8 11 29 116
8 11 30 123
8 11 31 87
8 11 32 27
8 11 33 101
8 11 34 108
8 11 35 6
8 11 36 122
8 11 37 86
8 11 38 93
8 11 39 58
8 11 40 38
8 11 41 50
8 11 42 72
8 12 0 91
8 12 1 38
8 12 2 11
8 12 3 68
8 12 4 119
8 12 5 126
8 12 6 74
8 12 7 35
8 12 8 66
8 12 9 81
8 12 10 84
8 12 11 125
8 12 12 18
8 12 13 60
8 12 14 69
8 12 15 25
8 12 16 117
8 12 17 82
8 12 18 88
8 12 19 36
8 12 20 102
8 12 21 1
8 12 22 23
8 12 23 123
8 12 24 2
8 12 25 20
8 12 26 67
8 12 27 0
8 12 28 115
8 12 29 122
8 12 30 86
8 12 31 12
8 12 32 75
8 12 33 73
8 12 34 15
8 12 35 121
8 12 36 45
8 12 37 61
8 12 38 47
8 12 39 13
8 12 40 55
8 12 41 120
8 12 42 48
8 13 0 5
8 13 1 36
8 13 2 111
8 13 3 118
8 13 4 69
8 13 5 89
8 13 6 27
8 13 7 54
8 13 8 73
8 13 9 117
8 13 10 79
8 13 11 40
8 13 12 95
8 13 13 63
8 13 14 10
8 13 15 82
8 13 16 123
8 13 17 53
8 13 18 26
8 13 19 56
8 13 20 15
8 13 21 11
8 13 22 122
8 13 23 14
8 13 24 1
8 13 25 100
8 13 26 19
8 13 27 114
8 13 28 121
8 13 29 61
8 13 30 16
8 13 31 44
8 13 32 71
8 13 33 28
8 13 34 43
8 13 35 42
8 13 36 70
8 13 37 64
8 13 38 0
8 13 39 112
8 13 40 72
8 13 41 80
8 13 42 90
8 14 0 4
8 14 1 110
8 14 2 49
8 14 3 124
8 14 4 54
8 14 5 41
8 14 6 50
8 14 7 57
8 14 8 63
8 14 9 123
8 14 10 25
8 14 11 94
8 14 12 101
8 14 13 33
8 14 14 65
8 14 15 122
8 14 16 76
8 14 17 32
8 14 18 100
8 14 19 5
8 14 20 19
8 14 21 121
8 14 22 9
8 14 23 7
8 14 24 99
8 14 25 12
8 14 26 113
8 14 27 51
8 14 28 23
8 14 29 13
8 14 30 52
8 14 31 105
8 14 32 34
8 14 33 119
8 14 34 126
8 14 35 47
8 14 36 64
8 14 37 3
8 14 38 70
8 14 39 77
8 14 40 125
8 14 41 56
8 14 42 21
8 15 0 109
8 15 1 116
8 15 2 59
8 15 3 87
8 15 4 38
8 15 5 101
8 15 6 58
8 15 7 65
8 15 8 122
8 15 9 39
8 15 10 64
8 15 11 49
8 15 12 12
8 15 13 50
8 15 14 121
8 15 15 71
8 15 16 28
8 15 17 99
8 15 18 31
8 15 19 29
8 15 20 120
8 15 21 6
8 15 22 37
8 15 23 98
8 15 24 4
8 15 25 80
8 15 26 119
8 15 27 126
8 15 28 11
8 15 29 68
8 15 30 104
8 15 31 40
8 15 32 118
8 15 33 83
8 15 34 89
8 15 35 96
8 15 36 35
8 15 37 48
8 15 38 117
8 15 39 55
8 15 40 88
8 15 41 33
8 15 42 5
8 16 0 115
8 16 1 71
8 16 2 86
8 16 3 42
8 16 4 57
8 16 5 107
8 16 6 83
8 16 7 121
8 16 8 18
8 16 9 92
8 16 10 69
8 16 11 21
8 16 12 62
8 16 13 73
8 16 14 82
8 16 15 37
8 16 16 98
8 16 17 38
8 16 18 25
8 16 19 119
8 16 20 14
8 16 21 39
8 16 22 97
8 16 23 32
8 16 24 111
8 16 25 118
8 16 26 80
8 16 27 35
8 16 28 96
8 16 29 103
8 16 30 19
8 16 31 77
8 16 32 124
8 16 33 48
8 16 34 61
8 16 35 16
8 16 36 66
8 16 37 52
8 16 38 123
8 16 39 51
8 16 40 28
8 16 41 22
8 16 42 108
8 17 0 44
8 17 1 82
8 17 2 34
8 17 3 71
8 17 4 106
8 17 5 43
8 17 6 70
8 17 7 30
8 17 8 91
8 17 9 59
8 17 10 11
8 17 11 112
8 17 12 119
8 17 13 45
8 17 14 12
8 17 15 97
8 17 16 18
8 17 17 9
8 17 18 118
8 17 19 3
8 17 20 7
8 17 21 85
8 17 22 22
8 17 23 110
8 17 24 83
8 17 25 124
8 17 26 0
8 17 27 54
8 17 28 102
8 17 29 35
8 17 30 116
8 17 31 81
8 17 32 87
8 17 33 68
8 17 34 41
8 17 35 74
8 17 36 56
8 17 37 122
8 17 38 52
8 17 39 33
8 17 40 13
8 17 41 69
8 17 42 114
8 18 0 33
8 18 1 12
8 18 2 55
8 18 3 62
8 18 4 112
8 18 5 119
8 18 6 35
8 18 7 90
8 18 8 52
8 18 9 1
8 18 10 59
8 18 11 118
8 18 12 125
8 18 13 22
8 18 14 85
8 18 15 14
8 18 16 2
8 18 17 117
8 18 18 21
8 18 19 20
8 18 20 95
8 18 21 37
8 18 22 109
8 18 23 116
8 18 24 69
8 18 25 30
8 18 26 81
8 18 27 78
8 18 28 3
8 18 29 115
8 18 30 66
8 18 31 86
8 18 32 93
8 18 33 24
8 18 34 107
8 18 35 63
8 18 36 121
8 18 37 57
8 18 38 29
8 18 39 5
8 18 40 64
8 18 41 113
8 18 42 120
8 19 0 41
8 19 1 46
8 19 2 70
8 19 3 77
8 19 4 118
8 19 5 42
8 19 6 55
8 19 7 96
8 19 8 13
8 19 9 50
8 19 10 61
8 19 11 66
8 19 12 27
8 19 13 95
8 19 14 38
8 19 15 7
8 19 16 116
8 19 17 11
8 19 18 14
8 19 19 94
8 19 20 26
8 19 21 108
8 19 22 115
8 19 23 44
8 19 24 17
8 19 25 93
8 19 26 100
8 19 27 29
8 19 28 114
8 19 29 57
8 19 30 71
8 19 31 52
8 19 32 21
8 19 33 106
8 19 34 80
8 19 35 64
8 19 36 48
8 19 37 1
8 19 38 19
8 19 39 105
8 19 40 78
8 19 41 75
8 19 42 126
8 20 0 96
8 20 1 59
8 20 2 77
8 20 3 48
8 20 4 41
8 20 5 88
8 20 6 69
8 20 7 13
8 20 8 75
8 20 9 116
8 20 10 123
8 20 11 2
8 20 12 94
8 20 13 30
8 20 14 34
8 20 15 115
8 20 16 0
8 20 17 10
8 20 18 79
8 20 19 6
8 20 20 51
8 20 21 114
8 20 22 74
8 20 23 16
8 20 24 43
8 20 25 99
8 20 26 31
8 20 27 113
8 20 28 120
8 20 29 38
8 20 30 44
8 20 31 18
8 20 32 56
8 20 33 112
8 20 34 119
8 20 35 78
8 20 36 42
8 20 37 17
8 20 38 104
8 20 39 111
8 20 40 61
8 20 41 62
8 20 42 15
8 21 0 79
8 21 1 77
8 21 2 116
8 21 3 19
8 21 4 58
8 21 5 46
8 21 6 4
8 21 7 60
8 21 8 115
8 21 9 122
8 21 10 36
8 21 11 61
8 21 12 41
8 21 13 9
8 21 14 114
8 21 15 33
8 21 16 6
8 21 17 92
8 21 18 27
8 21 19 47
8 21 20 113
8 21 21 120
8 21 22 35
8 21 23 57
8 21 24 98
8 21 25 39
8 21 26 51
8 21 27 49
8 21 28 126
8 21 29 63
8 21 30 25
8 21 31 75
8 21 32 53
8 21 33 118
8 21 34 125
8 21 35 32
8 21 36 40
8 21 37 103
8 21 38 110
8 21 39 117
8 21 40 124
8 21 41 20
8 21 42 43
8 22 0 67
8 22 1 115
8 22 2 19
8 22 3 59
8 22 4 93
8 22 5 5
8 22 6 107
8 22 7 114
8 22 8 121
8 22 9 11
8 22 10 92
8 22 11 7
8 22 12 15
8 22 13 113
8 22 14 2
8 22 15 4
8 22 16 91
8 22 17 23
8 22 18 105
8 22 19 74
8 22 20 47
8 22 21 0
8 22 22 46
8 22 23 97
8 22 24 25
8 22 25 111
8 22 26 70
8 22 27 76
8 22 28 89
8 22 29 14
8 22 30 55
8 22 31 61
8 22 32 51
8 22 33 80
8 22 34 27
8 22 35 29
8 22 36 102
8 22 37 109
8 22 38 82
8 22 39 85
8 22 40 16
8 22 41 81
8 22 42 101
8 23 0 114
8 23 1 35
8 23 2 48
8 23 3 45
8 23 4 21
8 23 5 106
8 23 6 113
8 23 7 59
8 23 8 16
8 23 9 91
8 23 10 20
8 23 11 9
8 23 12 112
8 23 13 13
8 23 14 37
8 23 15 90
8 23 16 10
8 23 17 104
8 23 18 111
8 23 19 67
8 23 20 2
8 23 21 89
8 23 22 66
8 23 23 39
8 23 24 110
8 23 25 117
8 23 26 124
8 23 27 65
8 23 28 14
8 23 29 79
8 23 30 85
8 23 31 116
8 23 32 123
8 23 33 17
8 23 34 29
8 23 35 77
8 23 36 108
8 23 37 47
8 23 38 72
8 23 39 24
8 23 40 93
8 23 41 49
8 23 42 107
8 24 0 24
8 24 1 51
8 24 2 72
8 24 3 23
8 24 4 74
8 24 5 81
8 24 6 119
8 24 7 25
8 24 8 90
8 24 9 42
8 24 10 5
8 24 11 111
8 24 12 36
8 24 13 20
8 24 14 83
8 24 15 27
8 24 16 103
8 24 17 110
8 24 18 117
8 24 19 13
8 24 20 84
8 24 21 95
8 24 22 33
8 24 23 109
8 24 24 65
8 24 25 46
8 24 26 87
8 24 27 19
8 24 28 101
8 24 29 58
8 24 30 115
8 24 31 122
8 24 32 28
8 24 33 30
8 24 34 100
8 24 35 57
8 24 36 67
8 24 37 85
8 24 38 34
8 24 39 78
8 24 40 48
8 24 41 106
8 24 42 113
8 25 0 70
8 25 1 81
8 25 2 13
8 25 3 53
8 25 4 111
8 25 5 118
8 25 6 12
8 25 7 51
8 25 8 1
8 25 9 30
8 25 10 110
8 25 11 3
8 25 12 6
8 25 13 88
8 25 14 28
8 25 15 102
8 25 16 109
8 25 17 48
8 25 18 38
8 25 19 87
8 25 20 94
8 25 21 17
8 25 22 108
8 25 23 63
8 25 24 66
8 25 25 86
8 25 26 16
8 25 27 72
8 25 28 107
8 25 29 114
8 25 30 121
8 25 31 32
8 25 32 29
8 25 33 99
8 25 34 60
8 25 35 44
8 25 36 120
8 25 37 40
8 25 38 45
8 25 39 73
8 25 40 71
8 25 41 52
8 25 42 27
8 26 0 89
8 26 1 16
8 26 2 46
8 26 3 110
8 26 4 83
8 26 5 28
8 26 6 88
8 26 7 10
8 26 8 15
8 26 9 109
8 26 10 18
8 26 11 41
8 26 12 57
8 26 13 6
8 26 14 68
8 26 15 108
8 26 16 79
8 26 17 36
8 26 18 86
8 26 19 64
8 26 20 17
8 26 21 74
8 26 22 49
8 26 23 53
8 26 24 54
8 26 25 35
8 26 26 82
8 26 27 106
8 26 28 113
8 26 29 43
8 26 30 9
8 26 31 19
8 26 32 98
8 26 33 105
8 26 34 112
8 26 35 85
8 26 36 14
8 26 37 56
8 26 38 65
8 26 39 61
8 26 40 111
8 26 41 31
8 26 42 125
8 27 0 12
8 27 1 61
8 27 2 109
8 27 3 116
8 27 4 4
8 27 5 53
8 27 6 24
8 27 7 33
8 27 8 108
8 27 9 26
8 27 10 42
8 27 11 44
8 27 12 7
8 27 13 100
8 27 14 76
8 27 15 80
8 27 16 20
8 27 17 70
8 27 18 92
8 27 19 31
8 27 20 72
8 27 21 48
8 27 22 120
8 27 23 34
8 27 24 41
8 27 25 78
8 27 26 57
8 27 27 46
8 27 28 119
8 27 29 5
8 27 30 28
8 27 31 97
8 27 32 104
8 27 33 67
8 27 34 68
8 27 35 35
8 27 36 89
8 27 37 96
8 27 38 85
8 27 39 110
8 27 40 37
8 27 41 82
8 27 42 54
8 28 0 101
8 28 1 108
8 28 2 115
8 28 3 20
8 28 4 68
8 28 5 39
8 28 6 7
8 28 7 107
8 28 8 2
8 28 9 34
8 28 10 82
8 28 11 32
8 28 12 99
8 28 13 69
8 28 14 70
8 28 15 23
8 28 16 15
8 28 17 91
8 28 18 16
8 28 19 105
8 28 20 112
8 28 21 78
8 28 22 126
8 28 23 9
8 28 24 64
8 28 25 49
8 28 26 111
8 28 27 118
8 28 28 19
8 28 29 41
8 28 30 83
8 28 31 103
8 28 32 77
8 28 33 117
8 28 34 37
8 28 35 72
8 28 36 58
8 28 37 43
8 28 38 109
8 28 39 40
8 28 40 123
8 28 41 87
8 28 42 36
8 29 0 76
8 29 1 114
8 29 2 39
8 29 3 63
8 29 4 2
8 29 5 29
8 29 6 106
8 29 7 22
8 29 8 10
8 29 9 77
8 29 10 34
8 29 11 98
8 29 12 105
8 29 13 112
8 29 14 13
8 29 15 126
8 29 16 90
8 29 17 25
8 29 18 104
8 29 19 59
8 29 20 44
8 29 21 73
8 29 22 41
8 29 23 96
8 29 24 68
8 29 25 110
8 29 26 62
8 29 27 9
8 29 28 26
8 29 29 95
8 29 30 102
8 29 31 53
8 29 32 81
8 29 33 33
8 29 34 87
8 29 35 67
8 29 36 101
8 29 37 108
8 29 38 28
8 29 39 122
8 29 40 86
8 29 41 15
8 29 42 75
8 30 0 113
8 30 1 25
8 30 2 58
8 30 3 6
8 30 4 37
8 30 5 105
8 30 6 30
8 30 7 14
8 30 8 49
8 30 9 20
8 30 10 97
8 30 11 104
8 30 12 84
8 30 13 1
8 30 14 48
8 30 15 63
8 30 16 31
8 30 17 103
8 30 18 60
8 30 19 117
8 30 20 124
8 30 21 26
8 30 22 77
8 30 23 78
8 30 24 109
8 30 25 116
8 30 26 33
8 30 27 7
8 30 28 94
8 30 29 56
8 30 30 45
8 30 31 67
8 30 32 18
8 30 33 86
8 30 34 93
8 30 35 54
8 30 36 73
8 30 37 34
8 30 38 121
8 30 39 75
8 30 40 3
8 30 41 65
8 30 42 69
8 31 0 27
8 31 1 45
8 31 2 25
8 31 3 14
8 31 4 104
8 31 5 9
8 31 6 20
8 31 7 125
8 31 8 39
8 31 9 62
8 31 10 103
8 31 11 56
8 31 12 23
8 31 13 124
8 31 14 88
8 31 15 19
8 31 16 102
8 31 17 84
8 31 18 80
8 31 19 46
8 31 20 22
8 31 21 60
8 31 22 101
8 31 23 108
8 31 24 115
8 31 25 18
8 31 26 40
8 31 27 59
8 31 28 100
8 31 29 107
8 31 30 63
8 31 31 7
8 31 32 48
8 31 33 49
8 31 34 53
8 31 35 71
8 31 36 0
8 31 37 81
8 31 38 1
8 31 39 36
8 31 40 66
8 31 41 105
8 31 42 77
8 32 0 125
8 32 1 17
8 32 2 33
8 32 3 103
8 32 4 26
8 32 5 35
8 32 6 51
8 32 7 12
8 32 8 95
8 32 9 102
8 32 10 49
8 32 11 4
8 32 12 64
8 32 13 75
8 32 14 22
8 32 15 50
8 32 16 74
8 32 17 72
8 32 18 57
8 32 19 24
8 32 20 93
8 32 21 58
8 32 22 85
8 32 23 114
8 32 24 31
8 32 25 11
8 32 26 92
8 32 27 99
8 32 28 106
8 32 29 73
8 32 30 18
8 32 31 25
8 32 32 79
8 32 33 82
8 32 34 105
8 32 35 28
8 32 36 119
8 32 37 126
8 32 38 39
8 32 39 54
8 32 40 104
8 32 41 111
8 32 42 9
8 33 0 18
8 33 1 41
8 33 2 102
8 33 3 1
8 33 4 6
8 33 5 123
8 33 6 31
8 33 7 94
8 33 8 64
8 33 9 71
8 33 10 0
8 33 11 73
8 33 12 51
8 33 13 28
8 33 14 100
8 33 15 107
8 33 16 54
8 33 17 67
8 33 18 2
8 33 19 60
8 33 20 78
8 33 21 45
8 33 22 113
8 33 23 40
8 33 24 7
8 33 25 91
8 33 26 98
8 33 27 44
8 33 28 112
8 33 29 24
8 33 30 126
8 33 31 56
8 33 32 80
8 33 33 104
8 33 34 42
8 33 35 118
8 33 36 61
8 33 37 23
8 33 38 96
8 33 39 103
8 33 40 110
8 33 41 10
8 33 42 62
8 34 0 13
8 34 1 101
8 34 2 29
8 34 3 15
8 34 4 122
8 34 5 4
8 34 6 43
8 34 7 100
8 34 8 107
8 34 9 3
8 34 10 57
8 34 11 54
8 34 12 32
8 34 13 99
8 34 14 106
8 34 15 53
8 34 16 120
8 34 17 19
8 34 18 73
8 34 19 55
8 34 20 105
8 34 21 68
8 34 22 30
8 34 23 27
8 34 24 90
8 34 25 97
8 34 26 60
8 34 27 66
8 34 28 0
8 34 29 80
8 34 30 89
8 34 31 96
8 34 32 103
8 34 33 42
8 34 34 79
8 34 35 124
8 34 36 21
8 34 37 78
8 34 38 102
8 34 39 109
8 34 40 31
8 34 41 123
8 34 42 10
8 35 0 100
8 35 1 11
8 35 2 17
8 35 3 121
8 35 4 34
8 35 5 92
8 35 6 99
8 35 7 106
8 35 8 36
8 35 9 120
8 35 10 43
8 35 11 35
8 35 12 98
8 35 13 78
8 35 14 112
8 35 15 64
8 35 16 25
8 35 17 60
8 35 18 63
8 35 19 104
8 35 20 111
8 35 21 29
8 35 22 31
8 35 23 65
8 35 24 51
8 35 25 84
8 35 26 47
8 35 27 40
8 35 28 124
8 35 29 69
8 35 30 75
8 35 31 102
8 35 32 26
8 35 33 116
8 35 34 56
8 35 35 3
8 35 36 55
8 35 37 71
8 35 38 108
8 35 39 32
8 35 40 122
8 35 41 39
8 35 42 23
8 36 0 7
8 36 1 39
8 36 2 84
8 36 3 0
8 36 4 91
8 36 5 98
8 36 6 85
8 36 7 38
8 36 8 56
8 36 9 44
8 36 10 24
8 36 11 97
8 36 12 68
8 36 13 66
8 36 14 59
8 36 15 35
8 36 16 89
8 36 17 96
8 36 18 103
8 36 19 110
8 36 20 30
8 36 21 42
8 36 22 88
8 36 23 95
8 36 24 49
8 36 25 70
8 36 26 2
8 36 27 82
8 36 28 87
8 36 29 53
8 36 30 51
8 36 31 20
8 36 32 115
8 36 33 45
8 36 34 14
8 36 35 93
8 36 36 100
8 36 37 55
8 36 38 6
8 36 39 121
8 36 40 22
8 36 41 3
8 36 42 99
8 37 0 9
8 37 1 119
8 37 2 5
8 37 3 90
8 37 4 97
8 37 5 70
8 37 6 11
8 37 7 76
8 37 8 125
8 37 9 40
8 37 10 54
8 37 11 68
8 37 12 43
8 37 13 117
8 37 14 0
8 37 15 83
8 37 16 84
8 37 17 102
8 37 18 109
8 37 19 30
8 37 20 32
8 37 21 67
8 37 22 94
8 37 23 101
8 37 24 46
8 37 25 2
8 37 26 58
8 37 27 86
8 37 28 93
8 37 29 100
8 37 30 34
8 37 31 114
8 37 32 59
8 37 33 16
8 37 34 71
8 37 35 99
8 37 36 51
8 37 37 36
8 37 38 66
8 37 39 12
8 37 40 14
8 37 41 98
8 37 42 1
8 38 0 118
8 38 1 23
8 38 2 79
8 38 3 84
8 38 4 52
8 38 5 12
8 38 6 117
8 38 7 47
8 38 8 40
8 38 9 95
8 38 10 68
8 38 11 75
8 38 12 56
8 38 13 39
8 38 14 87
8 38 15 70
8 38 16 67
8 38 17 108
8 38 18 19
8 38 19 27
8 38 20 54
8 38 21 81
8 38 22 65
8 38 23 107
8 38 24 34
8 38 25 50
8 38 26 74
8 38 27 45
8 38 28 99
8 38 29 20
8 38 30 113
8 38 31 120
8 38 32 24
8 38 33 58
8 38 34 98
8 38 35 105
8 38 36 32
8 38 37 119
8 38 38 10
8 38 39 26
8 38 40 97
8 38 41 7
8 38 42 18
8 39 0 14
8 39 1 88
8 39 2 95
8 39 3 43
8 39 4 3
8 39 5 50
8 39 6 123
8 39 7 18
8 39 8 94
8 39 9 101
8 39 10 83
8 39 11 47
8 39 12 1
8 39 13 86
8 39 14 93
8 39 15 100
8 39 16 81
8 39 17 42
8 39 18 17
8 39 19 45
8 39 20 92
8 39 21 82
8 39 22 106
8 39 23 41
8 39 24 120
8 39 25 21
8 39 26 79
8 39 27 98
8 39 28 28
8 39 29 67
8 39 30 64
8 39 31 0
8 39 32 76
8 39 33 97
8 39 34 104
8 39 35 10
8 39 36 118
8 39 37 6
8 39 38 16
8 39 39 96
8 39 40 25
8 39 41 29
8 39 42 60
8 40 0 57
8 40 1 94
8 40 2 101
8 40 3 3
8 40 4 43
8 40 5 122
8 40 6 17
8 40 7 75
8 40 8 59
8 40 9 107
8 40 10 74
8 40 11 18
8 40 12 63
8 40 13 58
8 40 14 99
8 40 15 76
8 40 16 40
8 40 17 15
8 40 18 50
8 40 19 91
8 40 20 46
8 40 21 71
8 40 22 38
8 40 23 77
8 40 24 126
8 40 25 64
8 40 26 97
8 40 27 30
8 40 28 111
8 40 29 48
8 40 30 42
8 40 31 89
8 40 32 62
8 40 33 103
8 40 34 33
8 40 35 60
8 40 36 2
8 40 37 5
8 40 38 95
8 40 39 9
8 40 40 21
8 40 41 116
8 40 42 32
8 41 0 72
8 41 1 83
8 41 2 15
8 41 3 76
8 41 4 121
8 41 5 24
8 41 6 92
8 41 7 62
8 41 8 106
8 41 9 45
8 41 10 4
8 41 11 26
8 41 12 74
8 41 13 98
8 41 14 105
8 41 15 11
8 41 16 30
8 41 17 51
8 41 18 90
8 41 19 50
8 41 20 79
8 41 21 35
8 41 22 84
8 41 23 54
8 41 24 89
8 41 25 68
8 41 26 13
8 41 27 110
8 41 28 117
8 41 29 29
8 41 30 65
8 41 31 95
8 41 32 102
8 41 33 22
8 41 34 116
8 41 35 39
8 41 36 38
8 41 37 94
8 41 38 14
8 41 39 2
8 41 40 115
8 41 41 37
8 41 42 63
8 42 0 52
8 42 1 5
8 42 2 53
8 42 3 81
8 42 4 29
8 42 5 91
8 42 6 80
8 42 7 44
8 42 8 112
8 42 9 25
8 42 10 126
8 42 11 43
8 42 12 97
8 42 13 104
8 42 14 3
8 42 15 26
8 42 16 125
8 42 17 47
8 42 18 96
8 42 19 54
8 42 20 18
8 42 21 117
8 42 22 124
8 42 23 62
8 42 24 95
8 42 25 24
8 42 26 109
8 42 27 77
8 42 28 16
8 42 29 87
8 42 30 94
8 42 31 65
8 42 32 37
8 42 33 115
8 42 34 9
8 42 35 13
8 42 36 93
8 42 37 7
8 42 38 41
8 42 39 114
8 42 40 4
8 42 41 74
8 42 42 92
9 0 0 54
9 0 1 82
9 0 2 30
9 0 3 91
9 0 4 81
9 0 5 45
9 0 6 112
9 0 7 26
9 0 8 126
9 0 9 44
9 0 10 97
9 0 11 104
9 0 12 4
9 0 13 27
9 0 14 125
9 0 15 48
9 0 16 96
9 0 17 55
9 0 18 19
9 0 19 117
9 0 20 124
9 0 21 63
9 0 22 95
9 0 23 25
9 0 24 109
9 0 25 78
9 0 26 17
9 0 27 87
9 0 28 94
9 0 29 66
9 0 30 38
9 0 31 115
9 0 32 10
9 0 33 14
9 0 34 93
9 0 35 8
9 0 36 42
9 0 37 114
9 0 38 5
9 0 39 75
9 0 40 92
9 0 41 53
9 0 42 6
9 1 0 119
9 1 1 42
9 1 2 90
9 1 3 83
9 1 4 46
9 1 5 53
9 1 6 18
9 1 7 49
9 1 8 89
9 1 9 54
9 1 10 103
9 1 11 38
9 1 12 32
9 1 13 47
9 1 14 88
9 1 15 69
9 1 16 76
9 1 17 1
9 1 18 82
9 1 19 56
9 1 20 87
9 1 21 94
9 1 22 41
9 1 23 108
9 1 24 51
9 1 25 25
9 1 26 86
9 1 27 52
9 1 28 100
9 1 29 28
9 1 30 114
9 1 31 21
9 1 32 3
9 1 33 92
9 1 34 35
9 1 35 22
9 1 36 113
9 1 37 23
9 1 38 70
9 1 39 91
9 1 40 81
9 1 41 39
9 1 42 112
9 2 0 21
9 2 1 67
9 2 2 96
9 2 3 73
9 2 4 49
9 2 5 22
9 2 6 124
9 2 7 77
9 2 8 95
9 2 9 102
9 2 10 12
9 2 11 27
9 2 12 123
9 2 13 66
9 2 14 74
9 2 15 101
9 2 16 25
9 2 17 82
9 2 18 76
9 2 19 86
9 2 20 60
9 2 21 20
9 2 22 75
9 2 23 59
9 2 24 6
9 2 25 85
9 2 26 92
9 2 27 99
9 2 28 13
9 2 29 113
9 2 30 23
9 2 31 11
9 2 32 91
9 2 33 31
9 2 34 29
9 2 35 47
9 2 36 32
9 2 37 50
9 2 38 90
9 2 39 64
9 2 40 5
9 2 41 83
9 2 42 118
9 3 0 88
9 3 1 62
9 3 2 65
9 3 3 80
9 3 4 19
9 3 5 72
9 3 6 87
9 3 7 94
9 3 8 78
9 3 9 13
9 3 10 39
9 3 11 122
9 3 12 55
9 3 13 93
9 3 14 48
9 3 15 14
9 3 16 56
9 3 17 85
9 3 18 58
9 3 19 92
9 3 20 26
9 3 21 73
9 3 22 71
9 3 23 4
9 3 24 37
9 3 25 91
9 3 26 98
9 3 27 5
9 3 28 79
9 3 29 10
9 3 30 8
9 3 31 90
9 3 32 41
9 3 33 12
9 3 34 111
9 3 35 28
9 3 36 125
9 3 37 64
9 3 38 96
9 3 39 27
9 3 40 77
9 3 41 43
9 3 42 35
9 4 0 75
9 4 1 101
9 4 2 79
9 4 3 33
9 4 4 65
9 4 5 86
9 4 6 59
9 4 7 100
9 4 8 24
9 4 9 12
9 4 10 121
9 4 11 85
9 4 12 74
9 4 13 53
9 4 14 17
9 4 15 45
9 4 16 120
9 4 17 18
9 4 18 91
9 4 19 32
9 4 20 105
9 4 21 112
9 4 22 1
9 4 23 126
9 4 24 90
9 4 25 97
9 4 26 41
9 4 27 111
9 4 28 16
9 4 29 3
9 4 30 89
9 4 31 6
9 4 32 2
9 4 33 110
9 4 34 34
9 4 35 67
9 4 36 88
9 4 37 70
9 4 38 7
9 4 39 48
9 4 40 116
9 4 41 20
9 4 42 50
9 5 0 67
9 5 1 107
9 5 2 25
9 5 3 77
9 5 4 47
9 5 5 92
9 5 6 99
9 5 7 6
9 5 8 22
9 5 9 71
9 5 10 51
9 5 11 58
9 5 12 46
9 5 13 4
9 5 14 112
9 5 15 72
9 5 16 126
9 5 17 90
9 5 18 2
9 5 19 104
9 5 20 63
9 5 21 5
9 5 22 64
9 5 23 56
9 5 24 85
9 5 25 17
9 5 26 110
9 5 27 40
9 5 28 15
9 5 29 88
9 5 30 37
9 5 31 16
9 5 32 109
9 5 33 24
9 5 34 123
9 5 35 81
9 5 36 84
9 5 37 35
9 5 38 43
9 5 39 115
9 5 40 42
9 5 41 59
9 5 42 93
9 6 0 106
9 6 1 39
9 6 2 120
9 6 3 23
9 6 4 91
9 6 5 98
9 6 6 30
9 6 7 25
9 6 8 119
9 6 9 81
9 6 10 61
9 6 11 50
9 6 12 22
9 6 13 85
9 6 14 44
9 6 15 80
9 6 16 77
9 6 17 11
9 6 18 103
9 6 19 63
9 6 20 33
9 6 21 124
9 6 22 88
9 6 23 95
9 6 24 28
9 6 25 109
9 6 26 7
9 6 27 31
9 6 28 87
9 6 29 32
9 6 30 40
9 6 31 108
9 6 32 18
9 6 33 122
9 6 34 51
9 6 35 93
9 6 36 14
9 6 37 107
9 6 38 114
9 6 39 24
9 6 40 47
9 6 41 74
9 6 42 70
9 7 0 27
9 7 1 79
9 7 2 126
9 7 3 90
9 7 4 97
9 7 5 12
9 7 6 23
9 7 7 118
9 7 8 125
9 7 9 89
9 7 10 96
9 7 11 4
9 7 12 63
9 7 13 117
9 7 14 124
9 7 15 88
9 7 16 29
9 7 17 102
9 7 18 78
9 7 19 28
9 7 20 48
9 7 21 43
9 7 22 94
9 7 23 7
9 7 24 108
9 7 25 13
9 7 26 3
9 7 27 86
9 7 28 34
9 7 29 38
9 7 30 73
9 7 31 22
9 7 32 121
9 7 33 71
9 7 34 61
9 7 35 17
9 7 36 106
9 7 37 113
9 7 38 37
9 7 39 45
9 7 40 51
9 7 41 47
9 7 42 66
9 8 0 48
9 8 1 68
9 8 2 62
9 8 3 58
9 8 4 6
9 8 5 0
9 8 6 46
9 8 7 85
9 8 8 79
9 8 9 56
9 8 10 23
9 8 11 53
9 8 12 73
9 8 13 50
9 8 14 57
9 8 15 32
9 8 16 49
9 8 17 44
9 8 18 28
9 8 19 84
9 8 20 76
9 8 21 72
9 8 22 40
9 8 23 64
9 8 24 8
9 8 25 11
9 8 26 52
9 8 27 2
9 8 28 37
9 8 29 83
9 8 30 13
9 8 31 75
9 8 32 71
9 8 33 63
9 8 34 18
9 8 35 60
9 8 36 55
9 8 37 16
9 8 38 47
9 8 39 54
9 8 40 74
9 8 41 51
9 8 42 19
9 9 0 124
9 9 1 88
9 9 2 95
9 9 3 22
9 9 4 39
9 9 5 116
9 9 6 123
9 9 7 87
9 9 8 68
9 9 9 38
9 9 10 81
9 9 11 57
9 9 12 53
9 9 13 59
9 9 14 37
9 9 15 100
9 9 16 107
9 9 17 2
9 9 18 43
9 9 19 76
9 9 20 92
9 9 21 27
9 9 22 74
9 9 23 18
9 9 24 35
9 9 25 9
9 9 26 26
9 9 27 0
9 9 28 105
9 9 29 34
9 9 30 119
9 9 31 61
9 9 32 56
9 9 33 16
9 9 34 69
9 9 35 111
9 9 36 24
9 9 37 125
9 9 38 89
9 9 39 96
9 9 40 84
9 9 41 23
9 9 42 117
9 10 0 66
9 10 1 94
9 10 2 18
9 10 3 12
9 10 4 115
9 10 5 122
9 10 6 86
9 10 7 93
9 10 8 42
9 10 9 107
9 10 10 77
9 10 11 73
9 10 12 57
9 10 13 2
9 10 14 99
9 10 15 106
9 10 16 0
9 10 17 120
9 10 18 53
9 10 19 91
9 10 20 5
9 10 21 105
9 10 22 24
9 10 23 16
9 10 24 126
9 10 25 7
9 10 26 10
9 10 27 104
9 10 28 21
9 10 29 118
9 10 30 125
9 10 31 89
9 10 32 33
9 10 33 84
9 10 34 110
9 10 35 29
9 10 36 70
9 10 37 67
9 10 38 60
9 10 39 62
9 10 40 38
9 10 41 54
9 10 42 43
9 11 0 76
9 11 1 38
9 11 2 6
9 11 3 114
9 11 4 121
9 11 5 57
9 11 6 70
9 11 7 34
9 11 8 106
9 11 9 80
9 11 10 120
9 11 11 45
9 11 12 24
9 11 13 98
9 11 14 61
9 11 15 1
9 11 16 63
9 11 17 66
9 11 18 90
9 11 19 39
9 11 20 104
9 11 21 23
9 11 22 27
9 11 23 125
9 11 24 15
9 11 25 5
9 11 26 103
9 11 27 11
9 11 28 62
9 11 29 48
9 11 30 83
9 11 31 33
9 11 32 84
9 11 33 109
9 11 34 32
9 11 35 123
9 11 36 87
9 11 37 75
9 11 38 101
9 11 39 14
9 11 40 58
9 11 41 46
9 11 42 53
9 12 0 36
9 12 1 31
9 12 2 113
9 12 3 45
9 12 4 38
9 12 5 82
9 12 6 22
9 12 7 68
9 12 8 112
9 12 9 72
9 12 10 54
9 12 11 37
9 12 12 97
9 12 13 56
9 12 14 4
9 12 15 77
9 12 16 125
9 12 17 80
9 12 18 0
9 12 19 103
9 12 20 21
9 12 21 29
9 12 22 124
9 12 23 30
9 12 24 11
9 12 25 102
9 12 26 33
9 12 27 116
9 12 28 123
9 12 29 87
9 12 30 28
9 12 31 101
9 12 32 108
9 12 33 7
9 12 34 122
9 12 35 86
9 12 36 93
9 12 37 59
9 12 38 39
9 12 39 51
9 12 40 73
9 12 41 62
9 12 42 92
9 13 0 12
9 13 1 69
9 13 2 119
9 13 3 126
9 13 4 75
9 13 5 36
9 13 6 67
9 13 7 82
9 13 8 85
9 13 9 125
9 13 10 19
9 13 11 61
9 13 12 70
9 13 13 26
9 13 14 117
9 13 15 83
9 13 16 88
9 13 17 37
9 13 18 102
9 13 19 2
9 13 20 24
9 13 21 123
9 13 22 3
9 13 23 21
9 13 24 68
9 13 25 1
9 13 26 115
9 13 27 122
9 13 28 86
9 13 29 13
9 13 30 76
9 13 31 74
9 13 32 16
9 13 33 121
9 13 34 46
9 13 35 62
9 13 36 48
9 13 37 14
9 13 38 56
9 13 39 120
9 13 40 49
9 13 41 91
9 13 42 39
9 14 0 111
9 14 1 118
9 14 2 70
9 14 3 89
9 14 4 28
9 14 5 55
9 14 6 74
9 14 7 117
9 14 8 80
9 14 9 41
9 14 10 95
9 14 11 64
9 14 12 11
9 14 13 83
9 14 14 123
9 14 15 54
9 14 16 27
9 14 17 57
9 14 18 16
9 14 19 12
9 14 20 122
9 14 21 15
9 14 22 2
9 14 23 100
9 14 24 20
9 14 25 114
9 14 26 121
9 14 27 62
9 14 28 17
9 14 29 45
9 14 30 72
9 14 31 29
9 14 32 44
9 14 33 0
9 14 34 71
9 14 35 65
9 14 36 1
9 14 37 112
9 14 38 73
9 14 39 81
9 14 40 90
9 14 41 6
9 14 42 37
9 15 0 50
9 15 1 124
9 15 2 55
9 15 3 42
9 15 4 51
9 15 5 58
9 15 6 64
9 15 7 123
9 15 8 26
9 15 9 94
9 15 10 101
9 15 11 34
9 15 12 66
9 15 13 122
9 15 14 77
9 15 15 33
9 15 16 100
9 15 17 6
9 15 18 20
9 15 19 121
9 15 20 10
9 15 21 8
9 15 22 99
9 15 23 13
9 15 24 113
9 15 25 52
9 15 26 24
9 15 27 14
9 15 28 53
9 15 29 105
9 15 30 35
9 15 31 119
9 15 32 126
9 15 33 48
9 15 34 65
9 15 35 4
9 15 36 71
9 15 37 78
9 15 38 125
9 15 39 57
9 15 40 22
9 15 41 5
9 15 42 110
9 16 0 60
9 16 1 87
9 16 2 39
9 16 3 101
9 16 4 59
9 16 5 66
9 16 6 122
9 16 7 40
9 16 8 65
9 16 9 50
9 16 10 13
9 16 11 51
9 16 12 121
9 16 13 72
9 16 14 29
9 16 15 99
9 16 16 32
9 16 17 30
9 16 18 120
9 16 19 7
9 16 20 38
9 16 21 98
9 16 22 5
9 16 23 81
9 16 24 119
9 16 25 126
9 16 26 12
9 16 27 69
9 16 28 104
9 16 29 41
9 16 30 118
9 16 31 84
9 16 32 89
9 16 33 96
9 16 34 36
9 16 35 49
9 16 36 117
9 16 37 56
9 16 38 88
9 16 39 34
9 16 40 6
9 16 41 109
9 16 42 116
9 17 0 86
9 17 1 0
9 17 2 58
9 17 3 107
9 17 4 84
9 17 5 121
9 17 6 19
9 17 7 92
9 17 8 70
9 17 9 22
9 17 10 63
9 17 11 74
9 17 12 83
9 17 13 38
9 17 14 98
9 17 15 39
9 17 16 26
9 17 17 119
9 17 18 15
9 17 19 40
9 17 20 97
9 17 21 33
9 17 22 111
9 17 23 118
9 17 24 81
9 17 25 36
9 17 26 96
9 17 27 103
9 17 28 20
9 17 29 78
9 17 30 124
9 17 31 49
9 17 32 62
9 17 33 17
9 17 34 67
9 17 35 53
9 17 36 123
9 17 37 52
9 17 38 29
9 17 39 23
9 17 40 108
9 17 41 115
9 17 42 72
9 18 0 35
9 18 1 72
9 18 2 106
9 18 3 44
9 18 4 71
9 18 5 31
9 18 6 91
9 18 7 60
9 18 8 12
9 18 9 112
9 18 10 119
9 18 11 46
9 18 12 13
9 18 13 97
9 18 14 19
9 18 15 10
9 18 16 118
9 18 17 4
9 18 18 8
9 18 19 43
9 18 20 23
9 18 21 110
9 18 22 84
9 18 23 124
9 18 24 1
9 18 25 55
9 18 26 102
9 18 27 36
9 18 28 116
9 18 29 82
9 18 30 87
9 18 31 69
9 18 32 42
9 18 33 75
9 18 34 57
9 18 35 122
9 18 36 53
9 18 37 34
9 18 38 14
9 18 39 70
9 18 40 114
9 18 41 45
9 18 42 83
9 19 0 56
9 19 1 63
9 19 2 112
9 19 3 119
9 19 4 36
9 19 5 90
9 19 6 53
9 19 7 2
9 19 8 60
9 19 9 118
9 19 10 125
9 19 11 23
9 19 12 43
9 19 13 15
9 19 14 3
9 19 15 117
9 19 16 22
9 19 17 21
9 19 18 95
9 19 19 38
9 19 20 109
9 19 21 116
9 19 22 70
9 19 23 31
9 19 24 82
9 19 25 79
9 19 26 4
9 19 27 115
9 19 28 67
9 19 29 86
9 19 30 93
9 19 31 25
9 19 32 107
9 19 33 64
9 19 34 121
9 19 35 58
9 19 36 30
9 19 37 6
9 19 38 65
9 19 39 113
9 19 40 120
9 19 41 34
9 19 42 13
9 20 0 71
9 20 1 78
9 20 2 118
9 20 3 0
9 20 4 56
9 20 5 96
9 20 6 14
9 20 7 51
9 20 8 62
9 20 9 67
9 20 10 28
9 20 11 95
9 20 12 39
9 20 13 8
9 20 14 116
9 20 15 12
9 20 16 15
9 20 17 94
9 20 18 27
9 20 19 108
9 20 20 115
9 20 21 45
9 20 22 18
9 20 23 93
9 20 24 100
9 20 25 30
9 20 26 114
9 20 27 58
9 20 28 72
9 20 29 53
9 20 30 22
9 20 31 106
9 20 32 81
9 20 33 65
9 20 34 49
9 20 35 2
9 20 36 20
9 20 37 105
9 20 38 79
9 20 39 76
9 20 40 126
9 20 41 42
9 20 42 47
9 21 0 78
9 21 1 49
9 21 2 42
9 21 3 88
9 21 4 70
9 21 5 14
9 21 6 76
9 21 7 116
9 21 8 123
9 21 9 3
9 21 10 94
9 21 11 31
9 21 12 35
9 21 13 115
9 21 14 1
9 21 15 11
9 21 16 80
9 21 17 7
9 21 18 52
9 21 19 114
9 21 20 75
9 21 21 17
9 21 22 44
9 21 23 99
9 21 24 32
9 21 25 113
9 21 26 120
9 21 27 39
9 21 28 45
9 21 29 19
9 21 30 57
9 21 31 112
9 21 32 119
9 21 33 79
9 21 34 0
9 21 35 18
9 21 36 104
9 21 37 111
9 21 38 62
9 21 39 63
9 21 40 16
9 21 41 96
9 21 42 60
9 22 0 116
9 22 1 20
9 22 2 59
9 22 3 47
9 22 4 5
9 22 5 61
9 22 6 115
9 22 7 122
9 22 8 37
9 22 9 62
9 22 10 42
9 22 11 10
9 22 12 114
9 22 13 34
9 22 14 7
9 22 15 92
9 22 16 28
9 22 17 48
9 22 18 113
9 22 19 120
9 22 20 36
9 22 21 58
9 22 22 98
9 22 23 40
9 22 24 52
9 22 25 50
9 22 26 126
9 22 27 64
9 22 28 26
9 22 29 76
9 22 30 54
9 22 31 118
9 22 32 125
9 22 33 33
9 22 34 41
9 22 35 103
9 22 36 110
9 22 37 117
9 22 38 124
9 22 39 21
9 22 40 44
9 22 41 80
9 22 42 78
9 23 0 20
9 23 1 60
9 23 2 93
9 23 3 6
9 23 4 107
9 23 5 114
9 23 6 121
9 23 7 12
9 23 8 92
9 23 9 8
9 23 10 16
9 23 11 113
9 23 12 3
9 23 13 5
9 23 14 91
9 23 15 24
9 23 16 105
9 23 17 75
9 23 18 48
9 23 19 1
9 23 20 47
9 23 21 97
9 23 22 26
9 23 23 111
9 23 24 71
9 23 25 77
9 23 26 89
9 23 27 15
9 23 28 56
9 23 29 62
9 23 30 52
9 23 31 81
9 23 32 28
9 23 33 30
9 23 34 102
9 23 35 109
9 23 36 83
9 23 37 43
9 23 38 17
9 23 39 82
9 23 40 101
9 23 41 68
9 23 42 115
9 24 0 49
9 24 1 46
9 24 2 22
9 24 3 106
9 24 4 113
9 24 5 60
9 24 6 17
9 24 7 91
9 24 8 21
9 24 9 10
9 24 10 112
9 24 11 14
9 24 12 38
9 24 13 90
9 24 14 11
9 24 15 104
9 24 16 111
9 24 17 68
9 24 18 3
9 24 19 89
9 24 20 67
9 24 21 40
9 24 22 110
9 24 23 117
9 24 24 124
9 24 25 66
9 24 26 15
9 24 27 80
9 24 28 43
9 24 29 116
9 24 30 123
9 24 31 18
9 24 32 30
9 24 33 78
9 24 34 108
9 24 35 48
9 24 36 73
9 24 37 25
9 24 38 93
9 24 39 50
9 24 40 107
9 24 41 114
9 24 42 36
9 25 0 73
9 25 1 24
9 25 2 75
9 25 3 82
9 25 4 119
9 25 5 26
9 25 6 90
9 25 7 0
9 25 8 6
9 25 9 111
9 25 10 37
9 25 11 21
9 25 12 84
9 25 13 28
9 25 14 103
9 25 15 110
9 25 16 117
9 25 17 14
9 25 18 85
9 25 19 95
9 25 20 34
9 25 21 109
9 25 22 66
9 25 23 47
9 25 24 87
9 25 25 20
9 25 26 101
9 25 27 59
9 25 28 115
9 25 29 122
9 25 30 29
9 25 31 31
9 25 32 100
9 25 33 58
9 25 34 68
9 25 35 43
9 25 36 35
9 25 37 79
9 25 38 49
9 25 39 106
9 25 40 113
9 25 41 25
9 25 42 52
9 26 0 14
9 26 1 54
9 26 2 111
9 26 3 118
9 26 4 13
9 26 5 52
9 26 6 2
9 26 7 31
9 26 8 110
9 26 9 4
9 26 10 7
9 26 11 88
9 26 12 29
9 26 13 102
9 26 14 109
9 26 15 49
9 26 16 39
9 26 17 87
9 26 18 94
9 26 19 18
9 26 20 108
9 26 21 64
9 26 22 67
9 26 23 86
9 26 24 17
9 26 25 73
9 26 26 107
9 26 27 114
9 26 28 121
9 26 29 33
9 26 30 30
9 26 31 99
9 26 32 61
9 26 33 45
9 26 34 120
9 26 35 41
9 26 36 46
9 26 37 74
9 26 38 72
9 26 39 53
9 26 40 28
9 26 41 71
9 26 42 82
9 27 0 47
9 27 1 110
9 27 2 84
9 27 3 29
9 27 4 88
9 27 5 11
9 27 6 16
9 27 7 109
9 27 8 19
9 27 9 42
9 27 10 58
9 27 11 7
9 27 12 69
9 27 13 108
9 27 14 80
9 27 15 37
9 27 16 86
9 27 17 65
9 27 18 18
9 27 19 75
9 27 20 50
9 27 21 54
9 27 22 55
9 27 23 36
9 27 24 83
9 27 25 106
9 27 26 113
9 27 27 44
9 27 28 10
9 27 29 20
9 27 30 98
9 27 31 105
9 27 32 112
9 27 33 43
9 27 34 15
9 27 35 57
9 27 36 66
9 27 37 62
9 27 38 111
9 27 39 32
9 27 40 125
9 27 41 89
9 27 42 17
9 28 0 109
9 28 1 116
9 28 2 5
9 28 3 54
9 28 4 25
9 28 5 34
9 28 6 108
9 28 7 27
9 28 8 0
9 28 9 45
9 28 10 8
9 28 11 100
9 28 12 77
9 28 13 81
9 28 14 21
9 28 15 71
9 28 16 92
9 28 17 32
9 28 18 73
9 28 19 49
9 28 20 120
9 28 21 35
9 28 22 42
9 28 23 79
9 28 24 58
9 28 25 47
9 28 26 119
9 28 27 6
9 28 28 29
9 28 29 97
9 28 30 104
9 28 31 68
9 28 32 69
9 28 33 36
9 28 34 89
9 28 35 96
9 28 36 43
9 28 37 110
9 28 38 38
9 28 39 83
9 28 40 55
9 28 41 13
9 28 42 62
9 29 0 115
9 29 1 21
9 29 2 69
9 29 3 40
9 29 4 8
9 29 5 107
9 29 6 3
9 29 7 35
9 29 8 83
9 29 9 33
9 29 10 99
9 29 11 70
9 29 12 71
9 29 13 24
9 29 14 16
9 29 15 91
9 29 16 17
9 29 17 105
9 29 18 112
9 29 19 79
9 29 20 126
9 29 21 10
9 29 22 65
9 29 23 50
9 29 24 111
9 29 25 118
9 29 26 20
9 29 27 42
9 29 28 84
9 29 29 103
9 29 30 78
9 29 31 117
9 29 32 38
9 29 33 73
9 29 34 59
9 29 35 44
9 29 36 109
9 29 37 41
9 29 38 123
9 29 39 87
9 29 40 37
9 29 41 101
9 29 42 108
9 30 0 40
9 30 1 64
9 30 2 3
9 30 3 30
9 30 4 106
9 30 5 23
9 30 6 11
9 30 7 78
9 30 8 35
9 30 9 98
9 30 10 105
9 30 11 112
9 30 12 14
9 30 13 126
9 30 14 90
9 30 15 26
9 30 16 104
9 30 17 60
9 30 18 45
9 30 19 74
9 30 20 42
9 30 21 96
9 30 22 69
9 30 23 110
9 30 24 63
9 30 25 10
9 30 26 27
9 30 27 95
9 30 28 102
9 30 29 54
9 30 30 82
9 30 31 34
9 30 32 87
9 30 33 68
9 30 34 101
9 30 35 108
9 30 36 29
9 30 37 122
9 30 38 86
9 30 39 16
9 30 40 76
9 30 41 77
9 30 42 114
9 31 0 59
9 31 1 7
9 31 2 38
9 31 3 105
9 31 4 31
9 31 5 15
9 31 6 50
9 31 7 21
9 31 8 97
9 31 9 104
9 31 10 85
9 31 11 2
9 31 12 49
9 31 13 64
9 31 14 32
9 31 15 103
9 31 16 61
9 31 17 117
9 31 18 124
9 31 19 27
9 31 20 78
9 31 21 79
9 31 22 109
9 31 23 116
9 31 24 34
9 31 25 8
9 31 26 94
9 31 27 57
9 31 28 46
9 31 29 68
9 31 30 19
9 31 31 86
9 31 32 93
9 31 33 55
9 31 34 74
9 31 35 35
9 31 36 121
9 31 37 76
9 31 38 4
9 31 39 66
9 31 40 70
9 31 41 113
9 31 42 26
9 32 0 26
9 32 1 15
9 32 2 104
9 32 3 10
9 32 4 21
9 32 5 125
9 32 6 40
9 32 7 63
9 32 8 103
9 32 9 57
9 32 10 24
9 32 11 124
9 32 12 88
9 32 13 20
9 32 14 102
9 32 15 85
9 32 16 81
9 32 17 47
9 32 18 23
9 32 19 61
9 32 20 101
9 32 21 108
9 32 22 115
9 32 23 19
9 32 24 41
9 32 25 60
9 32 26 100
9 32 27 107
9 32 28 64
9 32 29 8
9 32 30 49
9 32 31 50
9 32 32 54
9 32 33 72
9 32 34 1
9 32 35 82
9 32 36 2
9 32 37 37
9 32 38 67
9 32 39 105
9 32 40 78
9 32 41 28
9 32 42 46
9 33 0 34
9 33 1 103
9 33 2 27
9 33 3 36
9 33 4 52
9 33 5 13
9 33 6 95
9 33 7 102
9 33 8 50
9 33 9 5
9 33 10 65
9 33 11 76
9 33 12 23
9 33 13 51
9 33 14 75
9 33 15 73
9 33 16 58
9 33 17 25
9 33 18 93
9 33 19 59
9 33 20 43
9 33 21 114
9 33 22 32
9 33 23 12
9 33 24 92
9 33 25 99
9 33 26 106
9 33 27 74
9 33 28 19
9 33 29 26
9 33 30 80
9 33 31 83
9 33 32 105
9 33 33 29
9 33 34 119
9 33 35 126
9 33 36 40
9 33 37 55
9 33 38 104
9 33 39 111
9 33 40 10
9 33 41 125
9 33 42 18
9 34 0 102
9 34 1 2
9 34 2 7
9 34 3 123
9 34 4 32
9 34 5 94
9 34 6 65
9 34 7 72
9 34 8 1
9 34 9 74
9 34 10 52
9 34 11 29
9 34 12 100
9 34 13 107
9 34 14 55
9 34 15 68
9 34 16 3
9 34 17 61
9 34 18 79
9 34 19 46
9 34 20 113
9 34 21 41
9 34 22 8
9 34 23 91
9 34 24 98
9 34 25 45
9 34 26 112
9 34 27 25
9 34 28 126
9 34 29 57
9 34 30 81
9 34 31 104
9 34 32 0
9 34 33 118
9 34 34 62
9 34 35 24
9 34 36 96
9 34 37 103
9 34 38 110
9 34 39 11
9 34 40 63
9 34 41 19
9 34 42 42
9 35 0 30
9 35 1 16
9 35 2 122
9 35 3 5
9 35 4 44
9 35 5 100
9 35 6 107
9 35 7 4
9 35 8 58
9 35 9 55
9 35 10 33
9 35 11 99
9 35 12 106
9 35 13 54
9 35 14 120
9 35 15 20
9 35 16 74
9 35 17 56
9 35 18 105
9 35 19 69
9 35 20 31
9 35 21 28
9 35 22 90
9 35 23 97
9 35 24 61
9 35 25 67
9 35 26 1
9 35 27 81
9 35 28 89
9 35 29 96
9 35 30 103
9 35 31 0
9 35 32 80
9 35 33 124
9 35 34 22
9 35 35 79
9 35 36 102
9 35 37 109
9 35 38 32
9 35 39 123
9 35 40 11
9 35 41 14
9 35 42 101
9 36 0 18
9 36 1 121
9 36 2 35
9 36 3 92
9 36 4 99
9 36 5 106
9 36 6 37
9 36 7 120
9 36 8 44
9 36 9 36
9 36 10 98
9 36 11 79
9 36 12 112
9 36 13 65
9 36 14 26
9 36 15 61
9 36 16 64
9 36 17 104
9 36 18 111
9 36 19 30
9 36 20 32
9 36 21 66
9 36 22 52
9 36 23 85
9 36 24 48
9 36 25 41
9 36 26 124
9 36 27 70
9 36 28 76
9 36 29 102
9 36 30 27
9 36 31 116
9 36 32 57
9 36 33 4
9 36 34 56
9 36 35 72
9 36 36 108
9 36 37 33
9 36 38 122
9 36 39 40
9 36 40 24
9 36 41 100
9 36 42 12
9 37 0 85
9 37 1 1
9 37 2 91
9 37 3 98
9 37 4 43
9 37 5 39
9 37 6 57
9 37 7 45
9 37 8 25
9 37 9 97
9 37 10 69
9 37 11 67
9 37 12 60
9 37 13 36
9 37 14 89
9 37 15 96
9 37 16 103
9 37 17 110
9 37 18 31
9 37 19 0
9 37 20 88
9 37 21 95
9 37 22 50
9 37 23 71
9 37 24 3
9 37 25 83
9 37 26 87
9 37 27 54
9 37 28 52
9 37 29 21
9 37 30 115
9 37 31 46
9 37 32 15
9 37 33 93
9 37 34 100
9 37 35 56
9 37 36 7
9 37 37 121
9 37 38 23
9 37 39 4
9 37 40 99
9 37 41 8
9 37 42 40
9 38 0 6
9 38 1 90
9 38 2 97
9 38 3 71
9 38 4 12
9 38 5 77
9 38 6 125
9 38 7 41
9 38 8 55
9 38 9 69
9 38 10 44
9 38 11 117
9 38 12 1
9 38 13 84
9 38 14 85
9 38 15 102
9 38 16 109
9 38 17 31
9 38 18 33
9 38 19 68
9 38 20 94
9 38 21 101
9 38 22 47
9 38 23 3
9 38 24 59
9 38 25 86
9 38 26 93
9 38 27 100
9 38 28 35
9 38 29 114
9 38 30 60
9 38 31 17
9 38 32 72
9 38 33 99
9 38 34 52
9 38 35 37
9 38 36 67
9 38 37 13
9 38 38 15
9 38 39 98
9 38 40 2
9 38 41 10
9 38 42 119
9 39 0 80
9 39 1 85
9 39 2 53
9 39 3 13
9 39 4 117
9 39 5 48
9 39 6 41
9 39 7 95
9 39 8 69
9 39 9 76
9 39 10 57
9 39 11 40
9 39 12 87
9 39 13 71
9 39 14 68
9 39 15 108
9 39 16 20
9 39 17 28
9 39 18 55
9 39 19 82
9 39 20 66
9 39 21 107
9 39 22 35
9 39 23 51
9 39 24 75
9 39 25 46
9 39 26 99
9 39 27 21
9 39 28 113
9 39 29 120
9 39 30 25
9 39 31 59
9 39 32 98
9 39 33 105
9 39 34 33
9 39 35 119
9 39 36 11
9 39 37 27
9 39 38 97
9 39 39 8
9 39 40 19
9 39 41 118
9 39 42 24
9 40 0 95
9 40 1 44
9 40 2 4
9 40 3 51
9 40 4 123
9 40 5 19
9 40 6 94
9 40 7 101
9 40 8 84
9 40 9 48
9 40 10 2
9 40 11 86
9 40 12 93
9 40 13 100
9 40 14 82
9 40 15 0
9 40 16 18
9 40 17 46
9 40 18 92
9 40 19 83
9 40 20 106
9 40 21 42
9 40 22 120
9 40 23 22
9 40 24 80
9 40 25 98
9 40 26 29
9 40 27 68
9 40 28 65
9 40 29 1
9 40 30 77
9 40 31 97
9 40 32 104
9 40 33 11
9 40 34 118
9 40 35 7
9 40 36 17
9 40 37 96
9 40 38 26
9 40 39 30
9 40 40 61
9 40 41 15
9 40 42 88
9 41 0 101
9 41 1 4
9 41 2 44
9 41 3 122
9 41 4 18
9 41 5 76
9 41 6 60
9 41 7 107
9 41 8 75
9 41 9 19
9 41 10 64
9 41 11 59
9 41 12 99
9 41 13 77
9 41 14 41
9 41 15 16
9 41 16 51
9 41 17 91
9 41 18 47
9 41 19 72
9 41 20 39
9 41 21 78
9 41 22 126
9 41 23 65
9 41 24 97
9 41 25 31
9 41 26 111
9 41 27 49
9 41 28 0
9 41 29 89
9 41 30 63
9 41 31 103
9 41 32 34
9 41 33 61
9 41 34 3
9 41 35 6
9 41 36 95
9 41 37 10
9 41 38 22
9 41 39 116
9 41 40 33
9 41 41 58
9 41 42 94
9 42 0 16
9 42 1 77
9 42 2 121
9 42 3 25
9 42 4 92
9 42 5 63
9 42 6 106
9 42 7 46
9 42 8 5
9 42 9 27
9 42 10 75
9 42 11 98
9 42 12 105
9 42 13 12
9 42 14 31
9 42 15 52
9 42 16 90
9 42 17 51
9 42 18 80
9 42 19 36
9 42 20 85
9 42 21 55
9 42 22 89
9 42 23 69
9 42 24 14
9 42 25 110
9 42 26 117
9 42 27 30
9 42 28 66
9 42 29 95
9 42 30 102
9 42 31 23
9 42 32 116
9 42 33 40
9 42 34 39
9 42 35 94
9 42 36 15
9 42 37 3
9 42 38 115
9 42 39 38
9 42 40 64
9 42 41 73
9 42 42 84
10 0 0 121
10 0 1 26
10 0 2 92
10 0 3 64
10 0 4 106
10 0 5 47
10 0 6 6
10 0 7 28
10 0 8 76
10 0 9 98
10 0 10 105
10 0 11 13
10 0 12 32
10 0 13 53
10 0 14 90
10 0 15 52
10 0 16 81
10 0 17 37
10 0 18 43
10 0 19 56
10 0 20 89
10 0 21 70
10 0 22 15
10 0 23 110
10 0 24 117
10 0 25 31
10 0 26 67
10 0 27 95
10 0 28 102
10 0 29 24
10 0 30 116
10 0 31 41
10 0 32 40
10 0 33 94
10 0 34 16
10 0 35 4
10 0 36 115
10 0 37 39
10 0 38 65
10 0 39 74
10 0 40 85
10 0 41 17
10 0 42 78
10 1 0 31
10 1 1 91
10 1 2 82
10 1 3 46
10 1 4 112
10 1 5 27
10 1 6 126
10 1 7 45
10 1 8 97
10 1 9 104
10 1 10 5
10 1 11 28
10 1 12 125
10 1 13 49
10 1 14 96
10 1 15 56
10 1 16 20
10 1 17 117
10 1 18 124
10 1 19 64
10 1 20 95
10 1 21 26
10 1 22 109
10 1 23 79
10 1 24 18
10 1 25 87
10 1 26 94
10 1 27 67
10 1 28 39
10 1 29 115
10 1 30 11
10 1 31 15
10 1 32 93
10 1 33 9
10 1 34 0
10 1 35 114
10 1 36 6
10 1 37 76
10 1 38 92
10 1 39 54
10 1 40 7
10 1 41 55
10 1 42 83
10 2 0 90
10 2 1 84
10 2 2 47
10 2 3 54
10 2 4 19
10 2 5 50
10 2 6 89
10 2 7 55
10 2 8 103
10 2 9 39
10 2 10 33
10 2 11 48
10 2 12 88
10 2 13 70
10 2 14 77
10 2 15 2
10 2 16 83
10 2 17 57
10 2 18 87
10 2 19 94
10 2 20 42
10 2 21 108
10 2 22 52
10 2 23 26
10 2 24 86
10 2 25 53
10 2 26 100
10 2 27 29
10 2 28 114
10 2 29 22
10 2 30 4
10 2 31 92
10 2 32 36
10 2 33 23
10 2 34 113
10 2 35 24
10 2 36 71
10 2 37 91
10 2 38 82
10 2 39 40
10 2 40 112
10 2 41 119
10 2 42 0
10 3 0 96
10 3 1 74
10 3 2 50
10 3 3 23
10 3 4 124
10 3 5 78
10 3 6 95
10 3 7 102
10 3 8 13
10 3 9 28
10 3 10 123
10 3 11 67
10 3 12 75
10 3 13 101
10 3 14 26
10 3 15 83
10 3 16 77
10 3 17 86
10 3 18 61
10 3 19 21
10 3 20 76
10 3 21 60
10 3 22 7
10 3 23 43
10 3 24 92
10 3 25 99
10 3 26 14
10 3 27 113
10 3 28 24
10 3 29 12
10 3 30 91
10 3 31 32
10 3 32 30
10 3 33 48
10 3 34 33
10 3 35 51
10 3 36 90
10 3 37 65
10 3 38 6
10 3 39 84
10 3 40 118
10 3 41 22
10 3 42 68
10 4 0 66
10 4 1 81
10 4 2 20
10 4 3 73
10 4 4 87
10 4 5 94
10 4 6 79
10 4 7 14
10 4 8 40
10 4 9 122
10 4 10 56
10 4 11 93
10 4 12 49
10 4 13 15
10 4 14 57
10 4 15 43
10 4 16 59
10 4 17 92
10 4 18 27
10 4 19 74
10 4 20 72
10 4 21 5
10 4 22 38
10 4 23 91
10 4 24 98
10 4 25 6
10 4 26 80
10 4 27 11
10 4 28 9
10 4 29 90
10 4 30 42
10 4 31 13
10 4 32 111
10 4 33 29
10 4 34 125
10 4 35 65
10 4 36 96
10 4 37 28
10 4 38 78
10 4 39 44
10 4 40 36
10 4 41 88
10 4 42 63
10 5 0 80
10 5 1 34
10 5 2 66
10 5 3 86
10 5 4 60
10 5 5 100
10 5 6 25
10 5 7 13
10 5 8 121
10 5 9 43
10 5 10 75
10 5 11 54
10 5 12 18
10 5 13 46
10 5 14 120
10 5 15 19
10 5 16 91
10 5 17 33
10 5 18 105
10 5 19 112
10 5 20 2
10 5 21 126
10 5 22 90
10 5 23 97
10 5 24 42
10 5 25 111
10 5 26 17
10 5 27 4
10 5 28 89
10 5 29 7
10 5 30 3
10 5 31 110
10 5 32 35
10 5 33 68
10 5 34 88
10 5 35 71
10 5 36 8
10 5 37 49
10 5 38 116
10 5 39 21
10 5 40 51
10 5 41 76
10 5 42 101
10 6 0 26
10 6 1 78
10 6 2 48
10 6 3 92
10 6 4 99
10 6 5 7
10 6 6 23
10 6 7 72
10 6 8 52
10 6 9 59
10 6 10 47
10 6 11 5
10 6 12 112
10 6 13 73
10 6 14 126
10 6 15 90
10 6 16 3
10 6 17 104
10 6 18 64
10 6 19 6
10 6 20 65
10 6 21 57
10 6 22 43
10 6 23 18
10 6 24 110
10 6 25 41
10 6 26 16
10 6 27 88
10 6 28 38
10 6 29 17
10 6 30 109
10 6 31 25
10 6 32 123
10 6 33 82
10 6 34 85
10 6 35 36
10 6 36 44
10 6 37 115
10 6 38 0
10 6 39 60
10 6 40 93
10 6 41 68
10 6 42 107
10 7 0 120
10 7 1 24
10 7 2 91
10 7 3 98
10 7 4 31
10 7 5 26
10 7 6 119
10 7 7 82
10 7 8 62
10 7 9 51
10 7 10 23
10 7 11 43
10 7 12 45
10 7 13 81
10 7 14 78
10 7 15 12
10 7 16 103
10 7 17 64
10 7 18 34
10 7 19 124
10 7 20 88
10 7 21 95
10 7 22 29
10 7 23 109
10 7 24 8
10 7 25 32
10 7 26 87
10 7 27 33
10 7 28 41
10 7 29 108
10 7 30 19
10 7 31 122
10 7 32 52
10 7 33 93
10 7 34 15
10 7 35 107
10 7 36 114
10 7 37 25
10 7 38 48
10 7 39 75
10 7 40 71
10 7 41 106
10 7 42 40
10 8 0 126
10 8 1 90
10 8 2 97
10 8 3 13
10 8 4 24
10 8 5 118
10 8 6 125
10 8 7 89
10 8 8 96
10 8 9 5
10 8 10 64
10 8 11 117
10 8 12 124
10 8 13 88
10 8 14 30
10 8 15 102
10 8 16 79
10 8 17 29
10 8 18 49
10 8 19 44
10 8 20 94
10 8 21 8
10 8 22 108
10 8 23 14
10 8 24 4
10 8 25 86
10 8 26 35
10 8 27 39
10 8 28 74
10 8 29 23
10 8 30 121
10 8 31 72
10 8 32 62
10 8 33 18
10 8 34 106
10 8 35 113
10 8 36 38
10 8 37 46
10 8 38 52
10 8 39 48
10 8 40 67
10 8 41 28
10 8 42 80
10 9 0 63
10 9 1 59
10 9 2 7
10 9 3 1
10 9 4 47
10 9 5 43
10 9 6 80
10 9 7 57
10 9 8 24
10 9 9 54
10 9 10 74
10 9 11 51
10 9 12 58
10 9 13 33
10 9 14 50
10 9 15 45
10 9 16 29
10 9 17 85
10 9 18 77
10 9 19 73
10 9 20 41
10 9 21 65
10 9 22 9
10 9 23 12
10 9 24 53
10 9 25 3
10 9 26 38
10 9 27 84
10 9 28 14
10 9 29 76
10 9 30 72
10 9 31 64
10 9 32 19
10 9 33 61
10 9 34 56
10 9 35 17
10 9 36 48
10 9 37 55
10 9 38 75
10 9 39 52
10 9 40 20
10 9 41 49
10 9 42 69
10 10 0 95
10 10 1 23
10 10 2 40
10 10 3 116
10 10 4 123
10 10 5 87
10 10 6 69
10 10 7 39
10 10 8 82
10 10 9 58
10 10 10 54
10 10 11 60
10 10 12 38
10 10 13 100
10 10 14 107
10 10 15 3
10 10 16 44
10 10 17 77
10 10 18 92
10 10 19 28
10 10 20 75
10 10 21 19
10 10 22 36
10 10 23 10
10 10 24 27
10 10 25 1
10 10 26 105
10 10 27 35
10 10 28 119
10 10 29 62
10 10 30 57
10 10 31 17
10 10 32 70
10 10 33 111
10 10 34 25
10 10 35 125
10 10 36 89
10 10 37 96
10 10 38 85
10 10 39 24
10 10 40 117
10 10 41 124
10 10 42 88
10 11 0 19
10 11 1 13
10 11 2 115
10 11 3 122
10 11 4 86
10 11 5 93
10 11 6 0
10 11 7 107
10 11 8 78
10 11 9 74
10 11 10 58
10 11 11 3
10 11 12 99
10 11 13 106
10 11 14 1
10 11 15 120
10 11 16 54
10 11 17 91
10 11 18 6
10 11 19 105
10 11 20 25
10 11 21 17
10 11 22 126
10 11 23 8
10 11 24 11
10 11 25 104
10 11 26 22
10 11 27 118
10 11 28 125
10 11 29 89
10 11 30 34
10 11 31 85
10 11 32 110
10 11 33 30
10 11 34 71
10 11 35 68
10 11 36 61
10 11 37 63
10 11 38 39
10 11 39 55
10 11 40 44
10 11 41 67
10 11 42 94
10 12 0 7
10 12 1 114
10 12 2 121
10 12 3 58
10 12 4 71
10 12 5 35
10 12 6 106
10 12 7 81
10 12 8 120
10 12 9 46
10 12 10 25
10 12 11 98
10 12 12 62
10 12 13 2
10 12 14 64
10 12 15 67
10 12 16 90
10 12 17 40
10 12 18 104
10 12 19 24
10 12 20 28
10 12 21 125
10 12 22 16
10 12 23 6
10 12 24 103
10 12 25 12
10 12 26 63
10 12 27 49
10 12 28 84
10 12 29 34
10 12 30 85
10 12 31 109
10 12 32 33
10 12 33 123
10 12 34 87
10 12 35 76
10 12 36 101
10 12 37 15
10 12 38 59
10 12 39 47
10 12 40 54
10 12 41 77
10 12 42 39
10 13 0 113
10 13 1 46
10 13 2 39
10 13 3 83
10 13 4 23
10 13 5 69
10 13 6 112
10 13 7 73
10 13 8 55
10 13 9 38
10 13 10 97
10 13 11 57
10 13 12 5
10 13 13 78
10 13 14 125
10 13 15 81
10 13 16 1
10 13 17 103
10 13 18 22
10 13 19 30
10 13 20 124
10 13 21 31
10 13 22 12
10 13 23 102
10 13 24 34
10 13 25 116
10 13 26 123
10 13 27 87
10 13 28 29
10 13 29 101
10 13 30 108
10 13 31 8
10 13 32 122
10 13 33 86
10 13 34 93
10 13 35 60
10 13 36 40
10 13 37 52
10 13 38 74
10 13 39 63
10 13 40 92
10 13 41 37
10 13 42 32
10 14 0 119
10 14 1 126
10 14 2 76
10 14 3 37
10 14 4 68
10 14 5 83
10 14 6 43
10 14 7 125
10 14 8 20
10 14 9 62
10 14 10 71
10 14 11 27
10 14 12 117
10 14 13 84
10 14 14 88
10 14 15 38
10 14 16 102
10 14 17 3
10 14 18 25
10 14 19 123
10 14 20 4
10 14 21 22
10 14 22 69
10 14 23 2
10 14 24 115
10 14 25 122
10 14 26 86
10 14 27 14
10 14 28 77
10 14 29 75
10 14 30 17
10 14 31 121
10 14 32 47
10 14 33 63
10 14 34 49
10 14 35 15
10 14 36 57
10 14 37 120
10 14 38 50
10 14 39 91
10 14 40 40
10 14 41 13
10 14 42 70
10 15 0 71
10 15 1 89
10 15 2 29
10 15 3 56
10 15 4 75
10 15 5 117
10 15 6 81
10 15 7 42
10 15 8 95
10 15 9 65
10 15 10 12
10 15 11 84
10 15 12 123
10 15 13 55
10 15 14 28
10 15 15 58
10 15 16 17
10 15 17 13
10 15 18 122
10 15 19 16
10 15 20 3
10 15 21 100
10 15 22 21
10 15 23 114
10 15 24 121
10 15 25 63
10 15 26 18
10 15 27 46
10 15 28 73
10 15 29 30
10 15 30 45
10 15 31 1
10 15 32 72
10 15 33 66
10 15 34 2
10 15 35 112
10 15 36 74
10 15 37 82
10 15 38 90
10 15 39 7
10 15 40 38
10 15 41 111
10 15 42 118
10 16 0 56
10 16 1 0
10 16 2 52
10 16 3 59
10 16 4 65
10 16 5 123
10 16 6 27
10 16 7 94
10 16 8 101
10 16 9 35
10 16 10 67
10 16 11 122
10 16 12 78
10 16 13 34
10 16 14 100
10 16 15 7
10 16 16 21
10 16 17 121
10 16 18 11
10 16 19 9
10 16 20 99
10 16 21 14
10 16 22 113
10 16 23 53
10 16 24 25
10 16 25 15
10 16 26 54
10 16 27 105
10 16 28 36
10 16 29 119
10 16 30 126
10 16 31 49
10 16 32 66
10 16 33 5
10 16 34 72
10 16 35 79
10 16 36 125
10 16 37 58
10 16 38 23
10 16 39 6
10 16 40 110
10 16 41 51
10 16 42 124
10 17 0 40
10 17 1 101
10 17 2 60
10 17 3 67
10 17 4 122
10 17 5 41
10 17 6 66
10 17 7 51
10 17 8 14
10 17 9 52
10 17 10 121
10 17 11 73
10 17 12 30
10 17 13 99
10 17 14 33
10 17 15 31
10 17 16 120
10 17 17 8
10 17 18 39
10 17 19 98
10 17 20 6
10 17 21 82
10 17 22 119
10 17 23 126
10 17 24 13
10 17 25 70
10 17 26 104
10 17 27 42
10 17 28 118
10 17 29 85
10 17 30 89
10 17 31 96
10 17 32 37
10 17 33 50
10 17 34 117
10 17 35 57
10 17 36 88
10 17 37 35
10 17 38 7
10 17 39 109
10 17 40 116
10 17 41 61
10 17 42 87
10 18 0 59
10 18 1 107
10 18 2 85
10 18 3 121
10 18 4 20
10 18 5 92
10 18 6 71
10 18 7 23
10 18 8 64
10 18 9 75
10 18 10 84
10 18 11 39
10 18 12 98
10 18 13 40
10 18 14 27
10 18 15 119
10 18 16 16
10 18 17 41
10 18 18 97
10 18 19 34
10 18 20 111
10 18 21 118
10 18 22 82
10 18 23 37
10 18 24 96
10 18 25 103
10 18 26 21
10 18 27 79
10 18 28 124
10 18 29 50
10 18 30 63
10 18 31 18
10 18 32 68
10 18 33 54
10 18 34 123
10 18 35 53
10 18 36 30
10 18 37 24
10 18 38 108
10 18 39 115
10 18 40 73
10 18 41 86
10 18 42 1
10 19 0 106
10 19 1 45
10 19 2 72
10 19 3 32
10 19 4 91
10 19 5 61
10 19 6 13
10 19 7 112
10 19 8 119
10 19 9 47
10 19 10 14
10 19 11 97
10 19 12 20
10 19 13 11
10 19 14 118
10 19 15 5
10 19 16 9
10 19 17 44
10 19 18 24
10 19 19 110
10 19 20 85
10 19 21 124
10 19 22 2
10 19 23 56
10 19 24 102
10 19 25 37
10 19 26 116
10 19 27 83
10 19 28 87
10 19 29 70
10 19 30 0
10 19 31 76
10 19 32 58
10 19 33 122
10 19 34 54
10 19 35 35
10 19 36 15
10 19 37 71
10 19 38 114
10 19 39 46
10 19 40 84
10 19 41 36
10 19 42 73
10 20 0 112
10 20 1 119
10 20 2 37
10 20 3 90
10 20 4 54
10 20 5 3
10 20 6 61
10 20 7 118
10 20 8 125
10 20 9 24
10 20 10 44
10 20 11 16
10 20 12 4
10 20 13 117
10 20 14 23
10 20 15 22
10 20 16 95
10 20 17 39
10 20 18 109
10 20 19 116
10 20 20 71
10 20 21 32
10 20 22 83
10 20 23 80
10 20 24 5
10 20 25 115
10 20 26 68
10 20 27 86
10 20 28 93
10 20 29 26
10 20 30 107
10 20 31 65
10 20 32 121
10 20 33 59
10 20 34 31
10 20 35 7
10 20 36 66
10 20 37 113
10 20 38 120
10 20 39 35
10 20 40 14
10 20 41 57
10 20 42 64
10 21 0 118
10 21 1 1
10 21 2 57
10 21 3 96
10 21 4 15
10 21 5 52
10 21 6 63
10 21 7 68
10 21 8 29
10 21 9 95
10 21 10 40
10 21 11 9
10 21 12 116
10 21 13 13
10 21 14 16
10 21 15 94
10 21 16 28
10 21 17 108
10 21 18 115
10 21 19 46
10 21 20 19
10 21 21 93
10 21 22 100
10 21 23 31
10 21 24 114
10 21 25 59
10 21 26 73
10 21 27 54
10 21 28 23
10 21 29 106
10 21 30 82
10 21 31 66
10 21 32 50
10 21 33 3
10 21 34 21
10 21 35 105
10 21 36 80
10 21 37 77
10 21 38 126
10 21 39 0
10 21 40 48
10 21 41 72
10 21 42 79
10 22 0 0
10 22 1 88
10 22 2 71
10 22 3 15
10 22 4 77
10 22 5 116
10 22 6 123
10 22 7 4
10 22 8 94
10 22 9 32
10 22 10 36
10 22 11 115
10 22 12 2
10 22 13 12
10 22 14 81
10 22 15 8
10 22 16 53
10 22 17 114
10 22 18 76
10 22 19 18
10 22 20 45
10 22 21 99
10 22 22 33
10 22 23 113
10 22 24 120
10 22 25 40
10 22 26 46
10 22 27 20
10 22 28 58
10 22 29 112
10 22 30 119
10 22 31 80
10 22 32 1
10 22 33 19
10 22 34 104
10 22 35 111
10 22 36 63
10 22 37 64
10 22 38 17
10 22 39 96
10 22 40 61
10 22 41 79
10 22 42 50
10 23 0 60
10 23 1 48
10 23 2 6
10 23 3 62
10 23 4 115
10 23 5 122
10 23 6 38
10 23 7 63
10 23 8 0
10 23 9 11
10 23 10 114
10 23 11 35
10 23 12 8
10 23 13 92
10 23 14 29
10 23 15 49
10 23 16 113
10 23 17 120
10 23 18 37
10 23 19 59
10 23 20 98
10 23 21 41
10 23 22 53
10 23 23 51
10 23 24 126
10 23 25 65
10 23 26 27
10 23 27 77
10 23 28 55
10 23 29 118
10 23 30 125
10 23 31 34
10 23 32 42
10 23 33 103
10 23 34 110
10 23 35 117
10 23 36 124
10 23 37 22
10 23 38 45
10 23 39 81
10 23 40 79
10 23 41 116
10 23 42 21
10 24 0 93
10 24 1 7
10 24 2 107
10 24 3 114
10 24 4 121
10 24 5 13
10 24 6 92
10 24 7 9
10 24 8 17
10 24 9 113
10 24 10 4
10 24 11 6
10 24 12 91
10 24 13 25
10 24 14 105
10 24 15 76
10 24 16 49
10 24 17 2
10 24 18 48
10 24 19 97
10 24 20 27
10 24 21 111
10 24 22 72
10 24 23 78
10 24 24 89
10 24 25 16
10 24 26 57
10 24 27 63
10 24 28 53
10 24 29 82
10 24 30 29
10 24 31 31
10 24 32 102
10 24 33 109
10 24 34 84
10 24 35 44
10 24 36 18
10 24 37 83
10 24 38 101
10 24 39 69
10 24 40 115
10 24 41 21
10 24 42 61
10 25 0 23
10 25 1 106
10 25 2 113
10 25 3 61
10 25 4 18
10 25 5 91
10 25 6 22
10 25 7 11
10 25 8 112
10 25 9 15
10 25 10 39
10 25 11 90
10 25 12 12
10 25 13 104
10 25 14 111
10 25 15 69
10 25 16 4
10 25 17 89
10 25 18 68
10 25 19 41
10 25 20 110
10 25 21 117
10 25 22 124
10 25 23 67
10 25 24 16
10 25 25 81
10 25 26 44
10 25 27 116
10 25 28 123
10 25 29 19
10 25 30 31
10 25 31 79
10 25 32 108
10 25 33 49
10 25 34 74
10 25 35 26
10 25 36 93
10 25 37 51
10 25 38 107
10 25 39 114
10 25 40 37
10 25 41 50
10 25 42 47
10 26 0 76
10 26 1 83
10 26 2 119
10 26 3 27
10 26 4 90
10 26 5 1
10 26 6 7
10 26 7 111
10 26 8 38
10 26 9 22
10 26 10 85
10 26 11 29
10 26 12 103
10 26 13 110
10 26 14 117
10 26 15 15
10 26 16 43
10 26 17 95
10 26 18 35
10 26 19 109
10 26 20 67
10 26 21 48
10 26 22 87
10 26 23 21
10 26 24 101
10 26 25 60
10 26 26 115
10 26 27 122
10 26 28 30
10 26 29 32
10 26 30 100
10 26 31 59
10 26 32 69
10 26 33 44
10 26 34 36
10 26 35 80
10 26 36 50
10 26 37 106
10 26 38 113
10 26 39 26
10 26 40 53
10 26 41 74
10 26 42 25
10 27 0 111
10 27 1 118
10 27 2 14
10 27 3 53
10 27 4 3
10 27 5 32
10 27 6 110
10 27 7 5
10 27 8 8
10 27 9 88
10 27 10 30
10 27 11 102
10 27 12 109
10 27 13 50
10 27 14 40
10 27 15 87
10 27 16 94
10 27 17 19
10 27 18 108
10 27 19 65
10 27 20 68
10 27 21 86
10 27 22 18
10 27 23 74
10 27 24 107
10 27 25 114
10 27 26 121
10 27 27 34
10 27 28 31
10 27 29 99
10 27 30 62
10 27 31 46
10 27 32 120
10 27 33 42
10 27 34 47
10 27 35 75
10 27 36 73
10 27 37 54
10 27 38 29
10 27 39 72
10 27 40 83
10 27 41 15
10 27 42 55
10 28 0 85
10 28 1 30
10 28 2 88
10 28 3 12
10 28 4 17
10 28 5 109
10 28 6 20
10 28 7 0
10 28 8 59
10 28 9 8
10 28 10 70
10 28 11 108
10 28 12 81
10 28 13 38
10 28 14 86
10 28 15 66
10 28 16 19
10 28 17 76
10 28 18 51
10 28 19 55
10 28 20 56
10 28 21 37
10 28 22 84
10 28 23 106
10 28 24 113
10 28 25 45
10 28 26 11
10 28 27 21
10 28 28 98
10 28 29 105
10 28 30 112
10 28 31 44
10 28 32 16
10 28 33 58
10 28 34 67
10 28 35 63
10 28 36 111
10 28 37 33
10 28 38 125
10 28 39 89
10 28 40 18
10 28 41 48
10 28 42 110
10 29 0 6
10 29 1 55
10 29 2 26
10 29 3 35
10 29 4 108
10 29 5 28
10 29 6 1
10 29 7 46
10 29 8 9
10 29 9 100
10 29 10 78
10 29 11 82
10 29 12 22
10 29 13 72
10 29 14 92
10 29 15 33
10 29 16 74
10 29 17 50
10 29 18 120
10 29 19 36
10 29 20 0
10 29 21 80
10 29 22 59
10 29 23 48
10 29 24 119
10 29 25 7
10 29 26 30
10 29 27 97
10 29 28 104
10 29 29 69
10 29 30 70
10 29 31 37
10 29 32 89
10 29 33 96
10 29 34 44
10 29 35 110
10 29 36 39
10 29 37 84
10 29 38 56
10 29 39 14
10 29 40 63
10 29 41 109
10 29 42 116
10 30 0 70
10 30 1 41
10 30 2 9
10 30 3 107
10 30 4 4
10 30 5 36
10 30 6 84
10 30 7 34
10 30 8 99
10 30 9 71
10 30 10 72
10 30 11 25
10 30 12 17
10 30 13 91
10 30 14 18
10 30 15 105
10 30 16 112
10 30 17 80
10 30 18 126
10 30 19 11
10 30 20 66
10 30 21 51
10 30 22 111
10 30 23 118
10 30 24 21
10 30 25 0
10 30 26 85
10 30 27 103
10 30 28 79
10 30 29 117
10 30 30 39
10 30 31 74
10 30 32 60
10 30 33 45
10 30 34 109
10 30 35 42
10 30 36 123
10 30 37 87
10 30 38 38
10 30 39 101
10 30 40 108
10 30 41 115
10 30 42 22
10 31 0 4
10 31 1 31
10 31 2 106
10 31 3 24
10 31 4 12
10 31 5 79
10 31 6 36
10 31 7 98
10 31 8 105
10 31 9 112
10 31 10 15
10 31 11 126
10 31 12 90
10 31 13 27
10 31 14 104
10 31 15 61
10 31 16 46
10 31 17 75
10 31 18 0
10 31 19 96
10 31 20 70
10 31 21 110
10 31 22 64
10 31 23 11
10 31 24 28
10 31 25 95
10 31 26 102
10 31 27 55
10 31 28 83
10 31 29 35
10 31 30 87
10 31 31 69
10 31 32 101
10 31 33 108
10 31 34 30
10 31 35 122
10 31 36 86
10 31 37 17
10 31 38 77
10 31 39 78
10 31 40 114
10 31 41 41
10 31 42 65
10 32 0 39
10 32 1 105
10 32 2 32
10 32 3 16
10 32 4 51
10 32 5 22
10 32 6 97
10 32 7 104
10 32 8 43
10 32 9 3
10 32 10 50
10 32 11 65
10 32 12 33
10 32 13 103
10 32 14 62
10 32 15 117
10 32 16 124
10 32 17 28
10 32 18 79
10 32 19 80
10 32 20 109
10 32 21 116
10 32 22 35
10 32 23 9
10 32 24 94
10 32 25 58
10 32 26 47
10 32 27 69
10 32 28 20
10 32 29 86
10 32 30 93
10 32 31 56
10 32 32 75
10 32 33 36
10 32 34 121
10 32 35 77
10 32 36 5
10 32 37 67
10 32 38 71
10 32 39 113
10 32 40 27
10 32 41 60
10 32 42 8
10 33 0 104
10 33 1 11
10 33 2 22
10 33 3 125
10 33 4 41
10 33 5 64
10 33 6 103
10 33 7 58
10 33 8 25
10 33 9 124
10 33 10 88
10 33 11 21
10 33 12 102
10 33 13 43
10 33 14 82
10 33 15 48
10 33 16 24
10 33 17 62
10 33 18 101
10 33 19 108
10 33 20 115
10 33 21 20
10 33 22 42
10 33 23 61
10 33 24 100
10 33 25 107
10 33 26 65
10 33 27 9
10 33 28 50
10 33 29 51
10 33 30 55
10 33 31 73
10 33 32 2
10 33 33 83
10 33 34 3
10 33 35 38
10 33 36 68
10 33 37 105
10 33 38 79
10 33 39 29
10 33 40 47
10 33 41 27
10 33 42 16
10 34 0 28
10 34 1 37
10 34 2 53
10 34 3 14
10 34 4 95
10 34 5 102
10 34 6 51
10 34 7 6
10 34 8 66
10 34 9 77
10 34 10 24
10 34 11 52
10 34 12 76
10 34 13 74
10 34 14 59
10 34 15 26
10 34 16 93
10 34 17 60
10 34 18 44
10 34 19 114
10 34 20 33
10 34 21 13
10 34 22 92
10 34 23 99
10 34 24 106
10 34 25 75
10 34 26 20
10 34 27 27
10 34 28 81
10 34 29 84
10 34 30 105
10 34 31 30
10 34 32 119
10 34 33 126
10 34 34 41
10 34 35 56
10 34 36 104
10 34 37 111
10 34 38 11
10 34 39 125
10 34 40 19
10 34 41 35
10 34 42 103
10 35 0 8
10 35 1 123
10 35 2 33
10 35 3 94
10 35 4 66
10 35 5 73
10 35 6 2
10 35 7 75
10 35 8 53
10 35 9 30
10 35 10 100
10 35 11 107
10 35 12 56
10 35 13 69
10 35 14 4
10 35 15 62
10 35 16 80
10 35 17 47
10 35 18 113
10 35 19 42
10 35 20 9
10 35 21 91
10 35 22 98
10 35 23 46
10 35 24 112
10 35 25 26
10 35 26 126
10 35 27 58
10 35 28 82
10 35 29 104
10 35 30 1
10 35 31 118
10 35 32 63
10 35 33 25
10 35 34 96
10 35 35 103
10 35 36 110
10 35 37 12
10 35 38 64
10 35 39 20
10 35 40 0
10 35 41 102
10 35 42 3
10 36 0 122
10 36 1 6
10 36 2 45
10 36 3 100
10 36 4 107
10 36 5 5
10 36 6 59
10 36 7 56
10 36 8 34
10 36 9 99
10 36 10 106
10 36 11 55
10 36 12 120
10 36 13 21
10 36 14 75
10 36 15 57
10 36 16 105
10 36 17 70
10 36 18 32
10 36 19 29
10 36 20 90
10 36 21 97
10 36 22 62
10 36 23 68
10 36 24 2
10 36 25 82
10 36 26 89
10 36 27 96
10 36 28 103
10 36 29 1
10 36 30 81
10 36 31 124
10 36 32 23
10 36 33 80
10 36 34 102
10 36 35 109
10 36 36 33
10 36 37 123
10 36 38 12
10 36 39 15
10 36 40 101
10 36 41 31
10 36 42 17
10 37 0 36
10 37 1 92
10 37 2 99
10 37 3 106
10 37 4 38
10 37 5 120
10 37 6 45
10 37 7 37
10 37 8 98
10 37 9 80
10 37 10 112
10 37 11 66
10 37 12 27
10 37 13 62
10 37 14 65
10 37 15 104
10 37 16 111
10 37 17 31
10 37 18 33
10 37 19 67
10 37 20 53
10 37 21 43
10 37 22 49
10 37 23 42
10 37 24 124
10 37 25 71
10 37 26 77
10 37 27 102
10 37 28 28
10 37 29 116
10 37 30 58
10 37 31 5
10 37 32 57
10 37 33 73
10 37 34 108
10 37 35 34
10 37 36 122
10 37 37 41
10 37 38 25
10 37 39 100
10 37 40 13
10 37 41 19
10 37 42 121
10 38 0 91
10 38 1 98
10 38 2 44
10 38 3 40
10 38 4 58
10 38 5 46
10 38 6 26
10 38 7 97
10 38 8 70
10 38 9 68
10 38 10 61
10 38 11 37
10 38 12 89
10 38 13 96
10 38 14 103
10 38 15 110
10 38 16 32
10 38 17 1
10 38 18 88
10 38 19 95
10 38 20 51
10 38 21 72
10 38 22 4
10 38 23 84
10 38 24 87
10 38 25 55
10 38 26 53
10 38 27 22
10 38 28 115
10 38 29 47
10 38 30 16
10 38 31 93
10 38 32 100
10 38 33 57
10 38 34 8
10 38 35 121
10 38 36 24
10 38 37 5
10 38 38 99
10 38 39 9
10 38 40 41
10 38 41 43
10 38 42 2
10 39 0 97
10 39 1 72
10 39 2 13
10 39 3 78
10 39 4 125
10 39 5 42
10 39 6 56
10 39 7 70
10 39 8 45
10 39 9 117
10 39 10 2
10 39 11 85
10 39 12 43
10 39 13 102
10 39 14 109
10 39 15 32
10 39 16 34
10 39 17 69
10 39 18 94
10 39 19 101
10 39 20 48
10 39 21 4
10 39 22 60
10 39 23 86
10 39 24 93
10 39 25 100
10 39 26 36
10 39 27 114
10 39 28 61
10 39 29 18
10 39 30 73
10 39 31 99
10 39 32 53
10 39 33 38
10 39 34 68
10 39 35 14
10 39 36 16
10 39 37 98
10 39 38 3
10 39 39 11
10 39 40 119
10 39 41 7
10 39 42 90
10 40 0 54
10 40 1 14
10 40 2 117
10 40 3 49
10 40 4 42
10 40 5 95
10 40 6 70
10 40 7 77
10 40 8 58
10 40 9 41
10 40 10 87
10 40 11 72
10 40 12 69
10 40 13 108
10 40 14 21
10 40 15 29
10 40 16 56
10 40 17 83
10 40 18 67
10 40 19 107
10 40 20 36
10 40 21 52
10 40 22 76
10 40 23 47
10 40 24 99
10 40 25 22
10 40 26 113
10 40 27 120
10 40 28 26
10 40 29 60
10 40 30 98
10 40 31 105
10 40 32 34
10 40 33 119
10 40 34 12
10 40 35 28
10 40 36 97
10 40 37 9
10 40 38 20
10 40 39 118
10 40 40 25
10 40 41 81
10 40 42 43
10 41 0 5
10 41 1 52
10 41 2 123
10 41 3 20
10 41 4 94
10 41 5 101
10 41 6 85
10 41 7 49
10 41 8 3
10 41 9 86
10 41 10 93
10 41 11 100
10 41 12 83
10 41 13 1
10 41 14 19
10 41 15 47
10 41 16 92
10 41 17 84
10 41 18 106
10 41 19 0
10 41 20 120
10 41 21 23
10 41 22 81
10 41 23 98
10 41 24 30
10 41 25 69
10 41 26 66
10 41 27 2
10 41 28 78
10 41 29 97
10 41 30 104
10 41 31 12
10 41 32 118
10 41 33 8
10 41 34 18
10 41 35 96
10 41 36 27
10 41 37 31
10 41 38 62
10 41 39 16
10 41 40 88
10 41 41 95
10 41 42 45
10 42 0 45
10 42 1 122
10 42 2 19
10 42 3 77
10 42 4 61
10 42 5 107
10 42 6 76
10 42 7 20
10 42 8 65
10 42 9 60
10 42 10 99
10 42 11 78
10 42 12 42
10 42 13 17
10 42 14 52
10 42 15 91
10 42 16 48
10 42 17 73
10 42 18 40
10 42 19 79
10 42 20 126
10 42 21 66
10 42 22 97
10 42 23 32
10 42 24 111
10 42 25 50
10 42 26 1
10 42 27 89
10 42 28 64
10 42 29 103
10 42 30 35
10 42 31 62
10 42 32 4
10 42 33 7
10 42 34 95
10 42 35 11
10 42 36 23
10 42 37 116
10 42 38 34
10 42 39 59
10 42 40 94
10 42 41 101
10 42 42 5
11 0 0 20
11 0 1 78
11 0 2 62
11 0 3 107
11 0 4 77
11 0 5 21
11 0 6 66
11 0 7 61
11 0 8 99
11 0 9 79
11 0 10 0
11 0 11 18
11 0 12 53
11 0 13 91
11 0 14 49
11 0 15 74
11 0 16 41
11 0 17 80
11 0 18 126
11 0 19 67
11 0 20 97
11 0 21 33
11 0 22 111
11 0 23 51
11 0 24 2
11 0 25 89
11 0 26 65
11 0 27 103
11 0 28 36
11 0 29 63
11 0 30 5
11 0 31 8
11 0 32 95
11 0 33 12
11 0 34 24
11 0 35 116
11 0 36 35
11 0 37 60
11 0 38 94
11 0 39 101
11 0 40 6
11 0 41 46
11 0 42 122
11 1 0 92
11 1 1 65
11 1 2 106
11 1 3 48
11 1 4 7
11 1 5 29
11 1 6 77
11 1 7 98
11 1 8 105
11 1 9 14
11 1 10 33
11 1 11 54
11 1 12 90
11 1 13 53
11 1 14 82
11 1 15 38
11 1 16 44
11 1 17 57
11 1 18 89
11 1 19 71
11 1 20 16
11 1 21 110
11 1 22 117
11 1 23 32
11 1 24 68
11 1 25 95
11 1 26 102
11 1 27 25
11 1 28 116
11 1 29 42
11 1 30 41
11 1 31 94
11 1 32 17
11 1 33 5
11 1 34 115
11 1 35 40
11 1 36 66
11 1 37 75
11 1 38 43
11 1 39 18
11 1 40 79
11 1 41 121
11 1 42 27
11 2 0 83
11 2 1 47
11 2 2 112
11 2 3 28
11 2 4 126
11 2 5 46
11 2 6 97
11 2 7 104
11 2 8 6
11 2 9 29
11 2 10 125
11 2 11 50
11 2 12 96
11 2 13 57
11 2 14 21
11 2 15 117
11 2 16 124
11 2 17 65
11 2 18 95
11 2 19 27
11 2 20 109
11 2 21 80
11 2 22 19
11 2 23 87
11 2 24 94
11 2 25 68
11 2 26 40
11 2 27 115
11 2 28 12
11 2 29 16
11 2 30 93
11 2 31 10
11 2 32 1
11 2 33 114
11 2 34 7
11 2 35 77
11 2 36 92
11 2 37 55
11 2 38 8
11 2 39 56
11 2 40 84
11 2 41 32
11 2 42 91
11 3 0 48
11 3 1 55
11 3 2 20
11 3 3 51
11 3 4 89
11 3 5 56
11 3 6 103
11 3 7 40
11 3 8 34
11 3 9 49
11 3 10 88
11 3 11 71
11 3 12 78
11 3 13 3
11 3 14 84
11 3 15 58
11 3 16 87
11 3 17 94
11 3 18 0
11 3 19 108
11 3 20 53
11 3 21 27
11 3 22 86
11 3 23 54
11 3 24 100
11 3 25 30
11 3 26 114
11 3 27 23
11 3 28 5
11 3 29 92
11 3 30 37
11 3 31 24
11 3 32 113
11 3 33 25
11 3 34 72
11 3 35 91
11 3 36 83
11 3 37 41
11 3 38 112
11 3 39 119
11 3 40 1
11 3 41 90
11 3 42 85
11 4 0 51
11 4 1 24
11 4 2 124
11 4 3 79
11 4 4 95
11 4 5 102
11 4 6 14
11 4 7 29
11 4 8 123
11 4 9 68
11 4 10 76
11 4 11 101
11 4 12 27
11 4 13 84
11 4 14 78
11 4 15 86
11 4 16 62
11 4 17 22
11 4 18 77
11 4 19 61
11 4 20 8
11 4 21 44
11 4 22 92
11 4 23 99
11 4 24 15
11 4 25 113
11 4 26 25
11 4 27 13
11 4 28 91
11 4 29 33
11 4 30 31
11 4 31 49
11 4 32 34
11 4 33 52
11 4 34 90
11 4 35 66
11 4 36 7
11 4 37 85
11 4 38 118
11 4 39 23
11 4 40 69
11 4 41 96
11 4 42 75
11 5 0 21
11 5 1 74
11 5 2 87
11 5 3 94
11 5 4 80
11 5 5 15
11 5 6 41
11 5 7 122
11 5 8 57
11 5 9 93
11 5 10 50
11 5 11 16
11 5 12 58
11 5 13 44
11 5 14 60
11 5 15 92
11 5 16 28
11 5 17 75
11 5 18 73
11 5 19 6
11 5 20 39
11 5 21 91
11 5 22 98
11 5 23 7
11 5 24 81
11 5 25 12
11 5 26 10
11 5 27 90
11 5 28 0
11 5 29 14
11 5 30 111
11 5 31 30
11 5 32 125
11 5 33 66
11 5 34 96
11 5 35 29
11 5 36 79
11 5 37 45
11 5 38 37
11 5 39 88
11 5 40 64
11 5 41 67
11 5 42 82
11 6 0 67
11 6 1 86
11 6 2 61
11 6 3 100
11 6 4 26
11 6 5 14
11 6 6 121
11 6 7 44
11 6 8 76
11 6 9 55
11 6 10 19
11 6 11 47
11 6 12 120
11 6 13 20
11 6 14 91
11 6 15 34
11 6 16 105
11 6 17 112
11 6 18 3
11 6 19 126
11 6 20 90
11 6 21 97
11 6 22 0
11 6 23 111
11 6 24 18
11 6 25 5
11 6 26 89
11 6 27 8
11 6 28 4
11 6 29 110
11 6 30 36
11 6 31 69
11 6 32 88
11 6 33 72
11 6 34 9
11 6 35 50
11 6 36 116
11 6 37 22
11 6 38 52
11 6 39 77
11 6 40 101
11 6 41 81
11 6 42 35
11 7 0 49
11 7 1 92
11 7 2 99
11 7 3 8
11 7 4 24
11 7 5 73
11 7 6 53
11 7 7 60
11 7 8 48
11 7 9 6
11 7 10 112
11 7 11 74
11 7 12 126
11 7 13 90
11 7 14 4
11 7 15 104
11 7 16 65
11 7 17 7
11 7 18 66
11 7 19 58
11 7 20 44
11 7 21 19
11 7 22 110
11 7 23 42
11 7 24 17
11 7 25 88
11 7 26 39
11 7 27 18
11 7 28 109
11 7 29 26
11 7 30 123
11 7 31 83
11 7 32 43
11 7 33 37
11 7 34 45
11 7 35 115
11 7 36 1
11 7 37 61
11 7 38 93
11 7 39 69
11 7 40 107
11 7 41 27
11 7 42 79
11 8 0 91
11 8 1 98
11 8 2 32
11 8 3 27
11 8 4 119
11 8 5 83
11 8 6 63
11 8 7 52
11 8 8 24
11 8 9 44
11 8 10 46
11 8 11 82
11 8 12 79
11 8 13 13
11 8 14 103
11 8 15 65
11 8 16 35
11 8 17 124
11 8 18 88
11 8 19 95
11 8 20 30
11 8 21 109
11 8 22 9
11 8 23 33
11 8 24 87
11 8 25 34
11 8 26 42
11 8 27 108
11 8 28 20
11 8 29 122
11 8 30 53
11 8 31 93
11 8 32 16
11 8 33 107
11 8 34 114
11 8 35 26
11 8 36 49
11 8 37 76
11 8 38 72
11 8 39 106
11 8 40 41
11 8 41 120
11 8 42 25
11 9 0 97
11 9 1 14
11 9 2 25
11 9 3 118
11 9 4 125
11 9 5 89
11 9 6 96
11 9 7 6
11 9 8 65
11 9 9 117
11 9 10 124
11 9 11 88
11 9 12 31
11 9 13 102
11 9 14 80
11 9 15 30
11 9 16 50
11 9 17 45
11 9 18 94
11 9 19 9
11 9 20 108
11 9 21 15
11 9 22 5
11 9 23 86
11 9 24 36
11 9 25 40
11 9 26 75
11 9 27 24
11 9 28 121
11 9 29 73
11 9 30 63
11 9 31 19
11 9 32 106
11 9 33 113
11 9 34 39
11 9 35 47
11 9 36 53
11 9 37 49
11 9 38 68
11 9 39 29
11 9 40 81
11 9 41 126
11 9 42 90
11 10 0 8
11 10 1 2
11 10 2 48
11 10 3 44
11 10 4 81
11 10 5 58
11 10 6 25
11 10 7 55
11 10 8 75
11 10 9 52
11 10 10 59
11 10 11 34
11 10 12 51
11 10 13 46
11 10 14 30
11 10 15 43
11 10 16 78
11 10 17 74
11 10 18 42
11 10 19 66
11 10 20 10
11 10 21 13
11 10 22 54
11 10 23 4
11 10 24 39
11 10 25 85
11 10 26 15
11 10 27 77
11 10 28 73
11 10 29 65
11 10 30 20
11 10 31 62
11 10 32 57
11 10 33 18
11 10 34 49
11 10 35 56
11 10 36 76
11 10 37 53
11 10 38 21
11 10 39 50
11 10 40 70
11 10 41 64
11 10 42 60
11 11 0 41
11 11 1 116
11 11 2 123
11 11 3 87
11 11 4 70
11 11 5 40
11 11 6 83
11 11 7 59
11 11 8 55
11 11 9 61
11 11 10 39
11 11 11 100
11 11 12 107
11 11 13 4
11 11 14 45
11 11 15 78
11 11 16 92
11 11 17 29
11 11 18 76
11 11 19 20
11 11 20 37
11 11 21 11
11 11 22 28
11 11 23 2
11 11 24 105
11 11 25 36
11 11 26 119
11 11 27 63
11 11 28 58
11 11 29 18
11 11 30 71
11 11 31 111
11 11 32 26
11 11 33 125
11 11 34 89
11 11 35 96
11 11 36 43
11 11 37 25
11 11 38 117
11 11 39 124
11 11 40 88
11 11 41 95
11 11 42 24
11 12 0 115
11 12 1 122
11 12 2 86
11 12 3 93
11 12 4 1
11 12 5 107
11 12 6 79
11 12 7 75
11 12 8 59
11 12 9 4
11 12 10 99
11 12 11 106
11 12 12 2
11 12 13 120
11 12 14 55
11 12 15 91
11 12 16 7
11 12 17 105
11 12 18 26
11 12 19 18
11 12 20 126
11 12 21 9
11 12 22 12
11 12 23 104
11 12 24 23
11 12 25 118
11 12 26 125
11 12 27 89
11 12 28 35
11 12 29 43
11 12 30 110
11 12 31 31
11 12 32 72
11 12 33 69
11 12 34 62
11 12 35 64
11 12 36 40
11 12 37 56
11 12 38 45
11 12 39 68
11 12 40 94
11 12 41 20
11 12 42 14
11 13 0 121
11 13 1 59
11 13 2 72
11 13 3 36
11 13 4 106
11 13 5 82
11 13 6 120
11 13 7 47
11 13 8 26
11 13 9 98
11 13 10 63
11 13 11 3
11 13 12 65
11 13 13 68
11 13 14 90
11 13 15 41
11 13 16 104
11 13 17 25
11 13 18 29
11 13 19 125
11 13 20 17
11 13 21 7
11 13 22 103
11 13 23 13
11 13 24 64
11 13 25 50
11 13 26 85
11 13 27 35
11 13 28 43
11 13 29 109
11 13 30 34
11 13 31 123
11 13 32 87
11 13 33 77
11 13 34 101
11 13 35 16
11 13 36 60
11 13 37 48
11 13 38 55
11 13 39 78
11 13 40 40
11 13 41 8
11 13 42 114
11 14 0 40
11 14 1 84
11 14 2 24
11 14 3 70
11 14 4 112
11 14 5 74
11 14 6 56
11 14 7 39
11 14 8 97
11 14 9 58
11 14 10 6
11 14 11 79
11 14 12 125
11 14 13 82
11 14 14 2
11 14 15 103
11 14 16 23
11 14 17 31
11 14 18 124
11 14 19 32
11 14 20 13
11 14 21 102
11 14 22 35
11 14 23 116
11 14 24 123
11 14 25 87
11 14 26 30
11 14 27 101
11 14 28 108
11 14 29 9
11 14 30 122
11 14 31 86
11 14 32 93
11 14 33 61
11 14 34 41
11 14 35 53
11 14 36 75
11 14 37 64
11 14 38 92
11 14 39 38
11 14 40 33
11 14 41 113
11 14 42 47
11 15 0 77
11 15 1 38
11 15 2 69
11 15 3 84
11 15 4 44
11 15 5 125
11 15 6 21
11 15 7 63
11 15 8 72
11 15 9 28
11 15 10 117
11 15 11 85
11 15 12 88
11 15 13 39
11 15 14 102
11 15 15 4
11 15 16 26
11 15 17 123
11 15 18 5
11 15 19 23
11 15 20 70
11 15 21 3
11 15 22 115
11 15 23 122
11 15 24 86
11 15 25 15
11 15 26 78
11 15 27 76
11 15 28 18
11 15 29 121
11 15 30 48
11 15 31 64
11 15 32 50
11 15 33 16
11 15 34 58
11 15 35 120
11 15 36 51
11 15 37 91
11 15 38 41
11 15 39 14
11 15 40 71
11 15 41 119
11 15 42 126
11 16 0 30
11 16 1 57
11 16 2 76
11 16 3 117
11 16 4 82
11 16 5 0
11 16 6 95
11 16 7 66
11 16 8 13
11 16 9 85
11 16 10 123
11 16 11 56
11 16 12 29
11 16 13 59
11 16 14 18
11 16 15 14
11 16 16 122
11 16 17 17
11 16 18 4
11 16 19 100
11 16 20 22
11 16 21 114
11 16 22 121
11 16 23 64
11 16 24 19
11 16 25 47
11 16 26 74
11 16 27 31
11 16 28 46
11 16 29 2
11 16 30 73
11 16 31 67
11 16 32 3
11 16 33 112
11 16 34 75
11 16 35 83
11 16 36 90
11 16 37 8
11 16 38 39
11 16 39 111
11 16 40 118
11 16 41 72
11 16 42 89
11 17 0 53
11 17 1 60
11 17 2 66
11 17 3 123
11 17 4 28
11 17 5 94
11 17 6 101
11 17 7 36
11 17 8 68
11 17 9 122
11 17 10 79
11 17 11 35
11 17 12 100
11 17 13 8
11 17 14 22
11 17 15 121
11 17 16 12
11 17 17 10
11 17 18 99
11 17 19 15
11 17 20 113
11 17 21 54
11 17 22 26
11 17 23 16
11 17 24 55
11 17 25 105
11 17 26 37
11 17 27 119
11 17 28 126
11 17 29 50
11 17 30 67
11 17 31 6
11 17 32 73
11 17 33 80
11 17 34 125
11 17 35 59
11 17 36 24
11 17 37 7
11 17 38 110
11 17 39 52
11 17 40 124
11 17 41 57
11 17 42 1
11 18 0 61
11 18 1 68
11 18 2 122
11 18 3 42
11 18 4 67
11 18 5 52
11 18 6 15
11 18 7 53
11 18 8 121
11 18 9 74
11 18 10 31
11 18 11 99
11 18 12 34
11 18 13 32
11 18 14 120
11 18 15 9
11 18 16 40
11 18 17 98
11 18 18 7
11 18 19 83
11 18 20 119
11 18 21 126
11 18 22 14
11 18 23 71
11 18 24 104
11 18 25 0
11 18 26 118
11 18 27 43
11 18 28 89
11 18 29 96
11 18 30 38
11 18 31 51
11 18 32 117
11 18 33 58
11 18 34 88
11 18 35 36
11 18 36 8
11 18 37 109
11 18 38 116
11 18 39 62
11 18 40 87
11 18 41 41
11 18 42 101
11 19 0 43
11 19 1 121
11 19 2 21
11 19 3 92
11 19 4 72
11 19 5 24
11 19 6 65
11 19 7 76
11 19 8 85
11 19 9 40
11 19 10 98
11 19 11 41
11 19 12 28
11 19 13 119
11 19 14 17
11 19 15 42
11 19 16 97
11 19 17 35
11 19 18 111
11 19 19 118
11 19 20 83
11 19 21 38
11 19 22 96
11 19 23 103
11 19 24 22
11 19 25 80
11 19 26 124
11 19 27 51
11 19 28 64
11 19 29 19
11 19 30 69
11 19 31 55
11 19 32 123
11 19 33 54
11 19 34 31
11 19 35 25
11 19 36 108
11 19 37 115
11 19 38 74
11 19 39 86
11 19 40 2
11 19 41 60
11 19 42 107
11 20 0 73
11 20 1 33
11 20 2 91
11 20 3 62
11 20 4 14
11 20 5 112
11 20 6 119
11 20 7 48
11 20 8 15
11 20 9 97
11 20 10 21
11 20 11 12
11 20 12 118
11 20 13 6
11 20 14 10
11 20 15 45
11 20 16 25
11 20 17 110
11 20 18 43
11 20 19 124
11 20 20 3
11 20 21 57
11 20 22 102
11 20 23 38
11 20 24 116
11 20 25 84
11 20 26 87
11 20 27 71
11 20 28 1
11 20 29 77
11 20 30 59
11 20 31 122
11 20 32 55
11 20 33 36
11 20 34 16
11 20 35 72
11 20 36 114
11 20 37 47
11 20 38 85
11 20 39 37
11 20 40 74
11 20 41 106
11 20 42 46
11 21 0 38
11 21 1 90
11 21 2 55
11 21 3 4
11 21 4 62
11 21 5 118
11 21 6 125
11 21 7 25
11 21 8 45
11 21 9 17
11 21 10 5
11 21 11 117
11 21 12 24
11 21 13 23
11 21 14 95
11 21 15 40
11 21 16 109
11 21 17 116
11 21 18 72
11 21 19 33
11 21 20 84
11 21 21 81
11 21 22 6
11 21 23 115
11 21 24 69
11 21 25 86
11 21 26 93
11 21 27 27
11 21 28 107
11 21 29 66
11 21 30 121
11 21 31 60
11 21 32 32
11 21 33 8
11 21 34 67
11 21 35 113
11 21 36 120
11 21 37 36
11 21 38 15
11 21 39 58
11 21 40 65
11 21 41 112
11 21 42 119
11 22 0 58
11 22 1 96
11 22 2 16
11 22 3 53
11 22 4 64
11 22 5 69
11 22 6 30
11 22 7 95
11 22 8 41
11 22 9 10
11 22 10 116
11 22 11 14
11 22 12 17
11 22 13 94
11 22 14 29
11 22 15 108
11 22 16 115
11 22 17 47
11 22 18 20
11 22 19 93
11 22 20 100
11 22 21 32
11 22 22 114
11 22 23 60
11 22 24 74
11 22 25 55
11 22 26 24
11 22 27 106
11 22 28 83
11 22 29 67
11 22 30 51
11 22 31 4
11 22 32 22
11 22 33 105
11 22 34 81
11 22 35 78
11 22 36 126
11 22 37 1
11 22 38 49
11 22 39 73
11 22 40 80
11 22 41 118
11 22 42 2
11 23 0 72
11 23 1 16
11 23 2 78
11 23 3 116
11 23 4 123
11 23 5 5
11 23 6 94
11 23 7 33
11 23 8 37
11 23 9 115
11 23 10 3
11 23 11 13
11 23 12 82
11 23 13 9
11 23 14 54
11 23 15 114
11 23 16 77
11 23 17 19
11 23 18 46
11 23 19 99
11 23 20 34
11 23 21 113
11 23 22 120
11 23 23 41
11 23 24 47
11 23 25 21
11 23 26 59
11 23 27 112
11 23 28 119
11 23 29 81
11 23 30 2
11 23 31 20
11 23 32 104
11 23 33 111
11 23 34 64
11 23 35 65
11 23 36 18
11 23 37 96
11 23 38 62
11 23 39 80
11 23 40 51
11 23 41 1
11 23 42 88
11 24 0 7
11 24 1 63
11 24 2 115
11 24 3 122
11 24 4 39
11 24 5 64
11 24 6 1
11 24 7 12
11 24 8 114
11 24 9 36
11 24 10 9
11 24 11 92
11 24 12 30
11 24 13 50
11 24 14 113
11 24 15 120
11 24 16 38
11 24 17 60
11 24 18 98
11 24 19 42
11 24 20 54
11 24 21 52
11 24 22 126
11 24 23 66
11 24 24 28
11 24 25 78
11 24 26 56
11 24 27 118
11 24 28 125
11 24 29 35
11 24 30 0
11 24 31 103
11 24 32 110
11 24 33 117
11 24 34 124
11 24 35 23
11 24 36 46
11 24 37 82
11 24 38 80
11 24 39 116
11 24 40 22
11 24 41 61
11 24 42 49
11 25 0 107
11 25 1 114
11 25 2 121
11 25 3 14
11 25 4 92
11 25 5 10
11 25 6 18
11 25 7 113
11 25 8 5
11 25 9 7
11 25 10 91
11 25 11 26
11 25 12 105
11 25 13 77
11 25 14 50
11 25 15 3
11 25 16 49
11 25 17 97
11 25 18 28
11 25 19 111
11 25 20 73
11 25 21 79
11 25 22 89
11 25 23 17
11 25 24 58
11 25 25 64
11 25 26 54
11 25 27 83
11 25 28 30
11 25 29 32
11 25 30 102
11 25 31 109
11 25 32 85
11 25 33 45
11 25 34 19
11 25 35 84
11 25 36 101
11 25 37 70
11 25 38 115
11 25 39 22
11 25 40 62
11 25 41 93
11 25 42 8
11 26 0 113
11 26 1 62
11 26 2 19
11 26 3 91
11 26 4 23
11 26 5 12
11 26 6 112
11 26 7 16
11 26 8 40
11 26 9 90
11 26 10 13
11 26 11 104
11 26 12 111
11 26 13 70
11 26 14 5
11 26 15 89
11 26 16 69
11 26 17 42
11 26 18 110
11 26 19 117
11 26 20 124
11 26 21 68
11 26 22 17
11 26 23 82
11 26 24 45
11 26 25 116
11 26 26 123
11 26 27 20
11 26 28 32
11 26 29 80
11 26 30 108
11 26 31 50
11 26 32 75
11 26 33 27
11 26 34 93
11 26 35 52
11 26 36 107
11 26 37 114
11 26 38 38
11 26 39 51
11 26 40 48
11 26 41 24
11 26 42 106
11 27 0 119
11 27 1 28
11 27 2 90
11 27 3 2
11 27 4 8
11 27 5 111
11 27 6 39
11 27 7 23
11 27 8 43
11 27 9 30
11 27 10 103
11 27 11 110
11 27 12 117
11 27 13 16
11 27 14 44
11 27 15 95
11 27 16 36
11 27 17 109
11 27 18 68
11 27 19 49
11 27 20 87
11 27 21 22
11 27 22 101
11 27 23 61
11 27 24 115
11 27 25 122
11 27 26 31
11 27 27 33
11 27 28 100
11 27 29 60
11 27 30 70
11 27 31 45
11 27 32 37
11 27 33 81
11 27 34 51
11 27 35 106
11 27 36 113
11 27 37 27
11 27 38 54
11 27 39 75
11 27 40 26
11 27 41 77
11 27 42 84
11 28 0 15
11 28 1 54
11 28 2 4
11 28 3 33
11 28 4 110
11 28 5 6
11 28 6 9
11 28 7 88
11 28 8 31
11 28 9 102
11 28 10 109
11 28 11 51
11 28 12 41
11 28 13 87
11 28 14 94
11 28 15 20
11 28 16 108
11 28 17 66
11 28 18 69
11 28 19 86
11 28 20 19
11 28 21 75
11 28 22 107
11 28 23 114
11 28 24 121
11 28 25 35
11 28 26 32
11 28 27 99
11 28 28 63
11 28 29 47
11 28 30 120
11 28 31 0
11 28 32 48
11 28 33 76
11 28 34 74
11 28 35 55
11 28 36 30
11 28 37 73
11 28 38 84
11 28 39 16
11 28 40 56
11 28 41 111
11 28 42 118
11 29 0 88
11 29 1 13
11 29 2 18
11 29 3 109
11 29 4 21
11 29 5 1
11 29 6 60
11 29 7 9
11 29 8 71
11 29 9 108
11 29 10 82
11 29 11 39
11 29 12 86
11 29 13 67
11 29 14 20
11 29 15 77
11 29 16 52
11 29 17 56
11 29 18 57
11 29 19 38
11 29 20 85
11 29 21 106
11 29 22 113
11 29 23 46
11 29 24 12
11 29 25 22
11 29 26 98
11 29 27 105
11 29 28 112
11 29 29 45
11 29 30 17
11 29 31 59
11 29 32 68
11 29 33 64
11 29 34 111
11 29 35 34
11 29 36 125
11 29 37 89
11 29 38 19
11 29 39 49
11 29 40 110
11 29 41 43
11 29 42 31
11 30 0 27
11 30 1 36
11 30 2 108
11 30 3 29
11 30 4 2
11 30 5 47
11 30 6 10
11 30 7 100
11 30 8 79
11 30 9 83
11 30 10 23
11 30 11 73
11 30 12 92
11 30 13 34
11 30 14 75
11 30 15 51
11 30 16 120
11 30 17 37
11 30 18 1
11 30 19 81
11 30 20 60
11 30 21 49
11 30 22 119
11 30 23 8
11 30 24 31
11 30 25 97
11 30 26 104
11 30 27 70
11 30 28 71
11 30 29 38
11 30 30 89
11 30 31 96
11 30 32 45
11 30 33 110
11 30 34 40
11 30 35 85
11 30 36 57
11 30 37 15
11 30 38 64
11 30 39 109
11 30 40 116
11 30 41 7
11 30 42 56
11 31 0 10
11 31 1 107
11 31 2 5
11 31 3 37
11 31 4 85
11 31 5 35
11 31 6 99
11 31 7 72
11 31 8 73
11 31 9 26
11 31 10 18
11 31 11 91
11 31 12 19
11 31 13 105
11 31 14 112
11 31 15 81
11 31 16 126
11 31 17 12
11 31 18 67
11 31 19 52
11 31 20 111
11 31 21 118
11 31 22 22
11 31 23 1
11 31 24 43
11 31 25 103
11 31 26 80
11 31 27 117
11 31 28 40
11 31 29 75
11 31 30 61
11 31 31 46
11 31 32 109
11 31 33 0
11 31 34 123
11 31 35 87
11 31 36 39
11 31 37 101
11 31 38 108
11 31 39 115
11 31 40 23
11 31 41 71
11 31 42 42
11 32 0 106
11 32 1 25
11 32 2 13
11 32 3 80
11 32 4 37
11 32 5 98
11 32 6 105
11 32 7 112
11 32 8 16
11 32 9 126
11 32 10 90
11 32 11 28
11 32 12 104
11 32 13 62
11 32 14 47
11 32 15 76
11 32 16 1
11 32 17 96
11 32 18 71
11 32 19 110
11 32 20 65
11 32 21 12
11 32 22 29
11 32 23 95
11 32 24 102
11 32 25 56
11 32 26 84
11 32 27 36
11 32 28 87
11 32 29 70
11 32 30 101
11 32 31 108
11 32 32 31
11 32 33 122
11 32 34 86
11 32 35 18
11 32 36 78
11 32 37 79
11 32 38 114
11 32 39 42
11 32 40 66
11 32 41 5
11 32 42 32
11 33 0 33
11 33 1 17
11 33 2 52
11 33 3 23
11 33 4 97
11 33 5 104
11 33 6 44
11 33 7 4
11 33 8 51
11 33 9 66
11 33 10 34
11 33 11 103
11 33 12 63
11 33 13 117
11 33 14 124
11 33 15 29
11 33 16 80
11 33 17 81
11 33 18 109
11 33 19 116
11 33 20 36
11 33 21 10
11 33 22 94
11 33 23 59
11 33 24 48
11 33 25 70
11 33 26 21
11 33 27 86
11 33 28 93
11 33 29 57
11 33 30 76
11 33 31 37
11 33 32 121
11 33 33 78
11 33 34 6
11 33 35 68
11 33 36 72
11 33 37 113
11 33 38 28
11 33 39 61
11 33 40 9
11 33 41 40
11 33 42 105
11 34 0 23
11 34 1 125
11 34 2 42
11 34 3 65
11 34 4 103
11 34 5 59
11 34 6 26
11 34 7 124
11 34 8 88
11 34 9 22
11 34 10 102
11 34 11 44
11 34 12 83
11 34 13 49
11 34 14 25
11 34 15 63
11 34 16 101
11 34 17 108
11 34 18 115
11 34 19 21
11 34 20 0
11 34 21 62
11 34 22 100
11 34 23 107
11 34 24 66
11 34 25 10
11 34 26 51
11 34 27 52
11 34 28 56
11 34 29 74
11 34 30 3
11 34 31 84
11 34 32 4
11 34 33 39
11 34 34 69
11 34 35 105
11 34 36 80
11 34 37 30
11 34 38 48
11 34 39 28
11 34 40 17
11 34 41 104
11 34 42 12
11 35 0 54
11 35 1 15
11 35 2 95
11 35 3 102
11 35 4 52
11 35 5 7
11 35 6 67
11 35 7 78
11 35 8 25
11 35 9 53
11 35 10 77
11 35 11 75
11 35 12 60
11 35 13 27
11 35 14 93
11 35 15 61
11 35 16 45
11 35 17 114
11 35 18 34
11 35 19 14
11 35 20 92
11 35 21 99
11 35 22 106
11 35 23 76
11 35 24 21
11 35 25 28
11 35 26 82
11 35 27 85
11 35 28 105
11 35 29 31
11 35 30 119
11 35 31 126
11 35 32 42
11 35 33 57
11 35 34 104
11 35 35 111
11 35 36 12
11 35 37 125
11 35 38 20
11 35 39 36
11 35 40 103
11 35 41 29
11 35 42 38
11 36 0 34
11 36 1 94
11 36 2 67
11 36 3 74
11 36 4 3
11 36 5 76
11 36 6 54
11 36 7 31
11 36 8 100
11 36 9 107
11 36 10 57
11 36 11 70
11 36 12 5
11 36 13 63
11 36 14 81
11 36 15 48
11 36 16 113
11 36 17 0
11 36 18 10
11 36 19 91
11 36 20 98
11 36 21 47
11 36 22 112
11 36 23 27
11 36 24 126
11 36 25 59
11 36 26 83
11 36 27 104
11 36 28 2
11 36 29 118
11 36 30 64
11 36 31 26
11 36 32 96
11 36 33 103
11 36 34 110
11 36 35 13
11 36 36 65
11 36 37 21
11 36 38 1
11 36 39 102
11 36 40 4
11 36 41 9
11 36 42 123
11 37 0 46
11 37 1 100
11 37 2 107
11 37 3 6
11 37 4 60
11 37 5 57
11 37 6 35
11 37 7 99
11 37 8 106
11 37 9 56
11 37 10 120
11 37 11 22
11 37 12 76
11 37 13 58
11 37 14 105
11 37 15 71
11 37 16 33
11 37 17 30
11 37 18 90
11 37 19 97
11 37 20 63
11 37 21 69
11 37 22 3
11 37 23 83
11 37 24 89
11 37 25 96
11 37 26 103
11 37 27 2
11 37 28 82
11 37 29 124
11 37 30 24
11 37 31 81
11 37 32 102
11 37 33 109
11 37 34 34
11 37 35 123
11 37 36 13
11 37 37 16
11 37 38 101
11 37 39 32
11 37 40 18
11 37 41 122
11 37 42 7
11 38 0 99
11 38 1 106
11 38 2 39
11 38 3 120
11 38 4 46
11 38 5 38
11 38 6 98
11 38 7 81
11 38 8 112
11 38 9 67
11 38 10 28
11 38 11 63
11 38 12 66
11 38 13 104
11 38 14 111
11 38 15 32
11 38 16 34
11 38 17 68
11 38 18 54
11 38 19 44
11 38 20 50
11 38 21 0
11 38 22 124
11 38 23 72
11 38 24 78
11 38 25 102
11 38 26 29
11 38 27 116
11 38 28 59
11 38 29 6
11 38 30 58
11 38 31 74
11 38 32 108
11 38 33 35
11 38 34 122
11 38 35 42
11 38 36 26
11 38 37 100
11 38 38 14
11 38 39 20
11 38 40 121
11 38 41 37
11 38 42 92
11 39 0 45
11 39 1 41
11 39 2 59
11 39 3 47
11 39 4 27
11 39 5 97
11 39 6 71
11 39 7 69
11 39 8 62
11 39 9 38
11 39 10 89
11 39 11 96
11 39 12 103
11 39 13 110
11 39 14 33
11 39 15 2
11 39 16 88
11 39 17 95
11 39 18 52
11 39 19 73
11 39 20 5
11 39 21 85
11 39 22 87
11 39 23 56
11 39 24 54
11 39 25 23
11 39 26 115
11 39 27 48
11 39 28 17
11 39 29 93
11 39 30 100
11 39 31 58
11 39 32 9
11 39 33 121
11 39 34 25
11 39 35 6
11 39 36 99
11 39 37 10
11 39 38 42
11 39 39 44
11 39 40 3
11 39 41 91
11 39 42 98
11 40 0 14
11 40 1 79
11 40 2 125
11 40 3 0
11 40 4 57
11 40 5 71
11 40 6 46
11 40 7 117
11 40 8 3
11 40 9 43
11 40 10 44
11 40 11 102
11 40 12 109
11 40 13 33
11 40 14 35
11 40 15 70
11 40 16 94
11 40 17 101
11 40 18 49
11 40 19 5
11 40 20 61
11 40 21 86
11 40 22 93
11 40 23 100
11 40 24 37
11 40 25 114
11 40 26 62
11 40 27 19
11 40 28 74
11 40 29 99
11 40 30 54
11 40 31 39
11 40 32 69
11 40 33 15
11 40 34 17
11 40 35 98
11 40 36 4
11 40 37 12
11 40 38 119
11 40 39 8
11 40 40 90
11 40 41 97
11 40 42 73
11 41 0 117
11 41 1 50
11 41 2 0
11 41 3 95
11 41 4 71
11 41 5 78
11 41 6 59
11 41 7 42
11 41 8 87
11 41 9 73
11 41 10 70
11 41 11 108
11 41 12 22
11 41 13 30
11 41 14 57
11 41 15 84
11 41 16 68
11 41 17 107
11 41 18 37
11 41 19 53
11 41 20 77
11 41 21 48
11 41 22 99
11 41 23 23
11 41 24 113
11 41 25 120
11 41 26 27
11 41 27 61
11 41 28 98
11 41 29 105
11 41 30 35
11 41 31 119
11 41 32 13
11 41 33 29
11 41 34 97
11 41 35 10
11 41 36 21
11 41 37 118
11 41 38 26
11 41 39 82
11 41 40 44
11 41 41 55
11 41 42 15
11 42 0 123
11 42 1 21
11 42 2 94
11 42 3 101
11 42 4 43
11 42 5 50
11 42 6 4
11 42 7 86
11 42 8 93
11 42 9 100
11 42 10 84
11 42 11 2
11 42 12 20
11 42 13 48
11 42 14 92
11 42 15 85
11 42 16 106
11 42 17 1
11 42 18 120
11 42 19 24
11 42 20 82
11 42 21 98
11 42 22 31
11 42 23 70
11 42 24 67
11 42 25 3
11 42 26 79
11 42 27 97
11 42 28 104
11 42 29 13
11 42 30 118
11 42 31 9
11 42 32 19
11 42 33 96
11 42 34 28
11 42 35 32
11 42 36 63
11 42 37 17
11 42 38 88
11 42 39 95
11 42 40 46
11 42 41 6
11 42 42 53
12 0 0 94
12 0 1 101
12 0 2 44
12 0 3 51
12 0 4 5
12 0 5 86
12 0 6 93
12 0 7 100
12 0 8 85
12 0 9 3
12 0 10 21
12 0 11 49
12 0 12 92
12 0 13 43
12 0 14 106
12 0 15 2
12 0 16 120
12 0 17 25
12 0 18 83
12 0 19 98
12 0 20 32
12 0 21 71
12 0 22 68
12 0 23 4
12 0 24 80
12 0 25 97
12 0 26 104
12 0 27 14
12 0 28 118
12 0 29 10
12 0 30 20
12 0 31 96
12 0 32 29
12 0 33 33
12 0 34 64
12 0 35 18
12 0 36 88
12 0 37 95
12 0 38 47
12 0 39 7
12 0 40 54
12 0 41 123
12 0 42 22
12 1 0 63
12 1 1 107
12 1 2 78
12 1 3 22
12 1 4 67
12 1 5 62
12 1 6 99
12 1 7 80
12 1 8 1
12 1 9 19
12 1 10 54
12 1 11 91
12 1 12 50
12 1 13 75
12 1 14 42
12 1 15 81
12 1 16 126
12 1 17 68
12 1 18 97
12 1 19 34
12 1 20 111
12 1 21 52
12 1 22 3
12 1 23 89
12 1 24 66
12 1 25 103
12 1 26 37
12 1 27 64
12 1 28 6
12 1 29 9
12 1 30 95
12 1 31 13
12 1 32 25
12 1 33 116
12 1 34 36
12 1 35 61
12 1 36 94
12 1 37 101
12 1 38 7
12 1 39 47
12 1 40 122
12 1 41 21
12 1 42 79
12 2 0 106
12 2 1 49
12 2 2 8
12 2 3 30
12 2 4 78
12 2 5 98
12 2 6 105
12 2 7 15
12 2 8 34
12 2 9 55
12 2 10 90
12 2 11 54
12 2 12 83
12 2 13 39
12 2 14 45
12 2 15 58
12 2 16 89
12 2 17 72
12 2 18 17
12 2 19 110
12 2 20 117
12 2 21 33
12 2 22 69
12 2 23 95
12 2 24 102
12 2 25 26
12 2 26 116
12 2 27 0
12 2 28 42
12 2 29 94
12 2 30 18
12 2 31 6
12 2 32 115
12 2 33 41
12 2 34 67
12 2 35 76
12 2 36 44
12 2 37 19
12 2 38 80
12 2 39 121
12 2 40 28
12 2 41 92
12 2 42 66
12 3 0 112
12 3 1 29
12 3 2 126
12 3 3 47
12 3 4 97
12 3 5 104
12 3 6 7
12 3 7 30
12 3 8 125
12 3 9 51
12 3 10 96
12 3 11 58
12 3 12 22
12 3 13 117
12 3 14 124
12 3 15 66
12 3 16 95
12 3 17 28
12 3 18 109
12 3 19 81
12 3 20 20
12 3 21 87
12 3 22 94
12 3 23 69
12 3 24 41
12 3 25 115
12 3 26 13
12 3 27 17
12 3 28 93
12 3 29 11
12 3 30 2
12 3 31 114
12 3 32 8
12 3 33 78
12 3 34 92
12 3 35 56
12 3 36 9
12 3 37 57
12 3 38 85
12 3 39 33
12 3 40 91
12 3 41 84
12 3 42 48
12 4 0 21
12 4 1 52
12 4 2 89
12 4 3 57
12 4 4 103
12 4 5 41
12 4 6 35
12 4 7 50
12 4 8 88
12 4 9 72
12 4 10 79
12 4 11 4
12 4 12 85
12 4 13 59
12 4 14 87
12 4 15 94
12 4 16 1
12 4 17 108
12 4 18 54
12 4 19 28
12 4 20 86
12 4 21 55
12 4 22 100
12 4 23 31
12 4 24 114
12 4 25 24
12 4 26 6
12 4 27 92
12 4 28 38
12 4 29 25
12 4 30 113
12 4 31 26
12 4 32 73
12 4 33 91
12 4 34 84
12 4 35 42
12 4 36 112
12 4 37 119
12 4 38 2
12 4 39 90
12 4 40 43
12 4 41 49
12 4 42 56
12 5 0 124
12 5 1 80
12 5 2 95
12 5 3 102
12 5 4 15
12 5 5 30
12 5 6 123
12 5 7 69
12 5 8 77
12 5 9 101
12 5 10 28
12 5 11 85
12 5 12 79
12 5 13 86
12 5 14 63
12 5 15 23
12 5 16 78
12 5 17 62
12 5 18 9
12 5 19 45
12 5 20 92
12 5 21 99
12 5 22 16
12 5 23 113
12 5 24 26
12 5 25 14
12 5 26 91
12 5 27 34
12 5 28 32
12 5 29 50
12 5 30 35
12 5 31 53
12 5 32 90
12 5 33 67
12 5 34 8
12 5 35 43
12 5 36 118
12 5 37 24
12 5 38 70
12 5 39 96
12 5 40 76
12 5 41 52
12 5 42 25
12 6 0 87
12 6 1 94
12 6 2 81
12 6 3 16
12 6 4 42
12 6 5 122
12 6 6 58
12 6 7 93
12 6 8 51
12 6 9 17
12 6 10 59
12 6 11 45
12 6 12 61
12 6 13 92
12 6 14 29
12 6 15 76
12 6 16 74
12 6 17 7
12 6 18 40
12 6 19 91
12 6 20 98
12 6 21 8
12 6 22 82
12 6 23 13
12 6 24 11
12 6 25 90
12 6 26 1
12 6 27 15
12 6 28 111
12 6 29 31
12 6 30 125
12 6 31 67
12 6 32 96
12 6 33 30
12 6 34 80
12 6 35 46
12 6 36 38
12 6 37 88
12 6 38 65
12 6 39 68
12 6 40 83
12 6 41 22
12 6 42 75
12 7 0 62
12 7 1 100
12 7 2 27
12 7 3 15
12 7 4 121
12 7 5 45
12 7 6 77
12 7 7 56
12 7 8 20
12 7 9 48
12 7 10 120
12 7 11 21
12 7 12 91
12 7 13 35
12 7 14 105
12 7 15 112
12 7 16 4
12 7 17 126
12 7 18 90
12 7 19 97
12 7 20 1
12 7 21 111
12 7 22 19
12 7 23 6
12 7 24 89
12 7 25 9
12 7 26 5
12 7 27 110
12 7 28 37
12 7 29 70
12 7 30 88
12 7 31 73
12 7 32 10
12 7 33 51
12 7 34 116
12 7 35 23
12 7 36 53
12 7 37 78
12 7 38 101
12 7 39 82
12 7 40 36
12 7 41 68
12 7 42 86
12 8 0 99
12 8 1 9
12 8 2 25
12 8 3 74
12 8 4 54
12 8 5 61
12 8 6 49
12 8 7 7
12 8 8 112
12 8 9 75
12 8 10 126
12 8 11 90
12 8 12 5
12 8 13 104
12 8 14 66
12 8 15 8
12 8 16 67
12 8 17 59
12 8 18 45
12 8 19 20
12 8 20 110
12 8 21 0
12 8 22 18
12 8 23 88
12 8 24 40
12 8 25 19
12 8 26 109
12 8 27 27
12 8 28 123
12 8 29 84
12 8 30 44
12 8 31 38
12 8 32 46
12 8 33 115
12 8 34 2
12 8 35 62
12 8 36 93
12 8 37 70
12 8 38 107
12 8 39 28
12 8 40 80
12 8 41 50
12 8 42 92
12 9 0 33
12 9 1 28
12 9 2 119
12 9 3 84
12 9 4 64
12 9 5 53
12 9 6 25
12 9 7 45
12 9 8 47
12 9 9 83
12 9 10 80
12 9 11 14
12 9 12 103
12 9 13 66
12 9 14 36
12 9 15 124
12 9 16 88
12 9 17 95
12 9 18 31
12 9 19 109
12 9 20 10
12 9 21 34
12 9 22 87
12 9 23 35
12 9 24 0
12 9 25 108
12 9 26 21
12 9 27 122
12 9 28 54
12 9 29 93
12 9 30 17
12 9 31 107
12 9 32 114
12 9 33 27
12 9 34 50
12 9 35 77
12 9 36 73
12 9 37 106
12 9 38 42
12 9 39 120
12 9 40 26
12 9 41 91
12 9 42 98
12 10 0 26
12 10 1 118
12 10 2 125
12 10 3 89
12 10 4 96
12 10 5 7
12 10 6 66
12 10 7 117
12 10 8 124
12 10 9 88
12 10 10 32
12 10 11 102
12 10 12 81
12 10 13 31
12 10 14 51
12 10 15 46
12 10 16 94
12 10 17 10
12 10 18 108
12 10 19 16
12 10 20 6
12 10 21 86
12 10 22 37
12 10 23 41
12 10 24 76
12 10 25 25
12 10 26 121
12 10 27 74
12 10 28 64
12 10 29 20
12 10 30 106
12 10 31 113
12 10 32 40
12 10 33 48
12 10 34 54
12 10 35 50
12 10 36 69
12 10 37 30
12 10 38 82
12 10 39 126
12 10 40 90
12 10 41 97
12 10 42 15
12 11 0 49
12 11 1 45
12 11 2 82
12 11 3 59
12 11 4 26
12 11 5 56
12 11 6 76
12 11 7 53
12 11 8 60
12 11 9 35
12 11 10 52
12 11 11 47
12 11 12 31
12 11 13 44
12 11 14 79
12 11 15 75
12 11 16 0
12 11 17 67
12 11 18 11
12 11 19 14
12 11 20 55
12 11 21 5
12 11 22 40
12 11 23 43
12 11 24 16
12 11 25 78
12 11 26 74
12 11 27 66
12 11 28 21
12 11 29 63
12 11 30 58
12 11 31 19
12 11 32 50
12 11 33 57
12 11 34 77
12 11 35 54
12 11 36 22
12 11 37 51
12 11 38 71
12 11 39 65
12 11 40 61
12 11 41 9
12 11 42 3
12 12 0 123
12 12 1 87
12 12 2 71
12 12 3 41
12 12 4 84
12 12 5 60
12 12 6 56
12 12 7 62
12 12 8 40
12 12 9 100
12 12 10 107
12 12 11 5
12 12 12 46
12 12 13 79
12 12 14 92
12 12 15 30
12 12 16 77
12 12 17 21
12 12 18 38
12 12 19 12
12 12 20 29
12 12 21 3
12 12 22 105
12 12 23 37
12 12 24 119
12 12 25 64
12 12 26 59
12 12 27 19
12 12 28 72
12 12 29 111
12 12 30 27
12 12 31 125
12 12 32 89
12 12 33 96
12 12 34 44
12 12 35 26
12 12 36 117
12 12 37 124
12 12 38 88
12 12 39 95
12 12 40 25
12 12 41 42
12 12 42 116
12 13 0 86
12 13 1 93
12 13 2 2
12 13 3 107
12 13 4 80
12 13 5 76
12 13 6 60
12 13 7 5
12 13 8 99
12 13 9 106
12 13 10 3
12 13 11 120
12 13 12 56
12 13 13 91
12 13 14 8
12 13 15 105
12 13 16 27
12 13 17 19
12 13 18 126
12 13 19 10
12 13 20 13
12 13 21 104
12 13 22 24
12 13 23 118
12 13 24 125
12 13 25 89
12 13 26 36
12 13 27 44
12 13 28 110
12 13 29 32
12 13 30 73
12 13 31 70
12 13 32 63
12 13 33 65
12 13 34 41
12 13 35 57
12 13 36 46
12 13 37 69
12 13 38 94
12 13 39 21
12 13 40 15
12 13 41 115
12 13 42 122
12 14 0 73
12 14 1 37
12 14 2 106
12 14 3 83
12 14 4 120
12 14 5 48
12 14 6 27
12 14 7 98
12 14 8 64
12 14 9 4
12 14 10 66
12 14 11 69
12 14 12 90
12 14 13 42
12 14 14 104
12 14 15 26
12 14 16 30
12 14 17 125
12 14 18 18
12 14 19 8
12 14 20 103
12 14 21 14
12 14 22 65
12 14 23 51
12 14 24 43
12 14 25 36
12 14 26 44
12 14 27 109
12 14 28 35
12 14 29 123
12 14 30 87
12 14 31 78
12 14 32 101
12 14 33 17
12 14 34 61
12 14 35 49
12 14 36 56
12 14 37 79
12 14 38 41
12 14 39 9
12 14 40 114
12 14 41 121
12 14 42 60
12 15 0 25
12 15 1 71
12 15 2 112
12 15 3 75
12 15 4 57
12 15 5 40
12 15 6 97
12 15 7 59
12 15 8 7
12 15 9 80
12 15 10 125
12 15 11 83
12 15 12 3
12 15 13 103
12 15 14 24
12 15 15 32
12 15 16 124
12 15 17 33
12 15 18 14
12 15 19 102
12 15 20 36
12 15 21 116
12 15 22 123
12 15 23 87
12 15 24 31
12 15 25 101
12 15 26 108
12 15 27 10
12 15 28 122
12 15 29 86
12 15 30 93
12 15 31 62
12 15 32 42
12 15 33 54
12 15 34 76
12 15 35 65
12 15 36 92
12 15 37 39
12 15 38 34
12 15 39 113
12 15 40 48
12 15 41 41
12 15 42 85
12 16 0 70
12 16 1 85
12 16 2 45
12 16 3 125
12 16 4 22
12 16 5 64
12 16 6 73
12 16 7 29
12 16 8 117
12 16 9 43
12 16 10 88
12 16 11 40
12 16 12 102
12 16 13 5
12 16 14 27
12 16 15 123
12 16 16 6
12 16 17 24
12 16 18 71
12 16 19 4
12 16 20 115
12 16 21 122
12 16 22 86
12 16 23 16
12 16 24 79
12 16 25 77
12 16 26 19
12 16 27 121
12 16 28 49
12 16 29 65
12 16 30 51
12 16 31 17
12 16 32 59
12 16 33 120
12 16 34 52
12 16 35 91
12 16 36 42
12 16 37 15
12 16 38 72
12 16 39 119
12 16 40 126
12 16 41 78
12 16 42 39
12 17 0 77
12 17 1 117
12 17 2 83
12 17 3 1
12 17 4 95
12 17 5 67
12 17 6 14
12 17 7 43
12 17 8 123
12 17 9 57
12 17 10 30
12 17 11 60
12 17 12 19
12 17 13 15
12 17 14 122
12 17 15 18
12 17 16 5
12 17 17 100
12 17 18 23
12 17 19 114
12 17 20 121
12 17 21 65
12 17 22 20
12 17 23 48
12 17 24 75
12 17 25 32
12 17 26 47
12 17 27 3
12 17 28 74
12 17 29 68
12 17 30 4
12 17 31 112
12 17 32 76
12 17 33 84
12 17 34 90
12 17 35 9
12 17 36 40
12 17 37 111
12 17 38 118
12 17 39 73
12 17 40 89
12 17 41 31
12 17 42 58
12 18 0 67
12 18 1 123
12 18 2 29
12 18 3 94
12 18 4 101
12 18 5 37
12 18 6 69
12 18 7 122
12 18 8 80
12 18 9 36
12 18 10 100
12 18 11 9
12 18 12 23
12 18 13 121
12 18 14 13
12 18 15 11
12 18 16 99
12 18 17 16
12 18 18 113
12 18 19 55
12 18 20 27
12 18 21 17
12 18 22 56
12 18 23 105
12 18 24 38
12 18 25 119
12 18 26 126
12 18 27 51
12 18 28 68
12 18 29 7
12 18 30 74
12 18 31 81
12 18 32 125
12 18 33 60
12 18 34 25
12 18 35 8
12 18 36 110
12 18 37 53
12 18 38 124
12 18 39 58
12 18 40 2
12 18 41 54
12 18 42 61
12 19 0 122
12 19 1 0
12 19 2 68
12 19 3 53
12 19 4 16
12 19 5 54
12 19 6 121
12 19 7 75
12 19 8 32
12 19 9 99
12 19 10 35
12 19 11 33
12 19 12 120
12 19 13 10
12 19 14 41
12 19 15 98
12 19 16 8
12 19 17 84
12 19 18 119
12 19 19 126
12 19 20 15
12 19 21 72
12 19 22 104
12 19 23 1
12 19 24 118
12 19 25 44
12 19 26 89
12 19 27 96
12 19 28 39
12 19 29 52
12 19 30 117
12 19 31 59
12 19 32 88
12 19 33 37
12 19 34 9
12 19 35 109
12 19 36 116
12 19 37 63
12 19 38 87
12 19 39 42
12 19 40 101
12 19 41 62
12 19 42 69
12 20 0 22
12 20 1 92
12 20 2 73
12 20 3 25
12 20 4 66
12 20 5 77
12 20 6 43
12 20 7 41
12 20 8 98
12 20 9 42
12 20 10 29
12 20 11 119
12 20 12 18
12 20 13 0
12 20 14 97
12 20 15 36
12 20 16 111
12 20 17 118
12 20 18 84
12 20 19 39
12 20 20 96
12 20 21 103
12 20 22 23
12 20 23 81
12 20 24 124
12 20 25 52
12 20 26 65
12 20 27 20
12 20 28 70
12 20 29 56
12 20 30 123
12 20 31 55
12 20 32 32
12 20 33 26
12 20 34 108
12 20 35 115
12 20 36 75
12 20 37 86
12 20 38 3
12 20 39 61
12 20 40 107
12 20 41 44
12 20 42 121
12 21 0 91
12 21 1 63
12 21 2 15
12 21 3 112
12 21 4 119
12 21 5 49
12 21 6 16
12 21 7 97
12 21 8 22
12 21 9 13
12 21 10 118
12 21 11 7
12 21 12 11
12 21 13 46
12 21 14 26
12 21 15 110
12 21 16 44
12 21 17 124
12 21 18 4
12 21 19 58
12 21 20 102
12 21 21 39
12 21 22 116
12 21 23 85
12 21 24 87
12 21 25 72
12 21 26 2
12 21 27 78
12 21 28 60
12 21 29 122
12 21 30 56
12 21 31 37
12 21 32 17
12 21 33 73
12 21 34 114
12 21 35 48
12 21 36 43
12 21 37 38
12 21 38 75
12 21 39 106
12 21 40 47
12 21 41 74
12 21 42 34
12 22 0 56
12 22 1 5
12 22 2 63
12 22 3 118
12 22 4 125
12 22 5 26
12 22 6 46
12 22 7 18
12 22 8 6
12 22 9 117
12 22 10 25
12 22 11 24
12 22 12 95
12 22 13 41
12 22 14 109
12 22 15 116
12 22 16 73
12 22 17 34
12 22 18 85
12 22 19 82
12 22 20 7
12 22 21 115
12 22 22 70
12 22 23 86
12 22 24 93
12 22 25 28
12 22 26 107
12 22 27 67
12 22 28 121
12 22 29 61
12 22 30 33
12 22 31 9
12 22 32 68
12 22 33 113
12 22 34 120
12 22 35 37
12 22 36 16
12 22 37 59
12 22 38 66
12 22 39 112
12 22 40 119
12 22 41 39
12 22 42 90
12 23 0 17
12 23 1 54
12 23 2 65
12 23 3 70
12 23 4 31
12 23 5 95
12 23 6 42
12 23 7 11
12 23 8 116
12 23 9 15
12 23 10 18
12 23 11 94
12 23 12 30
12 23 13 108
12 23 14 115
12 23 15 48
12 23 16 21
12 23 17 93
12 23 18 100
12 23 19 33
12 23 20 114
12 23 21 61
12 23 22 75
12 23 23 56
12 23 24 25
12 23 25 106
12 23 26 84
12 23 27 68
12 23 28 52
12 23 29 5
12 23 30 23
12 23 31 105
12 23 32 82
12 23 33 79
12 23 34 126
12 23 35 2
12 23 36 50
12 23 37 74
12 23 38 81
12 23 39 118
12 23 40 3
12 23 41 59
12 23 42 96
12 24 0 79
12 24 1 116
12 24 2 123
12 24 3 6
12 24 4 94
12 24 5 34
12 24 6 38
12 24 7 115
12 24 8 4
12 24 9 14
12 24 10 83
12 24 11 10
12 24 12 55
12 24 13 114
12 24 14 78
12 24 15 20
12 24 16 47
12 24 17 99
12 24 18 35
12 24 19 113
12 24 20 120
12 24 21 42
12 24 22 48
12 24 23 22
12 24 24 60
12 24 25 112
12 24 26 119
12 24 27 82
12 24 28 3
12 24 29 21
12 24 30 104
12 24 31 111
12 24 32 65
12 24 33 66
12 24 34 19
12 24 35 96
12 24 36 63
12 24 37 81
12 24 38 52
12 24 39 2
12 24 40 88
12 24 41 73
12 24 42 17
12 25 0 115
12 25 1 122
12 25 2 40
12 25 3 65
12 25 4 2
12 25 5 13
12 25 6 114
12 25 7 37
12 25 8 10
12 25 9 92
12 25 10 31
12 25 11 51
12 25 12 113
12 25 13 120
12 25 14 39
12 25 15 61
12 25 16 98
12 25 17 0
12 25 18 55
12 25 19 53
12 25 20 126
12 25 21 67
12 25 22 29
12 25 23 79
12 25 24 57
12 25 25 118
12 25 26 125
12 25 27 36
12 25 28 1
12 25 29 103
12 25 30 110
12 25 31 117
12 25 32 124
12 25 33 24
12 25 34 47
12 25 35 83
12 25 36 81
12 25 37 116
12 25 38 23
12 25 39 62
12 25 40 50
12 25 41 8
12 25 42 64
12 26 0 121
12 26 1 15
12 26 2 92
12 26 3 11
12 26 4 19
12 26 5 113
12 26 6 6
12 26 7 8
12 26 8 91
12 26 9 27
12 26 10 105
12 26 11 78
12 26 12 51
12 26 13 4
12 26 14 50
12 26 15 97
12 26 16 29
12 26 17 111
12 26 18 74
12 26 19 80
12 26 20 89
12 26 21 18
12 26 22 59
12 26 23 65
12 26 24 55
12 26 25 84
12 26 26 31
12 26 27 33
12 26 28 102
12 26 29 109
12 26 30 43
12 26 31 46
12 26 32 20
12 26 33 85
12 26 34 101
12 26 35 71
12 26 36 115
12 26 37 23
12 26 38 63
12 26 39 93
12 26 40 9
12 26 41 107
12 26 42 114
12 27 0 20
12 27 1 91
12 27 2 24
12 27 3 13
12 27 4 112
12 27 5 17
12 27 6 41
12 27 7 90
12 27 8 14
12 27 9 104
12 27 10 111
12 27 11 71
12 27 12 6
12 27 13 89
12 27 14 70
12 27 15 0
12 27 16 110
12 27 17 117
12 27 18 124
12 27 19 69
12 27 20 18
12 27 21 83
12 27 22 46
12 27 23 116
12 27 24 123
12 27 25 21
12 27 26 33
12 27 27 81
12 27 28 108
12 27 29 51
12 27 30 76
12 27 31 28
12 27 32 93
12 27 33 53
12 27 34 107
12 27 35 114
12 27 36 39
12 27 37 52
12 27 38 49
12 27 39 25
12 27 40 106
12 27 41 113
12 27 42 63
12 28 0 90
12 28 1 3
12 28 2 9
12 28 3 111
12 28 4 40
12 28 5 24
12 28 6 44
12 28 7 31
12 28 8 103
12 28 9 110
12 28 10 117
12 28 11 17
12 28 12 45
12 28 13 95
12 28 14 37
12 28 15 109
12 28 16 69
12 28 17 50
12 28 18 87
12 28 19 23
12 28 20 101
12 28 21 62
12 28 22 115
12 28 23 122
12 28 24 32
12 28 25 34
12 28 26 100
12 28 27 61
12 28 28 71
12 28 29 46
12 28 30 38
12 28 31 82
12 28 32 52
12 28 33 106
12 28 34 113
12 28 35 28
12 28 36 55
12 28 37 76
12 28 38 27
12 28 39 78
12 28 40 85
12 28 41 119
12 28 42 29
12 29 0 5
12 29 1 34
12 29 2 110
12 29 3 7
12 29 4 10
12 29 5 88
12 29 6 32
12 29 7 102
12 29 8 109
12 29 9 52
12 29 10 42
12 29 11 87
12 29 12 94
12 29 13 21
12 29 14 108
12 29 15 67
12 29 16 70
12 29 17 86
12 29 18 20
12 29 19 76
12 29 20 107
12 29 21 114
12 29 22 121
12 29 23 36
12 29 24 33
12 29 25 99
12 29 26 64
12 29 27 48
12 29 28 120
12 29 29 1
12 29 30 49
12 29 31 77
12 29 32 75
12 29 33 56
12 29 34 31
12 29 35 74
12 29 36 85
12 29 37 17
12 29 38 57
12 29 39 111
12 29 40 118
12 29 41 16
12 29 42 55
12 30 0 19
12 30 1 109
12 30 2 22
12 30 3 2
12 30 4 61
12 30 5 10
12 30 6 72
12 30 7 108
12 30 8 83
12 30 9 40
12 30 10 86
12 30 11 68
12 30 12 21
12 30 13 78
12 30 14 53
12 30 15 57
12 30 16 58
12 30 17 39
12 30 18 43
12 30 19 106
12 30 20 113
12 30 21 47
12 30 22 13
12 30 23 23
12 30 24 98
12 30 25 105
12 30 26 112
12 30 27 46
12 30 28 18
12 30 29 60
12 30 30 69
12 30 31 65
12 30 32 111
12 30 33 35
12 30 34 125
12 30 35 89
12 30 36 20
12 30 37 50
12 30 38 110
12 30 39 44
12 30 40 32
12 30 41 88
12 30 42 14
12 31 0 108
12 31 1 30
12 31 2 3
12 31 3 48
12 31 4 11
12 31 5 100
12 31 6 80
12 31 7 84
12 31 8 24
12 31 9 74
12 31 10 92
12 31 11 35
12 31 12 76
12 31 13 52
12 31 14 120
12 31 15 38
12 31 16 2
12 31 17 82
12 31 18 61
12 31 19 50
12 31 20 119
12 31 21 9
12 31 22 32
12 31 23 97
12 31 24 104
12 31 25 71
12 31 26 72
12 31 27 39
12 31 28 89
12 31 29 96
12 31 30 46
12 31 31 110
12 31 32 41
12 31 33 43
12 31 34 58
12 31 35 16
12 31 36 65
12 31 37 109
12 31 38 116
12 31 39 8
12 31 40 57
12 31 41 28
12 31 42 37
12 32 0 6
12 32 1 38
12 32 2 43
12 32 3 36
12 32 4 99
12 32 5 73
12 32 6 74
12 32 7 27
12 32 8 19
12 32 9 91
12 32 10 20
12 32 11 105
12 32 12 112
12 32 13 82
12 32 14 126
12 32 15 13
12 32 16 68
12 32 17 53
12 32 18 111
12 32 19 118
12 32 20 23
12 32 21 2
12 32 22 44
12 32 23 103
12 32 24 81
12 32 25 117
12 32 26 41
12 32 27 76
12 32 28 62
12 32 29 47
12 32 30 109
12 32 31 1
12 32 32 123
12 32 33 87
12 32 34 40
12 32 35 101
12 32 36 108
12 32 37 115
12 32 38 24
12 32 39 72
12 32 40 0
12 32 41 11
12 32 42 107
12 33 0 14
12 33 1 81
12 33 2 38
12 33 3 98
12 33 4 105
12 33 5 112
12 33 6 17
12 33 7 126
12 33 8 90
12 33 9 29
12 33 10 104
12 33 11 63
12 33 12 48
12 33 13 77
12 33 14 2
12 33 15 96
12 33 16 72
12 33 17 110
12 33 18 66
12 33 19 13
12 33 20 30
12 33 21 95
12 33 22 102
12 33 23 57
12 33 24 85
12 33 25 37
12 33 26 87
12 33 27 71
12 33 28 101
12 33 29 108
12 33 30 32
12 33 31 122
12 33 32 86
12 33 33 19
12 33 34 79
12 33 35 80
12 33 36 114
12 33 37 0
12 33 38 67
12 33 39 6
12 33 40 33
12 33 41 106
12 33 42 26
12 34 0 53
12 34 1 24
12 34 2 97
12 34 3 104
12 34 4 45
12 34 5 5
12 34 6 52
12 34 7 67
12 34 8 35
12 34 9 103
12 34 10 64
12 34 11 117
12 34 12 124
12 34 13 30
12 34 14 81
12 34 15 82
12 34 16 109
12 34 17 116
12 34 18 37
12 34 19 11
12 34 20 94
12 34 21 60
12 34 22 49
12 34 23 71
12 34 24 22
12 34 25 86
12 34 26 93
12 34 27 58
12 34 28 77
12 34 29 38
12 34 30 121
12 34 31 79
12 34 32 7
12 34 33 69
12 34 34 73
12 34 35 113
12 34 36 29
12 34 37 62
12 34 38 10
12 34 39 41
12 34 40 105
12 34 41 34
12 34 42 18
12 35 0 0
12 35 1 66
12 35 2 103
12 35 3 60
12 35 4 27
12 35 5 124
12 35 6 88
12 35 7 23
12 35 8 102
12 35 9 45
12 35 10 84
12 35 11 50
12 35 12 26
12 35 13 64
12 35 14 101
12 35 15 108
12 35 16 115
12 35 17 22
12 35 18 1
12 35 19 63
12 35 20 100
12 35 21 107
12 35 22 67
12 35 23 11
12 35 24 52
12 35 25 53
12 35 26 57
12 35 27 75
12 35 28 4
12 35 29 85
12 35 30 5
12 35 31 40
12 35 32 70
12 35 33 105
12 35 34 81
12 35 35 31
12 35 36 49
12 35 37 29
12 35 38 18
12 35 39 104
12 35 40 13
12 35 41 24
12 35 42 125
12 36 0 95
12 36 1 102
12 36 2 53
12 36 3 8
12 36 4 68
12 36 5 79
12 36 6 26
12 36 7 54
12 36 8 78
12 36 9 76
12 36 10 61
12 36 11 28
12 36 12 93
12 36 13 62
12 36 14 46
12 36 15 114
12 36 16 35
12 36 17 15
12 36 18 92
12 36 19 99
12 36 20 106
12 36 21 77
12 36 22 22
12 36 23 29
12 36 24 83
12 36 25 43
12 36 26 105
12 36 27 32
12 36 28 119
12 36 29 126
12 36 30 0
12 36 31 58
12 36 32 104
12 36 33 111
12 36 34 13
12 36 35 125
12 36 36 21
12 36 37 37
12 36 38 103
12 36 39 30
12 36 40 39
12 36 41 55
12 36 42 16
12 37 0 68
12 37 1 75
12 37 2 4
12 37 3 77
12 37 4 55
12 37 5 32
12 37 6 100
12 37 7 107
12 37 8 58
12 37 9 71
12 37 10 6
12 37 11 64
12 37 12 82
12 37 13 49
12 37 14 113
12 37 15 1
12 37 16 11
12 37 17 91
12 37 18 98
12 37 19 48
12 37 20 112
12 37 21 28
12 37 22 126
12 37 23 60
12 37 24 84
12 37 25 104
12 37 26 3
12 37 27 118
12 37 28 65
12 37 29 27
12 37 30 96
12 37 31 103
12 37 32 110
12 37 33 14
12 37 34 66
12 37 35 22
12 37 36 2
12 37 37 102
12 37 38 5
12 37 39 10
12 37 40 123
12 37 41 35
12 37 42 94
12 38 0 107
12 38 1 7
12 38 2 61
12 38 3 58
12 38 4 36
12 38 5 99
12 38 6 106
12 38 7 57
12 38 8 120
12 38 9 23
12 38 10 77
12 38 11 59
12 38 12 105
12 38 13 72
12 38 14 34
12 38 15 31
12 38 16 90
12 38 17 97
12 38 18 64
12 38 19 70
12 38 20 4
12 38 21 84
12 38 22 89
12 38 23 96
12 38 24 103
12 38 25 3
12 38 26 83
12 38 27 124
12 38 28 25
12 38 29 82
12 38 30 102
12 38 31 109
12 38 32 35
12 38 33 123
12 38 34 14
12 38 35 17
12 38 36 101
12 38 37 33
12 38 38 19
12 38 39 122
12 38 40 8
12 38 41 47
12 38 42 100
12 39 0 40
12 39 1 120
12 39 2 47
12 39 3 39
12 39 4 98
12 39 5 82
12 39 6 112
12 39 7 68
12 39 8 29
12 39 9 64
12 39 10 67
12 39 11 104
12 39 12 111
12 39 13 33
12 39 14 35
12 39 15 69
12 39 16 55
12 39 17 45
12 39 18 51
12 39 19 1
12 39 20 124
12 39 21 73
12 39 22 79
12 39 23 102
12 39 24 30
12 39 25 116
12 39 26 60
12 39 27 7
12 39 28 59
12 39 29 75
12 39 30 108
12 39 31 36
12 39 32 122
12 39 33 0
12 39 34 27
12 39 35 100
12 39 36 15
12 39 37 21
12 39 38 121
12 39 39 38
12 39 40 92
12 39 41 99
12 39 42 106
12 40 0 60
12 40 1 48
12 40 2 28
12 40 3 97
12 40 4 72
12 40 5 70
12 40 6 63
12 40 7 39
12 40 8 89
12 40 9 96
12 40 10 103
12 40 11 110
12 40 12 34
12 40 13 3
12 40 14 88
12 40 15 95
12 40 16 53
12 40 17 74
12 40 18 6
12 40 19 43
12 40 20 87
12 40 21 57
12 40 22 55
12 40 23 24
12 40 24 115
12 40 25 49
12 40 26 18
12 40 27 93
12 40 28 100
12 40 29 59
12 40 30 10
12 40 31 121
12 40 32 26
12 40 33 7
12 40 34 99
12 40 35 11
12 40 36 0
12 40 37 45
12 40 38 4
12 40 39 91
12 40 40 98
12 40 41 46
12 40 42 42
12 41 0 125
12 41 1 1
12 41 2 58
12 41 3 72
12 41 4 47
12 41 5 117
12 41 6 4
12 41 7 44
12 41 8 45
12 41 9 102
12 41 10 109
12 41 11 34
12 41 12 36
12 41 13 71
12 41 14 94
12 41 15 101
12 41 16 50
12 41 17 6
12 41 18 62
12 41 19 86
12 41 20 93
12 41 21 100
12 41 22 38
12 41 23 114
12 41 24 63
12 41 25 20
12 41 26 75
12 41 27 99
12 41 28 55
12 41 29 40
12 41 30 70
12 41 31 16
12 41 32 18
12 41 33 98
12 41 34 5
12 41 35 13
12 41 36 119
12 41 37 9
12 41 38 90
12 41 39 97
12 41 40 74
12 41 41 15
12 41 42 80
12 42 0 1
12 42 1 95
12 42 2 72
12 42 3 79
12 42 4 60
12 42 5 0
12 42 6 87
12 42 7 74
12 42 8 71
12 42 9 108
12 42 10 23
12 42 11 31
12 42 12 58
12 42 13 85
12 42 14 69
12 42 15 107
12 42 16 38
12 42 17 54
12 42 18 78
12 42 19 49
12 42 20 99
12 42 21 24
12 42 22 113
12 42 23 120
12 42 24 28
12 42 25 62
12 42 26 98
12 42 27 105
12 42 28 36
12 42 29 119
12 42 30 14
12 42 31 30
12 42 32 97
12 42 33 11
12 42 34 22
12 42 35 118
12 42 36 27
12 42 37 83
12 42 38 45
12 42 39 56
12 42 40 16
12 42 41 117
12 42 42 51
13 0 0 73
13 0 1 80
13 0 2 61
13 0 3 1
13 0 4 87
13 0 5 75
13 0 6 72
13 0 7 108
13 0 8 24
13 0 9 32
13 0 10 59
13 0 11 43
13 0 12 70
13 0 13 107
13 0 14 39
13 0 15 55
13 0 16 79
13 0 17 50
13 0 18 99
13 0 19 25
13 0 20 113
13 0 21 120
13 0 22 29
13 0 23 63
13 0 24 98
13 0 25 105
13 0 26 37
13 0 27 119
13 0 28 15
13 0 29 31
13 0 30 97
13 0 31 12
13 0 32 23
13 0 33 118
13 0 34 28
13 0 35 84
13 0 36 46
13 0 37 57
13 0 38 17
13 0 39 117
13 0 40 52
13 0 41 2
13 0 42 95
13 1 0 45
13 1 1 52
13 1 2 6
13 1 3 86
13 1 4 93
13 1 5 100
13 1 6 43
13 1 7 4
13 1 8 22
13 1 9 50
13 1 10 92
13 1 11 44
13 1 12 106
13 1 13 3
13 1 14 120
13 1 15 26
13 1 16 84
13 1 17 98
13 1 18 33
13 1 19 72
13 1 20 69
13 1 21 5
13 1 22 81
13 1 23 97
13 1 24 104
13 1 25 15
13 1 26 118
13 1 27 11
13 1 28 21
13 1 29 96
13 1 30 30
13 1 31 34
13 1 32 65
13 1 33 19
13 1 34 88
13 1 35 95
13 1 36 48
13 1 37 8
13 1 38 55
13 1 39 123
13 1 40 23
13 1 41 94
13 1 42 101
13 2 0 79
13 2 1 23
13 2 2 68
13 2 3 63
13 2 4 99
13 2 5 81
13 2 6 2
13 2 7 20
13 2 8 55
13 2 9 91
13 2 10 51
13 2 11 76
13 2 12 0
13 2 13 82
13 2 14 126
13 2 15 69
13 2 16 97
13 2 17 35
13 2 18 111
13 2 19 53
13 2 20 4
13 2 21 89
13 2 22 67
13 2 23 103
13 2 24 38
13 2 25 65
13 2 26 7
13 2 27 10
13 2 28 95
13 2 29 14
13 2 30 26
13 2 31 116
13 2 32 37
13 2 33 62
13 2 34 94
13 2 35 101
13 2 36 8
13 2 37 48
13 2 38 122
13 2 39 22
13 2 40 80
13 2 41 64
13 2 42 107
13 3 0 9
13 3 1 31
13 3 2 79
13 3 3 98
13 3 4 105
13 3 5 16
13 3 6 35
13 3 7 56
13 3 8 90
13 3 9 55
13 3 10 84
13 3 11 40
13 3 12 46
13 3 13 59
13 3 14 89
13 3 15 73
13 3 16 18
13 3 17 110
13 3 18 117
13 3 19 34
13 3 20 70
13 3 21 95
13 3 22 102
13 3 23 27
13 3 24 116
13 3 25 1
13 3 26 0
13 3 27 94
13 3 28 19
13 3 29 7
13 3 30 115
13 3 31 42
13 3 32 68
13 3 33 77
13 3 34 45
13 3 35 20
13 3 36 81
13 3 37 121
13 3 38 29
13 3 39 92
13 3 40 67
13 3 41 106
13 3 42 50
13 4 0 126
13 4 1 48
13 4 2 97
13 4 3 104
13 4 4 8
13 4 5 31
13 4 6 125
13 4 7 52
13 4 8 96
13 4 9 59
13 4 10 23
13 4 11 117
13 4 12 124
13 4 13 67
13 4 14 95
13 4 15 29
13 4 16 109
13 4 17 82
13 4 18 21
13 4 19 87
13 4 20 94
13 4 21 70
13 4 22 42
13 4 23 115
13 4 24 14
13 4 25 18
13 4 26 93
13 4 27 12
13 4 28 3
13 4 29 114
13 4 30 9
13 4 31 79
13 4 32 92
13 4 33 57
13 4 34 10
13 4 35 58
13 4 36 43
13 4 37 34
13 4 38 91
13 4 39 85
13 4 40 49
13 4 41 112
13 4 42 30
13 5 0 89
13 5 1 58
13 5 2 103
13 5 3 42
13 5 4 36
13 5 5 51
13 5 6 88
13 5 7 73
13 5 8 80
13 5 9 5
13 5 10 43
13 5 11 60
13 5 12 87
13 5 13 94
13 5 14 2
13 5 15 108
13 5 16 55
13 5 17 29
13 5 18 86
13 5 19 56
13 5 20 100
13 5 21 32
13 5 22 114
13 5 23 25
13 5 24 7
13 5 25 92
13 5 26 39
13 5 27 26
13 5 28 113
13 5 29 27
13 5 30 74
13 5 31 91
13 5 32 85
13 5 33 0
13 5 34 112
13 5 35 119
13 5 36 3
13 5 37 90
13 5 38 44
13 5 39 50
13 5 40 57
13 5 41 22
13 5 42 53
13 6 0 95
13 6 1 102
13 6 2 16
13 6 3 31
13 6 4 123
13 6 5 70
13 6 6 78
13 6 7 101
13 6 8 29
13 6 9 43
13 6 10 80
13 6 11 86
13 6 12 64
13 6 13 24
13 6 14 79
13 6 15 63
13 6 16 10
13 6 17 46
13 6 18 92
13 6 19 99
13 6 20 17
13 6 21 113
13 6 22 27
13 6 23 15
13 6 24 91
13 6 25 35
13 6 26 33
13 6 27 51
13 6 28 36
13 6 29 54
13 6 30 90
13 6 31 68
13 6 32 9
13 6 33 44
13 6 34 118
13 6 35 25
13 6 36 71
13 6 37 96
13 6 38 77
13 6 39 53
13 6 40 26
13 6 41 124
13 6 42 81
13 7 0 82
13 7 1 17
13 7 2 0
13 7 3 122
13 7 4 59
13 7 5 93
13 7 6 52
13 7 7 18
13 7 8 60
13 7 9 46
13 7 10 62
13 7 11 92
13 7 12 30
13 7 13 77
13 7 14 75
13 7 15 8
13 7 16 41
13 7 17 91
13 7 18 98
13 7 19 9
13 7 20 83
13 7 21 14
13 7 22 12
13 7 23 90
13 7 24 2
13 7 25 16
13 7 26 111
13 7 27 32
13 7 28 125
13 7 29 68
13 7 30 96
13 7 31 31
13 7 32 81
13 7 33 47
13 7 34 39
13 7 35 88
13 7 36 66
13 7 37 69
13 7 38 84
13 7 39 23
13 7 40 76
13 7 41 87
13 7 42 94
13 8 0 28
13 8 1 16
13 8 2 121
13 8 3 46
13 8 4 78
13 8 5 57
13 8 6 21
13 8 7 49
13 8 8 120
13 8 9 22
13 8 10 91
13 8 11 36
13 8 12 105
13 8 13 112
13 8 14 5
13 8 15 126
13 8 16 90
13 8 17 97
13 8 18 2
13 8 19 111
13 8 20 20
13 8 21 7
13 8 22 89
13 8 23 10
13 8 24 6
13 8 25 110
13 8 26 38
13 8 27 71
13 8 28 88
13 8 29 74
13 8 30 11
13 8 31 52
13 8 32 116
13 8 33 24
13 8 34 54
13 8 35 79
13 8 36 101
13 8 37 83
13 8 38 37
13 8 39 69
13 8 40 86
13 8 41 63
13 8 42 100
13 9 0 26
13 9 1 75
13 9 2 55
13 9 3 62
13 9 4 50
13 9 5 8
13 9 6 112
13 9 7 76
13 9 8 126
13 9 9 90
13 9 10 6
13 9 11 104
13 9 12 67
13 9 13 9
13 9 14 68
13 9 15 60
13 9 16 46
13 9 17 21
13 9 18 110
13 9 19 1
13 9 20 19
13 9 21 88
13 9 22 41
13 9 23 20
13 9 24 109
13 9 25 28
13 9 26 123
13 9 27 85
13 9 28 45
13 9 29 39
13 9 30 47
13 9 31 115
13 9 32 3
13 9 33 63
13 9 34 93
13 9 35 71
13 9 36 107
13 9 37 29
13 9 38 81
13 9 39 51
13 9 40 92
13 9 41 99
13 9 42 10
13 10 0 119
13 10 1 85
13 10 2 65
13 10 3 54
13 10 4 26
13 10 5 46
13 10 6 48
13 10 7 84
13 10 8 81
13 10 9 15
13 10 10 103
13 10 11 67
13 10 12 37
13 10 13 124
13 10 14 88
13 10 15 95
13 10 16 32
13 10 17 109
13 10 18 11
13 10 19 35
13 10 20 87
13 10 21 36
13 10 22 1
13 10 23 108
13 10 24 22
13 10 25 122
13 10 26 55
13 10 27 93
13 10 28 18
13 10 29 107
13 10 30 114
13 10 31 28
13 10 32 51
13 10 33 78
13 10 34 74
13 10 35 106
13 10 36 0
13 10 37 120
13 10 38 27
13 10 39 91
13 10 40 98
13 10 41 34
13 10 42 29
13 11 0 125
13 11 1 89
13 11 2 96
13 11 3 8
13 11 4 67
13 11 5 117
13 11 6 124
13 11 7 88
13 11 8 33
13 11 9 102
13 11 10 82
13 11 11 32
13 11 12 52
13 11 13 47
13 11 14 94
13 11 15 11
13 11 16 108
13 11 17 17
13 11 18 7
13 11 19 86
13 11 20 38
13 11 21 42
13 11 22 77
13 11 23 26
13 11 24 121
13 11 25 75
13 11 26 65
13 11 27 21
13 11 28 106
13 11 29 113
13 11 30 41
13 11 31 49
13 11 32 55
13 11 33 51
13 11 34 70
13 11 35 31
13 11 36 83
13 11 37 126
13 11 38 90
13 11 39 97
13 11 40 16
13 11 41 27
13 11 42 118
13 12 0 83
13 12 1 60
13 12 2 27
13 12 3 57
13 12 4 77
13 12 5 54
13 12 6 61
13 12 7 36
13 12 8 53
13 12 9 48
13 12 10 32
13 12 11 45
13 12 12 80
13 12 13 76
13 12 14 1
13 12 15 68
13 12 16 12
13 12 17 15
13 12 18 56
13 12 19 6
13 12 20 41
13 12 21 44
13 12 22 17
13 12 23 79
13 12 24 75
13 12 25 67
13 12 26 22
13 12 27 64
13 12 28 59
13 12 29 20
13 12 30 51
13 12 31 58
13 12 32 78
13 12 33 55
13 12 34 23
13 12 35 52
13 12 36 72
13 12 37 66
13 12 38 62
13 12 39 10
13 12 40 4
13 12 41 50
13 12 42 46
13 13 0 72
13 13 1 42
13 13 2 85
13 13 3 61
13 13 4 57
13 13 5 63
13 13 6 41
13 13 7 100
13 13 8 107
13 13 9 6
13 13 10 47
13 13 11 80
13 13 12 92
13 13 13 31
13 13 14 78
13 13 15 22
13 13 16 39
13 13 17 13
13 13 18 30
13 13 19 4
13 13 20 105
13 13 21 38
13 13 22 119
13 13 23 65
13 13 24 60
13 13 25 20
13 13 26 73
13 13 27 111
13 13 28 28
13 13 29 125
13 13 30 89
13 13 31 96
13 13 32 45
13 13 33 27
13 13 34 117
13 13 35 124
13 13 36 88
13 13 37 95
13 13 38 26
13 13 39 0
13 13 40 116
13 13 41 123
13 13 42 87
13 14 0 3
13 14 1 107
13 14 2 81
13 14 3 77
13 14 4 61
13 14 5 6
13 14 6 99
13 14 7 106
13 14 8 4
13 14 9 120
13 14 10 57
13 14 11 91
13 14 12 9
13 14 13 105
13 14 14 28
13 14 15 20
13 14 16 126
13 14 17 11
13 14 18 14
13 14 19 104
13 14 20 25
13 14 21 118
13 14 22 125
13 14 23 89
13 14 24 37
13 14 25 45
13 14 26 110
13 14 27 33
13 14 28 74
13 14 29 71
13 14 30 64
13 14 31 66
13 14 32 42
13 14 33 58
13 14 34 47
13 14 35 70
13 14 36 94
13 14 37 22
13 14 38 16
13 14 39 115
13 14 40 122
13 14 41 86
13 14 42 93
13 15 0 106
13 15 1 84
13 15 2 120
13 15 3 49
13 15 4 28
13 15 5 98
13 15 6 65
13 15 7 5
13 15 8 67
13 15 9 70
13 15 10 90
13 15 11 0
13 15 12 104
13 15 13 27
13 15 14 31
13 15 15 125
13 15 16 19
13 15 17 9
13 15 18 103
13 15 19 15
13 15 20 66
13 15 21 52
13 15 22 44
13 15 23 37
13 15 24 45
13 15 25 109
13 15 26 36
13 15 27 123
13 15 28 87
13 15 29 79
13 15 30 101
13 15 31 18
13 15 32 62
13 15 33 50
13 15 34 57
13 15 35 80
13 15 36 42
13 15 37 10
13 15 38 114
13 15 39 121
13 15 40 61
13 15 41 74
13 15 42 38
13 16 0 112
13 16 1 76
13 16 2 58
13 16 3 41
13 16 4 97
13 16 5 60
13 16 6 8
13 16 7 81
13 16 8 125
13 16 9 84
13 16 10 4
13 16 11 103
13 16 12 25
13 16 13 33
13 16 14 124
13 16 15 34
13 16 16 15
13 16 17 102
13 16 18 37
13 16 19 116
13 16 20 123
13 16 21 87
13 16 22 32
13 16 23 101
13 16 24 108
13 16 25 11
13 16 26 122
13 16 27 86
13 16 28 93
13 16 29 63
13 16 30 0
13 16 31 55
13 16 32 77
13 16 33 66
13 16 34 92
13 16 35 40
13 16 36 35
13 16 37 113
13 16 38 49
13 16 39 42
13 16 40 43
13 16 41 26
13 16 42 72
13 17 0 46
13 17 1 125
13 17 2 23
13 17 3 65
13 17 4 74
13 17 5 30
13 17 6 117
13 17 7 44
13 17 8 88
13 17 9 41
13 17 10 102
13 17 11 6
13 17 12 28
13 17 13 123
13 17 14 7
13 17 15 25
13 17 16 72
13 17 17 5
13 17 18 115
13 17 19 122
13 17 20 86
13 17 21 17
13 17 22 80
13 17 23 78
13 17 24 20
13 17 25 121
13 17 26 50
13 17 27 66
13 17 28 52
13 17 29 18
13 17 30 60
13 17 31 120
13 17 32 53
13 17 33 91
13 17 34 0
13 17 35 16
13 17 36 73
13 17 37 119
13 17 38 126
13 17 39 79
13 17 40 40
13 17 41 71
13 17 42 43
13 18 0 84
13 18 1 2
13 18 2 95
13 18 3 68
13 18 4 15
13 18 5 44
13 18 6 123
13 18 7 58
13 18 8 31
13 18 9 61
13 18 10 20
13 18 11 16
13 18 12 122
13 18 13 19
13 18 14 6
13 18 15 100
13 18 16 24
13 18 17 114
13 18 18 121
13 18 19 66
13 18 20 21
13 18 21 49
13 18 22 76
13 18 23 33
13 18 24 48
13 18 25 4
13 18 26 75
13 18 27 69
13 18 28 5
13 18 29 112
13 18 30 77
13 18 31 85
13 18 32 90
13 18 33 10
13 18 34 41
13 18 35 111
13 18 36 118
13 18 37 74
13 18 38 89
13 18 39 32
13 18 40 59
13 18 41 78
13 18 42 117
13 19 0 30
13 19 1 94
13 19 2 101
13 19 3 38
13 19 4 70
13 19 5 122
13 19 6 81
13 19 7 37
13 19 8 100
13 19 9 10
13 19 10 24
13 19 11 121
13 19 12 14
13 19 13 12
13 19 14 99
13 19 15 17
13 19 16 113
13 19 17 56
13 19 18 28
13 19 19 18
13 19 20 57
13 19 21 105
13 19 22 39
13 19 23 119
13 19 24 126
13 19 25 52
13 19 26 69
13 19 27 8
13 19 28 75
13 19 29 82
13 19 30 125
13 19 31 61
13 19 32 26
13 19 33 9
13 19 34 110
13 19 35 54
13 19 36 124
13 19 37 59
13 19 38 3
13 19 39 55
13 19 40 62
13 19 41 68
13 19 42 123
13 20 0 69
13 20 1 54
13 20 2 17
13 20 3 55
13 20 4 121
13 20 5 76
13 20 6 33
13 20 7 99
13 20 8 36
13 20 9 34
13 20 10 120
13 20 11 11
13 20 12 42
13 20 13 98
13 20 14 9
13 20 15 85
13 20 16 119
13 20 17 126
13 20 18 16
13 20 19 73
13 20 20 104
13 20 21 2
13 20 22 118
13 20 23 45
13 20 24 89
13 20 25 96
13 20 26 40
13 20 27 53
13 20 28 117
13 20 29 60
13 20 30 88
13 20 31 38
13 20 32 10
13 20 33 109
13 20 34 116
13 20 35 64
13 20 36 87
13 20 37 0
13 20 38 101
13 20 39 63
13 20 40 70
13 20 41 122
13 20 42 1
13 21 0 74
13 21 1 26
13 21 2 67
13 21 3 78
13 21 4 44
13 21 5 42
13 21 6 98
13 21 7 0
13 21 8 30
13 21 9 119
13 21 10 19
13 21 11 1
13 21 12 97
13 21 13 37
13 21 14 111
13 21 15 118
13 21 16 85
13 21 17 40
13 21 18 96
13 21 19 103
13 21 20 24
13 21 21 82
13 21 22 124
13 21 23 53
13 21 24 66
13 21 25 21
13 21 26 71
13 21 27 57
13 21 28 123
13 21 29 56
13 21 30 33
13 21 31 27
13 21 32 108
13 21 33 115
13 21 34 76
13 21 35 86
13 21 36 4
13 21 37 62
13 21 38 107
13 21 39 45
13 21 40 121
13 21 41 23
13 21 42 92
13 22 0 16
13 22 1 112
13 22 2 119
13 22 3 50
13 22 4 17
13 22 5 97
13 22 6 23
13 22 7 14
13 22 8 118
13 22 9 8
13 22 10 12
13 22 11 47
13 22 12 27
13 22 13 110
13 22 14 45
13 22 15 124
13 22 16 5
13 22 17 59
13 22 18 102
13 22 19 40
13 22 20 116
13 22 21 43
13 22 22 87
13 22 23 73
13 22 24 3
13 22 25 79
13 22 26 61
13 22 27 122
13 22 28 57
13 22 29 38
13 22 30 18
13 22 31 74
13 22 32 114
13 22 33 49
13 22 34 44
13 22 35 39
13 22 36 76
13 22 37 106
13 22 38 48
13 22 39 75
13 22 40 35
13 22 41 91
13 22 42 64
13 23 0 64
13 23 1 118
13 23 2 125
13 23 3 27
13 23 4 47
13 23 5 19
13 23 6 7
13 23 7 117
13 23 8 26
13 23 9 25
13 23 10 95
13 23 11 42
13 23 12 109
13 23 13 116
13 23 14 74
13 23 15 35
13 23 16 43
13 23 17 83
13 23 18 8
13 23 19 115
13 23 20 71
13 23 21 86
13 23 22 93
13 23 23 29
13 23 24 107
13 23 25 68
13 23 26 121
13 23 27 62
13 23 28 34
13 23 29 10
13 23 30 69
13 23 31 113
13 23 32 120
13 23 33 38
13 23 34 17
13 23 35 60
13 23 36 67
13 23 37 112
13 23 38 119
13 23 39 40
13 23 40 90
13 23 41 57
13 23 42 6
13 24 0 66
13 24 1 71
13 24 2 32
13 24 3 95
13 24 4 0
13 24 5 12
13 24 6 116
13 24 7 16
13 24 8 19
13 24 9 94
13 24 10 31
13 24 11 108
13 24 12 115
13 24 13 49
13 24 14 22
13 24 15 93
13 24 16 100
13 24 17 34
13 24 18 114
13 24 19 62
13 24 20 76
13 24 21 57
13 24 22 26
13 24 23 106
13 24 24 85
13 24 25 69
13 24 26 53
13 24 27 6
13 24 28 24
13 24 29 105
13 24 30 83
13 24 31 80
13 24 32 126
13 24 33 3
13 24 34 51
13 24 35 75
13 24 36 82
13 24 37 118
13 24 38 4
13 24 39 60
13 24 40 96
13 24 41 18
13 24 42 55
13 25 0 123
13 25 1 7
13 25 2 94
13 25 3 35
13 25 4 39
13 25 5 115
13 25 6 5
13 25 7 15
13 25 8 84
13 25 9 11
13 25 10 56
13 25 11 114
13 25 12 79
13 25 13 21
13 25 14 48
13 25 15 99
13 25 16 36
13 25 17 113
13 25 18 120
13 25 19 0
13 25 20 49
13 25 21 23
13 25 22 61
13 25 23 112
13 25 24 119
13 25 25 83
13 25 26 4
13 25 27 22
13 25 28 104
13 25 29 111
13 25 30 66
13 25 31 67
13 25 32 20
13 25 33 96
13 25 34 64
13 25 35 82
13 25 36 53
13 25 37 3
13 25 38 88
13 25 39 74
13 25 40 18
13 25 41 80
13 25 42 116
13 26 0 41
13 26 1 66
13 26 2 3
13 26 3 14
13 26 4 114
13 26 5 38
13 26 6 11
13 26 7 92
13 26 8 32
13 26 9 52
13 26 10 113
13 26 11 120
13 26 12 40
13 26 13 62
13 26 14 98
13 26 15 1
13 26 16 56
13 26 17 54
13 26 18 126
13 26 19 68
13 26 20 30
13 26 21 80
13 26 22 58
13 26 23 118
13 26 24 125
13 26 25 37
13 26 26 2
13 26 27 103
13 26 28 110
13 26 29 117
13 26 30 124
13 26 31 25
13 26 32 48
13 26 33 84
13 26 34 82
13 26 35 116
13 26 36 24
13 26 37 63
13 26 38 51
13 26 39 9
13 26 40 65
13 26 41 115
13 26 42 122
13 27 0 92
13 27 1 12
13 27 2 20
13 27 3 113
13 27 4 7
13 27 5 9
13 27 6 91
13 27 7 28
13 27 8 105
13 27 9 79
13 27 10 52
13 27 11 5
13 27 12 51
13 27 13 97
13 27 14 30
13 27 15 111
13 27 16 75
13 27 17 81
13 27 18 89
13 27 19 19
13 27 20 60
13 27 21 66
13 27 22 56
13 27 23 85
13 27 24 32
13 27 25 34
13 27 26 102
13 27 27 109
13 27 28 44
13 27 29 47
13 27 30 21
13 27 31 43
13 27 32 101
13 27 33 72
13 27 34 115
13 27 35 24
13 27 36 64
13 27 37 93
13 27 38 10
13 27 39 107
13 27 40 114
13 27 41 121
13 27 42 16
13 28 0 25
13 28 1 14
13 28 2 112
13 28 3 18
13 28 4 42
13 28 5 90
13 28 6 15
13 28 7 104
13 28 8 111
13 28 9 72
13 28 10 7
13 28 11 89
13 28 12 71
13 28 13 1
13 28 14 110
13 28 15 117
13 28 16 124
13 28 17 70
13 28 18 19
13 28 19 84
13 28 20 47
13 28 21 116
13 28 22 123
13 28 23 22
13 28 24 34
13 28 25 82
13 28 26 108
13 28 27 52
13 28 28 77
13 28 29 29
13 28 30 93
13 28 31 54
13 28 32 107
13 28 33 114
13 28 34 40
13 28 35 53
13 28 36 50
13 28 37 26
13 28 38 106
13 28 39 113
13 28 40 64
13 28 41 21
13 28 42 91
13 29 0 10
13 29 1 111
13 29 2 41
13 29 3 25
13 29 4 45
13 29 5 32
13 29 6 103
13 29 7 110
13 29 8 117
13 29 9 18
13 29 10 46
13 29 11 95
13 29 12 38
13 29 13 109
13 29 14 70
13 29 15 51
13 29 16 87
13 29 17 24
13 29 18 101
13 29 19 63
13 29 20 115
13 29 21 122
13 29 22 33
13 29 23 35
13 29 24 100
13 29 25 62
13 29 26 72
13 29 27 47
13 29 28 39
13 29 29 83
13 29 30 53
13 29 31 106
13 29 32 113
13 29 33 29
13 29 34 56
13 29 35 77
13 29 36 28
13 29 37 79
13 29 38 43
13 29 39 119
13 29 40 30
13 29 41 90
13 29 42 4
13 30 0 110
13 30 1 8
13 30 2 11
13 30 3 88
13 30 4 33
13 30 5 102
13 30 6 109
13 30 7 53
13 30 8 0
13 30 9 87
13 30 10 94
13 30 11 22
13 30 12 108
13 30 13 68
13 30 14 71
13 30 15 86
13 30 16 21
13 30 17 77
13 30 18 107
13 30 19 114
13 30 20 121
13 30 21 37
13 30 22 34
13 30 23 99
13 30 24 65
13 30 25 49
13 30 26 120
13 30 27 2
13 30 28 50
13 30 29 78
13 30 30 76
13 30 31 57
13 30 32 32
13 30 33 75
13 30 34 43
13 30 35 18
13 30 36 58
13 30 37 111
13 30 38 118
13 30 39 17
13 30 40 56
13 30 41 6
13 30 42 35
13 31 0 23
13 31 1 3
13 31 2 62
13 31 3 11
13 31 4 73
13 31 5 108
13 31 6 84
13 31 7 41
13 31 8 86
13 31 9 69
13 31 10 22
13 31 11 79
13 31 12 54
13 31 13 58
13 31 14 59
13 31 15 40
13 31 16 44
13 31 17 106
13 31 18 113
13 31 19 48
13 31 20 14
13 31 21 24
13 31 22 98
13 31 23 105
13 31 24 112
13 31 25 47
13 31 26 19
13 31 27 61
13 31 28 70
13 31 29 66
13 31 30 111
13 31 31 36
13 31 32 125
13 31 33 89
13 31 34 21
13 31 35 51
13 31 36 110
13 31 37 45
13 31 38 33
13 31 39 88
13 31 40 15
13 31 41 20
13 31 42 109
13 32 0 4
13 32 1 49
13 32 2 12
13 32 3 100
13 32 4 81
13 32 5 85
13 32 6 25
13 32 7 75
13 32 8 92
13 32 9 36
13 32 10 77
13 32 11 53
13 32 12 120
13 32 13 39
13 32 14 3
13 32 15 83
13 32 16 62
13 32 17 51
13 32 18 119
13 32 19 10
13 32 20 33
13 32 21 97
13 32 22 104
13 32 23 72
13 32 24 73
13 32 25 40
13 32 26 89
13 32 27 96
13 32 28 47
13 32 29 110
13 32 30 42
13 32 31 44
13 32 32 59
13 32 33 17
13 32 34 66
13 32 35 109
13 32 36 116
13 32 37 9
13 32 38 58
13 32 39 29
13 32 40 38
13 32 41 108
13 32 42 31
13 33 0 44
13 33 1 37
13 33 2 99
13 33 3 74
13 33 4 75
13 33 5 28
13 33 6 20
13 33 7 91
13 33 8 21
13 33 9 105
13 33 10 112
13 33 11 83
13 33 12 126
13 33 13 14
13 33 14 69
13 33 15 54
13 33 16 111
13 33 17 118
13 33 18 24
13 33 19 3
13 33 20 45
13 33 21 103
13 33 22 82
13 33 23 117
13 33 24 42
13 33 25 77
13 33 26 63
13 33 27 48
13 33 28 109
13 33 29 2
13 33 30 123
13 33 31 87
13 33 32 41
13 33 33 101
13 33 34 108
13 33 35 115
13 33 36 25
13 33 37 73
13 33 38 1
13 33 39 12
13 33 40 107
13 33 41 7
13 33 42 39
13 34 0 39
13 34 1 98
13 34 2 105
13 34 3 112
13 34 4 18
13 34 5 126
13 34 6 90
13 34 7 30
13 34 8 104
13 34 9 64
13 34 10 49
13 34 11 78
13 34 12 3
13 34 13 96
13 34 14 73
13 34 15 110
13 34 16 67
13 34 17 14
13 34 18 31
13 34 19 95
13 34 20 102
13 34 21 58
13 34 22 43
13 34 23 38
13 34 24 87
13 34 25 72
13 34 26 101
13 34 27 108
13 34 28 33
13 34 29 122
13 34 30 86
13 34 31 20
13 34 32 80
13 34 33 81
13 34 34 114
13 34 35 1
13 34 36 68
13 34 37 7
13 34 38 34
13 34 39 106
13 34 40 27
13 34 41 15
13 34 42 82
13 35 0 97
13 35 1 104
13 35 2 46
13 35 3 6
13 35 4 53
13 35 5 68
13 35 6 36
13 35 7 103
13 35 8 65
13 35 9 117
13 35 10 124
13 35 11 31
13 35 12 82
13 35 13 83
13 35 14 109
13 35 15 116
13 35 16 38
13 35 17 12
13 35 18 94
13 35 19 61
13 35 20 50
13 35 21 72
13 35 22 23
13 35 23 86
13 35 24 93
13 35 25 59
13 35 26 78
13 35 27 39
13 35 28 121
13 35 29 80
13 35 30 8
13 35 31 70
13 35 32 74
13 35 33 113
13 35 34 30
13 35 35 63
13 35 36 11
13 35 37 42
13 35 38 105
13 35 39 35
13 35 40 19
13 35 41 54
13 35 42 25
13 36 0 103
13 36 1 61
13 36 2 28
13 36 3 124
13 36 4 88
13 36 5 24
13 36 6 102
13 36 7 46
13 36 8 85
13 36 9 51
13 36 10 27
13 36 11 65
13 36 12 101
13 36 13 108
13 36 14 115
13 36 15 23
13 36 16 2
13 36 17 64
13 36 18 100
13 36 19 107
13 36 20 68
13 36 21 12
13 36 22 53
13 36 23 54
13 36 24 58
13 36 25 76
13 36 26 5
13 36 27 43
13 36 28 6
13 36 29 41
13 36 30 71
13 36 31 105
13 36 32 82
13 36 33 32
13 36 34 50
13 36 35 30
13 36 36 19
13 36 37 104
13 36 38 14
13 36 39 25
13 36 40 125
13 36 41 1
13 36 42 67
13 37 0 54
13 37 1 9
13 37 2 69
13 37 3 80
13 37 4 27
13 37 5 55
13 37 6 79
13 37 7 77
13 37 8 62
13 37 9 29
13 37 10 93
13 37 11 63
13 37 12 47
13 37 13 114
13 37 14 36
13 37 15 16
13 37 16 92
13 37 17 99
13 37 18 106
13 37 19 78
13 37 20 23
13 37 21 30
13 37 22 84
13 37 23 44
13 37 24 105
13 37 25 33
13 37 26 119
13 37 27 126
13 37 28 1
13 37 29 59
13 37 30 104
13 37 31 111
13 37 32 14
13 37 33 125
13 37 34 22
13 37 35 38
13 37 36 103
13 37 37 31
13 37 38 40
13 37 39 56
13 37 40 17
13 37 41 95
13 37 42 102
13 38 0 5
13 38 1 78
13 38 2 56
13 38 3 33
13 38 4 100
13 38 5 107
13 38 6 59
13 38 7 72
13 38 8 7
13 38 9 65
13 38 10 83
13 38 11 50
13 38 12 113
13 38 13 2
13 38 14 12
13 38 15 91
13 38 16 98
13 38 17 49
13 38 18 112
13 38 19 29
13 38 20 126
13 38 21 61
13 38 22 85
13 38 23 104
13 38 24 4
13 38 25 118
13 38 26 66
13 38 27 28
13 38 28 96
13 38 29 103
13 38 30 110
13 38 31 15
13 38 32 67
13 38 33 23
13 38 34 3
13 38 35 102
13 38 36 6
13 38 37 11
13 38 38 123
13 38 39 36
13 38 40 94
13 38 41 69
13 38 42 76
13 39 0 62
13 39 1 59
13 39 2 37
13 39 3 99
13 39 4 106
13 39 5 58
13 39 6 120
13 39 7 24
13 39 8 78
13 39 9 60
13 39 10 105
13 39 11 73
13 39 12 35
13 39 13 32
13 39 14 90
13 39 15 97
13 39 16 65
13 39 17 71
13 39 18 5
13 39 19 85
13 39 20 89
13 39 21 96
13 39 22 103
13 39 23 4
13 39 24 84
13 39 25 124
13 39 26 26
13 39 27 83
13 39 28 102
13 39 29 109
13 39 30 36
13 39 31 123
13 39 32 15
13 39 33 18
13 39 34 101
13 39 35 34
13 39 36 20
13 39 37 122
13 39 38 9
13 39 39 48
13 39 40 100
13 39 41 107
13 39 42 8
13 40 0 48
13 40 1 40
13 40 2 98
13 40 3 83
13 40 4 112
13 40 5 69
13 40 6 30
13 40 7 65
13 40 8 68
13 40 9 104
13 40 10 111
13 40 11 34
13 40 12 36
13 40 13 70
13 40 14 56
13 40 15 46
13 40 16 52
13 40 17 2
13 40 18 124
13 40 19 74
13 40 20 80
13 40 21 102
13 40 22 31
13 40 23 116
13 40 24 61
13 40 25 8
13 40 26 60
13 40 27 76
13 40 28 108
13 40 29 37
13 40 30 122
13 40 31 1
13 40 32 28
13 40 33 100
13 40 34 16
13 40 35 22
13 40 36 121
13 40 37 39
13 40 38 92
13 40 39 99
13 40 40 106
13 40 41 41
13 40 42 120
13 41 0 29
13 41 1 97
13 41 2 73
13 41 3 71
13 41 4 64
13 41 5 40
13 41 6 89
13 41 7 96
13 41 8 103
13 41 9 110
13 41 10 35
13 41 11 4
13 41 12 88
13 41 13 95
13 41 14 54
13 41 15 75
13 41 16 7
13 41 17 44
13 41 18 87
13 41 19 58
13 41 20 56
13 41 21 25
13 41 22 115
13 41 23 50
13 41 24 19
13 41 25 93
13 41 26 100
13 41 27 60
13 41 28 11
13 41 29 121
13 41 30 27
13 41 31 8
13 41 32 99
13 41 33 12
13 41 34 1
13 41 35 46
13 41 36 5
13 41 37 91
13 41 38 98
13 41 39 47
13 41 40 0
13 41 41 61
13 41 42 49
13 42 0 59
13 42 1 73
13 42 2 48
13 42 3 117
13 42 4 5
13 42 5 45
13 42 6 46
13 42 7 102
13 42 8 109
13 42 9 35
13 42 10 37
13 42 11 72
13 42 12 94
13 42 13 101
13 42 14 51
13 42 15 7
13 42 16 63
13 42 17 86
13 42 18 93
13 42 19 100
13 42 20 39
13 42 21 114
13 42 22 64
13 42 23 21
13 42 24 76
13 42 25 99
13 42 26 56
13 42 27 41
13 42 28 71
13 42 29 17
13 42 30 19
13 42 31 98
13 42 32 6
13 42 33 14
13 42 34 119
13 42 35 10
13 42 36 90
13 42 37 97
13 42 38 75
13 42 39 16
13 42 40 81
13 42 41 125
13 42 42 2
14 0 0 49
14 0 1 117
14 0 2 6
14 0 3 46
14 0 4 47
14 0 5 102
14 0 6 109
14 0 7 36
14 0 8 38
14 0 9 73
14 0 10 94
14 0 11 101
14 0 12 52
14 0 13 8
14 0 14 64
14 0 15 86
14 0 16 93
14 0 17 100
14 0 18 40
14 0 19 114
14 0 20 65
14 0 21 22
14 0 22 77
14 0 23 99
14 0 24 57
14 0 25 42
14 0 26 72
14 0 27 18
14 0 28 20
14 0 29 98
14 0 30 7
14 0 31 15
14 0 32 119
14 0 33 11
14 0 34 90
14 0 35 97
14 0 36 76
14 0 37 17
14 0 38 82
14 0 39 125
14 0 40 3
14 0 41 60
14 0 42 74
14 1 0 62
14 1 1 2
14 1 2 87
14 1 3 76
14 1 4 73
14 1 5 108
14 1 6 25
14 1 7 33
14 1 8 60
14 1 9 44
14 1 10 71
14 1 11 107
14 1 12 40
14 1 13 56
14 1 14 80
14 1 15 51
14 1 16 99
14 1 17 26
14 1 18 113
14 1 19 120
14 1 20 30
14 1 21 64
14 1 22 98
14 1 23 105
14 1 24 38
14 1 25 119
14 1 26 16
14 1 27 32
14 1 28 97
14 1 29 13
14 1 30 24
14 1 31 118
14 1 32 29
14 1 33 85
14 1 34 47
14 1 35 58
14 1 36 18
14 1 37 117
14 1 38 53
14 1 39 3
14 1 40 95
14 1 41 74
14 1 42 81
14 2 0 7
14 2 1 86
14 2 2 93
14 2 3 100
14 2 4 44
14 2 5 5
14 2 6 23
14 2 7 51
14 2 8 92
14 2 9 45
14 2 10 106
14 2 11 4
14 2 12 120
14 2 13 27
14 2 14 85
14 2 15 98
14 2 16 34
14 2 17 73
14 2 18 70
14 2 19 6
14 2 20 82
14 2 21 97
14 2 22 104
14 2 23 16
14 2 24 118
14 2 25 12
14 2 26 22
14 2 27 96
14 2 28 31
14 2 29 35
14 2 30 66
14 2 31 20
14 2 32 88
14 2 33 95
14 2 34 49
14 2 35 9
14 2 36 56
14 2 37 123
14 2 38 24
14 2 39 94
14 2 40 101
14 2 41 46
14 2 42 53
14 3 0 69
14 3 1 64
14 3 2 99
14 3 3 82
14 3 4 3
14 3 5 21
14 3 6 56
14 3 7 91
14 3 8 52
14 3 9 77
14 3 10 1
14 3 11 83
14 3 12 126
14 3 13 70
14 3 14 97
14 3 15 36
14 3 16 111
14 3 17 54
14 3 18 5
14 3 19 89
14 3 20 68
14 3 21 103
14 3 22 39
14 3 23 66
14 3 24 8
14 3 25 11
14 3 26 95
14 3 27 15
14 3 28 27
14 3 29 116
14 3 30 38
14 3 31 63
14 3 32 94
14 3 33 101
14 3 34 9
14 3 35 49
14 3 36 122
14 3 37 23
14 3 38 81
14 3 39 65
14 3 40 107
14 3 41 80
14 3 42 24
14 4 0 80
14 4 1 98
14 4 2 105
14 4 3 17
14 4 4 36
14 4 5 57
14 4 6 90
14 4 7 56
14 4 8 85
14 4 9 41
14 4 10 47
14 4 11 60
14 4 12 89
14 4 13 74
14 4 14 19
14 4 15 110
14 4 16 117
14 4 17 35
14 4 18 71
14 4 19 95
14 4 20 102
14 4 21 28
14 4 22 116
14 4 23 2
14 4 24 1
14 4 25 94
14 4 26 20
14 4 27 8
14 4 28 115
14 4 29 0
14 4 30 69
14 4 31 78
14 4 32 46
14 4 33 21
14 4 34 82
14 4 35 121
14 4 36 30
14 4 37 92
14 4 38 68
14 4 39 106
14 4 40 51
14 4 41 10
14 4 42 32
14 5 0 97
14 5 1 104
14 5 2 9
14 5 3 32
14 5 4 125
14 5 5 53
14 5 6 96
14 5 7 60
14 5 8 24
14 5 9 117
14 5 10 124
14 5 11 68
14 5 12 95
14 5 13 30
14 5 14 109
14 5 15 83
14 5 16 22
14 5 17 87
14 5 18 94
14 5 19 71
14 5 20 0
14 5 21 115
14 5 22 15
14 5 23 19
14 5 24 93
14 5 25 13
14 5 26 4
14 5 27 114
14 5 28 10
14 5 29 80
14 5 30 92
14 5 31 58
14 5 32 11
14 5 33 59
14 5 34 44
14 5 35 35
14 5 36 91
14 5 37 43
14 5 38 50
14 5 39 112
14 5 40 31
14 5 41 126
14 5 42 49
14 6 0 103
14 6 1 0
14 6 2 37
14 6 3 52
14 6 4 88
14 6 5 74
14 6 6 81
14 6 7 6
14 6 8 44
14 6 9 61
14 6 10 87
14 6 11 94
14 6 12 3
14 6 13 108
14 6 14 56
14 6 15 30
14 6 16 86
14 6 17 57
14 6 18 100
14 6 19 33
14 6 20 114
14 6 21 26
14 6 22 8
14 6 23 92
14 6 24 40
14 6 25 27
14 6 26 113
14 6 27 28
14 6 28 75
14 6 29 91
14 6 30 43
14 6 31 1
14 6 32 112
14 6 33 119
14 6 34 4
14 6 35 90
14 6 36 45
14 6 37 51
14 6 38 58
14 6 39 23
14 6 40 54
14 6 41 89
14 6 42 59
14 7 0 17
14 7 1 32
14 7 2 123
14 7 3 71
14 7 4 79
14 7 5 101
14 7 6 30
14 7 7 44
14 7 8 81
14 7 9 86
14 7 10 65
14 7 11 25
14 7 12 80
14 7 13 64
14 7 14 11
14 7 15 47
14 7 16 92
14 7 17 99
14 7 18 18
14 7 19 113
14 7 20 28
14 7 21 16
14 7 22 91
14 7 23 36
14 7 24 34
14 7 25 52
14 7 26 37
14 7 27 55
14 7 28 90
14 7 29 69
14 7 30 10
14 7 31 45
14 7 32 118
14 7 33 26
14 7 34 72
14 7 35 96
14 7 36 78
14 7 37 54
14 7 38 27
14 7 39 124
14 7 40 82
14 7 41 95
14 7 42 102
14 8 0 1
14 8 1 122
14 8 2 60
14 8 3 93
14 8 4 53
14 8 5 19
14 8 6 61
14 8 7 47
14 8 8 63
14 8 9 92
14 8 10 31
14 8 11 78
14 8 12 76
14 8 13 9
14 8 14 42
14 8 15 91
14 8 16 98
14 8 17 10
14 8 18 84
14 8 19 15
14 8 20 13
14 8 21 90
14 8 22 3
14 8 23 17
14 8 24 111
14 8 25 33
14 8 26 125
14 8 27 69
14 8 28 96
14 8 29 32
14 8 30 82
14 8 31 48
14 8 32 40
14 8 33 88
14 8 34 67
14 8 35 70
14 8 36 85
14 8 37 24
14 8 38 77
14 8 39 87
14 8 40 94
14 8 41 83
14 8 42 18
14 9 0 121
14 9 1 47
14 9 2 79
14 9 3 58
14 9 4 22
14 9 5 50
14 9 6 120
14 9 7 23
14 9 8 91
14 9 9 37
14 9 10 105
14 9 11 112
14 9 12 6
14 9 13 126
14 9 14 90
14 9 15 97
14 9 16 3
14 9 17 111
14 9 18 21
14 9 19 8
14 9 20 89
14 9 21 11
14 9 22 7
14 9 23 110
14 9 24 39
14 9 25 72
14 9 26 88
14 9 27 75
14 9 28 12
14 9 29 53
14 9 30 116
14 9 31 25
14 9 32 55
14 9 33 80
14 9 34 101
14 9 35 84
14 9 36 38
14 9 37 70
14 9 38 86
14 9 39 64
14 9 40 100
14 9 41 29
14 9 42 17
14 10 0 56
14 10 1 63
14 10 2 51
14 10 3 9
14 10 4 112
14 10 5 77
14 10 6 126
14 10 7 90
14 10 8 7
14 10 9 104
14 10 10 68
14 10 11 10
14 10 12 69
14 10 13 61
14 10 14 47
14 10 15 22
14 10 16 110
14 10 17 2
14 10 18 20
14 10 19 88
14 10 20 42
14 10 21 21
14 10 22 109
14 10 23 29
14 10 24 123
14 10 25 43
14 10 26 46
14 10 27 40
14 10 28 48
14 10 29 115
14 10 30 4
14 10 31 64
14 10 32 93
14 10 33 72
14 10 34 107
14 10 35 30
14 10 36 82
14 10 37 52
14 10 38 92
14 10 39 99
14 10 40 11
14 10 41 27
14 10 42 76
14 11 0 66
14 11 1 55
14 11 2 27
14 11 3 47
14 11 4 49
14 11 5 85
14 11 6 82
14 11 7 16
14 11 8 103
14 11 9 68
14 11 10 38
14 11 11 124
14 11 12 88
14 11 13 95
14 11 14 33
14 11 15 109
14 11 16 12
14 11 17 36
14 11 18 87
14 11 19 37
14 11 20 2
14 11 21 108
14 11 22 23
14 11 23 122
14 11 24 56
14 11 25 93
14 11 26 19
14 11 27 107
14 11 28 114
14 11 29 29
14 11 30 52
14 11 31 79
14 11 32 75
14 11 33 106
14 11 34 1
14 11 35 120
14 11 36 28
14 11 37 91
14 11 38 98
14 11 39 35
14 11 40 30
14 11 41 119
14 11 42 43
14 12 0 96
14 12 1 9
14 12 2 68
14 12 3 117
14 12 4 124
14 12 5 88
14 12 6 34
14 12 7 102
14 12 8 83
14 12 9 33
14 12 10 53
14 12 11 48
14 12 12 94
14 12 13 12
14 12 14 108
14 12 15 18
14 12 16 8
14 12 17 86
14 12 18 39
14 12 19 0
14 12 20 78
14 12 21 27
14 12 22 121
14 12 23 76
14 12 24 66
14 12 25 22
14 12 26 106
14 12 27 113
14 12 28 42
14 12 29 50
14 12 30 56
14 12 31 52
14 12 32 71
14 12 33 32
14 12 34 84
14 12 35 126
14 12 36 90
14 12 37 97
14 12 38 17
14 12 39 28
14 12 40 118
14 12 41 125
14 12 42 89
14 13 0 28
14 13 1 58
14 13 2 78
14 13 3 55
14 13 4 62
14 13 5 37
14 13 6 54
14 13 7 49
14 13 8 33
14 13 9 46
14 13 10 81
14 13 11 77
14 13 12 2
14 13 13 69
14 13 14 13
14 13 15 16
14 13 16 57
14 13 17 7
14 13 18 42
14 13 19 45
14 13 20 18
14 13 21 80
14 13 22 76
14 13 23 68
14 13 24 23
14 13 25 65
14 13 26 60
14 13 27 21
14 13 28 52
14 13 29 59
14 13 30 79
14 13 31 56
14 13 32 24
14 13 33 53
14 13 34 73
14 13 35 67
14 13 36 63
14 13 37 11
14 13 38 5
14 13 39 51
14 13 40 47
14 13 41 84
14 13 42 61
14 14 0 43
14 14 1 62
14 14 2 58
14 14 3 64
14 14 4 42
14 14 5 100
14 14 6 107
14 14 7 7
14 14 8 48
14 14 9 81
14 14 10 92
14 14 11 32
14 14 12 79
14 14 13 23
14 14 14 40
14 14 15 14
14 14 16 31
14 14 17 5
14 14 18 105
14 14 19 39
14 14 20 119
14 14 21 66
14 14 22 61
14 14 23 21
14 14 24 74
14 14 25 111
14 14 26 29
14 14 27 125
14 14 28 89
14 14 29 96
14 14 30 46
14 14 31 28
14 14 32 117
14 14 33 124
14 14 34 88
14 14 35 95
14 14 36 27
14 14 37 1
14 14 38 116
14 14 39 123
14 14 40 87
14 14 41 73
14 14 42 0
14 15 0 82
14 15 1 78
14 15 2 62
14 15 3 7
14 15 4 99
14 15 5 106
14 15 6 5
14 15 7 120
14 15 8 58
14 15 9 91
14 15 10 10
14 15 11 105
14 15 12 29
14 15 13 21
14 15 14 126
14 15 15 12
14 15 16 15
14 15 17 104
14 15 18 26
14 15 19 118
14 15 20 125
14 15 21 89
14 15 22 38
14 15 23 46
14 15 24 110
14 15 25 34
14 15 26 75
14 15 27 72
14 15 28 65
14 15 29 67
14 15 30 0
14 15 31 59
14 15 32 48
14 15 33 71
14 15 34 94
14 15 35 23
14 15 36 17
14 15 37 115
14 15 38 122
14 15 39 86
14 15 40 93
14 15 41 4
14 15 42 107
14 16 0 120
14 16 1 50
14 16 2 29
14 16 3 98
14 16 4 66
14 16 5 6
14 16 6 68
14 16 7 71
14 16 8 90
14 16 9 1
14 16 10 104
14 16 11 28
14 16 12 32
14 16 13 125
14 16 14 20
14 16 15 10
14 16 16 103
14 16 17 16
14 16 18 67
14 16 19 53
14 16 20 45
14 16 21 38
14 16 22 46
14 16 23 109
14 16 24 37
14 16 25 123
14 16 26 87
14 16 27 80
14 16 28 101
14 16 29 19
14 16 30 63
14 16 31 51
14 16 32 58
14 16 33 81
14 16 34 0
14 16 35 11
14 16 36 114
14 16 37 121
14 16 38 62
14 16 39 75
14 16 40 39
14 16 41 106
14 16 42 85
14 17 0 59
14 17 1 42
14 17 2 97
14 17 3 61
14 17 4 9
14 17 5 82
14 17 6 125
14 17 7 85
14 17 8 5
14 17 9 103
14 17 10 26
14 17 11 34
14 17 12 124
14 17 13 35
14 17 14 16
14 17 15 102
14 17 16 38
14 17 17 116
14 17 18 123
14 17 19 87
14 17 20 33
14 17 21 101
14 17 22 108
14 17 23 12
14 17 24 122
14 17 25 86
14 17 26 93
14 17 27 64
14 17 28 1
14 17 29 56
14 17 30 78
14 17 31 67
14 17 32 92
14 17 33 41
14 17 34 36
14 17 35 113
14 17 36 50
14 17 37 0
14 17 38 44
14 17 39 27
14 17 40 73
14 17 41 112
14 17 42 77
14 18 0 24
14 18 1 66
14 18 2 75
14 18 3 31
14 18 4 117
14 18 5 45
14 18 6 88
14 18 7 42
14 18 8 102
14 18 9 7
14 18 10 29
14 18 11 123
14 18 12 8
14 18 13 26
14 18 14 73
14 18 15 6
14 18 16 115
14 18 17 122
14 18 18 86
14 18 19 18
14 18 20 81
14 18 21 79
14 18 22 21
14 18 23 121
14 18 24 51
14 18 25 67
14 18 26 53
14 18 27 19
14 18 28 61
14 18 29 120
14 18 30 54
14 18 31 91
14 18 32 1
14 18 33 17
14 18 34 74
14 18 35 119
14 18 36 126
14 18 37 80
14 18 38 41
14 18 39 72
14 18 40 44
14 18 41 47
14 18 42 125
14 19 0 95
14 19 1 69
14 19 2 16
14 19 3 45
14 19 4 123
14 19 5 59
14 19 6 32
14 19 7 62
14 19 8 21
14 19 9 17
14 19 10 122
14 19 11 20
14 19 12 7
14 19 13 100
14 19 14 25
14 19 15 114
14 19 16 121
14 19 17 67
14 19 18 22
14 19 19 50
14 19 20 77
14 19 21 34
14 19 22 49
14 19 23 5
14 19 24 76
14 19 25 70
14 19 26 6
14 19 27 112
14 19 28 78
14 19 29 43
14 19 30 90
14 19 31 11
14 19 32 42
14 19 33 111
14 19 34 118
14 19 35 75
14 19 36 89
14 19 37 33
14 19 38 60
14 19 39 79
14 19 40 117
14 19 41 85
14 19 42 3
14 20 0 101
14 20 1 39
14 20 2 71
14 20 3 122
14 20 4 82
14 20 5 38
14 20 6 100
14 20 7 11
14 20 8 25
14 20 9 121
14 20 10 15
14 20 11 13
14 20 12 99
14 20 13 18
14 20 14 113
14 20 15 57
14 20 16 29
14 20 17 19
14 20 18 58
14 20 19 105
14 20 20 40
14 20 21 119
14 20 22 126
14 20 23 53
14 20 24 70
14 20 25 9
14 20 26 76
14 20 27 83
14 20 28 125
14 20 29 62
14 20 30 27
14 20 31 10
14 20 32 110
14 20 33 55
14 20 34 124
14 20 35 60
14 20 36 4
14 20 37 56
14 20 38 63
14 20 39 69
14 20 40 123
14 20 41 31
14 20 42 94
14 21 0 18
14 21 1 56
14 21 2 121
14 21 3 77
14 21 4 34
14 21 5 99
14 21 6 37
14 21 7 35
14 21 8 120
14 21 9 12
14 21 10 0
14 21 11 98
14 21 12 10
14 21 13 43
14 21 14 119
14 21 15 126
14 21 16 17
14 21 17 74
14 21 18 104
14 21 19 3
14 21 20 118
14 21 21 46
14 21 22 89
14 21 23 96
14 21 24 41
14 21 25 54
14 21 26 117
14 21 27 61
14 21 28 88
14 21 29 39
14 21 30 11
14 21 31 109
14 21 32 116
14 21 33 65
14 21 34 87
14 21 35 1
14 21 36 101
14 21 37 64
14 21 38 71
14 21 39 122
14 21 40 2
14 21 41 70
14 21 42 55
14 22 0 68
14 22 1 79
14 22 2 45
14 22 3 0
14 22 4 98
14 22 5 1
14 22 6 31
14 22 7 119
14 22 8 20
14 22 9 2
14 22 10 97
14 22 11 38
14 22 12 111
14 22 13 118
14 22 14 43
14 22 15 41
14 22 16 96
14 22 17 103
14 22 18 25
14 22 19 83
14 22 20 124
14 22 21 54
14 22 22 67
14 22 23 22
14 22 24 72
14 22 25 58
14 22 26 123
14 22 27 57
14 22 28 34
14 22 29 28
14 22 30 108
14 22 31 115
14 22 32 77
14 22 33 86
14 22 34 5
14 22 35 63
14 22 36 107
14 22 37 46
14 22 38 121
14 22 39 24
14 22 40 92
14 22 41 75
14 22 42 27
14 23 0 119
14 23 1 51
14 23 2 18
14 23 3 97
14 23 4 24
14 23 5 15
14 23 6 118
14 23 7 9
14 23 8 13
14 23 9 48
14 23 10 28
14 23 11 110
14 23 12 46
14 23 13 124
14 23 14 6
14 23 15 60
14 23 16 102
14 23 17 41
14 23 18 116
14 23 19 44
14 23 20 87
14 23 21 74
14 23 22 4
14 23 23 80
14 23 24 62
14 23 25 122
14 23 26 58
14 23 27 39
14 23 28 19
14 23 29 75
14 23 30 114
14 23 31 50
14 23 32 45
14 23 33 40
14 23 34 77
14 23 35 106
14 23 36 49
14 23 37 76
14 23 38 36
14 23 39 91
14 23 40 65
14 23 41 17
14 23 42 112
14 24 0 125
14 24 1 28
14 24 2 48
14 24 3 20
14 24 4 8
14 24 5 117
14 24 6 27
14 24 7 26
14 24 8 95
14 24 9 0
14 24 10 109
14 24 11 116
14 24 12 75
14 24 13 36
14 24 14 44
14 24 15 84
14 24 16 9
14 24 17 115
14 24 18 72
14 24 19 86
14 24 20 93
14 24 21 30
14 24 22 107
14 24 23 69
14 24 24 121
14 24 25 63
14 24 26 35
14 24 27 11
14 24 28 70
14 24 29 113
14 24 30 120
14 24 31 39
14 24 32 18
14 24 33 61
14 24 34 68
14 24 35 112
14 24 36 119
14 24 37 41
14 24 38 90
14 24 39 58
14 24 40 7
14 24 41 65
14 24 42 118
14 25 0 33
14 25 1 95
14 25 2 1
14 25 3 13
14 25 4 116
14 25 5 17
14 25 6 20
14 25 7 94
14 25 8 32
14 25 9 108
14 25 10 115
14 25 11 50
14 25 12 23
14 25 13 93
14 25 14 100
14 25 15 35
14 25 16 114
14 25 17 63
14 25 18 77
14 25 19 58
14 25 20 27
14 25 21 106
14 25 22 43
14 25 23 70
14 25 24 54
14 25 25 7
14 25 26 25
14 25 27 105
14 25 28 84
14 25 29 81
14 25 30 126
14 25 31 4
14 25 32 52
14 25 33 76
14 25 34 83
14 25 35 118
14 25 36 5
14 25 37 61
14 25 38 96
14 25 39 19
14 25 40 56
14 25 41 67
14 25 42 72
14 26 0 94
14 26 1 36
14 26 2 40
14 26 3 115
14 26 4 6
14 26 5 16
14 26 6 85
14 26 7 12
14 26 8 57
14 26 9 114
14 26 10 80
14 26 11 22
14 26 12 49
14 26 13 99
14 26 14 37
14 26 15 113
14 26 16 120
14 26 17 1
14 26 18 50
14 26 19 24
14 26 20 62
14 26 21 112
14 26 22 119
14 26 23 84
14 26 24 5
14 26 25 23
14 26 26 104
14 26 27 111
14 26 28 67
14 26 29 68
14 26 30 21
14 26 31 96
14 26 32 65
14 26 33 83
14 26 34 54
14 26 35 4
14 26 36 88
14 26 37 75
14 26 38 19
14 26 39 81
14 26 40 116
14 26 41 123
14 26 42 8
14 27 0 4
14 27 1 15
14 27 2 114
14 27 3 39
14 27 4 12
14 27 5 92
14 27 6 33
14 27 7 53
14 27 8 113
14 27 9 120
14 27 10 41
14 27 11 63
14 27 12 98
14 27 13 2
14 27 14 57
14 27 15 55
14 27 16 126
14 27 17 69
14 27 18 31
14 27 19 81
14 27 20 59
14 27 21 118
14 27 22 125
14 27 23 38
14 27 24 3
14 27 25 103
14 27 26 110
14 27 27 117
14 27 28 124
14 27 29 26
14 27 30 49
14 27 31 85
14 27 32 83
14 27 33 116
14 27 34 25
14 27 35 64
14 27 36 52
14 27 37 10
14 27 38 66
14 27 39 115
14 27 40 122
14 27 41 42
14 27 42 67
14 28 0 21
14 28 1 113
14 28 2 8
14 28 3 10
14 28 4 91
14 28 5 29
14 28 6 105
14 28 7 80
14 28 8 53
14 28 9 6
14 28 10 52
14 28 11 97
14 28 12 31
14 28 13 111
14 28 14 76
14 28 15 82
14 28 16 89
14 28 17 20
14 28 18 61
14 28 19 67
14 28 20 57
14 28 21 43
14 28 22 33
14 28 23 35
14 28 24 102
14 28 25 109
14 28 26 45
14 28 27 48
14 28 28 22
14 28 29 44
14 28 30 101
14 28 31 73
14 28 32 115
14 28 33 25
14 28 34 65
14 28 35 93
14 28 36 11
14 28 37 107
14 28 38 114
14 28 39 121
14 28 40 17
14 28 41 92
14 28 42 13
14 29 0 112
14 29 1 19
14 29 2 0
14 29 3 90
14 29 4 16
14 29 5 104
14 29 6 111
14 29 7 73
14 29 8 8
14 29 9 89
14 29 10 72
14 29 11 2
14 29 12 110
14 29 13 117
14 29 14 124
14 29 15 71
14 29 16 20
14 29 17 85
14 29 18 48
14 29 19 116
14 29 20 123
14 29 21 23
14 29 22 35
14 29 23 83
14 29 24 108
14 29 25 53
14 29 26 78
14 29 27 30
14 29 28 93
14 29 29 55
14 29 30 107
14 29 31 114
14 29 32 41
14 29 33 54
14 29 34 51
14 29 35 27
14 29 36 106
14 29 37 113
14 29 38 65
14 29 39 22
14 29 40 91
14 29 41 26
14 29 42 15
14 30 0 42
14 30 1 26
14 30 2 46
14 30 3 33
14 30 4 103
14 30 5 110
14 30 6 117
14 30 7 19
14 30 8 47
14 30 9 95
14 30 10 39
14 30 11 109
14 30 12 71
14 30 13 52
14 30 14 87
14 30 15 25
14 30 16 101
14 30 17 64
14 30 18 115
14 30 19 122
14 30 20 34
14 30 21 36
14 30 22 100
14 30 23 63
14 30 24 73
14 30 25 48
14 30 26 40
14 30 27 84
14 30 28 54
14 30 29 106
14 30 30 113
14 30 31 30
14 30 32 57
14 30 33 78
14 30 34 29
14 30 35 80
14 30 36 44
14 30 37 119
14 30 38 31
14 30 39 90
14 30 40 5
14 30 41 11
14 30 42 111
14 31 0 12
14 31 1 88
14 31 2 34
14 31 3 102
14 31 4 109
14 31 5 54
14 31 6 1
14 31 7 87
14 31 8 94
14 31 9 23
14 31 10 108
14 31 11 69
14 31 12 72
14 31 13 86
14 31 14 22
14 31 15 78
14 31 16 107
14 31 17 114
14 31 18 121
14 31 19 38
14 31 20 35
14 31 21 99
14 31 22 66
14 31 23 50
14 31 24 120
14 31 25 3
14 31 26 51
14 31 27 79
14 31 28 77
14 31 29 58
14 31 30 33
14 31 31 76
14 31 32 44
14 31 33 19
14 31 34 59
14 31 35 111
14 31 36 118
14 31 37 18
14 31 38 57
14 31 39 7
14 31 40 36
14 31 41 110
14 31 42 9
14 32 0 63
14 32 1 12
14 32 2 74
14 32 3 108
14 32 4 85
14 32 5 42
14 32 6 86
14 32 7 70
14 32 8 23
14 32 9 80
14 32 10 55
14 32 11 59
14 32 12 60
14 32 13 41
14 32 14 45
14 32 15 106
14 32 16 113
14 32 17 49
14 32 18 15
14 32 19 25
14 32 20 98
14 32 21 105
14 32 22 112
14 32 23 48
14 32 24 20
14 32 25 62
14 32 26 71
14 32 27 67
14 32 28 111
14 32 29 37
14 32 30 125
14 32 31 89
14 32 32 22
14 32 33 52
14 32 34 110
14 32 35 46
14 32 36 34
14 32 37 88
14 32 38 16
14 32 39 21
14 32 40 109
14 32 41 24
14 32 42 4
14 33 0 13
14 33 1 100
14 33 2 82
14 33 3 43
14 33 4 26
14 33 5 76
14 33 6 92
14 33 7 37
14 33 8 78
14 33 9 54
14 33 10 120
14 33 11 40
14 33 12 4
14 33 13 84
14 33 14 63
14 33 15 52
14 33 16 119
14 33 17 11
14 33 18 34
14 33 19 97
14 33 20 104
14 33 21 73
14 33 22 74
14 33 23 41
14 33 24 89
14 33 25 96
14 33 26 48
14 33 27 110
14 33 28 0
14 33 29 45
14 33 30 60
14 33 31 18
14 33 32 67
14 33 33 109
14 33 34 116
14 33 35 10
14 33 36 59
14 33 37 30
14 33 38 39
14 33 39 108
14 33 40 32
14 33 41 5
14 33 42 50
14 34 0 99
14 34 1 75
14 34 2 76
14 34 3 29
14 34 4 21
14 34 5 91
14 34 6 22
14 34 7 105
14 34 8 112
14 34 9 84
14 34 10 126
14 34 11 15
14 34 12 70
14 34 13 55
14 34 14 111
14 34 15 118
14 34 16 25
14 34 17 4
14 34 18 46
14 34 19 103
14 34 20 83
14 34 21 117
14 34 22 0
14 34 23 78
14 34 24 64
14 34 25 49
14 34 26 109
14 34 27 3
14 34 28 123
14 34 29 87
14 34 30 42
14 34 31 101
14 34 32 108
14 34 33 115
14 34 34 26
14 34 35 74
14 34 36 2
14 34 37 13
14 34 38 107
14 34 39 8
14 34 40 40
14 34 41 45
14 34 42 38
14 35 0 105
14 35 1 112
14 35 2 19
14 35 3 126
14 35 4 90
14 35 5 31
14 35 6 104
14 35 7 65
14 35 8 50
14 35 9 79
14 35 10 4
14 35 11 96
14 35 12 74
14 35 13 110
14 35 14 68
14 35 15 15
14 35 16 32
14 35 17 95
14 35 18 102
14 35 19 59
14 35 20 44
14 35 21 39
14 35 22 87
14 35 23 73
14 35 24 101
14 35 25 108
14 35 26 34
14 35 27 122
14 35 28 86
14 35 29 21
14 35 30 81
14 35 31 82
14 35 32 114
14 35 33 2
14 35 34 69
14 35 35 8
14 35 36 35
14 35 37 106
14 35 38 28
14 35 39 16
14 35 40 83
14 35 41 40
14 35 42 98
14 36 0 47
14 36 1 7
14 36 2 54
14 36 3 69
14 36 4 37
14 36 5 103
14 36 6 66
14 36 7 117
14 36 8 124
14 36 9 32
14 36 10 83
14 36 11 84
14 36 12 109
14 36 13 116
14 36 14 39
14 36 15 13
14 36 16 94
14 36 17 62
14 36 18 51
14 36 19 73
14 36 20 24
14 36 21 86
14 36 22 93
14 36 23 60
14 36 24 79
14 36 25 40
14 36 26 121
14 36 27 81
14 36 28 9
14 36 29 71
14 36 30 75
14 36 31 113
14 36 32 31
14 36 33 64
14 36 34 12
14 36 35 0
14 36 36 105
14 36 37 36
14 36 38 20
14 36 39 55
14 36 40 26
14 36 41 97
14 36 42 104
14 37 0 29
14 37 1 124
14 37 2 88
14 37 3 25
14 37 4 102
14 37 5 47
14 37 6 43
14 37 7 52
14 37 8 28
14 37 9 66
14 37 10 101
14 37 11 108
14 37 12 115
14 37 13 24
14 37 14 3
14 37 15 65
14 37 16 100
14 37 17 107
14 37 18 69
14 37 19 13
14 37 20 54
14 37 21 55
14 37 22 59
14 37 23 77
14 37 24 6
14 37 25 44
14 37 26 7
14 37 27 42
14 37 28 72
14 37 29 105
14 37 30 83
14 37 31 33
14 37 32 51
14 37 33 31
14 37 34 20
14 37 35 104
14 37 36 15
14 37 37 26
14 37 38 125
14 37 39 2
14 37 40 68
14 37 41 103
14 37 42 62
14 38 0 70
14 38 1 81
14 38 2 28
14 38 3 56
14 38 4 80
14 38 5 78
14 38 6 63
14 38 7 30
14 38 8 93
14 38 9 64
14 38 10 48
14 38 11 114
14 38 12 37
14 38 13 17
14 38 14 92
14 38 15 99
14 38 16 106
14 38 17 79
14 38 18 24
14 38 19 31
14 38 20 85
14 38 21 45
14 38 22 105
14 38 23 34
14 38 24 119
14 38 25 126
14 38 26 2
14 38 27 60
14 38 28 104
14 38 29 111
14 38 30 15
14 38 31 125
14 38 32 23
14 38 33 39
14 38 34 103
14 38 35 32
14 38 36 41
14 38 37 57
14 38 38 18
14 38 39 95
14 38 40 102
14 38 41 55
14 38 42 10
14 39 0 57
14 39 1 34
14 39 2 100
14 39 3 107
14 39 4 60
14 39 5 73
14 39 6 8
14 39 7 66
14 39 8 84
14 39 9 51
14 39 10 113
14 39 11 3
14 39 12 13
14 39 13 91
14 39 14 98
14 39 15 50
14 39 16 112
14 39 17 30
14 39 18 126
14 39 19 62
14 39 20 43
14 39 21 104
14 39 22 5
14 39 23 118
14 39 24 67
14 39 25 29
14 39 26 96
14 39 27 103
14 39 28 110
14 39 29 16
14 39 30 68
14 39 31 24
14 39 32 4
14 39 33 102
14 39 34 7
14 39 35 12
14 39 36 123
14 39 37 37
14 39 38 94
14 39 39 70
14 39 40 77
14 39 41 6
14 39 42 79
14 40 0 38
14 40 1 99
14 40 2 106
14 40 3 59
14 40 4 120
14 40 5 25
14 40 6 79
14 40 7 61
14 40 8 105
14 40 9 74
14 40 10 36
14 40 11 33
14 40 12 90
14 40 13 97
14 40 14 66
14 40 15 72
14 40 16 6
14 40 17 43
14 40 18 89
14 40 19 96
14 40 20 103
14 40 21 5
14 40 22 85
14 40 23 124
14 40 24 27
14 40 25 84
14 40 26 102
14 40 27 109
14 40 28 37
14 40 29 123
14 40 30 16
14 40 31 19
14 40 32 101
14 40 33 35
14 40 34 21
14 40 35 122
14 40 36 10
14 40 37 49
14 40 38 100
14 40 39 107
14 40 40 9
14 40 41 63
14 40 42 60
14 41 0 98
14 41 1 84
14 41 2 112
14 41 3 70
14 41 4 31
14 41 5 66
14 41 6 69
14 41 7 104
14 41 8 111
14 41 9 35
14 41 10 37
14 41 11 71
14 41 12 57
14 41 13 47
14 41 14 53
14 41 15 3
14 41 16 124
14 41 17 75
14 41 18 81
14 41 19 102
14 41 20 32
14 41 21 116
14 41 22 62
14 41 23 9
14 41 24 61
14 41 25 77
14 41 26 108
14 41 27 38
14 41 28 122
14 41 29 2
14 41 30 29
14 41 31 100
14 41 32 17
14 41 33 23
14 41 34 121
14 41 35 40
14 41 36 92
14 41 37 99
14 41 38 106
14 41 39 42
14 41 40 120
14 41 41 49
14 41 42 41
14 42 0 74
14 42 1 72
14 42 2 65
14 42 3 41
14 42 4 89
14 42 5 96
14 42 6 103
14 42 7 110
14 42 8 36
14 42 9 5
14 42 10 88
14 42 11 95
14 42 12 55
14 42 13 76
14 42 14 8
14 42 15 45
14 42 16 87
14 42 17 59
14 42 18 57
14 42 19 26
14 42 20 115
14 42 21 51
14 42 22 20
14 42 23 93
14 42 24 100
14 42 25 61
14 42 26 12
14 42 27 121
14 42 28 28
14 42 29 9
14 42 30 99
14 42 31 13
14 42 32 2
14 42 33 47
14 42 34 6
14 42 35 91
14 42 36 98
14 42 37 48
14 42 38 1
14 42 39 62
14 42 40 50
14 42 41 30
14 42 42 97
15 0 0 66
15 0 1 42
15 0 2 89
15 0 3 96
15 0 4 103
15 0 5 110
15 0 6 37
15 0 7 6
15 0 8 88
15 0 9 95
15 0 10 56
15 0 11 77
15 0 12 9
15 0 13 46
15 0 14 87
15 0 15 60
15 0 16 58
15 0 17 27
15 0 18 115
15 0 19 52
15 0 20 21
15 0 21 93
15 0 22 100
15 0 23 62
15 0 24 13
15 0 25 121
15 0 26 29
15 0 27 10
15 0 28 99
15 0 29 14
15 0 30 3
15 0 31 48
15 0 32 7
15 0 33 91
15 0 34 98
15 0 35 49
15 0 36 2
15 0 37 63
15 0 38 51
15 0 39 31
15 0 40 97
15 0 41 75
15 0 42 73
15 1 0 7
15 1 1 47
15 1 2 48
15 1 3 102
15 1 4 109
15 1 5 37
15 1 6 39
15 1 7 74
15 1 8 94
15 1 9 101
15 1 10 53
15 1 11 9
15 1 12 65
15 1 13 86
15 1 14 93
15 1 15 100
15 1 16 41
15 1 17 114
15 1 18 66
15 1 19 23
15 1 20 78
15 1 21 99
15 1 22 58
15 1 23 0
15 1 24 73
15 1 25 19
15 1 26 21
15 1 27 98
15 1 28 8
15 1 29 16
15 1 30 119
15 1 31 12
15 1 32 90
15 1 33 97
15 1 34 77
15 1 35 18
15 1 36 83
15 1 37 125
15 1 38 4
15 1 39 61
15 1 40 75
15 1 41 50
15 1 42 117
15 2 0 87
15 2 1 77
15 2 2 74
15 2 3 108
15 2 4 26
15 2 5 34
15 2 6 61
15 2 7 45
15 2 8 72
15 2 9 107
15 2 10 41
15 2 11 57
15 2 12 81
15 2 13 52
15 2 14 99
15 2 15 27
15 2 16 113
15 2 17 120
15 2 18 31
15 2 19 65
15 2 20 98
15 2 21 105
15 2 22 39
15 2 23 119
15 2 24 17
15 2 25 33
15 2 26 97
15 2 27 14
15 2 28 25
15 2 29 118
15 2 30 30
15 2 31 43
15 2 32 48
15 2 33 59
15 2 34 19
15 2 35 117
15 2 36 54
15 2 37 4
15 2 38 95
15 2 39 75
15 2 40 82
15 2 41 63
15 2 42 3
15 3 0 93
15 3 1 100
15 3 2 45
15 3 3 6
15 3 4 24
15 3 5 52
15 3 6 92
15 3 7 46
15 3 8 106
15 3 9 5
15 3 10 120
15 3 11 28
15 3 12 43
15 3 13 98
15 3 14 35
15 3 15 74
15 3 16 71
15 3 17 7
15 3 18 83
15 3 19 97
15 3 20 104
15 3 21 17
15 3 22 118
15 3 23 13
15 3 24 23
15 3 25 96
15 3 26 32
15 3 27 36
15 3 28 67
15 3 29 21
15 3 30 88
15 3 31 95
15 3 32 50
15 3 33 10
15 3 34 57
15 3 35 123
15 3 36 25
15 3 37 94
15 3 38 101
15 3 39 47
15 3 40 54
15 3 41 8
15 3 42 86
15 4 0 99
15 4 1 83
15 4 2 4
15 4 3 22
15 4 4 57
15 4 5 91
15 4 6 53
15 4 7 78
15 4 8 2
15 4 9 84
15 4 10 126
15 4 11 71
15 4 12 97
15 4 13 37
15 4 14 111
15 4 15 55
15 4 16 6
15 4 17 89
15 4 18 69
15 4 19 103
15 4 20 40
15 4 21 67
15 4 22 9
15 4 23 12
15 4 24 95
15 4 25 16
15 4 26 28
15 4 27 116
15 4 28 39
15 4 29 64
15 4 30 94
15 4 31 101
15 4 32 10
15 4 33 50
15 4 34 122
15 4 35 24
15 4 36 82
15 4 37 66
15 4 38 107
15 4 39 81
15 4 40 25
15 4 41 70
15 4 42 65
15 5 0 105
15 5 1 18
15 5 2 37
15 5 3 58
15 5 4 90
15 5 5 57
15 5 6 43
15 5 7 42
15 5 8 48
15 5 9 61
15 5 10 89
15 5 11 75
15 5 12 20
15 5 13 110
15 5 14 117
15 5 15 36
15 5 16 72
15 5 17 95
15 5 18 102
15 5 19 29
15 5 20 116
15 5 21 3
15 5 22 2
15 5 23 94
15 5 24 21
15 5 25 9
15 5 26 115
15 5 27 1
15 5 28 70
15 5 29 79
15 5 30 47
15 5 31 22
15 5 32 83
15 5 33 121
15 5 34 31
15 5 35 92
15 5 36 69
15 5 37 106
15 5 38 52
15 5 39 11
15 5 40 33
15 5 41 81
15 5 42 98
15 6 0 10
15 6 1 33
15 6 2 125
15 6 3 54
15 6 4 96
15 6 5 61
15 6 6 25
15 6 7 117
15 6 8 124
15 6 9 69
15 6 10 95
15 6 11 31
15 6 12 109
15 6 13 84
15 6 14 23
15 6 15 87
15 6 16 94
15 6 17 72
15 6 18 1
15 6 19 115
15 6 20 16
15 6 21 20
15 6 22 93
15 6 23 14
15 6 24 5
15 6 25 114
15 6 26 11
15 6 27 81
15 6 28 92
15 6 29 59
15 6 30 12
15 6 31 60
15 6 32 45
15 6 33 36
15 6 34 91
15 6 35 44
15 6 36 51
15 6 37 112
15 6 38 32
15 6 39 126
15 6 40 50
15 6 41 97
15 6 42 104
15 7 0 38
15 7 1 53
15 7 2 88
15 7 3 75
15 7 4 82
15 7 5 7
15 7 6 45
15 7 7 62
15 7 8 87
15 7 9 94
15 7 10 4
15 7 11 108
15 7 12 57
15 7 13 31
15 7 14 86
15 7 15 58
15 7 16 100
15 7 17 34
15 7 18 114
15 7 19 27
15 7 20 9
15 7 21 92
15 7 22 41
15 7 23 28
15 7 24 113
15 7 25 29
15 7 26 76
15 7 27 91
15 7 28 44
15 7 29 2
15 7 30 112
15 7 31 119
15 7 32 5
15 7 33 90
15 7 34 46
15 7 35 52
15 7 36 59
15 7 37 24
15 7 38 55
15 7 39 89
15 7 40 60
15 7 41 103
15 7 42 1
15 8 0 123
15 8 1 72
15 8 2 80
15 8 3 101
15 8 4 31
15 8 5 45
15 8 6 82
15 8 7 86
15 8 8 66
15 8 9 26
15 8 10 81
15 8 11 65
15 8 12 12
15 8 13 48
15 8 14 92
15 8 15 99
15 8 16 19
15 8 17 113
15 8 18 29
15 8 19 17
15 8 20 91
15 8 21 37
15 8 22 35
15 8 23 53
15 8 24 38
15 8 25 56
15 8 26 90
15 8 27 70
15 8 28 11
15 8 29 46
15 8 30 118
15 8 31 27
15 8 32 73
15 8 33 96
15 8 34 79
15 8 35 55
15 8 36 28
15 8 37 124
15 8 38 83
15 8 39 95
15 8 40 102
15 8 41 18
15 8 42 33
15 9 0 61
15 9 1 93
15 9 2 54
15 9 3 20
15 9 4 62
15 9 5 48
15 9 6 64
15 9 7 92
15 9 8 32
15 9 9 79
15 9 10 77
15 9 11 10
15 9 12 0
15 9 13 91
15 9 14 98
15 9 15 11
15 9 16 85
15 9 17 16
15 9 18 14
15 9 19 90
15 9 20 4
15 9 21 18
15 9 22 111
15 9 23 34
15 9 24 125
15 9 25 70
15 9 26 96
15 9 27 33
15 9 28 83
15 9 29 49
15 9 30 41
15 9 31 88
15 9 32 68
15 9 33 71
15 9 34 43
15 9 35 25
15 9 36 78
15 9 37 87
15 9 38 94
15 9 39 84
15 9 40 19
15 9 41 2
15 9 42 122
15 10 0 80
15 10 1 59
15 10 2 23
15 10 3 51
15 10 4 120
15 10 5 24
15 10 6 91
15 10 7 38
15 10 8 105
15 10 9 112
15 10 10 7
15 10 11 126
15 10 12 90
15 10 13 97
15 10 14 4
15 10 15 111
15 10 16 22
15 10 17 9
15 10 18 89
15 10 19 12
15 10 20 8
15 10 21 110
15 10 22 40
15 10 23 73
15 10 24 88
15 10 25 76
15 10 26 13
15 10 27 54
15 10 28 116
15 10 29 26
15 10 30 56
15 10 31 81
15 10 32 101
15 10 33 85
15 10 34 39
15 10 35 71
15 10 36 86
15 10 37 65
15 10 38 100
15 10 39 30
15 10 40 18
15 10 41 121
15 10 42 48
15 11 0 52
15 11 1 10
15 11 2 112
15 11 3 78
15 11 4 126
15 11 5 90
15 11 6 8
15 11 7 104
15 11 8 69
15 11 9 11
15 11 10 70
15 11 11 62
15 11 12 48
15 11 13 23
15 11 14 110
15 11 15 3
15 11 16 21
15 11 17 88
15 11 18 0
15 11 19 22
15 11 20 109
15 11 21 30
15 11 22 123
15 11 23 44
15 11 24 47
15 11 25 41
15 11 26 49
15 11 27 115
15 11 28 5
15 11 29 65
15 11 30 93
15 11 31 73
15 11 32 107
15 11 33 31
15 11 34 83
15 11 35 53
15 11 36 92
15 11 37 99
15 11 38 12
15 11 39 28
15 11 40 77
15 11 41 57
15 11 42 64
15 12 0 28
15 12 1 48
15 12 2 50
15 12 3 43
15 12 4 83
15 12 5 17
15 12 6 103
15 12 7 69
15 12 8 39
15 12 9 124
15 12 10 88
15 12 11 95
15 12 12 34
15 12 13 109
15 12 14 13
15 12 15 37
15 12 16 87
15 12 17 38
15 12 18 3
15 12 19 108
15 12 20 24
15 12 21 122
15 12 22 57
15 12 23 93
15 12 24 20
15 12 25 107
15 12 26 114
15 12 27 30
15 12 28 53
15 12 29 80
15 12 30 76
15 12 31 106
15 12 32 2
15 12 33 120
15 12 34 29
15 12 35 91
15 12 36 98
15 12 37 36
15 12 38 31
15 12 39 119
15 12 40 44
15 12 41 67
15 12 42 56
15 13 0 69
15 13 1 117
15 13 2 124
15 13 3 88
15 13 4 35
15 13 5 102
15 13 6 84
15 13 7 34
15 13 8 54
15 13 9 49
15 13 10 94
15 13 11 13
15 13 12 108
15 13 13 19
15 13 14 9
15 13 15 86
15 13 16 40
15 13 17 1
15 13 18 79
15 13 19 28
15 13 20 121
15 13 21 77
15 13 22 67
15 13 23 23
15 13 24 106
15 13 25 113
15 13 26 0
15 13 27 51
15 13 28 57
15 13 29 53
15 13 30 72
15 13 31 33
15 13 32 85
15 13 33 126
15 13 34 90
15 13 35 97
15 13 36 18
15 13 37 29
15 13 38 118
15 13 39 125
15 13 40 89
15 13 41 96
15 13 42 10
15 14 0 79
15 14 1 56
15 14 2 63
15 14 3 38
15 14 4 55
15 14 5 50
15 14 6 34
15 14 7 47
15 14 8 82
15 14 9 78
15 14 10 3
15 14 11 70
15 14 12 14
15 14 13 17
15 14 14 58
15 14 15 8
15 14 16 0
15 14 17 46
15 14 18 19
15 14 19 81
15 14 20 77
15 14 21 69
15 14 22 24
15 14 23 66
15 14 24 61
15 14 25 22
15 14 26 53
15 14 27 60
15 14 28 80
15 14 29 57
15 14 30 25
15 14 31 54
15 14 32 74
15 14 33 68
15 14 34 64
15 14 35 12
15 14 36 6
15 14 37 52
15 14 38 48
15 14 39 85
15 14 40 62
15 14 41 29
15 14 42 59
15 15 0 59
15 15 1 65
15 15 2 0
15 15 3 100
15 15 4 107
15 15 5 8
15 15 6 49
15 15 7 82
15 15 8 92
15 15 9 33
15 15 10 80
15 15 11 24
15 15 12 41
15 15 13 15
15 15 14 32
15 15 15 6
15 15 16 105
15 15 17 40
15 15 18 119
15 15 19 67
15 15 20 62
15 15 21 22
15 15 22 75
15 15 23 111
15 15 24 30
15 15 25 125
15 15 26 89
15 15 27 96
15 15 28 47
15 15 29 29
15 15 30 117
15 15 31 124
15 15 32 88
15 15 33 95
15 15 34 28
15 15 35 2
15 15 36 116
15 15 37 123
15 15 38 87
15 15 39 74
15 15 40 1
15 15 41 44
15 15 42 63
15 16 0 63
15 16 1 8
15 16 2 99
15 16 3 106
15 16 4 6
15 16 5 120
15 16 6 59
15 16 7 91
15 16 8 11
15 16 9 105
15 16 10 30
15 16 11 22
15 16 12 126
15 16 13 13
15 16 14 16
15 16 15 104
15 16 16 27
15 16 17 118
15 16 18 125
15 16 19 89
15 16 20 39
15 16 21 47
15 16 22 110
15 16 23 35
15 16 24 76
15 16 25 73
15 16 26 66
15 16 27 68
15 16 28 1
15 16 29 60
15 16 30 49
15 16 31 72
15 16 32 94
15 16 33 24
15 16 34 18
15 16 35 115
15 16 36 122
15 16 37 86
15 16 38 93
15 16 39 5
15 16 40 107
15 16 41 83
15 16 42 79
15 17 0 30
15 17 1 98
15 17 2 67
15 17 3 7
15 17 4 69
15 17 5 72
15 17 6 90
15 17 7 2
15 17 8 104
15 17 9 29
15 17 10 33
15 17 11 125
15 17 12 21
15 17 13 11
15 17 14 103
15 17 15 17
15 17 16 68
15 17 17 54
15 17 18 46
15 17 19 39
15 17 20 47
15 17 21 109
15 17 22 38
15 17 23 123
15 17 24 87
15 17 25 81
15 17 26 101
15 17 27 20
15 17 28 64
15 17 29 52
15 17 30 59
15 17 31 82
15 17 32 1
15 17 33 12
15 17 34 114
15 17 35 121
15 17 36 63
15 17 37 76
15 17 38 40
15 17 39 106
15 17 40 43
15 17 41 120
15 17 42 51
15 18 0 97
15 18 1 62
15 18 2 10
15 18 3 83
15 18 4 125
15 18 5 43
15 18 6 6
15 18 7 103
15 18 8 27
15 18 9 35
15 18 10 124
15 18 11 36
15 18 12 17
15 18 13 102
15 18 14 39
15 18 15 116
15 18 16 123
15 18 17 87
15 18 18 34
15 18 19 101
15 18 20 108
15 18 21 13
15 18 22 122
15 18 23 86
15 18 24 93
15 18 25 65
15 18 26 2
15 18 27 57
15 18 28 79
15 18 29 68
15 18 30 92
15 18 31 42
15 18 32 37
15 18 33 113
15 18 34 51
15 18 35 1
15 18 36 45
15 18 37 28
15 18 38 74
15 18 39 112
15 18 40 78
15 18 41 60
15 18 42 0
15 19 0 76
15 19 1 32
15 19 2 117
15 19 3 46
15 19 4 88
15 19 5 0
15 19 6 102
15 19 7 8
15 19 8 30
15 19 9 123
15 19 10 9
15 19 11 27
15 19 12 74
15 19 13 7
15 19 14 115
15 19 15 122
15 19 16 86
15 19 17 19
15 19 18 82
15 19 19 80
15 19 20 22
15 19 21 121
15 19 22 52
15 19 23 68
15 19 24 54
15 19 25 20
15 19 26 62
15 19 27 120
15 19 28 55
15 19 29 91
15 19 30 2
15 19 31 18
15 19 32 75
15 19 33 119
15 19 34 126
15 19 35 81
15 19 36 42
15 19 37 73
15 19 38 45
15 19 39 48
15 19 40 125
15 19 41 25
15 19 42 67
15 20 0 17
15 20 1 46
15 20 2 123
15 20 3 60
15 20 4 33
15 20 5 63
15 20 6 22
15 20 7 18
15 20 8 122
15 20 9 21
15 20 10 8
15 20 11 100
15 20 12 26
15 20 13 114
15 20 14 121
15 20 15 68
15 20 16 23
15 20 17 51
15 20 18 78
15 20 19 35
15 20 20 50
15 20 21 6
15 20 22 77
15 20 23 71
15 20 24 7
15 20 25 112
15 20 26 79
15 20 27 44
15 20 28 90
15 20 29 12
15 20 30 0
15 20 31 111
15 20 32 118
15 20 33 76
15 20 34 89
15 20 35 34
15 20 36 61
15 20 37 80
15 20 38 117
15 20 39 43
15 20 40 4
15 20 41 95
15 20 42 70
15 21 0 72
15 21 1 122
15 21 2 83
15 21 3 39
15 21 4 100
15 21 5 12
15 21 6 26
15 21 7 121
15 21 8 16
15 21 9 14
15 21 10 99
15 21 11 19
15 21 12 113
15 21 13 58
15 21 14 30
15 21 15 20
15 21 16 59
15 21 17 105
15 21 18 41
15 21 19 119
15 21 20 126
15 21 21 54
15 21 22 71
15 21 23 10
15 21 24 77
15 21 25 84
15 21 26 125
15 21 27 63
15 21 28 28
15 21 29 11
15 21 30 110
15 21 31 56
15 21 32 124
15 21 33 61
15 21 34 5
15 21 35 57
15 21 36 64
15 21 37 70
15 21 38 123
15 21 39 32
15 21 40 94
15 21 41 101
15 21 42 40
15 22 0 121
15 22 1 78
15 22 2 35
15 22 3 99
15 22 4 38
15 22 5 36
15 22 6 120
15 22 7 13
15 22 8 1
15 22 9 98
15 22 10 11
15 22 11 44
15 22 12 119
15 22 13 126
15 22 14 18
15 22 15 75
15 22 16 104
15 22 17 4
15 22 18 118
15 22 19 47
15 22 20 89
15 22 21 96
15 22 22 42
15 22 23 55
15 22 24 117
15 22 25 62
15 22 26 88
15 22 27 40
15 22 28 12
15 22 29 109
15 22 30 116
15 22 31 66
15 22 32 87
15 22 33 2
15 22 34 101
15 22 35 65
15 22 36 72
15 22 37 122
15 22 38 3
15 22 39 71
15 22 40 56
15 22 41 19
15 22 42 57
15 23 0 46
15 23 1 1
15 23 2 98
15 23 3 2
15 23 4 32
15 23 5 119
15 23 6 21
15 23 7 3
15 23 8 97
15 23 9 39
15 23 10 111
15 23 11 118
15 23 12 44
15 23 13 42
15 23 14 96
15 23 15 103
15 23 16 26
15 23 17 84
15 23 18 124
15 23 19 55
15 23 20 68
15 23 21 23
15 23 22 73
15 23 23 59
15 23 24 123
15 23 25 58
15 23 26 35
15 23 27 29
15 23 28 108
15 23 29 115
15 23 30 78
15 23 31 86
15 23 32 6
15 23 33 64
15 23 34 107
15 23 35 47
15 23 36 121
15 23 37 25
15 23 38 92
15 23 39 76
15 23 40 28
15 23 41 69
15 23 42 80
15 24 0 19
15 24 1 97
15 24 2 25
15 24 3 16
15 24 4 118
15 24 5 10
15 24 6 14
15 24 7 49
15 24 8 29
15 24 9 110
15 24 10 47
15 24 11 124
15 24 12 7
15 24 13 61
15 24 14 102
15 24 15 42
15 24 16 116
15 24 17 45
15 24 18 87
15 24 19 75
15 24 20 5
15 24 21 81
15 24 22 63
15 24 23 122
15 24 24 59
15 24 25 40
15 24 26 20
15 24 27 76
15 24 28 114
15 24 29 51
15 24 30 46
15 24 31 41
15 24 32 78
15 24 33 106
15 24 34 50
15 24 35 77
15 24 36 37
15 24 37 91
15 24 38 66
15 24 39 18
15 24 40 112
15 24 41 119
15 24 42 52
15 25 0 49
15 25 1 21
15 25 2 9
15 25 3 117
15 25 4 28
15 25 5 27
15 25 6 95
15 25 7 1
15 25 8 109
15 25 9 116
15 25 10 76
15 25 11 37
15 25 12 45
15 25 13 85
15 25 14 10
15 25 15 115
15 25 16 73
15 25 17 86
15 25 18 93
15 25 19 31
15 25 20 107
15 25 21 70
15 25 22 121
15 25 23 64
15 25 24 36
15 25 25 12
15 25 26 71
15 25 27 113
15 25 28 120
15 25 29 40
15 25 30 19
15 25 31 62
15 25 32 69
15 25 33 112
15 25 34 119
15 25 35 42
15 25 36 90
15 25 37 59
15 25 38 8
15 25 39 66
15 25 40 118
15 25 41 125
15 25 42 29
15 26 0 2
15 26 1 14
15 26 2 116
15 26 3 18
15 26 4 21
15 26 5 94
15 26 6 33
15 26 7 108
15 26 8 115
15 26 9 51
15 26 10 24
15 26 11 93
15 26 12 100
15 26 13 36
15 26 14 114
15 26 15 64
15 26 16 78
15 26 17 59
15 26 18 28
15 26 19 106
15 26 20 44
15 26 21 71
15 26 22 55
15 26 23 8
15 26 24 26
15 26 25 105
15 26 26 85
15 26 27 82
15 26 28 126
15 26 29 5
15 26 30 53
15 26 31 77
15 26 32 84
15 26 33 118
15 26 34 6
15 26 35 62
15 26 36 96
15 26 37 20
15 26 38 57
15 26 39 68
15 26 40 73
15 26 41 34
15 26 42 95
15 27 0 41
15 27 1 115
15 27 2 7
15 27 3 17
15 27 4 43
15 27 5 13
15 27 6 58
15 27 7 114
15 27 8 81
15 27 9 23
15 27 10 50
15 27 11 99
15 27 12 38
15 27 13 113
15 27 14 120
15 27 15 2
15 27 16 51
15 27 17 25
15 27 18 63
15 27 19 112
15 27 20 119
15 27 21 85
15 27 22 6
15 27 23 24
15 27 24 104
15 27 25 111
15 27 26 68
15 27 27 69
15 27 28 22
15 27 29 96
15 27 30 66
15 27 31 84
15 27 32 55
15 27 33 5
15 27 34 88
15 27 35 76
15 27 36 20
15 27 37 82
15 27 38 116
15 27 39 123
15 27 40 9
15 27 41 94
15 27 42 37
15 28 0 114
15 28 1 40
15 28 2 13
15 28 3 92
15 28 4 34
15 28 5 54
15 28 6 113
15 28 7 120
15 28 8 42
15 28 9 64
15 28 10 98
15 28 11 3
15 28 12 58
15 28 13 56
15 28 14 126
15 28 15 70
15 28 16 32
15 28 17 82
15 28 18 60
15 28 19 118
15 28 20 125
15 28 21 39
15 28 22 4
15 28 23 103
15 28 24 110
15 28 25 117
15 28 26 124
15 28 27 27
15 28 28 50
15 28 29 43
15 28 30 84
15 28 31 116
15 28 32 26
15 28 33 65
15 28 34 53
15 28 35 11
15 28 36 67
15 28 37 115
15 28 38 122
15 28 39 0
15 28 40 68
15 28 41 5
15 28 42 16
15 29 0 9
15 29 1 11
15 29 2 91
15 29 3 30
15 29 4 105
15 29 5 81
15 29 6 54
15 29 7 7
15 29 8 53
15 29 9 97
15 29 10 32
15 29 11 111
15 29 12 77
15 29 13 83
15 29 14 89
15 29 15 21
15 29 16 62
15 29 17 68
15 29 18 58
15 29 19 44
15 29 20 34
15 29 21 36
15 29 22 102
15 29 23 109
15 29 24 46
15 29 25 49
15 29 26 23
15 29 27 45
15 29 28 101
15 29 29 74
15 29 30 115
15 29 31 26
15 29 32 66
15 29 33 93
15 29 34 12
15 29 35 107
15 29 36 114
15 29 37 121
15 29 38 18
15 29 39 92
15 29 40 14
15 29 41 22
15 29 42 113
15 30 0 1
15 30 1 90
15 30 2 17
15 30 3 104
15 30 4 111
15 30 5 74
15 30 6 9
15 30 7 89
15 30 8 73
15 30 9 3
15 30 10 110
15 30 11 117
15 30 12 124
15 30 13 72
15 30 14 21
15 30 15 43
15 30 16 49
15 30 17 116
15 30 18 123
15 30 19 24
15 30 20 36
15 30 21 84
15 30 22 108
15 30 23 54
15 30 24 79
15 30 25 31
15 30 26 93
15 30 27 56
15 30 28 107
15 30 29 114
15 30 30 42
15 30 31 55
15 30 32 52
15 30 33 28
15 30 34 106
15 30 35 113
15 30 36 66
15 30 37 23
15 30 38 91
15 30 39 27
15 30 40 16
15 30 41 112
15 30 42 20
15 31 0 47
15 31 1 34
15 31 2 103
15 31 3 110
15 31 4 117
15 31 5 20
15 31 6 48
15 31 7 95
15 31 8 40
15 31 9 109
15 31 10 72
15 31 11 53
15 31 12 87
15 31 13 26
15 31 14 101
15 31 15 65
15 31 16 115
15 31 17 122
15 31 18 35
15 31 19 37
15 31 20 100
15 31 21 64
15 31 22 74
15 31 23 49
15 31 24 41
15 31 25 85
15 31 26 55
15 31 27 106
15 31 28 113
15 31 29 31
15 31 30 58
15 31 31 79
15 31 32 30
15 31 33 81
15 31 34 45
15 31 35 119
15 31 36 32
15 31 37 90
15 31 38 6
15 31 39 12
15 31 40 111
15 31 41 0
15 31 42 27
15 32 0 35
15 32 1 102
15 32 2 109
15 32 3 55
15 32 4 2
15 32 5 87
15 32 6 94
15 32 7 24
15 32 8 108
15 32 9 70
15 32 10 73
15 32 11 86
15 32 12 23
15 32 13 79
15 32 14 107
15 32 15 114
15 32 16 121
15 32 17 39
15 32 18 36
15 32 19 99
15 32 20 67
15 32 21 51
15 32 22 120
15 32 23 4
15 32 24 52
15 32 25 80
15 32 26 78
15 32 27 59
15 32 28 34
15 32 29 77
15 32 30 45
15 32 31 20
15 32 32 60
15 32 33 111
15 32 34 118
15 32 35 19
15 32 36 58
15 32 37 8
15 32 38 37
15 32 39 110
15 32 40 10
15 32 41 13
15 32 42 88
15 33 0 75
15 33 1 108
15 33 2 43
15 33 3 0
15 33 4 86
15 33 5 71
15 33 6 24
15 33 7 81
15 33 8 56
15 33 9 60
15 33 10 61
15 33 11 42
15 33 12 46
15 33 13 106
15 33 14 113
15 33 15 50
15 33 16 16
15 33 17 26
15 33 18 98
15 33 19 105
15 33 20 112
15 33 21 49
15 33 22 21
15 33 23 63
15 33 24 72
15 33 25 68
15 33 26 111
15 33 27 38
15 33 28 125
15 33 29 89
15 33 30 23
15 33 31 53
15 33 32 110
15 33 33 47
15 33 34 35
15 33 35 88
15 33 36 17
15 33 37 22
15 33 38 109
15 33 39 25
15 33 40 5
15 33 41 64
15 33 42 13
15 34 0 83
15 34 1 44
15 34 2 27
15 34 3 77
15 34 4 92
15 34 5 38
15 34 6 79
15 34 7 55
15 34 8 120
15 34 9 41
15 34 10 5
15 34 11 85
15 34 12 64
15 34 13 53
15 34 14 119
15 34 15 12
15 34 16 35
15 34 17 97
15 34 18 104
15 34 19 74
15 34 20 75
15 34 21 42
15 34 22 89
15 34 23 96
15 34 24 49
15 34 25 110
15 34 26 1
15 34 27 46
15 34 28 61
15 34 29 19
15 34 30 68
15 34 31 109
15 34 32 116
15 34 33 11
15 34 34 60
15 34 35 31
15 34 36 40
15 34 37 108
15 34 38 33
15 34 39 6
15 34 40 51
15 34 41 14
15 34 42 100
15 35 0 77
15 35 1 30
15 35 2 22
15 35 3 91
15 35 4 23
15 35 5 105
15 35 6 112
15 35 7 85
15 35 8 126
15 35 9 16
15 35 10 71
15 35 11 56
15 35 12 111
15 35 13 118
15 35 14 26
15 35 15 5
15 35 16 47
15 35 17 103
15 35 18 84
15 35 19 117
15 35 20 1
15 35 21 79
15 35 22 65
15 35 23 50
15 35 24 109
15 35 25 4
15 35 26 123
15 35 27 87
15 35 28 0
15 35 29 101
15 35 30 108
15 35 31 115
15 35 32 27
15 35 33 75
15 35 34 3
15 35 35 14
15 35 36 107
15 35 37 9
15 35 38 41
15 35 39 46
15 35 40 39
15 35 41 99
15 35 42 76
15 36 0 20
15 36 1 126
15 36 2 90
15 36 3 32
15 36 4 104
15 36 5 66
15 36 6 51
15 36 7 80
15 36 8 5
15 36 9 96
15 36 10 75
15 36 11 110
15 36 12 69
15 36 13 16
15 36 14 33
15 36 15 95
15 36 16 102
15 36 17 60
15 36 18 45
15 36 19 40
15 36 20 87
15 36 21 74
15 36 22 101
15 36 23 108
15 36 24 35
15 36 25 122
15 36 26 86
15 36 27 22
15 36 28 82
15 36 29 83
15 36 30 114
15 36 31 3
15 36 32 70
15 36 33 9
15 36 34 36
15 36 35 106
15 36 36 29
15 36 37 17
15 36 38 84
15 36 39 41
15 36 40 98
15 36 41 105
15 36 42 112
15 37 0 55
15 37 1 70
15 37 2 38
15 37 3 103
15 37 4 67
15 37 5 117
15 37 6 124
15 37 7 33
15 37 8 84
15 37 9 85
15 37 10 109
15 37 11 116
15 37 12 40
15 37 13 14
15 37 14 94
15 37 15 63
15 37 16 52
15 37 17 74
15 37 18 25
15 37 19 86
15 37 20 93
15 37 21 61
15 37 22 80
15 37 23 41
15 37 24 121
15 37 25 82
15 37 26 10
15 37 27 72
15 37 28 76
15 37 29 113
15 37 30 32
15 37 31 65
15 37 32 13
15 37 33 1
15 37 34 105
15 37 35 37
15 37 36 21
15 37 37 56
15 37 38 27
15 37 39 97
15 37 40 104
15 37 41 48
15 37 42 8
15 38 0 88
15 38 1 26
15 38 2 102
15 38 3 48
15 38 4 44
15 38 5 53
15 38 6 29
15 38 7 67
15 38 8 101
15 38 9 108
15 38 10 115
15 38 11 25
15 38 12 4
15 38 13 66
15 38 14 100
15 38 15 107
15 38 16 70
15 38 17 14
15 38 18 55
15 38 19 56
15 38 20 60
15 38 21 78
15 38 22 7
15 38 23 45
15 38 24 8
15 38 25 0
15 38 26 73
15 38 27 105
15 38 28 84
15 38 29 34
15 38 30 52
15 38 31 32
15 38 32 21
15 38 33 104
15 38 34 16
15 38 35 27
15 38 36 125
15 38 37 3
15 38 38 69
15 38 39 103
15 38 40 63
15 38 41 30
15 38 42 124
15 39 0 29
15 39 1 57
15 39 2 81
15 39 3 79
15 39 4 64
15 39 5 31
15 39 6 93
15 39 7 65
15 39 8 49
15 39 9 114
15 39 10 38
15 39 11 18
15 39 12 92
15 39 13 99
15 39 14 106
15 39 15 80
15 39 16 25
15 39 17 32
15 39 18 43
15 39 19 46
15 39 20 105
15 39 21 35
15 39 22 119
15 39 23 126
15 39 24 3
15 39 25 61
15 39 26 104
15 39 27 111
15 39 28 16
15 39 29 125
15 39 30 24
15 39 31 40
15 39 32 103
15 39 33 33
15 39 34 42
15 39 35 58
15 39 36 19
15 39 37 95
15 39 38 102
15 39 39 56
15 39 40 11
15 39 41 71
15 39 42 82
15 40 0 100
15 40 1 107
15 40 2 61
15 40 3 74
15 40 4 9
15 40 5 67
15 40 6 85
15 40 7 52
15 40 8 113
15 40 9 4
15 40 10 14
15 40 11 91
15 40 12 98
15 40 13 51
15 40 14 112
15 40 15 31
15 40 16 126
15 40 17 63
15 40 18 44
15 40 19 104
15 40 20 6
15 40 21 118
15 40 22 68
15 40 23 30
15 40 24 96
15 40 25 103
15 40 26 110
15 40 27 17
15 40 28 69
15 40 29 25
15 40 30 5
15 40 31 102
15 40 32 8
15 40 33 13
15 40 34 123
15 40 35 38
15 40 36 94
15 40 37 71
15 40 38 78
15 40 39 7
15 40 40 80
15 40 41 58
15 40 42 35
15 41 0 106
15 41 1 60
15 41 2 120
15 41 3 26
15 41 4 80
15 41 5 62
15 41 6 105
15 41 7 75
15 41 8 37
15 41 9 34
15 41 10 90
15 41 11 97
15 41 12 67
15 41 13 73
15 41 14 7
15 41 15 44
15 41 16 89
15 41 17 96
15 41 18 103
15 41 19 6
15 41 20 43
15 41 21 124
15 41 22 28
15 41 23 85
15 41 24 102
15 41 25 109
15 41 26 38
15 41 27 123
15 41 28 17
15 41 29 20
15 41 30 101
15 41 31 36
15 41 32 22
15 41 33 122
15 41 34 11
15 41 35 50
15 41 36 100
15 41 37 107
15 41 38 10
15 41 39 64
15 41 40 61
15 41 41 39
15 41 42 99
15 42 0 112
15 42 1 71
15 42 2 32
15 42 3 67
15 42 4 70
15 42 5 104
15 42 6 111
15 42 7 36
15 42 8 38
15 42 9 72
15 42 10 58
15 42 11 48
15 42 12 54
15 42 13 4
15 42 14 124
15 42 15 76
15 42 16 82
15 42 17 102
15 42 18 33
15 42 19 116
15 42 20 63
15 42 21 10
15 42 22 62
15 42 23 78
15 42 24 108
15 42 25 39
15 42 26 122
15 42 27 3
15 42 28 30
15 42 29 100
15 42 30 18
15 42 31 24
15 42 32 121
15 42 33 41
15 42 34 92
15 42 35 99
15 42 36 106
15 42 37 0
15 42 38 120
15 42 39 50
15 42 40 42
15 42 41 98
15 42 42 85
16 0 0 33
16 0 1 68
16 0 2 71
16 0 3 104
16 0 4 111
16 0 5 37
16 0 6 39
16 0 7 73
16 0 8 59
16 0 9 49
16 0 10 55
16 0 11 5
16 0 12 124
16 0 13 77
16 0 14 83
16 0 15 102
16 0 16 34
16 0 17 116
16 0 18 64
16 0 19 11
16 0 20 63
16 0 21 79
16 0 22 108
16 0 23 40
16 0 24 122
16 0 25 4
16 0 26 31
16 0 27 100
16 0 28 19
16 0 29 25
16 0 30 121
16 0 31 42
16 0 32 92
16 0 33 99
16 0 34 106
16 0 35 1
16 0 36 120
16 0 37 51
16 0 38 0
16 0 39 98
16 0 40 43
16 0 41 112
16 0 42 72
16 1 0 89
16 1 1 96
16 1 2 103
16 1 3 110
16 1 4 38
16 1 5 7
16 1 6 88
16 1 7 95
16 1 8 57
16 1 9 78
16 1 10 10
16 1 11 47
16 1 12 87
16 1 13 61
16 1 14 59
16 1 15 28
16 1 16 115
16 1 17 53
16 1 18 22
16 1 19 93
16 1 20 100
16 1 21 63
16 1 22 14
16 1 23 121
16 1 24 30
16 1 25 11
16 1 26 99
16 1 27 15
16 1 28 4
16 1 29 49
16 1 30 8
16 1 31 91
16 1 32 98
16 1 33 50
16 1 34 3
16 1 35 64
16 1 36 52
16 1 37 32
16 1 38 97
16 1 39 76
16 1 40 74
16 1 41 67
16 1 42 0
16 2 0 49
16 2 1 102
16 2 2 109
16 2 3 38
16 2 4 40
16 2 5 75
16 2 6 94
16 2 7 101
16 2 8 54
16 2 9 10
16 2 10 66
16 2 11 86
16 2 12 93
16 2 13 100
16 2 14 42
16 2 15 114
16 2 16 67
16 2 17 24
16 2 18 79
16 2 19 99
16 2 20 59
16 2 21 1
16 2 22 74
16 2 23 20
16 2 24 22
16 2 25 98
16 2 26 9
16 2 27 17
16 2 28 119
16 2 29 13
16 2 30 90
16 2 31 97
16 2 32 78
16 2 33 19
16 2 34 84
16 2 35 125
16 2 36 5
16 2 37 62
16 2 38 76
16 2 39 51
16 2 40 117
16 2 41 8
16 2 42 48
16 3 0 75
16 3 1 108
16 3 2 27
16 3 3 35
16 3 4 62
16 3 5 46
16 3 6 73
16 3 7 107
16 3 8 42
16 3 9 58
16 3 10 82
16 3 11 53
16 3 12 99
16 3 13 28
16 3 14 113
16 3 15 120
16 3 16 32
16 3 17 66
16 3 18 98
16 3 19 105
16 3 20 40
16 3 21 119
16 3 22 18
16 3 23 34
16 3 24 97
16 3 25 15
16 3 26 26
16 3 27 118
16 3 28 31
16 3 29 44
16 3 30 49
16 3 31 60
16 3 32 20
16 3 33 117
16 3 34 55
16 3 35 5
16 3 36 95
16 3 37 76
16 3 38 83
16 3 39 64
16 3 40 4
16 3 41 87
16 3 42 78
16 4 0 46
16 4 1 7
16 4 2 25
16 4 3 53
16 4 4 92
16 4 5 47
16 4 6 106
16 4 7 6
16 4 8 120
16 4 9 29
16 4 10 44
16 4 11 98
16 4 12 36
16 4 13 75
16 4 14 72
16 4 15 8
16 4 16 84
16 4 17 97
16 4 18 104
16 4 19 18
16 4 20 118
16 4 21 14
16 4 22 24
16 4 23 96
16 4 24 33
16 4 25 37
16 4 26 68
16 4 27 22
16 4 28 88
16 4 29 95
16 4 30 51
16 4 31 11
16 4 32 58
16 4 33 123
16 4 34 26
16 4 35 94
16 4 36 101
16 4 37 48
16 4 38 55
16 4 39 9
16 4 40 86
16 4 41 93
16 4 42 100
16 5 0 5
16 5 1 23
16 5 2 58
16 5 3 91
16 5 4 54
16 5 5 79
16 5 6 3
16 5 7 85
16 5 8 126
16 5 9 72
16 5 10 97
16 5 11 38
16 5 12 111
16 5 13 56
16 5 14 7
16 5 15 89
16 5 16 70
16 5 17 103
16 5 18 41
16 5 19 68
16 5 20 10
16 5 21 13
16 5 22 95
16 5 23 17
16 5 24 29
16 5 25 116
16 5 26 40
16 5 27 65
16 5 28 94
16 5 29 101
16 5 30 11
16 5 31 51
16 5 32 122
16 5 33 25
16 5 34 83
16 5 35 67
16 5 36 107
16 5 37 82
16 5 38 26
16 5 39 71
16 5 40 66
16 5 41 99
16 5 42 84
16 6 0 38
16 6 1 59
16 6 2 90
16 6 3 58
16 6 4 44
16 6 5 0
16 6 6 49
16 6 7 62
16 6 8 89
16 6 9 76
16 6 10 21
16 6 11 110
16 6 12 117
16 6 13 37
16 6 14 73
16 6 15 95
16 6 16 102
16 6 17 30
16 6 18 116
16 6 19 4
16 6 20 3
16 6 21 94
16 6 22 22
16 6 23 10
16 6 24 115
16 6 25 2
16 6 26 71
16 6 27 80
16 6 28 48
16 6 29 23
16 6 30 84
16 6 31 121
16 6 32 32
16 6 33 92
16 6 34 70
16 6 35 106
16 6 36 53
16 6 37 12
16 6 38 34
16 6 39 82
16 6 40 98
16 6 41 105
16 6 42 19
16 7 0 125
16 7 1 55
16 7 2 96
16 7 3 62
16 7 4 26
16 7 5 117
16 7 6 124
16 7 7 70
16 7 8 95
16 7 9 32
16 7 10 109
16 7 11 85
16 7 12 24
16 7 13 87
16 7 14 94
16 7 15 73
16 7 16 2
16 7 17 115
16 7 18 17
16 7 19 21
16 7 20 93
16 7 21 15
16 7 22 6
16 7 23 114
16 7 24 12
16 7 25 82
16 7 26 92
16 7 27 60
16 7 28 13
16 7 29 61
16 7 30 46
16 7 31 37
16 7 32 91
16 7 33 45
16 7 34 52
16 7 35 112
16 7 36 33
16 7 37 126
16 7 38 51
16 7 39 97
16 7 40 104
16 7 41 11
16 7 42 34
16 8 0 88
16 8 1 76
16 8 2 83
16 8 3 8
16 8 4 46
16 8 5 63
16 8 6 87
16 8 7 94
16 8 8 5
16 8 9 108
16 8 10 58
16 8 11 32
16 8 12 86
16 8 13 59
16 8 14 100
16 8 15 35
16 8 16 114
16 8 17 28
16 8 18 10
16 8 19 92
16 8 20 42
16 8 21 29
16 8 22 113
16 8 23 30
16 8 24 77
16 8 25 91
16 8 26 45
16 8 27 3
16 8 28 112
16 8 29 119
16 8 30 6
16 8 31 90
16 8 32 47
16 8 33 53
16 8 34 60
16 8 35 25
16 8 36 56
16 8 37 89
16 8 38 61
16 8 39 103
16 8 40 2
16 8 41 39
16 8 42 54
16 9 0 81
16 9 1 101
16 9 2 32
16 9 3 46
16 9 4 83
16 9 5 86
16 9 6 67
16 9 7 27
16 9 8 82
16 9 9 66
16 9 10 13
16 9 11 49
16 9 12 92
16 9 13 99
16 9 14 20
16 9 15 113
16 9 16 30
16 9 17 18
16 9 18 91
16 9 19 38
16 9 20 36
16 9 21 54
16 9 22 39
16 9 23 57
16 9 24 90
16 9 25 71
16 9 26 12
16 9 27 47
16 9 28 118
16 9 29 28
16 9 30 74
16 9 31 96
16 9 32 80
16 9 33 56
16 9 34 29
16 9 35 124
16 9 36 84
16 9 37 95
16 9 38 102
16 9 39 19
16 9 40 34
16 9 41 123
16 9 42 73
16 10 0 55
16 10 1 21
16 10 2 63
16 10 3 49
16 10 4 65
16 10 5 92
16 10 6 33
16 10 7 80
16 10 8 78
16 10 9 11
16 10 10 1
16 10 11 91
16 10 12 98
16 10 13 12
16 10 14 43
16 10 15 17
16 10 16 15
16 10 17 90
16 10 18 5
16 10 19 19
16 10 20 111
16 10 21 35
16 10 22 125
16 10 23 71
16 10 24 96
16 10 25 34
16 10 26 84
16 10 27 50
16 10 28 42
16 10 29 88
16 10 30 69
16 10 31 72
16 10 32 44
16 10 33 26
16 10 34 79
16 10 35 87
16 10 36 94
16 10 37 85
16 10 38 20
16 10 39 3
16 10 40 122
16 10 41 62
16 10 42 93
16 11 0 24
16 11 1 52
16 11 2 120
16 11 3 25
16 11 4 91
16 11 5 39
16 11 6 105
16 11 7 112
16 11 8 8
16 11 9 126
16 11 10 90
16 11 11 97
16 11 12 5
16 11 13 111
16 11 14 23
16 11 15 10
16 11 16 89
16 11 17 13
16 11 18 9
16 11 19 110
16 11 20 41
16 11 21 74
16 11 22 88
16 11 23 77
16 11 24 14
16 11 25 55
16 11 26 116
16 11 27 27
16 11 28 57
16 11 29 82
16 11 30 101
16 11 31 43
16 11 32 40
16 11 33 72
16 11 34 86
16 11 35 66
16 11 36 100
16 11 37 31
16 11 38 19
16 11 39 121
16 11 40 49
16 11 41 81
16 11 42 60
16 12 0 112
16 12 1 79
16 12 2 126
16 12 3 90
16 12 4 9
16 12 5 104
16 12 6 70
16 12 7 12
16 12 8 71
16 12 9 63
16 12 10 49
16 12 11 24
16 12 12 110
16 12 13 4
16 12 14 22
16 12 15 88
16 12 16 1
16 12 17 23
16 12 18 109
16 12 19 31
16 12 20 123
16 12 21 45
16 12 22 48
16 12 23 42
16 12 24 50
16 12 25 115
16 12 26 6
16 12 27 66
16 12 28 93
16 12 29 74
16 12 30 107
16 12 31 32
16 12 32 84
16 12 33 54
16 12 34 92
16 12 35 99
16 12 36 13
16 12 37 29
16 12 38 78
16 12 39 58
16 12 40 65
16 12 41 53
16 12 42 11
16 13 0 51
16 13 1 44
16 13 2 84
16 13 3 18
16 13 4 103
16 13 5 70
16 13 6 40
16 13 7 124
16 13 8 88
16 13 9 95
16 13 10 35
16 13 11 109
16 13 12 14
16 13 13 38
16 13 14 87
16 13 15 39
16 13 16 4
16 13 17 108
16 13 18 25
16 13 19 122
16 13 20 58
16 13 21 93
16 13 22 21
16 13 23 107
16 13 24 114
16 13 25 31
16 13 26 54
16 13 27 81
16 13 28 77
16 13 29 106
16 13 30 3
16 13 31 120
16 13 32 30
16 13 33 91
16 13 34 98
16 13 35 37
16 13 36 32
16 13 37 119
16 13 38 45
16 13 39 68
16 13 40 57
16 13 41 29
16 13 42 49
16 14 0 124
16 14 1 88
16 14 2 36
16 14 3 102
16 14 4 85
16 14 5 35
16 14 6 55
16 14 7 50
16 14 8 94
16 14 9 14
16 14 10 108
16 14 11 20
16 14 12 10
16 14 13 86
16 14 14 41
16 14 15 2
16 14 16 80
16 14 17 29
16 14 18 121
16 14 19 78
16 14 20 68
16 14 21 24
16 14 22 106
16 14 23 113
16 14 24 1
16 14 25 52
16 14 26 58
16 14 27 54
16 14 28 73
16 14 29 34
16 14 30 43
16 14 31 126
16 14 32 90
16 14 33 97
16 14 34 19
16 14 35 30
16 14 36 118
16 14 37 125
16 14 38 89
16 14 39 96
16 14 40 11
16 14 41 70
16 14 42 117
16 15 0 64
16 15 1 39
16 15 2 56
16 15 3 51
16 15 4 35
16 15 5 48
16 15 6 83
16 15 7 79
16 15 8 4
16 15 9 71
16 15 10 15
16 15 11 18
16 15 12 59
16 15 13 9
16 15 14 1
16 15 15 47
16 15 16 20
16 15 17 82
16 15 18 78
16 15 19 70
16 15 20 25
16 15 21 67
16 15 22 62
16 15 23 23
16 15 24 54
16 15 25 61
16 15 26 81
16 15 27 58
16 15 28 26
16 15 29 55
16 15 30 75
16 15 31 69
16 15 32 65
16 15 33 13
16 15 34 7
16 15 35 53
16 15 36 49
16 15 37 43
16 15 38 63
16 15 39 30
16 15 40 60
16 15 41 80
16 15 42 57
16 16 0 1
16 16 1 100
16 16 2 107
16 16 3 9
16 16 4 50
16 16 5 83
16 16 6 92
16 16 7 34
16 16 8 81
16 16 9 25
16 16 10 42
16 16 11 16
16 16 12 33
16 16 13 7
16 16 14 105
16 16 15 41
16 16 16 119
16 16 17 68
16 16 18 63
16 16 19 23
16 16 20 76
16 16 21 111
16 16 22 31
16 16 23 125
16 16 24 89
16 16 25 96
16 16 26 48
16 16 27 30
16 16 28 117
16 16 29 124
16 16 30 88
16 16 31 95
16 16 32 29
16 16 33 3
16 16 34 116
16 16 35 123
16 16 36 87
16 16 37 75
16 16 38 2
16 16 39 45
16 16 40 64
16 16 41 60
16 16 42 66
16 17 0 99
16 17 1 106
16 17 2 7
16 17 3 120
16 17 4 60
16 17 5 91
16 17 6 12
16 17 7 105
16 17 8 31
16 17 9 23
16 17 10 126
16 17 11 14
16 17 12 17
16 17 13 104
16 17 14 28
16 17 15 118
16 17 16 125
16 17 17 89
16 17 18 40
16 17 19 48
16 17 20 110
16 17 21 36
16 17 22 77
16 17 23 74
16 17 24 67
16 17 25 69
16 17 26 2
16 17 27 61
16 17 28 50
16 17 29 73
16 17 30 94
16 17 31 25
16 17 32 19
16 17 33 115
16 17 34 122
16 17 35 86
16 17 36 93
16 17 37 6
16 17 38 107
16 17 39 84
16 17 40 80
16 17 41 64
16 17 42 9
16 18 0 68
16 18 1 8
16 18 2 70
16 18 3 73
16 18 4 90
16 18 5 3
16 18 6 104
16 18 7 30
16 18 8 34
16 18 9 125
16 18 10 22
16 18 11 12
16 18 12 103
16 18 13 18
16 18 14 69
16 18 15 55
16 18 16 47
16 18 17 40
16 18 18 48
16 18 19 109
16 18 20 39
16 18 21 123
16 18 22 87
16 18 23 82
16 18 24 101
16 18 25 21
16 18 26 65
16 18 27 53
16 18 28 60
16 18 29 83
16 18 30 2
16 18 31 13
16 18 32 114
16 18 33 121
16 18 34 64
16 18 35 77
16 18 36 41
16 18 37 106
16 18 38 44
16 18 39 120
16 18 40 52
16 18 41 31
16 18 42 98
16 19 0 11
16 19 1 84
16 19 2 125
16 19 3 44
16 19 4 7
16 19 5 103
16 19 6 28
16 19 7 36
16 19 8 124
16 19 9 37
16 19 10 18
16 19 11 102
16 19 12 40
16 19 13 116
16 19 14 123
16 19 15 87
16 19 16 35
16 19 17 101
16 19 18 108
16 19 19 14
16 19 20 122
16 19 21 86
16 19 22 93
16 19 23 66
16 19 24 3
16 19 25 58
16 19 26 80
16 19 27 69
16 19 28 92
16 19 29 0
16 19 30 38
16 19 31 113
16 19 32 52
16 19 33 2
16 19 34 46
16 19 35 29
16 19 36 75
16 19 37 112
16 19 38 79
16 19 39 61
16 19 40 1
16 19 41 97
16 19 42 63
16 20 0 117
16 20 1 47
16 20 2 88
16 20 3 1
16 20 4 102
16 20 5 9
16 20 6 31
16 20 7 123
16 20 8 10
16 20 9 28
16 20 10 75
16 20 11 8
16 20 12 115
16 20 13 122
16 20 14 86
16 20 15 20
16 20 16 83
16 20 17 81
16 20 18 23
16 20 19 121
16 20 20 53
16 20 21 69
16 20 22 55
16 20 23 21
16 20 24 63
16 20 25 120
16 20 26 56
16 20 27 91
16 20 28 3
16 20 29 19
16 20 30 76
16 20 31 119
16 20 32 126
16 20 33 82
16 20 34 0
16 20 35 74
16 20 36 46
16 20 37 49
16 20 38 125
16 20 39 26
16 20 40 68
16 20 41 77
16 20 42 33
16 21 0 123
16 21 1 61
16 21 2 34
16 21 3 64
16 21 4 23
16 21 5 19
16 21 6 122
16 21 7 22
16 21 8 9
16 21 9 100
16 21 10 27
16 21 11 114
16 21 12 121
16 21 13 69
16 21 14 24
16 21 15 52
16 21 16 79
16 21 17 36
16 21 18 51
16 21 19 7
16 21 20 78
16 21 21 72
16 21 22 8
16 21 23 112
16 21 24 80
16 21 25 45
16 21 26 90
16 21 27 13
16 21 28 1
16 21 29 111
16 21 30 118
16 21 31 77
16 21 32 89
16 21 33 35
16 21 34 62
16 21 35 81
16 21 36 117
16 21 37 44
16 21 38 5
16 21 39 95
16 21 40 71
16 21 41 18
16 21 42 47
16 22 0 84
16 22 1 40
16 22 2 100
16 22 3 13
16 22 4 27
16 22 5 121
16 22 6 17
16 22 7 15
16 22 8 99
16 22 9 20
16 22 10 113
16 22 11 59
16 22 12 31
16 22 13 21
16 22 14 60
16 22 15 105
16 22 16 42
16 22 17 119
16 22 18 126
16 22 19 55
16 22 20 72
16 22 21 11
16 22 22 78
16 22 23 85
16 22 24 125
16 22 25 64
16 22 26 29
16 22 27 12
16 22 28 110
16 22 29 57
16 22 30 124
16 22 31 62
16 22 32 6
16 22 33 58
16 22 34 65
16 22 35 71
16 22 36 123
16 22 37 33
16 22 38 94
16 22 39 101
16 22 40 41
16 22 41 73
16 22 42 122
16 23 0 36
16 23 1 99
16 23 2 39
16 23 3 37
16 23 4 120
16 23 5 14
16 23 6 2
16 23 7 98
16 23 8 12
16 23 9 45
16 23 10 119
16 23 11 126
16 23 12 19
16 23 13 76
16 23 14 104
16 23 15 5
16 23 16 118
16 23 17 48
16 23 18 89
16 23 19 96
16 23 20 0
16 23 21 56
16 23 22 117
16 23 23 63
16 23 24 88
16 23 25 41
16 23 26 13
16 23 27 109
16 23 28 116
16 23 29 67
16 23 30 87
16 23 31 3
16 23 32 101
16 23 33 66
16 23 34 73
16 23 35 122
16 23 36 4
16 23 37 72
16 23 38 57
16 23 39 20
16 23 40 58
16 23 41 121
16 23 42 79
16 24 0 98
16 24 1 3
16 24 2 33
16 24 3 119
16 24 4 22
16 24 5 4
16 24 6 97
16 24 7 40
16 24 8 111
16 24 9 118
16 24 10 45
16 24 11 0
16 24 12 96
16 24 13 103
16 24 14 27
16 24 15 85
16 24 16 124
16 24 17 56
16 24 18 69
16 24 19 24
16 24 20 74
16 24 21 60
16 24 22 123
16 24 23 59
16 24 24 36
16 24 25 30
16 24 26 108
16 24 27 115
16 24 28 79
16 24 29 86
16 24 30 7
16 24 31 65
16 24 32 107
16 24 33 48
16 24 34 121
16 24 35 26
16 24 36 92
16 24 37 77
16 24 38 29
16 24 39 70
16 24 40 81
16 24 41 47
16 24 42 2
16 25 0 26
16 25 1 17
16 25 2 118
16 25 3 11
16 25 4 15
16 25 5 50
16 25 6 30
16 25 7 110
16 25 8 48
16 25 9 124
16 25 10 8
16 25 11 62
16 25 12 102
16 25 13 0
16 25 14 116
16 25 15 46
16 25 16 87
16 25 17 76
16 25 18 6
16 25 19 82
16 25 20 64
16 25 21 122
16 25 22 60
16 25 23 41
16 25 24 21
16 25 25 77
16 25 26 114
16 25 27 52
16 25 28 47
16 25 29 42
16 25 30 79
16 25 31 106
16 25 32 51
16 25 33 78
16 25 34 38
16 25 35 91
16 25 36 67
16 25 37 19
16 25 38 112
16 25 39 119
16 25 40 53
16 25 41 20
16 25 42 97
16 26 0 10
16 26 1 117
16 26 2 29
16 26 3 28
16 26 4 95
16 26 5 2
16 26 6 109
16 26 7 116
16 26 8 77
16 26 9 38
16 26 10 46
16 26 11 43
16 26 12 11
16 26 13 115
16 26 14 74
16 26 15 86
16 26 16 93
16 26 17 32
16 26 18 107
16 26 19 71
16 26 20 121
16 26 21 65
16 26 22 37
16 26 23 13
16 26 24 72
16 26 25 113
16 26 26 120
16 26 27 41
16 26 28 20
16 26 29 63
16 26 30 70
16 26 31 112
16 26 32 119
16 26 33 0
16 26 34 90
16 26 35 60
16 26 36 9
16 26 37 67
16 26 38 118
16 26 39 125
16 26 40 30
16 26 41 50
16 26 42 22
16 27 0 116
16 27 1 19
16 27 2 22
16 27 3 94
16 27 4 34
16 27 5 108
16 27 6 115
16 27 7 52
16 27 8 25
16 27 9 93
16 27 10 100
16 27 11 37
16 27 12 114
16 27 13 65
16 27 14 79
16 27 15 60
16 27 16 29
16 27 17 106
16 27 18 45
16 27 19 72
16 27 20 56
16 27 21 9
16 27 22 27
16 27 23 105
16 27 24 43
16 27 25 83
16 27 26 126
16 27 27 6
16 27 28 54
16 27 29 78
16 27 30 85
16 27 31 118
16 27 32 7
16 27 33 63
16 27 34 96
16 27 35 21
16 27 36 58
16 27 37 69
16 27 38 74
16 27 39 35
16 27 40 95
16 27 41 3
16 27 42 15
16 28 0 8
16 28 1 18
16 28 2 44
16 28 3 14
16 28 4 59
16 28 5 114
16 28 6 82
16 28 7 24
16 28 8 51
16 28 9 99
16 28 10 39
16 28 11 113
16 28 12 120
16 28 13 3
16 28 14 52
16 28 15 26
16 28 16 64
16 28 17 112
16 28 18 119
16 28 19 43
16 28 20 7
16 28 21 25
16 28 22 104
16 28 23 111
16 28 24 69
16 28 25 70
16 28 26 23
16 28 27 96
16 28 28 67
16 28 29 85
16 28 30 56
16 28 31 6
16 28 32 88
16 28 33 77
16 28 34 21
16 28 35 83
16 28 36 116
16 28 37 123
16 28 38 10
16 28 39 94
16 28 40 38
16 28 41 42
16 28 42 115
16 29 0 14
16 29 1 92
16 29 2 35
16 29 3 55
16 29 4 113
16 29 5 120
16 29 6 0
16 29 7 65
16 29 8 98
16 29 9 4
16 29 10 59
16 29 11 57
16 29 12 126
16 29 13 71
16 29 14 33
16 29 15 83
16 29 16 61
16 29 17 118
16 29 18 125
16 29 19 40
16 29 20 5
16 29 21 103
16 29 22 110
16 29 23 117
16 29 24 124
16 29 25 28
16 29 26 51
16 29 27 44
16 29 28 85
16 29 29 116
16 29 30 27
16 29 31 66
16 29 32 54
16 29 33 12
16 29 34 68
16 29 35 115
16 29 36 122
16 29 37 1
16 29 38 69
16 29 39 6
16 29 40 17
16 29 41 114
16 29 42 41
16 30 0 91
16 30 1 31
16 30 2 105
16 30 3 82
16 30 4 55
16 30 5 8
16 30 6 54
16 30 7 97
16 30 8 33
16 30 9 111
16 30 10 78
16 30 11 84
16 30 12 89
16 30 13 22
16 30 14 63
16 30 15 69
16 30 16 59
16 30 17 45
16 30 18 35
16 30 19 37
16 30 20 102
16 30 21 109
16 30 22 47
16 30 23 50
16 30 24 24
16 30 25 46
16 30 26 101
16 30 27 75
16 30 28 115
16 30 29 27
16 30 30 67
16 30 31 93
16 30 32 13
16 30 33 107
16 30 34 114
16 30 35 121
16 30 36 19
16 30 37 92
16 30 38 15
16 30 39 23
16 30 40 113
16 30 41 10
16 30 42 12
16 31 0 18
16 31 1 104
16 31 2 111
16 31 3 75
16 31 4 10
16 31 5 89
16 31 6 74
16 31 7 4
16 31 8 110
16 31 9 117
16 31 10 124
16 31 11 73
16 31 12 22
16 31 13 44
16 31 14 50
16 31 15 116
16 31 16 123
16 31 17 25
16 31 18 37
16 31 19 85
16 31 20 108
16 31 21 55
16 31 22 80
16 31 23 32
16 31 24 93
16 31 25 57
16 31 26 107
16 31 27 114
16 31 28 0
16 31 29 56
16 31 30 53
16 31 31 29
16 31 32 106
16 31 33 113
16 31 34 67
16 31 35 24
16 31 36 91
16 31 37 28
16 31 38 17
16 31 39 112
16 31 40 21
16 31 41 2
16 31 42 90
16 32 0 103
16 32 1 110
16 32 2 117
16 32 3 21
16 32 4 49
16 32 5 95
16 32 6 41
16 32 7 109
16 32 8 73
16 32 9 54
16 32 10 87
16 32 11 27
16 32 12 101
16 32 13 66
16 32 14 115
16 32 15 122
16 32 16 36
16 32 17 38
16 32 18 100
16 32 19 65
16 32 20 75
16 32 21 50
16 32 22 42
16 32 23 43
16 32 24 56
16 32 25 106
16 32 26 113
16 32 27 32
16 32 28 59
16 32 29 80
16 32 30 31
16 32 31 82
16 32 32 46
16 32 33 119
16 32 34 33
16 32 35 90
16 32 36 7
16 32 37 13
16 32 38 111
16 32 39 1
16 32 40 28
16 32 41 48
16 32 42 35
16 33 0 109
16 33 1 56
16 33 2 3
16 33 3 87
16 33 4 94
16 33 5 25
16 33 6 108
16 33 7 71
16 33 8 74
16 33 9 86
16 33 10 24
16 33 11 80
16 33 12 107
16 33 13 114
16 33 14 121
16 33 15 40
16 33 16 37
16 33 17 99
16 33 18 68
16 33 19 52
16 33 20 120
16 33 21 5
16 33 22 53
16 33 23 81
16 33 24 79
16 33 25 60
16 33 26 35
16 33 27 78
16 33 28 46
16 33 29 21
16 33 30 61
16 33 31 111
16 33 32 118
16 33 33 20
16 33 34 59
16 33 35 9
16 33 36 38
16 33 37 110
16 33 38 11
16 33 39 14
16 33 40 88
16 33 41 36
16 33 42 102
16 34 0 44
16 34 1 1
16 34 2 86
16 34 3 72
16 34 4 25
16 34 5 82
16 34 6 57
16 34 7 61
16 34 8 62
16 34 9 0
16 34 10 47
16 34 11 106
16 34 12 113
16 34 13 51
16 34 14 17
16 34 15 27
16 34 16 98
16 34 17 105
16 34 18 112
16 34 19 50
16 34 20 22
16 34 21 64
16 34 22 73
16 34 23 69
16 34 24 111
16 34 25 39
16 34 26 125
16 34 27 89
16 34 28 24
16 34 29 54
16 34 30 110
16 34 31 48
16 34 32 36
16 34 33 88
16 34 34 18
16 34 35 23
16 34 36 109
16 34 37 26
16 34 38 6
16 34 39 65
16 34 40 14
16 34 41 76
16 34 42 108
16 35 0 28
16 35 1 78
16 35 2 92
16 35 3 39
16 35 4 80
16 35 5 56
16 35 6 120
16 35 7 42
16 35 8 6
16 35 9 43
16 35 10 65
16 35 11 54
16 35 12 119
16 35 13 13
16 35 14 36
16 35 15 97
16 35 16 104
16 35 17 75
16 35 18 76
16 35 19 0
16 35 20 89
16 35 21 96
16 35 22 50
16 35 23 110
16 35 24 2
16 35 25 47
16 35 26 62
16 35 27 20
16 35 28 69
16 35 29 109
16 35 30 116
16 35 31 12
16 35 32 61
16 35 33 32
16 35 34 41
16 35 35 108
16 35 36 34
16 35 37 7
16 35 38 52
16 35 39 15
16 35 40 100
16 35 41 84
16 35 42 45
16 36 0 23
16 36 1 91
16 36 2 24
16 36 3 105
16 36 4 112
16 36 5 43
16 36 6 126
16 36 7 17
16 36 8 72
16 36 9 57
16 36 10 111
16 36 11 118
16 36 12 27
16 36 13 6
16 36 14 48
16 36 15 103
16 36 16 85
16 36 17 117
16 36 18 2
16 36 19 80
16 36 20 66
16 36 21 51
16 36 22 109
16 36 23 5
16 36 24 123
16 36 25 87
16 36 26 1
16 36 27 101
16 36 28 108
16 36 29 115
16 36 30 28
16 36 31 76
16 36 32 4
16 36 33 15
16 36 34 107
16 36 35 10
16 36 36 42
16 36 37 47
16 36 38 40
16 36 39 99
16 36 40 77
16 36 41 78
16 36 42 31
16 37 0 90
16 37 1 33
16 37 2 104
16 37 3 67
16 37 4 52
16 37 5 81
16 37 6 6
16 37 7 96
16 37 8 76
16 37 9 110
16 37 10 70
16 37 11 17
16 37 12 34
16 37 13 95
16 37 14 102
16 37 15 61
16 37 16 46
16 37 17 41
16 37 18 87
16 37 19 75
16 37 20 101
16 37 21 108
16 37 22 36
16 37 23 122
16 37 24 86
16 37 25 23
16 37 26 83
16 37 27 84
16 37 28 114
16 37 29 4
16 37 30 71
16 37 31 10
16 37 32 37
16 37 33 106
16 37 34 30
16 37 35 18
16 37 36 85
16 37 37 42
16 37 38 98
16 37 39 105
16 37 40 112
16 37 41 21
16 37 42 126
16 38 0 39
16 38 1 103
16 38 2 68
16 38 3 117
16 38 4 124
16 38 5 34
16 38 6 85
16 38 7 43
16 38 8 109
16 38 9 116
16 38 10 41
16 38 11 15
16 38 12 94
16 38 13 64
16 38 14 53
16 38 15 75
16 38 16 26
16 38 17 86
16 38 18 93
16 38 19 62
16 38 20 81
16 38 21 42
16 38 22 121
16 38 23 83
16 38 24 11
16 38 25 73
16 38 26 77
16 38 27 113
16 38 28 33
16 38 29 66
16 38 30 14
16 38 31 2
16 38 32 105
16 38 33 38
16 38 34 22
16 38 35 57
16 38 36 28
16 38 37 97
16 38 38 104
16 38 39 49
16 38 40 9
16 38 41 56
16 38 42 71
16 39 0 102
16 39 1 49
16 39 2 45
16 39 3 54
16 39 4 30
16 39 5 68
16 39 6 101
16 39 7 108
16 39 8 115
16 39 9 26
16 39 10 5
16 39 11 67
16 39 12 100
16 39 13 107
16 39 14 71
16 39 15 15
16 39 16 56
16 39 17 57
16 39 18 61
16 39 19 79
16 39 20 8
16 39 21 46
16 39 22 9
16 39 23 1
16 39 24 74
16 39 25 105
16 39 26 85
16 39 27 35
16 39 28 53
16 39 29 33
16 39 30 22
16 39 31 104
16 39 32 17
16 39 33 28
16 39 34 125
16 39 35 4
16 39 36 70
16 39 37 103
16 39 38 64
16 39 39 31
16 39 40 124
16 39 41 88
16 39 42 27
16 40 0 82
16 40 1 80
16 40 2 65
16 40 3 32
16 40 4 93
16 40 5 66
16 40 6 50
16 40 7 114
16 40 8 39
16 40 9 19
16 40 10 92
16 40 11 99
16 40 12 106
16 40 13 81
16 40 14 26
16 40 15 33
16 40 16 44
16 40 17 47
16 40 18 105
16 40 19 36
16 40 20 119
16 40 21 126
16 40 22 4
16 40 23 62
16 40 24 104
16 40 25 111
16 40 26 17
16 40 27 125
16 40 28 25
16 40 29 41
16 40 30 103
16 40 31 34
16 40 32 0
16 40 33 59
16 40 34 20
16 40 35 95
16 40 36 102
16 40 37 57
16 40 38 12
16 40 39 72
16 40 40 83
16 40 41 30
16 40 42 58
16 41 0 62
16 41 1 75
16 41 2 10
16 41 3 68
16 41 4 43
16 41 5 53
16 41 6 113
16 41 7 5
16 41 8 15
16 41 9 91
16 41 10 98
16 41 11 52
16 41 12 112
16 41 13 32
16 41 14 126
16 41 15 64
16 41 16 45
16 41 17 104
16 41 18 7
16 41 19 118
16 41 20 69
16 41 21 31
16 41 22 96
16 41 23 103
16 41 24 110
16 41 25 18
16 41 26 70
16 41 27 26
16 41 28 6
16 41 29 102
16 41 30 9
16 41 31 14
16 41 32 123
16 41 33 39
16 41 34 94
16 41 35 72
16 41 36 79
16 41 37 8
16 41 38 81
16 41 39 59
16 41 40 36
16 41 41 100
16 41 42 107
16 42 0 120
16 42 1 27
16 42 2 81
16 42 3 63
16 42 4 105
16 42 5 76
16 42 6 38
16 42 7 35
16 42 8 90
16 42 9 97
16 42 10 68
16 42 11 74
16 42 12 8
16 42 13 45
16 42 14 89
16 42 15 96
16 42 16 103
16 42 17 7
16 42 18 44
16 42 19 124
16 42 20 29
16 42 21 43
16 42 22 102
16 42 23 109
16 42 24 39
16 42 25 123
16 42 26 18
16 42 27 21
16 42 28 101
16 42 29 37
16 42 30 23
16 42 31 122
16 42 32 12
16 42 33 51
16 42 34 100
16 42 35 107
16 42 36 11
16 42 37 65
16 42 38 62
16 42 39 40
16 42 40 99
16 42 41 106
16 42 42 61
17 0 0 82
17 0 1 64
17 0 2 105
17 0 3 77
17 0 4 39
17 0 5 36
17 0 6 90
17 0 7 97
17 0 8 69
17 0 9 75
17 0 10 9
17 0 11 46
17 0 12 89
17 0 13 96
17 0 14 103
17 0 15 8
17 0 16 45
17 0 17 124
17 0 18 30
17 0 19 44
17 0 20 102
17 0 21 109
17 0 22 40
17 0 23 123
17 0 24 19
17 0 25 22
17 0 26 101
17 0 27 38
17 0 28 24
17 0 29 122
17 0 30 13
17 0 31 52
17 0 32 100
17 0 33 107
17 0 34 12
17 0 35 66
17 0 36 63
17 0 37 41
17 0 38 99
17 0 39 106
17 0 40 62
17 0 41 120
17 0 42 28
17 1 0 72
17 1 1 104
17 1 2 111
17 1 3 38
17 1 4 40
17 1 5 74
17 1 6 60
17 1 7 50
17 1 8 56
17 1 9 6
17 1 10 124
17 1 11 78
17 1 12 84
17 1 13 102
17 1 14 35
17 1 15 116
17 1 16 65
17 1 17 12
17 1 18 64
17 1 19 80
17 1 20 108
17 1 21 41
17 1 22 122
17 1 23 5
17 1 24 32
17 1 25 100
17 1 26 20
17 1 27 26
17 1 28 121
17 1 29 0
17 1 30 92
17 1 31 99
17 1 32 106
17 1 33 2
17 1 34 120
17 1 35 52
17 1 36 1
17 1 37 98
17 1 38 44
17 1 39 112
17 1 40 73
17 1 41 34
17 1 42 69
17 2 0 103
17 2 1 110
17 2 2 39
17 2 3 8
17 2 4 88
17 2 5 95
17 2 6 58
17 2 7 79
17 2 8 11
17 2 9 48
17 2 10 87
17 2 11 62
17 2 12 60
17 2 13 29
17 2 14 115
17 2 15 54
17 2 16 23
17 2 17 93
17 2 18 100
17 2 19 64
17 2 20 15
17 2 21 121
17 2 22 31
17 2 23 12
17 2 24 99
17 2 25 16
17 2 26 5
17 2 27 50
17 2 28 9
17 2 29 91
17 2 30 98
17 2 31 51
17 2 32 4
17 2 33 65
17 2 34 53
17 2 35 33
17 2 36 97
17 2 37 77
17 2 38 75
17 2 39 68
17 2 40 1
17 2 41 89
17 2 42 96
17 3 0 109
17 3 1 39
17 3 2 41
17 3 3 76
17 3 4 94
17 3 5 101
17 3 6 55
17 3 7 11
17 3 8 67
17 3 9 86
17 3 10 93
17 3 11 100
17 3 12 0
17 3 13 114
17 3 14 68
17 3 15 25
17 3 16 80
17 3 17 99
17 3 18 60
17 3 19 2
17 3 20 75
17 3 21 21
17 3 22 23
17 3 23 98
17 3 24 10
17 3 25 18
17 3 26 119
17 3 27 14
17 3 28 90
17 3 29 97
17 3 30 79
17 3 31 20
17 3 32 85
17 3 33 125
17 3 34 6
17 3 35 63
17 3 36 77
17 3 37 52
17 3 38 117
17 3 39 9
17 3 40 49
17 3 41 50
17 3 42 102
17 4 0 28
17 4 1 36
17 4 2 63
17 4 3 47
17 4 4 74
17 4 5 107
17 4 6 0
17 4 7 59
17 4 8 83
17 4 9 54
17 4 10 99
17 4 11 29
17 4 12 113
17 4 13 120
17 4 14 33
17 4 15 67
17 4 16 98
17 4 17 105
17 4 18 41
17 4 19 119
17 4 20 19
17 4 21 35
17 4 22 97
17 4 23 16
17 4 24 27
17 4 25 118
17 4 26 32
17 4 27 45
17 4 28 50
17 4 29 61
17 4 30 21
17 4 31 117
17 4 32 56
17 4 33 6
17 4 34 95
17 4 35 77
17 4 36 84
17 4 37 65
17 4 38 5
17 4 39 87
17 4 40 79
17 4 41 76
17 4 42 108
17 5 0 26
17 5 1 54
17 5 2 92
17 5 3 48
17 5 4 106
17 5 5 7
17 5 6 120
17 5 7 30
17 5 8 45
17 5 9 98
17 5 10 37
17 5 11 76
17 5 12 73
17 5 13 9
17 5 14 85
17 5 15 97
17 5 16 104
17 5 17 19
17 5 18 118
17 5 19 15
17 5 20 25
17 5 21 96
17 5 22 34
17 5 23 38
17 5 24 69
17 5 25 23
17 5 26 88
17 5 27 95
17 5 28 52
17 5 29 12
17 5 30 59
17 5 31 123
17 5 32 27
17 5 33 94
17 5 34 101
17 5 35 49
17 5 36 56
17 5 37 10
17 5 38 86
17 5 39 93
17 5 40 100
17 5 41 47
17 5 42 8
17 6 0 59
17 6 1 91
17 6 2 55
17 6 3 80
17 6 4 4
17 6 5 43
17 6 6 126
17 6 7 73
17 6 8 97
17 6 9 39
17 6 10 111
17 6 11 57
17 6 12 8
17 6 13 89
17 6 14 71
17 6 15 103
17 6 16 42
17 6 17 69
17 6 18 11
17 6 19 14
17 6 20 95
17 6 21 18
17 6 22 30
17 6 23 116
17 6 24 41
17 6 25 66
17 6 26 94
17 6 27 101
17 6 28 12
17 6 29 52
17 6 30 122
17 6 31 26
17 6 32 84
17 6 33 68
17 6 34 107
17 6 35 83
17 6 36 27
17 6 37 72
17 6 38 67
17 6 39 99
17 6 40 85
17 6 41 6
17 6 42 24
17 7 0 90
17 7 1 59
17 7 2 45
17 7 3 1
17 7 4 50
17 7 5 63
17 7 6 89
17 7 7 77
17 7 8 22
17 7 9 110
17 7 10 117
17 7 11 38
17 7 12 74
17 7 13 95
17 7 14 102
17 7 15 31
17 7 16 116
17 7 17 5
17 7 18 4
17 7 19 94
17 7 20 23
17 7 21 11
17 7 22 115
17 7 23 3
17 7 24 72
17 7 25 81
17 7 26 49
17 7 27 24
17 7 28 85
17 7 29 121
17 7 30 33
17 7 31 92
17 7 32 71
17 7 33 106
17 7 34 54
17 7 35 13
17 7 36 35
17 7 37 83
17 7 38 98
17 7 39 105
17 7 40 20
17 7 41 39
17 7 42 60
17 8 0 96
17 8 1 63
17 8 2 27
17 8 3 117
17 8 4 124
17 8 5 71
17 8 6 95
17 8 7 33
17 8 8 109
17 8 9 43
17 8 10 25
17 8 11 87
17 8 12 94
17 8 13 74
17 8 14 3
17 8 15 115
17 8 16 18
17 8 17 22
17 8 18 93
17 8 19 16
17 8 20 7
17 8 21 114
17 8 22 13
17 8 23 83
17 8 24 92
17 8 25 61
17 8 26 14
17 8 27 62
17 8 28 47
17 8 29 38
17 8 30 91
17 8 31 46
17 8 32 53
17 8 33 112
17 8 34 34
17 8 35 126
17 8 36 52
17 8 37 97
17 8 38 104
17 8 39 12
17 8 40 35
17 8 41 125
17 8 42 56
17 9 0 84
17 9 1 9
17 9 2 47
17 9 3 64
17 9 4 87
17 9 5 94
17 9 6 6
17 9 7 108
17 9 8 59
17 9 9 33
17 9 10 86
17 9 11 60
17 9 12 100
17 9 13 36
17 9 14 114
17 9 15 29
17 9 16 11
17 9 17 92
17 9 18 0
17 9 19 30
17 9 20 113
17 9 21 31
17 9 22 78
17 9 23 91
17 9 24 46
17 9 25 4
17 9 26 112
17 9 27 119
17 9 28 7
17 9 29 90
17 9 30 48
17 9 31 54
17 9 32 61
17 9 33 26
17 9 34 57
17 9 35 89
17 9 36 62
17 9 37 103
17 9 38 3
17 9 39 40
17 9 40 55
17 9 41 88
17 9 42 77
17 10 0 33
17 10 1 47
17 10 2 84
17 10 3 86
17 10 4 68
17 10 5 28
17 10 6 83
17 10 7 67
17 10 8 14
17 10 9 50
17 10 10 92
17 10 11 99
17 10 12 21
17 10 13 113
17 10 14 31
17 10 15 19
17 10 16 91
17 10 17 39
17 10 18 37
17 10 19 55
17 10 20 40
17 10 21 58
17 10 22 90
17 10 23 72
17 10 24 13
17 10 25 48
17 10 26 118
17 10 27 29
17 10 28 75
17 10 29 96
17 10 30 81
17 10 31 57
17 10 32 30
17 10 33 124
17 10 34 85
17 10 35 95
17 10 36 102
17 10 37 20
17 10 38 35
17 10 39 123
17 10 40 74
17 10 41 82
17 10 42 101
17 11 0 64
17 11 1 50
17 11 2 66
17 11 3 92
17 11 4 34
17 11 5 81
17 11 6 79
17 11 7 12
17 11 8 2
17 11 9 91
17 11 10 98
17 11 11 13
17 11 12 44
17 11 13 18
17 11 14 16
17 11 15 90
17 11 16 6
17 11 17 20
17 11 18 111
17 11 19 36
17 11 20 125
17 11 21 72
17 11 22 96
17 11 23 35
17 11 24 85
17 11 25 51
17 11 26 0
17 11 27 88
17 11 28 70
17 11 29 73
17 11 30 45
17 11 31 27
17 11 32 80
17 11 33 87
17 11 34 94
17 11 35 43
17 11 36 21
17 11 37 4
17 11 38 122
17 11 39 63
17 11 40 93
17 11 41 56
17 11 42 22
17 12 0 120
17 12 1 26
17 12 2 91
17 12 3 40
17 12 4 105
17 12 5 112
17 12 6 9
17 12 7 126
17 12 8 90
17 12 9 97
17 12 10 6
17 12 11 111
17 12 12 24
17 12 13 11
17 12 14 89
17 12 15 14
17 12 16 10
17 12 17 110
17 12 18 42
17 12 19 75
17 12 20 88
17 12 21 78
17 12 22 15
17 12 23 56
17 12 24 116
17 12 25 28
17 12 26 58
17 12 27 83
17 12 28 101
17 12 29 44
17 12 30 41
17 12 31 73
17 12 32 86
17 12 33 67
17 12 34 100
17 12 35 32
17 12 36 20
17 12 37 121
17 12 38 50
17 12 39 82
17 12 40 61
17 12 41 25
17 12 42 53
17 13 0 126
17 13 1 90
17 13 2 10
17 13 3 104
17 13 4 71
17 13 5 13
17 13 6 72
17 13 7 64
17 13 8 50
17 13 9 25
17 13 10 110
17 13 11 5
17 13 12 23
17 13 13 88
17 13 14 2
17 13 15 24
17 13 16 109
17 13 17 32
17 13 18 123
17 13 19 46
17 13 20 49
17 13 21 0
17 13 22 51
17 13 23 115
17 13 24 7
17 13 25 67
17 13 26 93
17 13 27 75
17 13 28 107
17 13 29 33
17 13 30 85
17 13 31 55
17 13 32 92
17 13 33 99
17 13 34 14
17 13 35 30
17 13 36 79
17 13 37 59
17 13 38 66
17 13 39 54
17 13 40 12
17 13 41 112
17 13 42 80
17 14 0 85
17 14 1 19
17 14 2 103
17 14 3 71
17 14 4 41
17 14 5 124
17 14 6 88
17 14 7 95
17 14 8 36
17 14 9 109
17 14 10 15
17 14 11 39
17 14 12 87
17 14 13 40
17 14 14 5
17 14 15 108
17 14 16 26
17 14 17 122
17 14 18 59
17 14 19 93
17 14 20 22
17 14 21 107
17 14 22 114
17 14 23 32
17 14 24 55
17 14 25 82
17 14 26 78
17 14 27 106
17 14 28 4
17 14 29 120
17 14 30 31
17 14 31 91
17 14 32 98
17 14 33 38
17 14 34 33
17 14 35 119
17 14 36 46
17 14 37 69
17 14 38 58
17 14 39 30
17 14 40 50
17 14 41 52
17 14 42 45
17 15 0 37
17 15 1 102
17 15 2 43
17 15 3 36
17 15 4 56
17 15 5 51
17 15 6 94
17 15 7 15
17 15 8 108
17 15 9 21
17 15 10 11
17 15 11 86
17 15 12 42
17 15 13 3
17 15 14 81
17 15 15 30
17 15 16 121
17 15 17 79
17 15 18 69
17 15 19 25
17 15 20 106
17 15 21 113
17 15 22 2
17 15 23 53
17 15 24 59
17 15 25 55
17 15 26 74
17 15 27 35
17 15 28 44
17 15 29 126
17 15 30 90
17 15 31 97
17 15 32 20
17 15 33 31
17 15 34 118
17 15 35 125
17 15 36 89
17 15 37 96
17 15 38 12
17 15 39 71
17 15 40 117
17 15 41 124
17 15 42 88
17 16 0 57
17 16 1 52
17 16 2 36
17 16 3 49
17 16 4 84
17 16 5 80
17 16 6 5
17 16 7 72
17 16 8 16
17 16 9 19
17 16 10 60
17 16 11 10
17 16 12 2
17 16 13 48
17 16 14 21
17 16 15 83
17 16 16 79
17 16 17 71
17 16 18 26
17 16 19 68
17 16 20 63
17 16 21 24
17 16 22 55
17 16 23 62
17 16 24 82
17 16 25 59
17 16 26 27
17 16 27 56
17 16 28 76
17 16 29 70
17 16 30 66
17 16 31 14
17 16 32 8
17 16 33 54
17 16 34 50
17 16 35 44
17 16 36 64
17 16 37 31
17 16 38 61
17 16 39 81
17 16 40 58
17 16 41 65
17 16 42 40
17 17 0 107
17 17 1 10
17 17 2 51
17 17 3 84
17 17 4 92
17 17 5 35
17 17 6 82
17 17 7 26
17 17 8 0
17 17 9 17
17 17 10 34
17 17 11 8
17 17 12 105
17 17 13 42
17 17 14 119
17 17 15 69
17 17 16 64
17 17 17 24
17 17 18 77
17 17 19 111
17 17 20 32
17 17 21 125
17 17 22 89
17 17 23 96
17 17 24 49
17 17 25 31
17 17 26 117
17 17 27 124
17 17 28 88
17 17 29 95
17 17 30 30
17 17 31 4
17 17 32 116
17 17 33 123
17 17 34 87
17 17 35 76
17 17 36 3
17 17 37 46
17 17 38 65
17 17 39 61
17 17 40 67
17 17 41 2
17 17 42 100
17 18 0 8
17 18 1 120
17 18 2 61
17 18 3 91
17 18 4 13
17 18 5 105
17 18 6 32
17 18 7 24
17 18 8 126
17 18 9 15
17 18 10 18
17 18 11 104
17 18 12 29
17 18 13 118
17 18 14 125
17 18 15 89
17 18 16 41
17 18 17 49
17 18 18 110
17 18 19 37
17 18 20 78
17 18 21 75
17 18 22 68
17 18 23 70
17 18 24 3
17 18 25 62
17 18 26 51
17 18 27 74
17 18 28 94
17 18 29 26
17 18 30 20
17 18 31 115
17 18 32 122
17 18 33 86
17 18 34 93
17 18 35 7
17 18 36 107
17 18 37 85
17 18 38 81
17 18 39 65
17 18 40 10
17 18 41 99
17 18 42 106
17 19 0 71
17 19 1 74
17 19 2 90
17 19 3 4
17 19 4 104
17 19 5 31
17 19 6 35
17 19 7 125
17 19 8 23
17 19 9 13
17 19 10 103
17 19 11 19
17 19 12 70
17 19 13 56
17 19 14 48
17 19 15 41
17 19 16 49
17 19 17 109
17 19 18 40
17 19 19 123
17 19 20 87
17 19 21 83
17 19 22 101
17 19 23 22
17 19 24 66
17 19 25 54
17 19 26 61
17 19 27 84
17 19 28 3
17 19 29 14
17 19 30 114
17 19 31 121
17 19 32 65
17 19 33 78
17 19 34 42
17 19 35 106
17 19 36 45
17 19 37 120
17 19 38 53
17 19 39 32
17 19 40 98
17 19 41 69
17 19 42 9
17 20 0 125
17 20 1 45
17 20 2 8
17 20 3 103
17 20 4 29
17 20 5 37
17 20 6 124
17 20 7 38
17 20 8 19
17 20 9 102
17 20 10 41
17 20 11 116
17 20 12 123
17 20 13 87
17 20 14 36
17 20 15 101
17 20 16 108
17 20 17 15
17 20 18 122
17 20 19 86
17 20 20 93
17 20 21 67
17 20 22 4
17 20 23 59
17 20 24 81
17 20 25 70
17 20 26 92
17 20 27 1
17 20 28 39
17 20 29 113
17 20 30 53
17 20 31 3
17 20 32 47
17 20 33 30
17 20 34 76
17 20 35 112
17 20 36 80
17 20 37 62
17 20 38 2
17 20 39 97
17 20 40 64
17 20 41 12
17 20 42 85
17 21 0 88
17 21 1 2
17 21 2 102
17 21 3 10
17 21 4 32
17 21 5 123
17 21 6 11
17 21 7 29
17 21 8 76
17 21 9 9
17 21 10 115
17 21 11 122
17 21 12 86
17 21 13 21
17 21 14 84
17 21 15 82
17 21 16 24
17 21 17 121
17 21 18 54
17 21 19 70
17 21 20 56
17 21 21 22
17 21 22 64
17 21 23 120
17 21 24 57
17 21 25 91
17 21 26 4
17 21 27 20
17 21 28 77
17 21 29 119
17 21 30 126
17 21 31 83
17 21 32 1
17 21 33 75
17 21 34 47
17 21 35 50
17 21 36 125
17 21 37 27
17 21 38 69
17 21 39 78
17 21 40 34
17 21 41 117
17 21 42 48
17 22 0 35
17 22 1 65
17 22 2 24
17 22 3 20
17 22 4 122
17 22 5 23
17 22 6 10
17 22 7 100
17 22 8 28
17 22 9 114
17 22 10 121
17 22 11 70
17 22 12 25
17 22 13 53
17 22 14 80
17 22 15 37
17 22 16 52
17 22 17 8
17 22 18 79
17 22 19 73
17 22 20 9
17 22 21 112
17 22 22 81
17 22 23 46
17 22 24 90
17 22 25 14
17 22 26 2
17 22 27 111
17 22 28 118
17 22 29 78
17 22 30 89
17 22 31 36
17 22 32 63
17 22 33 82
17 22 34 117
17 22 35 45
17 22 36 6
17 22 37 95
17 22 38 72
17 22 39 19
17 22 40 48
17 22 41 123
17 22 42 62
17 23 0 100
17 23 1 14
17 23 2 28
17 23 3 121
17 23 4 18
17 23 5 16
17 23 6 99
17 23 7 21
17 23 8 113
17 23 9 60
17 23 10 32
17 23 11 22
17 23 12 61
17 23 13 105
17 23 14 0
17 23 15 119
17 23 16 126
17 23 17 56
17 23 18 73
17 23 19 12
17 23 20 79
17 23 21 43
17 23 22 125
17 23 23 65
17 23 24 30
17 23 25 13
17 23 26 110
17 23 27 58
17 23 28 124
17 23 29 63
17 23 30 7
17 23 31 59
17 23 32 66
17 23 33 72
17 23 34 123
17 23 35 34
17 23 36 94
17 23 37 101
17 23 38 42
17 23 39 74
17 23 40 122
17 23 41 85
17 23 42 41
17 24 0 40
17 24 1 38
17 24 2 120
17 24 3 15
17 24 4 3
17 24 5 98
17 24 6 13
17 24 7 46
17 24 8 119
17 24 9 126
17 24 10 20
17 24 11 77
17 24 12 104
17 24 13 6
17 24 14 118
17 24 15 49
17 24 16 89
17 24 17 96
17 24 18 1
17 24 19 57
17 24 20 117
17 24 21 64
17 24 22 88
17 24 23 42
17 24 24 14
17 24 25 109
17 24 26 116
17 24 27 68
17 24 28 87
17 24 29 4
17 24 30 101
17 24 31 67
17 24 32 74
17 24 33 122
17 24 34 5
17 24 35 73
17 24 36 58
17 24 37 21
17 24 38 59
17 24 39 121
17 24 40 80
17 24 41 37
17 24 42 99
17 25 0 34
17 25 1 119
17 25 2 23
17 25 3 5
17 25 4 97
17 25 5 41
17 25 6 111
17 25 7 118
17 25 8 46
17 25 9 1
17 25 10 96
17 25 11 103
17 25 12 28
17 25 13 43
17 25 14 124
17 25 15 57
17 25 16 70
17 25 17 25
17 25 18 75
17 25 19 61
17 25 20 123
17 25 21 60
17 25 22 37
17 25 23 31
17 25 24 108
17 25 25 115
17 25 26 80
17 25 27 86
17 25 28 8
17 25 29 66
17 25 30 107
17 25 31 49
17 25 32 121
17 25 33 27
17 25 34 92
17 25 35 78
17 25 36 30
17 25 37 71
17 25 38 82
17 25 39 48
17 25 40 3
17 25 41 98
17 25 42 4
17 26 0 118
17 26 1 12
17 26 2 16
17 26 3 51
17 26 4 31
17 26 5 110
17 26 6 49
17 26 7 124
17 26 8 9
17 26 9 63
17 26 10 102
17 26 11 1
17 26 12 116
17 26 13 47
17 26 14 87
17 26 15 77
17 26 16 7
17 26 17 83
17 26 18 65
17 26 19 122
17 26 20 61
17 26 21 42
17 26 22 22
17 26 23 78
17 26 24 114
17 26 25 53
17 26 26 48
17 26 27 0
17 26 28 80
17 26 29 106
17 26 30 52
17 26 31 79
17 26 32 39
17 26 33 91
17 26 34 68
17 26 35 20
17 26 36 112
17 26 37 119
17 26 38 54
17 26 39 21
17 26 40 97
17 26 41 27
17 26 42 18
17 27 0 30
17 27 1 29
17 27 2 95
17 27 3 3
17 27 4 109
17 27 5 116
17 27 6 78
17 27 7 39
17 27 8 47
17 27 9 44
17 27 10 12
17 27 11 115
17 27 12 75
17 27 13 86
17 27 14 93
17 27 15 33
17 27 16 107
17 27 17 72
17 27 18 121
17 27 19 66
17 27 20 38
17 27 21 14
17 27 22 73
17 27 23 113
17 27 24 120
17 27 25 42
17 27 26 21
17 27 27 64
17 27 28 71
17 27 29 112
17 27 30 119
17 27 31 1
17 27 32 90
17 27 33 61
17 27 34 10
17 27 35 68
17 27 36 118
17 27 37 125
17 27 38 31
17 27 39 51
17 27 40 23
17 27 41 11
17 27 42 117
17 28 0 23
17 28 1 94
17 28 2 35
17 28 3 108
17 28 4 115
17 28 5 53
17 28 6 26
17 28 7 93
17 28 8 100
17 28 9 38
17 28 10 114
17 28 11 66
17 28 12 80
17 28 13 61
17 28 14 30
17 28 15 106
17 28 16 46
17 28 17 73
17 28 18 57
17 28 19 10
17 28 20 28
17 28 21 105
17 28 22 44
17 28 23 84
17 28 24 126
17 28 25 7
17 28 26 55
17 28 27 79
17 28 28 43
17 28 29 118
17 28 30 8
17 28 31 64
17 28 32 96
17 28 33 22
17 28 34 59
17 28 35 70
17 28 36 75
17 28 37 36
17 28 38 95
17 28 39 4
17 28 40 16
17 28 41 116
17 28 42 20
17 29 0 45
17 29 1 15
17 29 2 60
17 29 3 114
17 29 4 83
17 29 5 25
17 29 6 52
17 29 7 99
17 29 8 40
17 29 9 113
17 29 10 120
17 29 11 4
17 29 12 53
17 29 13 27
17 29 14 65
17 29 15 112
17 29 16 119
17 29 17 44
17 29 18 8
17 29 19 26
17 29 20 104
17 29 21 111
17 29 22 70
17 29 23 71
17 29 24 24
17 29 25 96
17 29 26 68
17 29 27 43
17 29 28 57
17 29 29 7
17 29 30 88
17 29 31 78
17 29 32 22
17 29 33 84
17 29 34 116
17 29 35 123
17 29 36 11
17 29 37 94
17 29 38 39
17 29 39 0
17 29 40 115
17 29 41 9
17 29 42 19
17 30 0 36
17 30 1 56
17 30 2 113
17 30 3 120
17 30 4 1
17 30 5 66
17 30 6 98
17 30 7 5
17 30 8 60
17 30 9 58
17 30 10 126
17 30 11 72
17 30 12 34
17 30 13 84
17 30 14 62
17 30 15 118
17 30 16 125
17 30 17 41
17 30 18 6
17 30 19 103
17 30 20 110
17 30 21 117
17 30 22 124
17 30 23 29
17 30 24 52
17 30 25 45
17 30 26 43
17 30 27 116
17 30 28 28
17 30 29 67
17 30 30 55
17 30 31 13
17 30 32 69
17 30 33 115
17 30 34 122
17 30 35 2
17 30 36 70
17 30 37 7
17 30 38 18
17 30 39 114
17 30 40 42
17 30 41 15
17 30 42 92
17 31 0 105
17 31 1 83
17 31 2 56
17 31 3 9
17 31 4 55
17 31 5 97
17 31 6 34
17 31 7 111
17 31 8 79
17 31 9 85
17 31 10 89
17 31 11 23
17 31 12 64
17 31 13 70
17 31 14 60
17 31 15 46
17 31 16 36
17 31 17 38
17 31 18 102
17 31 19 109
17 31 20 48
17 31 21 51
17 31 22 25
17 31 23 47
17 31 24 101
17 31 25 76
17 31 26 115
17 31 27 28
17 31 28 68
17 31 29 93
17 31 30 14
17 31 31 107
17 31 32 114
17 31 33 121
17 31 34 20
17 31 35 92
17 31 36 16
17 31 37 24
17 31 38 113
17 31 39 11
17 31 40 13
17 31 41 91
17 31 42 32
17 32 0 111
17 32 1 76
17 32 2 11
17 32 3 89
17 32 4 75
17 32 5 5
17 32 6 110
17 32 7 117
17 32 8 124
17 32 9 74
17 32 10 23
17 32 11 45
17 32 12 51
17 32 13 116
17 32 14 123
17 32 15 26
17 32 16 38
17 32 17 43
17 32 18 108
17 32 19 56
17 32 20 81
17 32 21 33
17 32 22 93
17 32 23 58
17 32 24 107
17 32 25 114
17 32 26 1
17 32 27 57
17 32 28 54
17 32 29 30
17 32 30 106
17 32 31 113
17 32 32 68
17 32 33 25
17 32 34 91
17 32 35 29
17 32 36 18
17 32 37 112
17 32 38 22
17 32 39 3
17 32 40 90
17 32 41 19
17 32 42 104
17 33 0 117
17 33 1 22
17 33 2 50
17 33 3 95
17 33 4 42
17 33 5 109
17 33 6 74
17 33 7 55
17 33 8 87
17 33 9 28
17 33 10 101
17 33 11 67
17 33 12 115
17 33 13 122
17 33 14 37
17 33 15 39
17 33 16 100
17 33 17 66
17 33 18 76
17 33 19 51
17 33 20 0
17 33 21 44
17 33 22 57
17 33 23 106
17 33 24 113
17 33 25 33
17 33 26 60
17 33 27 81
17 33 28 32
17 33 29 83
17 33 30 47
17 33 31 119
17 33 32 34
17 33 33 90
17 33 34 8
17 33 35 14
17 33 36 111
17 33 37 2
17 33 38 29
17 33 39 49
17 33 40 36
17 33 41 103
17 33 42 110
17 34 0 4
17 34 1 87
17 34 2 94
17 34 3 26
17 34 4 108
17 34 5 72
17 34 6 75
17 34 7 86
17 34 8 25
17 34 9 81
17 34 10 107
17 34 11 114
17 34 12 121
17 34 13 41
17 34 14 38
17 34 15 99
17 34 16 69
17 34 17 53
17 34 18 120
17 34 19 6
17 34 20 54
17 34 21 82
17 34 22 80
17 34 23 61
17 34 24 36
17 34 25 79
17 34 26 47
17 34 27 22
17 34 28 62
17 34 29 111
17 34 30 118
17 34 31 21
17 34 32 60
17 34 33 10
17 34 34 39
17 34 35 110
17 34 36 12
17 34 37 15
17 34 38 88
17 34 39 37
17 34 40 102
17 34 41 109
17 34 42 57
17 35 0 86
17 35 1 73
17 35 2 26
17 35 3 83
17 35 4 58
17 35 5 62
17 35 6 63
17 35 7 1
17 35 8 48
17 35 9 106
17 35 10 113
17 35 11 52
17 35 12 18
17 35 13 28
17 35 14 98
17 35 15 105
17 35 16 112
17 35 17 51
17 35 18 23
17 35 19 65
17 35 20 74
17 35 21 70
17 35 22 111
17 35 23 40
17 35 24 125
17 35 25 89
17 35 26 25
17 35 27 55
17 35 28 110
17 35 29 49
17 35 30 37
17 35 31 88
17 35 32 19
17 35 33 24
17 35 34 109
17 35 35 27
17 35 36 7
17 35 37 66
17 35 38 15
17 35 39 77
17 35 40 108
17 35 41 45
17 35 42 2
17 36 0 92
17 36 1 40
17 36 2 81
17 36 3 57
17 36 4 120
17 36 5 0
17 36 6 7
17 36 7 44
17 36 8 66
17 36 9 55
17 36 10 119
17 36 11 14
17 36 12 37
17 36 13 97
17 36 14 104
17 36 15 76
17 36 16 77
17 36 17 1
17 36 18 89
17 36 19 96
17 36 20 51
17 36 21 110
17 36 22 3
17 36 23 48
17 36 24 63
17 36 25 21
17 36 26 70
17 36 27 109
17 36 28 116
17 36 29 13
17 36 30 62
17 36 31 33
17 36 32 42
17 36 33 108
17 36 34 35
17 36 35 8
17 36 36 53
17 36 37 16
17 36 38 100
17 36 39 85
17 36 40 46
17 36 41 29
17 36 42 79
17 37 0 25
17 37 1 105
17 37 2 112
17 37 3 44
17 37 4 126
17 37 5 18
17 37 6 73
17 37 7 58
17 37 8 111
17 37 9 118
17 37 10 28
17 37 11 7
17 37 12 49
17 37 13 103
17 37 14 43
17 37 15 117
17 37 16 3
17 37 17 81
17 37 18 67
17 37 19 52
17 37 20 109
17 37 21 6
17 37 22 123
17 37 23 87
17 37 24 2
17 37 25 101
17 37 26 108
17 37 27 115
17 37 28 29
17 37 29 77
17 37 30 5
17 37 31 16
17 37 32 107
17 37 33 11
17 37 34 0
17 37 35 48
17 37 36 41
17 37 37 99
17 37 38 78
17 37 39 79
17 37 40 32
17 37 41 24
17 37 42 91
17 38 0 104
17 38 1 68
17 38 2 53
17 38 3 82
17 38 4 7
17 38 5 96
17 38 6 77
17 38 7 110
17 38 8 71
17 38 9 18
17 38 10 35
17 38 11 95
17 38 12 102
17 38 13 62
17 38 14 47
17 38 15 42
17 38 16 87
17 38 17 76
17 38 18 101
17 38 19 108
17 38 20 37
17 38 21 122
17 38 22 86
17 38 23 24
17 38 24 84
17 38 25 85
17 38 26 114
17 38 27 5
17 38 28 72
17 38 29 11
17 38 30 38
17 38 31 106
17 38 32 31
17 38 33 19
17 38 34 43
17 38 35 0
17 38 36 98
17 38 37 105
17 38 38 112
17 38 39 22
17 38 40 126
17 38 41 90
17 38 42 34
17 39 0 69
17 39 1 117
17 39 2 124
17 39 3 35
17 39 4 43
17 39 5 44
17 39 6 109
17 39 7 116
17 39 8 42
17 39 9 16
17 39 10 94
17 39 11 65
17 39 12 54
17 39 13 76
17 39 14 27
17 39 15 86
17 39 16 93
17 39 17 63
17 39 18 82
17 39 19 0
17 39 20 121
17 39 21 84
17 39 22 12
17 39 23 74
17 39 24 78
17 39 25 113
17 39 26 34
17 39 27 67
17 39 28 15
17 39 29 3
17 39 30 105
17 39 31 39
17 39 32 23
17 39 33 58
17 39 34 29
17 39 35 97
17 39 36 104
17 39 37 50
17 39 38 10
17 39 39 57
17 39 40 72
17 39 41 40
17 39 42 103
17 40 0 46
17 40 1 55
17 40 2 31
17 40 3 69
17 40 4 101
17 40 5 108
17 40 6 115
17 40 7 27
17 40 8 6
17 40 9 68
17 40 10 100
17 40 11 107
17 40 12 72
17 40 13 16
17 40 14 57
17 40 15 58
17 40 16 62
17 40 17 80
17 40 18 9
17 40 19 47
17 40 20 10
17 40 21 2
17 40 22 75
17 40 23 105
17 40 24 43
17 40 25 36
17 40 26 54
17 40 27 34
17 40 28 23
17 40 29 104
17 40 30 18
17 40 31 29
17 40 32 125
17 40 33 5
17 40 34 71
17 40 35 103
17 40 36 65
17 40 37 32
17 40 38 124
17 40 39 88
17 40 40 28
17 40 41 102
17 40 42 50
17 41 0 66
17 41 1 33
17 41 2 93
17 41 3 67
17 41 4 51
17 41 5 114
17 41 6 40
17 41 7 20
17 41 8 92
17 41 9 99
17 41 10 106
17 41 11 82
17 41 12 27
17 41 13 34
17 41 14 45
17 41 15 48
17 41 16 105
17 41 17 37
17 41 18 119
17 41 19 126
17 41 20 5
17 41 21 63
17 41 22 104
17 41 23 111
17 41 24 18
17 41 25 125
17 41 26 26
17 41 27 42
17 41 28 103
17 41 29 35
17 41 30 1
17 41 31 60
17 41 32 21
17 41 33 95
17 41 34 102
17 41 35 58
17 41 36 13
17 41 37 73
17 41 38 84
17 41 39 31
17 41 40 59
17 41 41 83
17 41 42 81
17 42 0 11
17 42 1 69
17 42 2 44
17 42 3 54
17 42 4 113
17 42 5 6
17 42 6 16
17 42 7 91
17 42 8 98
17 42 9 53
17 42 10 112
17 42 11 33
17 42 12 126
17 42 13 65
17 42 14 46
17 42 15 104
17 42 16 8
17 42 17 118
17 42 18 70
17 42 19 32
17 42 20 96
17 42 21 103
17 42 22 110
17 42 23 19
17 42 24 71
17 42 25 27
17 42 26 7
17 42 27 102
17 42 28 10
17 42 29 15
17 42 30 123
17 42 31 40
17 42 32 94
17 42 33 73
17 42 34 80
17 42 35 9
17 42 36 82
17 42 37 60
17 42 38 37
17 42 39 100
17 42 40 107
17 42 41 63
17 42 42 76
18 0 0 45
18 0 1 55
18 0 2 113
18 0 3 7
18 0 4 17
18 0 5 91
18 0 6 98
18 0 7 54
18 0 8 112
18 0 9 34
18 0 10 126
18 0 11 66
18 0 12 47
18 0 13 104
18 0 14 9
18 0 15 118
18 0 16 71
18 0 17 33
18 0 18 96
18 0 19 103
18 0 20 110
18 0 21 20
18 0 22 72
18 0 23 28
18 0 24 8
18 0 25 102
18 0 26 11
18 0 27 16
18 0 28 123
18 0 29 41
18 0 30 94
18 0 31 74
18 0 32 81
18 0 33 10
18 0 34 83
18 0 35 61
18 0 36 38
18 0 37 100
18 0 38 107
18 0 39 64
18 0 40 77
18 0 41 12
18 0 42 70
18 1 0 105
18 1 1 78
18 1 2 40
18 1 3 37
18 1 4 90
18 1 5 97
18 1 6 70
18 1 7 76
18 1 8 10
18 1 9 47
18 1 10 89
18 1 11 96
18 1 12 103
18 1 13 9
18 1 14 46
18 1 15 124
18 1 16 31
18 1 17 45
18 1 18 102
18 1 19 109
18 1 20 41
18 1 21 123
18 1 22 20
18 1 23 23
18 1 24 101
18 1 25 39
18 1 26 25
18 1 27 122
18 1 28 14
18 1 29 53
18 1 30 100
18 1 31 107
18 1 32 13
18 1 33 67
18 1 34 64
18 1 35 42
18 1 36 99
18 1 37 106
18 1 38 63
18 1 39 120
18 1 40 29
18 1 41 83
18 1 42 65
18 2 0 111
18 2 1 39
18 2 2 41
18 2 3 75
18 2 4 61
18 2 5 51
18 2 6 57
18 2 7 7
18 2 8 124
18 2 9 79
18 2 10 85
18 2 11 102
18 2 12 36
18 2 13 116
18 2 14 66
18 2 15 13
18 2 16 65
18 2 17 81
18 2 18 108
18 2 19 42
18 2 20 122
18 2 21 6
18 2 22 33
18 2 23 100
18 2 24 21
18 2 25 27
18 2 26 121
18 2 27 1
18 2 28 92
18 2 29 99
18 2 30 106
18 2 31 3
18 2 32 120
18 2 33 53
18 2 34 2
18 2 35 98
18 2 36 45
18 2 37 112
18 2 38 74
18 2 39 35
18 2 40 70
18 2 41 73
18 2 42 104
18 3 0 40
18 3 1 9
18 3 2 88
18 3 3 95
18 3 4 59
18 3 5 80
18 3 6 12
18 3 7 49
18 3 8 87
18 3 9 63
18 3 10 61
18 3 11 30
18 3 12 115
18 3 13 55
18 3 14 24
18 3 15 93
18 3 16 100
18 3 17 65
18 3 18 16
18 3 19 121
18 3 20 32
18 3 21 13
18 3 22 99
18 3 23 17
18 3 24 6
18 3 25 51
18 3 26 10
18 3 27 91
18 3 28 98
18 3 29 52
18 3 30 5
18 3 31 66
18 3 32 54
18 3 33 34
18 3 34 97
18 3 35 78
18 3 36 76
18 3 37 69
18 3 38 2
18 3 39 89
18 3 40 96
18 3 41 103
18 3 42 110
18 4 0 42
18 4 1 77
18 4 2 94
18 4 3 101
18 4 4 56
18 4 5 12
18 4 6 68
18 4 7 86
18 4 8 93
18 4 9 100
18 4 10 1
18 4 11 114
18 4 12 69
18 4 13 26
18 4 14 81
18 4 15 99
18 4 16 61
18 4 17 3
18 4 18 76
18 4 19 22
18 4 20 24
18 4 21 98
18 4 22 11
18 4 23 19
18 4 24 119
18 4 25 15
18 4 26 90
18 4 27 97
18 4 28 80
18 4 29 21
18 4 30 43
18 4 31 125
18 4 32 7
18 4 33 64
18 4 34 78
18 4 35 53
18 4 36 117
18 4 37 10
18 4 38 50
18 4 39 51
18 4 40 102
18 4 41 109
18 4 42 40
18 5 0 64
18 5 1 48
18 5 2 75
18 5 3 107
18 5 4 1
18 5 5 60
18 5 6 84
18 5 7 55
18 5 8 99
18 5 9 30
18 5 10 113
18 5 11 120
18 5 12 34
18 5 13 68
18 5 14 98
18 5 15 105
18 5 16 42
18 5 17 119
18 5 18 20
18 5 19 36
18 5 20 97
18 5 21 17
18 5 22 28
18 5 23 118
18 5 24 33
18 5 25 46
18 5 26 51
18 5 27 62
18 5 28 22
18 5 29 117
18 5 30 57
18 5 31 7
18 5 32 95
18 5 33 78
18 5 34 85
18 5 35 66
18 5 36 6
18 5 37 87
18 5 38 80
18 5 39 77
18 5 40 108
18 5 41 29
18 5 42 37
18 6 0 92
18 6 1 49
18 6 2 106
18 6 3 8
18 6 4 120
18 6 5 31
18 6 6 46
18 6 7 98
18 6 8 38
18 6 9 77
18 6 10 74
18 6 11 10
18 6 12 43
18 6 13 97
18 6 14 104
18 6 15 20
18 6 16 118
18 6 17 16
18 6 18 26
18 6 19 96
18 6 20 35
18 6 21 39
18 6 22 70
18 6 23 24
18 6 24 88
18 6 25 95
18 6 26 53
18 6 27 13
18 6 28 60
18 6 29 123
18 6 30 28
18 6 31 94
18 6 32 101
18 6 33 50
18 6 34 57
18 6 35 11
18 6 36 86
18 6 37 93
18 6 38 100
18 6 39 48
18 6 40 9
18 6 41 27
18 6 42 55
18 7 0 56
18 7 1 81
18 7 2 5
18 7 3 44
18 7 4 126
18 7 5 74
18 7 6 97
18 7 7 40
18 7 8 111
18 7 9 58
18 7 10 9
18 7 11 89
18 7 12 72
18 7 13 103
18 7 14 0
18 7 15 70
18 7 16 12
18 7 17 15
18 7 18 95
18 7 19 19
18 7 20 31
18 7 21 116
18 7 22 42
18 7 23 67
18 7 24 94
18 7 25 101
18 7 26 13
18 7 27 53
18 7 28 122
18 7 29 27
18 7 30 85
18 7 31 69
18 7 32 107
18 7 33 84
18 7 34 28
18 7 35 73
18 7 36 68
18 7 37 99
18 7 38 43
18 7 39 7
18 7 40 25
18 7 41 60
18 7 42 91
18 8 0 46
18 8 1 2
18 8 2 51
18 8 3 64
18 8 4 89
18 8 5 78
18 8 6 23
18 8 7 110
18 8 8 117
18 8 9 39
18 8 10 75
18 8 11 95
18 8 12 102
18 8 13 32
18 8 14 116
18 8 15 6
18 8 16 5
18 8 17 94
18 8 18 24
18 8 19 12
18 8 20 115
18 8 21 4
18 8 22 73
18 8 23 82
18 8 24 50
18 8 25 25
18 8 26 43
18 8 27 121
18 8 28 34
18 8 29 92
18 8 30 72
18 8 31 106
18 8 32 55
18 8 33 14
18 8 34 36
18 8 35 84
18 8 36 98
18 8 37 105
18 8 38 21
18 8 39 40
18 8 40 61
18 8 41 90
18 8 42 60
18 9 0 28
18 9 1 117
18 9 2 124
18 9 3 72
18 9 4 95
18 9 5 34
18 9 6 109
18 9 7 44
18 9 8 26
18 9 9 87
18 9 10 94
18 9 11 75
18 9 12 4
18 9 13 115
18 9 14 19
18 9 15 23
18 9 16 93
18 9 17 17
18 9 18 8
18 9 19 114
18 9 20 14
18 9 21 84
18 9 22 92
18 9 23 62
18 9 24 15
18 9 25 63
18 9 26 48
18 9 27 39
18 9 28 91
18 9 29 47
18 9 30 54
18 9 31 112
18 9 32 35
18 9 33 126
18 9 34 53
18 9 35 97
18 9 36 104
18 9 37 13
18 9 38 36
18 9 39 125
18 9 40 57
18 9 41 96
18 9 42 64
18 10 0 48
18 10 1 65
18 10 2 87
18 10 3 94
18 10 4 7
18 10 5 108
18 10 6 60
18 10 7 34
18 10 8 86
18 10 9 61
18 10 10 100
18 10 11 37
18 10 12 114
18 10 13 30
18 10 14 12
18 10 15 92
18 10 16 1
18 10 17 31
18 10 18 113
18 10 19 32
18 10 20 79
18 10 21 91
18 10 22 47
18 10 23 5
18 10 24 112
18 10 25 119
18 10 26 8
18 10 27 90
18 10 28 49
18 10 29 55
18 10 30 62
18 10 31 27
18 10 32 58
18 10 33 89
18 10 34 63
18 10 35 103
18 10 36 4
18 10 37 41
18 10 38 56
18 10 39 88
18 10 40 78
18 10 41 85
18 10 42 10
18 11 0 85
18 11 1 86
18 11 2 69
18 11 3 29
18 11 4 84
18 11 5 68
18 11 6 15
18 11 7 51
18 11 8 92
18 11 9 99
18 11 10 22
18 11 11 113
18 11 12 32
18 11 13 20
18 11 14 91
18 11 15 40
18 11 16 38
18 11 17 56
18 11 18 41
18 11 19 59
18 11 20 90
18 11 21 73
18 11 22 14
18 11 23 49
18 11 24 118
18 11 25 30
18 11 26 76
18 11 27 96
18 11 28 82
18 11 29 58
18 11 30 31
18 11 31 124
18 11 32 43
18 11 33 95
18 11 34 102
18 11 35 21
18 11 36 36
18 11 37 123
18 11 38 75
18 11 39 83
18 11 40 101
18 11 41 34
18 11 42 48
18 12 0 67
18 12 1 92
18 12 2 35
18 12 3 82
18 12 4 80
18 12 5 13
18 12 6 3
18 12 7 91
18 12 8 98
18 12 9 14
18 12 10 45
18 12 11 19
18 12 12 17
18 12 13 90
18 12 14 7
18 12 15 21
18 12 16 111
18 12 17 37
18 12 18 125
18 12 19 73
18 12 20 96
18 12 21 36
18 12 22 43
18 12 23 52
18 12 24 1
18 12 25 88
18 12 26 71
18 12 27 74
18 12 28 46
18 12 29 28
18 12 30 81
18 12 31 87
18 12 32 94
18 12 33 44
18 12 34 22
18 12 35 5
18 12 36 122
18 12 37 64
18 12 38 93
18 12 39 57
18 12 40 23
18 12 41 65
18 12 42 51
18 13 0 91
18 13 1 41
18 13 2 105
18 13 3 112
18 13 4 10
18 13 5 126
18 13 6 90
18 13 7 97
18 13 8 7
18 13 9 111
18 13 10 25
18 13 11 12
18 13 12 89
18 13 13 15
18 13 14 11
18 13 15 110
18 13 16 0
18 13 17 76
18 13 18 88
18 13 19 79
18 13 20 16
18 13 21 57
18 13 22 116
18 13 23 29
18 13 24 59
18 13 25 84
18 13 26 101
18 13 27 45
18 13 28 42
18 13 29 74
18 13 30 86
18 13 31 68
18 13 32 100
18 13 33 33
18 13 34 21
18 13 35 121
18 13 36 51
18 13 37 83
18 13 38 62
18 13 39 26
18 13 40 54
18 13 41 120
18 13 42 27
18 14 0 11
18 14 1 104
18 14 2 72
18 14 3 14
18 14 4 73
18 14 5 65
18 14 6 51
18 14 7 26
18 14 8 110
18 14 9 6
18 14 10 24
18 14 11 88
18 14 12 3
18 14 13 25
18 14 14 109
18 14 15 33
18 14 16 123
18 14 17 47
18 14 18 50
18 14 19 1
18 14 20 52
18 14 21 115
18 14 22 8
18 14 23 68
18 14 24 93
18 14 25 76
18 14 26 107
18 14 27 34
18 14 28 43
18 14 29 56
18 14 30 92
18 14 31 99
18 14 32 15
18 14 33 31
18 14 34 80
18 14 35 60
18 14 36 67
18 14 37 55
18 14 38 13
18 14 39 112
18 14 40 81
18 14 41 126
18 14 42 90
18 15 0 103
18 15 1 72
18 15 2 42
18 15 3 124
18 15 4 88
18 15 5 95
18 15 6 37
18 15 7 109
18 15 8 16
18 15 9 40
18 15 10 87
18 15 11 41
18 15 12 6
18 15 13 108
18 15 14 27
18 15 15 122
18 15 16 60
18 15 17 93
18 15 18 23
18 15 19 107
18 15 20 114
18 15 21 33
18 15 22 56
18 15 23 83
18 15 24 79
18 15 25 106
18 15 26 5
18 15 27 120
18 15 28 32
18 15 29 91
18 15 30 98
18 15 31 39
18 15 32 34
18 15 33 119
18 15 34 47
18 15 35 70
18 15 36 59
18 15 37 31
18 15 38 51
18 15 39 53
18 15 40 46
18 15 41 43
18 15 42 20
18 16 0 44
18 16 1 37
18 16 2 57
18 16 3 52
18 16 4 94
18 16 5 16
18 16 6 108
18 16 7 22
18 16 8 12
18 16 9 86
18 16 10 0
18 16 11 4
18 16 12 82
18 16 13 31
18 16 14 121
18 16 15 80
18 16 16 70
18 16 17 26
18 16 18 106
18 16 19 113
18 16 20 3
18 16 21 54
18 16 22 60
18 16 23 56
18 16 24 75
18 16 25 36
18 16 26 45
18 16 27 126
18 16 28 90
18 16 29 97
18 16 30 21
18 16 31 32
18 16 32 118
18 16 33 125
18 16 34 89
18 16 35 96
18 16 36 13
18 16 37 72
18 16 38 117
18 16 39 124
18 16 40 88
18 16 41 38
18 16 42 102
18 17 0 37
18 17 1 50
18 17 2 85
18 17 3 81
18 17 4 6
18 17 5 73
18 17 6 17
18 17 7 20
18 17 8 61
18 17 9 11
18 17 10 3
18 17 11 49
18 17 12 22
18 17 13 84
18 17 14 80
18 17 15 72
18 17 16 27
18 17 17 69
18 17 18 64
18 17 19 25
18 17 20 56
18 17 21 63
18 17 22 83
18 17 23 60
18 17 24 28
18 17 25 57
18 17 26 77
18 17 27 71
18 17 28 67
18 17 29 15
18 17 30 9
18 17 31 55
18 17 32 51
18 17 33 45
18 17 34 65
18 17 35 32
18 17 36 62
18 17 37 82
18 17 38 59
18 17 39 66
18 17 40 41
18 17 41 58
18 17 42 53
18 18 0 52
18 18 1 85
18 18 2 92
18 18 3 36
18 18 4 83
18 18 5 27
18 18 6 1
18 18 7 18
18 18 8 35
18 18 9 9
18 18 10 105
18 18 11 0
18 18 12 119
18 18 13 70
18 18 14 65
18 18 15 25
18 18 16 78
18 18 17 111
18 18 18 33
18 18 19 125
18 18 20 89
18 18 21 96
18 18 22 50
18 18 23 32
18 18 24 117
18 18 25 124
18 18 26 88
18 18 27 95
18 18 28 31
18 18 29 5
18 18 30 116
18 18 31 123
18 18 32 87
18 18 33 77
18 18 34 4
18 18 35 47
18 18 36 66
18 18 37 62
18 18 38 68
18 18 39 3
18 18 40 100
18 18 41 107
18 18 42 11
18 19 0 62
18 19 1 91
18 19 2 14
18 19 3 105
18 19 4 33
18 19 5 25
18 19 6 126
18 19 7 16
18 19 8 19
18 19 9 104
18 19 10 30
18 19 11 118
18 19 12 125
18 19 13 89
18 19 14 42
18 19 15 50
18 19 16 110
18 19 17 38
18 19 18 79
18 19 19 76
18 19 20 69
18 19 21 71
18 19 22 4
18 19 23 63
18 19 24 52
18 19 25 75
18 19 26 94
18 19 27 27
18 19 28 21
18 19 29 115
18 19 30 122
18 19 31 86
18 19 32 93
18 19 33 8
18 19 34 107
18 19 35 43
18 19 36 82
18 19 37 66
18 19 38 11
18 19 39 99
18 19 40 106
18 19 41 9
18 19 42 120
18 20 0 90
18 20 1 5
18 20 2 104
18 20 3 32
18 20 4 36
18 20 5 125
18 20 6 24
18 20 7 14
18 20 8 103
18 20 9 20
18 20 10 71
18 20 11 57
18 20 12 49
18 20 13 42
18 20 14 50
18 20 15 109
18 20 16 41
18 20 17 123
18 20 18 87
18 20 19 84
18 20 20 101
18 20 21 23
18 20 22 67
18 20 23 55
18 20 24 62
18 20 25 85
18 20 26 4
18 20 27 15
18 20 28 114
18 20 29 121
18 20 30 66
18 20 31 79
18 20 32 0
18 20 33 106
18 20 34 46
18 20 35 120
18 20 36 54
18 20 37 33
18 20 38 98
18 20 39 70
18 20 40 10
18 20 41 72
18 20 42 75
18 21 0 9
18 21 1 103
18 21 2 30
18 21 3 38
18 21 4 124
18 21 5 39
18 21 6 20
18 21 7 102
18 21 8 42
18 21 9 116
18 21 10 123
18 21 11 87
18 21 12 37
18 21 13 101
18 21 14 108
18 21 15 16
18 21 16 122
18 21 17 86
18 21 18 93
18 21 19 68
18 21 20 5
18 21 21 60
18 21 22 82
18 21 23 71
18 21 24 92
18 21 25 2
18 21 26 40
18 21 27 113
18 21 28 54
18 21 29 4
18 21 30 48
18 21 31 31
18 21 32 77
18 21 33 112
18 21 34 81
18 21 35 63
18 21 36 3
18 21 37 97
18 21 38 65
18 21 39 13
18 21 40 43
18 21 41 125
18 21 42 46
18 22 0 102
18 22 1 11
18 22 2 33
18 22 3 123
18 22 4 12
18 22 5 30
18 22 6 77
18 22 7 10
18 22 8 115
18 22 9 122
18 22 10 86
18 22 11 22
18 22 12 85
18 22 13 83
18 22 14 25
18 22 15 121
18 22 16 55
18 22 17 71
18 22 18 57
18 22 19 23
18 22 20 65
18 22 21 120
18 22 22 58
18 22 23 91
18 22 24 5
18 22 25 21
18 22 26 78
18 22 27 119
18 22 28 126
18 22 29 84
18 22 30 2
18 22 31 76
18 22 32 48
18 22 33 51
18 22 34 125
18 22 35 28
18 22 36 70
18 22 37 79
18 22 38 35
18 22 39 117
18 22 40 49
18 22 41 88
18 22 42 3
18 23 0 25
18 23 1 21
18 23 2 122
18 23 3 24
18 23 4 11
18 23 5 100
18 23 6 29
18 23 7 114
18 23 8 121
18 23 9 71
18 23 10 26
18 23 11 54
18 23 12 81
18 23 13 38
18 23 14 53
18 23 15 9
18 23 16 80
18 23 17 74
18 23 18 10
18 23 19 112
18 23 20 82
18 23 21 47
18 23 22 90
18 23 23 15
18 23 24 3
18 23 25 111
18 23 26 118
18 23 27 79
18 23 28 89
18 23 29 37
18 23 30 64
18 23 31 83
18 23 32 117
18 23 33 46
18 23 34 7
18 23 35 95
18 23 36 73
18 23 37 20
18 23 38 49
18 23 39 123
18 23 40 63
18 23 41 36
18 23 42 66
18 24 0 29
18 24 1 121
18 24 2 19
18 24 3 17
18 24 4 99
18 24 5 22
18 24 6 113
18 24 7 61
18 24 8 33
18 24 9 23
18 24 10 62
18 24 11 105
18 24 12 1
18 24 13 119
18 24 14 126
18 24 15 57
18 24 16 74
18 24 17 13
18 24 18 80
18 24 19 44
18 24 20 125
18 24 21 66
18 24 22 31
18 24 23 14
18 24 24 110
18 24 25 59
18 24 26 124
18 24 27 64
18 24 28 8
18 24 29 60
18 24 30 67
18 24 31 73
18 24 32 123
18 24 33 35
18 24 34 94
18 24 35 101
18 24 36 0
18 24 37 75
18 24 38 122
18 24 39 43
18 24 40 42
18 24 41 100
18 24 42 15
18 25 0 120
18 25 1 16
18 25 2 4
18 25 3 98
18 25 4 14
18 25 5 47
18 25 6 119
18 25 7 126
18 25 8 21
18 25 9 78
18 25 10 104
18 25 11 7
18 25 12 118
18 25 13 50
18 25 14 89
18 25 15 96
18 25 16 2
18 25 17 58
18 25 18 117
18 25 19 65
18 25 20 88
18 25 21 0
18 25 22 15
18 25 23 109
18 25 24 116
18 25 25 69
18 25 26 87
18 25 27 5
18 25 28 101
18 25 29 68
18 25 30 75
18 25 31 122
18 25 32 6
18 25 33 74
18 25 34 59
18 25 35 22
18 25 36 60
18 25 37 121
18 25 38 81
18 25 39 38
18 25 40 99
18 25 41 41
18 25 42 39
18 26 0 24
18 26 1 6
18 26 2 97
18 26 3 42
18 26 4 111
18 26 5 118
18 26 6 47
18 26 7 2
18 26 8 96
18 26 9 103
18 26 10 29
18 26 11 44
18 26 12 124
18 26 13 58
18 26 14 71
18 26 15 26
18 26 16 76
18 26 17 62
18 26 18 123
18 26 19 61
18 26 20 38
18 26 21 32
18 26 22 108
18 26 23 115
18 26 24 81
18 26 25 86
18 26 26 9
18 26 27 67
18 26 28 107
18 26 29 50
18 26 30 121
18 26 31 28
18 26 32 92
18 26 33 79
18 26 34 31
18 26 35 72
18 26 36 83
18 26 37 49
18 26 38 4
18 26 39 98
18 26 40 5
18 26 41 35
18 26 42 119
18 27 0 17
18 27 1 52
18 27 2 32
18 27 3 110
18 27 4 50
18 27 5 124
18 27 6 10
18 27 7 64
18 27 8 102
18 27 9 2
18 27 10 116
18 27 11 48
18 27 12 87
18 27 13 78
18 27 14 8
18 27 15 84
18 27 16 66
18 27 17 122
18 27 18 62
18 27 19 0
18 27 20 23
18 27 21 79
18 27 22 114
18 27 23 54
18 27 24 49
18 27 25 1
18 27 26 81
18 27 27 106
18 27 28 53
18 27 29 80
18 27 30 40
18 27 31 91
18 27 32 69
18 27 33 21
18 27 34 112
18 27 35 119
18 27 36 55
18 27 37 22
18 27 38 97
18 27 39 28
18 27 40 19
18 27 41 118
18 27 42 13
18 28 0 95
18 28 1 4
18 28 2 109
18 28 3 116
18 28 4 79
18 28 5 40
18 28 6 48
18 28 7 45
18 28 8 13
18 28 9 115
18 28 10 76
18 28 11 86
18 28 12 93
18 28 13 34
18 28 14 107
18 28 15 73
18 28 16 121
18 28 17 67
18 28 18 39
18 28 19 15
18 28 20 74
18 28 21 113
18 28 22 120
18 28 23 0
18 28 24 22
18 28 25 65
18 28 26 72
18 28 27 112
18 28 28 119
18 28 29 2
18 28 30 90
18 28 31 62
18 28 32 11
18 28 33 69
18 28 34 118
18 28 35 125
18 28 36 32
18 28 37 52
18 28 38 24
18 28 39 12
18 28 40 117
18 28 41 31
18 28 42 30
18 29 0 36
18 29 1 108
18 29 2 115
18 29 3 54
18 29 4 27
18 29 5 93
18 29 6 100
18 29 7 39
18 29 8 114
18 29 9 67
18 29 10 81
18 29 11 62
18 29 12 31
18 29 13 106
18 29 14 47
18 29 15 74
18 29 16 58
18 29 17 11
18 29 18 29
18 29 19 105
18 29 20 45
18 29 21 85
18 29 22 126
18 29 23 8
18 29 24 56
18 29 25 80
18 29 26 44
18 29 27 118
18 29 28 9
18 29 29 65
18 29 30 96
18 29 31 23
18 29 32 60
18 29 33 71
18 29 34 76
18 29 35 37
18 29 36 95
18 29 37 5
18 29 38 17
18 29 39 116
18 29 40 21
18 29 41 24
18 29 42 94
18 30 0 61
18 30 1 114
18 30 2 84
18 30 3 26
18 30 4 53
18 30 5 99
18 30 6 41
18 30 7 113
18 30 8 120
18 30 9 5
18 30 10 54
18 30 11 28
18 30 12 66
18 30 13 112
18 30 14 119
18 30 15 45
18 30 16 9
18 30 17 27
18 30 18 104
18 30 19 111
18 30 20 71
18 30 21 72
18 30 22 25
18 30 23 96
18 30 24 69
18 30 25 44
18 30 26 58
18 30 27 8
18 30 28 88
18 30 29 79
18 30 30 23
18 30 31 85
18 30 32 116
18 30 33 123
18 30 34 12
18 30 35 94
18 30 36 40
18 30 37 1
18 30 38 115
18 30 39 10
18 30 40 20
18 30 41 46
18 30 42 16
18 31 0 113
18 31 1 120
18 31 2 2
18 31 3 67
18 31 4 98
18 31 5 6
18 31 6 61
18 31 7 59
18 31 8 126
18 31 9 73
18 31 10 35
18 31 11 85
18 31 12 63
18 31 13 118
18 31 14 125
18 31 15 42
18 31 16 7
18 31 17 103
18 31 18 110
18 31 19 117
18 31 20 124
18 31 21 30
18 31 22 53
18 31 23 46
18 31 24 44
18 31 25 116
18 31 26 29
18 31 27 68
18 31 28 56
18 31 29 14
18 31 30 70
18 31 31 115
18 31 32 122
18 31 33 3
18 31 34 71
18 31 35 8
18 31 36 19
18 31 37 114
18 31 38 0
18 31 39 16
18 31 40 92
18 31 41 37
18 31 42 57
18 32 0 57
18 32 1 10
18 32 2 56
18 32 3 97
18 32 4 35
18 32 5 111
18 32 6 80
18 32 7 43
18 32 8 89
18 32 9 24
18 32 10 65
18 32 11 71
18 32 12 61
18 32 13 47
18 32 14 37
18 32 15 39
18 32 16 102
18 32 17 109
18 32 18 49
18 32 19 52
18 32 20 26
18 32 21 48
18 32 22 101
18 32 23 77
18 32 24 115
18 32 25 29
18 32 26 69
18 32 27 93
18 32 28 15
18 32 29 107
18 32 30 114
18 32 31 121
18 32 32 21
18 32 33 92
18 32 34 17
18 32 35 25
18 32 36 113
18 32 37 12
18 32 38 14
18 32 39 91
18 32 40 33
18 32 41 105
18 32 42 84
18 33 0 12
18 33 1 89
18 33 2 76
18 33 3 6
18 33 4 110
18 33 5 117
18 33 6 124
18 33 7 75
18 33 8 24
18 33 9 46
18 33 10 52
18 33 11 116
18 33 12 123
18 33 13 27
18 33 14 39
18 33 15 44
18 33 16 108
18 33 17 57
18 33 18 82
18 33 19 34
18 33 20 93
18 33 21 59
18 33 22 107
18 33 23 114
18 33 24 2
18 33 25 58
18 33 26 55
18 33 27 31
18 33 28 106
18 33 29 113
18 33 30 69
18 33 31 26
18 33 32 91
18 33 33 30
18 33 34 19
18 33 35 112
18 33 36 23
18 33 37 4
18 33 38 90
18 33 39 20
18 33 40 104
18 33 41 111
18 33 42 77
18 34 0 51
18 34 1 95
18 34 2 0
18 34 3 109
18 34 4 75
18 34 5 56
18 34 6 87
18 34 7 29
18 34 8 101
18 34 9 68
18 34 10 115
18 34 11 122
18 34 12 38
18 34 13 40
18 34 14 100
18 34 15 67
18 34 16 77
18 34 17 52
18 34 18 1
18 34 19 45
18 34 20 58
18 34 21 106
18 34 22 113
18 34 23 34
18 34 24 61
18 34 25 82
18 34 26 33
18 34 27 84
18 34 28 48
18 34 29 119
18 34 30 35
18 34 31 90
18 34 32 9
18 34 33 15
18 34 34 111
18 34 35 3
18 34 36 30
18 34 37 50
18 34 38 37
18 34 39 103
18 34 40 110
18 34 41 117
18 34 42 23
18 35 0 94
18 35 1 27
18 35 2 108
18 35 3 73
18 35 4 76
18 35 5 86
18 35 6 26
18 35 7 82
18 35 8 107
18 35 9 114
18 35 10 121
18 35 11 42
18 35 12 39
18 35 13 99
18 35 14 70
18 35 15 54
18 35 16 120
18 35 17 7
18 35 18 55
18 35 19 83
18 35 20 81
18 35 21 62
18 35 22 37
18 35 23 80
18 35 24 48
18 35 25 23
18 35 26 63
18 35 27 111
18 35 28 118
18 35 29 22
18 35 30 61
18 35 31 11
18 35 32 40
18 35 33 110
18 35 34 13
18 35 35 16
18 35 36 88
18 35 37 38
18 35 38 102
18 35 39 109
18 35 40 58
18 35 41 5
18 35 42 87
18 36 0 27
18 36 1 84
18 36 2 59
18 36 3 63
18 36 4 64
18 36 5 2
18 36 6 49
18 36 7 106
18 36 8 113
18 36 9 53
18 36 10 19
18 36 11 29
18 36 12 98
18 36 13 105
18 36 14 112
18 36 15 52
18 36 16 24
18 36 17 66
18 36 18 75
18 36 19 71
18 36 20 111
18 36 21 41
18 36 22 125
18 36 23 89
18 36 24 26
18 36 25 56
18 36 26 110
18 36 27 50
18 36 28 38
18 36 29 88
18 36 30 20
18 36 31 25
18 36 32 109
18 36 33 28
18 36 34 8
18 36 35 67
18 36 36 16
18 36 37 78
18 36 38 108
18 36 39 46
18 36 40 3
18 36 41 86
18 36 42 74
18 37 0 82
18 37 1 58
18 37 2 120
18 37 3 1
18 37 4 8
18 37 5 45
18 37 6 67
18 37 7 56
18 37 8 119
18 37 9 15
18 37 10 38
18 37 11 97
18 37 12 104
18 37 13 77
18 37 14 78
18 37 15 2
18 37 16 89
18 37 17 96
18 37 18 52
18 37 19 110
18 37 20 4
18 37 21 49
18 37 22 64
18 37 23 22
18 37 24 71
18 37 25 109
18 37 26 116
18 37 27 14
18 37 28 63
18 37 29 34
18 37 30 0
18 37 31 108
18 37 32 36
18 37 33 9
18 37 34 54
18 37 35 17
18 37 36 100
18 37 37 43
18 37 38 47
18 37 39 30
18 37 40 80
18 37 41 92
18 37 42 41
18 38 0 112
18 38 1 45
18 38 2 126
18 38 3 19
18 38 4 74
18 38 5 59
18 38 6 111
18 38 7 118
18 38 8 29
18 38 9 8
18 38 10 50
18 38 11 103
18 38 12 44
18 38 13 117
18 38 14 4
18 38 15 82
18 38 16 68
18 38 17 53
18 38 18 109
18 38 19 7
18 38 20 123
18 38 21 87
18 38 22 3
18 38 23 101
18 38 24 108
18 38 25 115
18 38 26 30
18 38 27 78
18 38 28 6
18 38 29 17
18 38 30 107
18 38 31 12
18 38 32 1
18 38 33 49
18 38 34 42
18 38 35 99
18 38 36 79
18 38 37 80
18 38 38 33
18 38 39 25
18 38 40 91
18 38 41 26
18 38 42 105
18 39 0 54
18 39 1 83
18 39 2 8
18 39 3 96
18 39 4 78
18 39 5 110
18 39 6 72
18 39 7 19
18 39 8 36
18 39 9 95
18 39 10 102
18 39 11 63
18 39 12 48
18 39 13 0
18 39 14 87
18 39 15 77
18 39 16 101
18 39 17 108
18 39 18 38
18 39 19 122
18 39 20 86
18 39 21 25
18 39 22 85
18 39 23 43
18 39 24 114
18 39 25 6
18 39 26 73
18 39 27 12
18 39 28 39
18 39 29 106
18 39 30 32
18 39 31 20
18 39 32 44
18 39 33 1
18 39 34 98
18 39 35 105
18 39 36 112
18 39 37 23
18 39 38 126
18 39 39 90
18 39 40 35
18 39 41 104
18 39 42 69
18 40 0 124
18 40 1 36
18 40 2 44
18 40 3 45
18 40 4 109
18 40 5 116
18 40 6 0
18 40 7 17
18 40 8 94
18 40 9 66
18 40 10 55
18 40 11 77
18 40 12 28
18 40 13 86
18 40 14 93
18 40 15 64
18 40 16 83
18 40 17 1
18 40 18 121
18 40 19 85
18 40 20 13
18 40 21 75
18 40 22 79
18 40 23 113
18 40 24 35
18 40 25 68
18 40 26 16
18 40 27 4
18 40 28 105
18 40 29 40
18 40 30 24
18 40 31 59
18 40 32 30
18 40 33 97
18 40 34 104
18 40 35 51
18 40 36 11
18 40 37 58
18 40 38 73
18 40 39 41
18 40 40 103
18 40 41 70
18 40 42 117
18 41 0 32
18 41 1 70
18 41 2 101
18 41 3 108
18 41 4 115
18 41 5 28
18 41 6 7
18 41 7 69
18 41 8 100
18 41 9 107
18 41 10 73
18 41 11 17
18 41 12 58
18 41 13 59
18 41 14 63
18 41 15 81
18 41 16 10
18 41 17 48
18 41 18 11
18 41 19 3
18 41 20 76
18 41 21 105
18 41 22 44
18 41 23 37
18 41 24 55
18 41 25 35
18 41 26 24
18 41 27 104
18 41 28 19
18 41 29 30
18 41 30 125
18 41 31 6
18 41 32 72
18 41 33 103
18 41 34 66
18 41 35 33
18 41 36 124
18 41 37 88
18 41 38 29
18 41 39 102
18 41 40 51
18 41 41 47
18 41 42 56
18 42 0 93
18 42 1 68
18 42 2 52
18 42 3 114
18 42 4 41
18 42 5 21
18 42 6 92
18 42 7 99
18 42 8 106
18 42 9 83
18 42 10 28
18 42 11 35
18 42 12 46
18 42 13 49
18 42 14 105
18 42 15 38
18 42 16 119
18 42 17 126
18 42 18 6
18 42 19 64
18 42 20 104
18 42 21 111
18 42 22 19
18 42 23 125
18 42 24 27
18 42 25 0
18 42 26 103
18 42 27 36
18 42 28 2
18 42 29 61
18 42 30 22
18 42 31 95
18 42 32 102
18 42 33 59
18 42 34 14
18 42 35 74
18 42 36 85
18 42 37 32
18 42 38 60
18 42 39 84
18 42 40 82
18 42 41 67
18 42 42 34
19 0 0 53
19 0 1 114
19 0 2 42
19 0 3 22
19 0 4 92
19 0 5 99
19 0 6 106
19 0 7 84
19 0 8 29
19 0 9 36
19 0 10 47
19 0 11 50
19 0 12 105
19 0 13 39
19 0 14 119
19 0 15 126
19 0 16 7
19 0 17 65
19 0 18 104
19 0 19 111
19 0 20 20
19 0 21 125
19 0 22 28
19 0 23 1
19 0 24 103
19 0 25 37
19 0 26 3
19 0 27 62
19 0 28 23
19 0 29 95
19 0 30 102
19 0 31 60
19 0 32 15
19 0 33 75
19 0 34 43
19 0 35 33
19 0 36 61
19 0 37 85
19 0 38 83
19 0 39 68
19 0 40 35
19 0 41 93
19 0 42 69
19 1 0 113
19 1 1 8
19 1 2 18
19 1 3 91
19 1 4 98
19 1 5 55
19 1 6 112
19 1 7 35
19 1 8 126
19 1 9 67
19 1 10 48
19 1 11 104
19 1 12 10
19 1 13 118
19 1 14 72
19 1 15 34
19 1 16 96
19 1 17 103
19 1 18 110
19 1 19 21
19 1 20 73
19 1 21 29
19 1 22 9
19 1 23 102
19 1 24 12
19 1 25 17
19 1 26 123
19 1 27 42
19 1 28 94
19 1 29 75
19 1 30 82
19 1 31 11
19 1 32 84
19 1 33 62
19 1 34 39
19 1 35 100
19 1 36 107
19 1 37 65
19 1 38 78
19 1 39 13
19 1 40 71
19 1 41 46
19 1 42 56
19 2 0 41
19 2 1 38
19 2 2 90
19 2 3 97
19 2 4 71
19 2 5 77
19 2 6 11
19 2 7 48
19 2 8 89
19 2 9 96
19 2 10 103
19 2 11 10
19 2 12 47
19 2 13 124
19 2 14 32
19 2 15 46
19 2 16 102
19 2 17 109
19 2 18 42
19 2 19 123
19 2 20 21
19 2 21 24
19 2 22 101
19 2 23 40
19 2 24 26
19 2 25 122
19 2 26 15
19 2 27 54
19 2 28 100
19 2 29 107
19 2 30 14
19 2 31 68
19 2 32 65
19 2 33 0
19 2 34 99
19 2 35 106
19 2 36 64
19 2 37 120
19 2 38 30
19 2 39 84
19 2 40 66
19 2 41 105
19 2 42 79
19 3 0 42
19 3 1 76
19 3 2 62
19 3 3 52
19 3 4 58
19 3 5 8
19 3 6 124
19 3 7 80
19 3 8 43
19 3 9 102
19 3 10 37
19 3 11 116
19 3 12 67
19 3 13 14
19 3 14 66
19 3 15 82
19 3 16 108
19 3 17 0
19 3 18 122
19 3 19 7
19 3 20 34
19 3 21 100
19 3 22 22
19 3 23 28
19 3 24 121
19 3 25 2
19 3 26 92
19 3 27 99
19 3 28 106
19 3 29 4
19 3 30 120
19 3 31 54
19 3 32 3
19 3 33 98
19 3 34 46
19 3 35 112
19 3 36 75
19 3 37 36
19 3 38 71
19 3 39 74
19 3 40 104
19 3 41 111
19 3 42 40
19 4 0 88
19 4 1 95
19 4 2 60
19 4 3 81
19 4 4 13
19 4 5 50
19 4 6 87
19 4 7 64
19 4 8 62
19 4 9 31
19 4 10 115
19 4 11 56
19 4 12 25
19 4 13 93
19 4 14 100
19 4 15 66
19 4 16 17
19 4 17 121
19 4 18 33
19 4 19 14
19 4 20 99
19 4 21 18
19 4 22 7
19 4 23 52
19 4 24 11
19 4 25 91
19 4 26 98
19 4 27 53
19 4 28 6
19 4 29 67
19 4 30 55
19 4 31 35
19 4 32 97
19 4 33 79
19 4 34 77
19 4 35 70
19 4 36 3
19 4 37 89
19 4 38 96
19 4 39 103
19 4 40 110
19 4 41 41
19 4 42 10
19 5 0 94
19 5 1 101
19 5 2 57
19 5 3 13
19 5 4 69
19 5 5 86
19 5 6 93
19 5 7 100
19 5 8 2
19 5 9 114
19 5 10 70
19 5 11 27
19 5 12 82
19 5 13 99
19 5 14 62
19 5 15 4
19 5 16 77
19 5 17 23
19 5 18 25
19 5 19 98
19 5 20 12
19 5 21 20
19 5 22 119
19 5 23 16
19 5 24 90
19 5 25 97
19 5 26 81
19 5 27 22
19 5 28 44
19 5 29 125
19 5 30 8
19 5 31 65
19 5 32 79
19 5 33 54
19 5 34 117
19 5 35 11
19 5 36 51
19 5 37 52
19 5 38 102
19 5 39 109
19 5 40 41
19 5 41 0
19 5 42 78
19 6 0 76
19 6 1 107
19 6 2 2
19 6 3 61
19 6 4 85
19 6 5 56
19 6 6 99
19 6 7 31
19 6 8 113
19 6 9 120
19 6 10 35
19 6 11 69
19 6 12 98
19 6 13 105
19 6 14 0
19 6 15 119
19 6 16 21
19 6 17 37
19 6 18 97
19 6 19 18
19 6 20 29
19 6 21 118
19 6 22 34
19 6 23 47
19 6 24 52
19 6 25 63
19 6 26 23
19 6 27 117
19 6 28 58
19 6 29 8
19 6 30 95
19 6 31 79
19 6 32 43
19 6 33 67
19 6 34 7
19 6 35 87
19 6 36 81
19 6 37 78
19 6 38 108
19 6 39 30
19 6 40 38
19 6 41 65
19 6 42 49
19 7 0 106
19 7 1 9
19 7 2 120
19 7 3 32
19 7 4 47
19 7 5 98
19 7 6 39
19 7 7 78
19 7 8 75
19 7 9 11
19 7 10 44
19 7 11 97
19 7 12 104
19 7 13 21
19 7 14 118
19 7 15 17
19 7 16 27
19 7 17 96
19 7 18 36
19 7 19 40
19 7 20 71
19 7 21 25
19 7 22 88
19 7 23 95
19 7 24 54
19 7 25 14
19 7 26 61
19 7 27 123
19 7 28 29
19 7 29 94
19 7 30 101
19 7 31 51
19 7 32 58
19 7 33 12
19 7 34 86
19 7 35 93
19 7 36 100
19 7 37 49
19 7 38 10
19 7 39 28
19 7 40 56
19 7 41 92
19 7 42 50
19 8 0 6
19 8 1 45
19 8 2 126
19 8 3 75
19 8 4 97
19 8 5 41
19 8 6 111
19 8 7 59
19 8 8 10
19 8 9 89
19 8 10 73
19 8 11 103
19 8 12 1
19 8 13 71
19 8 14 13
19 8 15 16
19 8 16 95
19 8 17 20
19 8 18 32
19 8 19 116
19 8 20 0
19 8 21 68
19 8 22 94
19 8 23 101
19 8 24 14
19 8 25 54
19 8 26 122
19 8 27 28
19 8 28 43
19 8 29 70
19 8 30 107
19 8 31 85
19 8 32 29
19 8 33 74
19 8 34 69
19 8 35 99
19 8 36 44
19 8 37 8
19 8 38 26
19 8 39 61
19 8 40 91
19 8 41 57
19 8 42 82
19 9 0 52
19 9 1 65
19 9 2 89
19 9 3 79
19 9 4 24
19 9 5 110
19 9 6 117
19 9 7 40
19 9 8 76
19 9 9 95
19 9 10 102
19 9 11 33
19 9 12 116
19 9 13 7
19 9 14 6
19 9 15 94
19 9 16 25
19 9 17 13
19 9 18 115
19 9 19 5
19 9 20 74
19 9 21 83
19 9 22 51
19 9 23 26
19 9 24 44
19 9 25 121
19 9 26 35
19 9 27 92
19 9 28 73
19 9 29 106
19 9 30 56
19 9 31 15
19 9 32 37
19 9 33 85
19 9 34 98
19 9 35 105
19 9 36 22
19 9 37 41
19 9 38 62
19 9 39 90
19 9 40 61
19 9 41 47
19 9 42 3
19 10 0 124
19 10 1 73
19 10 2 95
19 10 3 35
19 10 4 109
19 10 5 45
19 10 6 27
19 10 7 87
19 10 8 94
19 10 9 76
19 10 10 5
19 10 11 115
19 10 12 20
19 10 13 24
19 10 14 93
19 10 15 18
19 10 16 9
19 10 17 114
19 10 18 15
19 10 19 85
19 10 20 92
19 10 21 63
19 10 22 16
19 10 23 64
19 10 24 49
19 10 25 40
19 10 26 91
19 10 27 48
19 10 28 55
19 10 29 112
19 10 30 36
19 10 31 126
19 10 32 54
19 10 33 97
19 10 34 104
19 10 35 14
19 10 36 37
19 10 37 125
19 10 38 58
19 10 39 96
19 10 40 65
19 10 41 29
19 10 42 117
19 11 0 87
19 11 1 94
19 11 2 8
19 11 3 108
19 11 4 61
19 11 5 35
19 11 6 86
19 11 7 62
19 11 8 100
19 11 9 38
19 11 10 114
19 11 11 31
19 11 12 13
19 11 13 92
19 11 14 2
19 11 15 32
19 11 16 113
19 11 17 33
19 11 18 80
19 11 19 91
19 11 20 48
19 11 21 6
19 11 22 112
19 11 23 119
19 11 24 9
19 11 25 90
19 11 26 50
19 11 27 56
19 11 28 63
19 11 29 28
19 11 30 59
19 11 31 89
19 11 32 64
19 11 33 103
19 11 34 5
19 11 35 42
19 11 36 57
19 11 37 88
19 11 38 79
19 11 39 43
19 11 40 11
19 11 41 49
19 11 42 66
19 12 0 70
19 12 1 30
19 12 2 85
19 12 3 69
19 12 4 16
19 12 5 52
19 12 6 92
19 12 7 99
19 12 8 23
19 12 9 113
19 12 10 33
19 12 11 21
19 12 12 91
19 12 13 41
19 12 14 39
19 12 15 57
19 12 16 42
19 12 17 60
19 12 18 90
19 12 19 74
19 12 20 15
19 12 21 50
19 12 22 118
19 12 23 31
19 12 24 77
19 12 25 96
19 12 26 83
19 12 27 59
19 12 28 32
19 12 29 124
19 12 30 44
19 12 31 95
19 12 32 102
19 12 33 22
19 12 34 37
19 12 35 123
19 12 36 76
19 12 37 84
19 12 38 101
19 12 39 35
19 12 40 49
19 12 41 43
19 12 42 86
19 13 0 36
19 13 1 83
19 13 2 81
19 13 3 14
19 13 4 4
19 13 5 91
19 13 6 98
19 13 7 15
19 13 8 46
19 13 9 20
19 13 10 18
19 13 11 90
19 13 12 8
19 13 13 22
19 13 14 111
19 13 15 38
19 13 16 125
19 13 17 74
19 13 18 96
19 13 19 37
19 13 20 44
19 13 21 53
19 13 22 2
19 13 23 88
19 13 24 72
19 13 25 75
19 13 26 47
19 13 27 29
19 13 28 82
19 13 29 87
19 13 30 94
19 13 31 45
19 13 32 23
19 13 33 6
19 13 34 122
19 13 35 65
19 13 36 93
19 13 37 58
19 13 38 24
19 13 39 66
19 13 40 52
19 13 41 68
19 13 42 92
19 14 0 105
19 14 1 112
19 14 2 11
19 14 3 126
19 14 4 90
19 14 5 97
19 14 6 8
19 14 7 111
19 14 8 26
19 14 9 13
19 14 10 89
19 14 11 16
19 14 12 12
19 14 13 110
19 14 14 1
19 14 15 77
19 14 16 88
19 14 17 80
19 14 18 17
19 14 19 58
19 14 20 116
19 14 21 30
19 14 22 60
19 14 23 85
19 14 24 101
19 14 25 46
19 14 26 0
19 14 27 75
19 14 28 86
19 14 29 69
19 14 30 100
19 14 31 34
19 14 32 22
19 14 33 121
19 14 34 52
19 14 35 84
19 14 36 63
19 14 37 27
19 14 38 55
19 14 39 120
19 14 40 28
19 14 41 91
19 14 42 42
19 15 0 73
19 15 1 15
19 15 2 74
19 15 3 66
19 15 4 52
19 15 5 27
19 15 6 110
19 15 7 7
19 15 8 25
19 15 9 88
19 15 10 4
19 15 11 26
19 15 12 109
19 15 13 34
19 15 14 123
19 15 15 48
19 15 16 51
19 15 17 2
19 15 18 53
19 15 19 115
19 15 20 9
19 15 21 69
19 15 22 93
19 15 23 77
19 15 24 107
19 15 25 35
19 15 26 44
19 15 27 57
19 15 28 92
19 15 29 99
19 15 30 16
19 15 31 32
19 15 32 81
19 15 33 61
19 15 34 68
19 15 35 56
19 15 36 14
19 15 37 112
19 15 38 82
19 15 39 126
19 15 40 90
19 15 41 12
19 15 42 104
19 16 0 0
19 16 1 124
19 16 2 88
19 16 3 95
19 16 4 38
19 16 5 109
19 16 6 17
19 16 7 41
19 16 8 87
19 16 9 42
19 16 10 7
19 16 11 108
19 16 12 28
19 16 13 122
19 16 14 61
19 16 15 93
19 16 16 24
19 16 17 107
19 16 18 114
19 16 19 34
19 16 20 57
19 16 21 84
19 16 22 80
19 16 23 106
19 16 24 6
19 16 25 120
19 16 26 33
19 16 27 91
19 16 28 98
19 16 29 40
19 16 30 35
19 16 31 119
19 16 32 48
19 16 33 71
19 16 34 60
19 16 35 32
19 16 36 52
19 16 37 54
19 16 38 47
19 16 39 44
19 16 40 21
19 16 41 103
19 16 42 73
19 17 0 58
19 17 1 53
19 17 2 94
19 17 3 17
19 17 4 108
19 17 5 23
19 17 6 13
19 17 7 86
19 17 8 1
19 17 9 5
19 17 10 83
19 17 11 32
19 17 12 121
19 17 13 81
19 17 14 71
19 17 15 27
19 17 16 106
19 17 17 113
19 17 18 4
19 17 19 55
19 17 20 61
19 17 21 57
19 17 22 76
19 17 23 37
19 17 24 46
19 17 25 126
19 17 26 90
19 17 27 97
19 17 28 22
19 17 29 33
19 17 30 118
19 17 31 125
19 17 32 89
19 17 33 96
19 17 34 14
19 17 35 73
19 17 36 117
19 17 37 124
19 17 38 88
19 17 39 39
19 17 40 102
19 17 41 45
19 17 42 38
19 18 0 43
19 18 1 82
19 18 2 7
19 18 3 74
19 18 4 18
19 18 5 21
19 18 6 62
19 18 7 12
19 18 8 4
19 18 9 50
19 18 10 23
19 18 11 85
19 18 12 81
19 18 13 73
19 18 14 28
19 18 15 70
19 18 16 65
19 18 17 26
19 18 18 57
19 18 19 64
19 18 20 84
19 18 21 61
19 18 22 29
19 18 23 58
19 18 24 78
19 18 25 72
19 18 26 68
19 18 27 16
19 18 28 10
19 18 29 56
19 18 30 52
19 18 31 46
19 18 32 66
19 18 33 33
19 18 34 63
19 18 35 83
19 18 36 60
19 18 37 67
19 18 38 42
19 18 39 59
19 18 40 54
19 18 41 38
19 18 42 51
19 19 0 92
19 19 1 37
19 19 2 84
19 19 3 28
19 19 4 2
19 19 5 19
19 19 6 36
19 19 7 10
19 19 8 105
19 19 9 1
19 19 10 119
19 19 11 71
19 19 12 66
19 19 13 26
19 19 14 79
19 19 15 111
19 19 16 34
19 19 17 125
19 19 18 89
19 19 19 96
19 19 20 51
19 19 21 33
19 19 22 117
19 19 23 124
19 19 24 88
19 19 25 95
19 19 26 32
19 19 27 6
19 19 28 116
19 19 29 123
19 19 30 87
19 19 31 78
19 19 32 5
19 19 33 48
19 19 34 67
19 19 35 63
19 19 36 69
19 19 37 4
19 19 38 100
19 19 39 107
19 19 40 12
19 19 41 53
19 19 42 43
19 20 0 15
19 20 1 105
19 20 2 34
19 20 3 26
19 20 4 126
19 20 5 17
19 20 6 20
19 20 7 104
19 20 8 31
19 20 9 118
19 20 10 125
19 20 11 89
19 20 12 0
19 20 13 51
19 20 14 110
19 20 15 39
19 20 16 80
19 20 17 77
19 20 18 70
19 20 19 72
19 20 20 5
19 20 21 64
19 20 22 53
19 20 23 76
19 20 24 94
19 20 25 28
19 20 26 22
19 20 27 115
19 20 28 122
19 20 29 86
19 20 30 93
19 20 31 9
19 20 32 107
19 20 33 44
19 20 34 83
19 20 35 67
19 20 36 12
19 20 37 99
19 20 38 106
19 20 39 10
19 20 40 120
19 20 41 63
19 20 42 91
19 21 0 104
19 21 1 33
19 21 2 37
19 21 3 125
19 21 4 25
19 21 5 15
19 21 6 103
19 21 7 21
19 21 8 72
19 21 9 58
19 21 10 50
19 21 11 0
19 21 12 51
19 21 13 109
19 21 14 42
19 21 15 123
19 21 16 87
19 21 17 85
19 21 18 101
19 21 19 24
19 21 20 68
19 21 21 56
19 21 22 63
19 21 23 43
19 21 24 5
19 21 25 16
19 21 26 114
19 21 27 121
19 21 28 67
19 21 29 80
19 21 30 1
19 21 31 106
19 21 32 47
19 21 33 120
19 21 34 55
19 21 35 34
19 21 36 98
19 21 37 71
19 21 38 11
19 21 39 73
19 21 40 76
19 21 41 90
19 21 42 6
19 22 0 31
19 22 1 39
19 22 2 124
19 22 3 40
19 22 4 21
19 22 5 102
19 22 6 0
19 22 7 116
19 22 8 123
19 22 9 87
19 22 10 38
19 22 11 101
19 22 12 108
19 22 13 17
19 22 14 122
19 22 15 86
19 22 16 93
19 22 17 69
19 22 18 6
19 22 19 61
19 22 20 83
19 22 21 72
19 22 22 92
19 22 23 3
19 22 24 41
19 22 25 113
19 22 26 55
19 22 27 5
19 22 28 49
19 22 29 32
19 22 30 78
19 22 31 112
19 22 32 82
19 22 33 64
19 22 34 4
19 22 35 97
19 22 36 66
19 22 37 14
19 22 38 44
19 22 39 125
19 22 40 47
19 22 41 10
19 22 42 103
19 23 0 34
19 23 1 123
19 23 2 13
19 23 3 31
19 23 4 78
19 23 5 11
19 23 6 115
19 23 7 122
19 23 8 86
19 23 9 23
19 23 10 43
19 23 11 84
19 23 12 26
19 23 13 121
19 23 14 56
19 23 15 72
19 23 16 58
19 23 17 24
19 23 18 66
19 23 19 120
19 23 20 59
19 23 21 91
19 23 22 6
19 23 23 22
19 23 24 79
19 23 25 119
19 23 26 126
19 23 27 85
19 23 28 3
19 23 29 77
19 23 30 49
19 23 31 52
19 23 32 125
19 23 33 29
19 23 34 71
19 23 35 80
19 23 36 36
19 23 37 117
19 23 38 50
19 23 39 88
19 23 40 4
19 23 41 102
19 23 42 12
19 24 0 122
19 24 1 25
19 24 2 12
19 24 3 100
19 24 4 30
19 24 5 114
19 24 6 121
19 24 7 72
19 24 8 27
19 24 9 55
19 24 10 82
19 24 11 39
19 24 12 54
19 24 13 10
19 24 14 81
19 24 15 75
19 24 16 11
19 24 17 112
19 24 18 83
19 24 19 48
19 24 20 90
19 24 21 16
19 24 22 4
19 24 23 111
19 24 24 118
19 24 25 80
19 24 26 89
19 24 27 38
19 24 28 65
19 24 29 84
19 24 30 117
19 24 31 47
19 24 32 8
19 24 33 95
19 24 34 74
19 24 35 21
19 24 36 50
19 24 37 123
19 24 38 64
19 24 39 37
19 24 40 67
19 24 41 26
19 24 42 22
19 25 0 20
19 25 1 18
19 25 2 99
19 25 3 23
19 25 4 113
19 25 5 62
19 25 6 34
19 25 7 24
19 25 8 63
19 25 9 105
19 25 10 2
19 25 11 119
19 25 12 126
19 25 13 58
19 25 14 75
19 25 15 14
19 25 16 81
19 25 17 45
19 25 18 125
19 25 19 67
19 25 20 32
19 25 21 15
19 25 22 110
19 25 23 60
19 25 24 124
19 25 25 65
19 25 26 9
19 25 27 61
19 25 28 68
19 25 29 74
19 25 30 123
19 25 31 36
19 25 32 94
19 25 33 101
19 25 34 1
19 25 35 76
19 25 36 122
19 25 37 44
19 25 38 0
19 25 39 100
19 25 40 16
19 25 41 30
19 25 42 121
19 26 0 5
19 26 1 98
19 26 2 15
19 26 3 48
19 26 4 119
19 26 5 126
19 26 6 22
19 26 7 79
19 26 8 104
19 26 9 8
19 26 10 118
19 26 11 51
19 26 12 89
19 26 13 96
19 26 14 3
19 26 15 59
19 26 16 117
19 26 17 66
19 26 18 88
19 26 19 1
19 26 20 16
19 26 21 109
19 26 22 116
19 26 23 70
19 26 24 87
19 26 25 6
19 26 26 101
19 26 27 69
19 26 28 76
19 26 29 122
19 26 30 7
19 26 31 75
19 26 32 60
19 26 33 23
19 26 34 61
19 26 35 121
19 26 36 82
19 26 37 39
19 26 38 99
19 26 39 42
19 26 40 40
19 26 41 120
19 26 42 17
19 27 0 97
19 27 1 0
19 27 2 111
19 27 3 118
19 27 4 48
19 27 5 3
19 27 6 96
19 27 7 103
19 27 8 30
19 27 9 45
19 27 10 124
19 27 11 59
19 27 12 72
19 27 13 27
19 27 14 77
19 27 15 63
19 27 16 123
19 27 17 62
19 27 18 39
19 27 19 33
19 27 20 108
19 27 21 115
19 27 22 82
19 27 23 86
19 27 24 10
19 27 25 68
19 27 26 107
19 27 27 51
19 27 28 121
19 27 29 29
19 27 30 92
19 27 31 80
19 27 32 32
19 27 33 73
19 27 34 84
19 27 35 50
19 27 36 5
19 27 37 98
19 27 38 6
19 27 39 36
19 27 40 119
19 27 41 25
19 27 42 7
19 28 0 33
19 28 1 110
19 28 2 51
19 28 3 124
19 28 4 11
19 28 5 65
19 28 6 102
19 28 7 3
19 28 8 116
19 28 9 49
19 28 10 87
19 28 11 79
19 28 12 9
19 28 13 85
19 28 14 67
19 28 15 122
19 28 16 63
19 28 17 1
19 28 18 24
19 28 19 80
19 28 20 114
19 28 21 55
19 28 22 50
19 28 23 2
19 28 24 82
19 28 25 106
19 28 26 54
19 28 27 81
19 28 28 41
19 28 29 91
19 28 30 70
19 28 31 22
19 28 32 112
19 28 33 119
19 28 34 56
19 28 35 23
19 28 36 97
19 28 37 29
19 28 38 20
19 28 39 118
19 28 40 14
19 28 41 18
19 28 42 53
19 29 0 109
19 29 1 116
19 29 2 80
19 29 3 41
19 29 4 49
19 29 5 46
19 29 6 14
19 29 7 115
19 29 8 77
19 29 9 86
19 29 10 93
19 29 11 35
19 29 12 107
19 29 13 74
19 29 14 121
19 29 15 68
19 29 16 40
19 29 17 16
19 29 18 75
19 29 19 113
19 29 20 120
19 29 21 1
19 29 22 23
19 29 23 66
19 29 24 73
19 29 25 112
19 29 26 119
19 29 27 3
19 29 28 90
19 29 29 63
19 29 30 12
19 29 31 70
19 29 32 118
19 29 33 125
19 29 34 33
19 29 35 53
19 29 36 25
19 29 37 13
19 29 38 117
19 29 39 32
19 29 40 31
19 29 41 95
19 29 42 5
19 30 0 115
19 30 1 55
19 30 2 28
19 30 3 93
19 30 4 100
19 30 5 40
19 30 6 114
19 30 7 68
19 30 8 82
19 30 9 63
19 30 10 32
19 30 11 106
19 30 12 48
19 30 13 75
19 30 14 59
19 30 15 12
19 30 16 30
19 30 17 105
19 30 18 46
19 30 19 43
19 30 20 126
19 30 21 9
19 30 22 57
19 30 23 81
19 30 24 45
19 30 25 118
19 30 26 10
19 30 27 66
19 30 28 96
19 30 29 24
19 30 30 61
19 30 31 72
19 30 32 77
19 30 33 38
19 30 34 95
19 30 35 6
19 30 36 18
19 30 37 116
19 30 38 22
19 30 39 25
19 30 40 94
19 30 41 37
19 30 42 108
19 31 0 85
19 31 1 27
19 31 2 54
19 31 3 99
19 31 4 42
19 31 5 113
19 31 6 120
19 31 7 6
19 31 8 55
19 31 9 29
19 31 10 67
19 31 11 112
19 31 12 119
19 31 13 46
19 31 14 10
19 31 15 28
19 31 16 104
19 31 17 111
19 31 18 72
19 31 19 73
19 31 20 26
19 31 21 96
19 31 22 70
19 31 23 45
19 31 24 59
19 31 25 9
19 31 26 88
19 31 27 80
19 31 28 24
19 31 29 43
19 31 30 116
19 31 31 123
19 31 32 13
19 31 33 94
19 31 34 41
19 31 35 2
19 31 36 115
19 31 37 11
19 31 38 21
19 31 39 47
19 31 40 17
19 31 41 62
19 31 42 114
19 32 0 3
19 32 1 68
19 32 2 98
19 32 3 7
19 32 4 62
19 32 5 60
19 32 6 126
19 32 7 74
19 32 8 36
19 32 9 43
19 32 10 64
19 32 11 118
19 32 12 125
19 32 13 0
19 32 14 8
19 32 15 103
19 32 16 110
19 32 17 117
19 32 18 124
19 32 19 31
19 32 20 54
19 32 21 47
19 32 22 45
19 32 23 116
19 32 24 30
19 32 25 69
19 32 26 57
19 32 27 15
19 32 28 71
19 32 29 115
19 32 30 122
19 32 31 4
19 32 32 72
19 32 33 9
19 32 34 20
19 32 35 114
19 32 36 1
19 32 37 17
19 32 38 92
19 32 39 38
19 32 40 58
19 32 41 113
19 32 42 120
19 33 0 57
19 33 1 97
19 33 2 36
19 33 3 111
19 33 4 81
19 33 5 44
19 33 6 89
19 33 7 25
19 33 8 66
19 33 9 72
19 33 10 62
19 33 11 48
19 33 12 38
19 33 13 40
19 33 14 102
19 33 15 109
19 33 16 50
19 33 17 53
19 33 18 27
19 33 19 49
19 33 20 101
19 33 21 78
19 33 22 115
19 33 23 30
19 33 24 70
19 33 25 93
19 33 26 16
19 33 27 107
19 33 28 114
19 33 29 121
19 33 30 22
19 33 31 92
19 33 32 18
19 33 33 26
19 33 34 113
19 33 35 13
19 33 36 15
19 33 37 91
19 33 38 34
19 33 39 105
19 33 40 85
19 33 41 58
19 33 42 11
19 34 0 77
19 34 1 7
19 34 2 110
19 34 3 117
19 34 4 124
19 34 5 76
19 34 6 25
19 34 7 47
19 34 8 53
19 34 9 116
19 34 10 123
19 34 11 28
19 34 12 40
19 34 13 45
19 34 14 108
19 34 15 58
19 34 16 83
19 34 17 35
19 34 18 93
19 34 19 60
19 34 20 107
19 34 21 114
19 34 22 3
19 34 23 59
19 34 24 56
19 34 25 32
19 34 26 106
19 34 27 113
19 34 28 70
19 34 29 27
19 34 30 91
19 34 31 31
19 34 32 20
19 34 33 112
19 34 34 24
19 34 35 5
19 34 36 90
19 34 37 21
19 34 38 104
19 34 39 111
19 34 40 78
19 34 41 13
19 34 42 89
19 35 0 1
19 35 1 109
19 35 2 76
19 35 3 57
19 35 4 87
19 35 5 30
19 35 6 101
19 35 7 69
19 35 8 115
19 35 9 122
19 35 10 39
19 35 11 41
19 35 12 100
19 35 13 68
19 35 14 78
19 35 15 53
19 35 16 2
19 35 17 46
19 35 18 59
19 35 19 106
19 35 20 113
19 35 21 35
19 35 22 62
19 35 23 83
19 35 24 34
19 35 25 85
19 35 26 49
19 35 27 119
19 35 28 36
19 35 29 90
19 35 30 10
19 35 31 16
19 35 32 111
19 35 33 4
19 35 34 31
19 35 35 51
19 35 36 38
19 35 37 103
19 35 38 110
19 35 39 117
19 35 40 24
19 35 41 52
19 35 42 95
19 36 0 108
19 36 1 74
19 36 2 77
19 36 3 86
19 36 4 27
19 36 5 83
19 36 6 107
19 36 7 114
19 36 8 121
19 36 9 0
19 36 10 40
19 36 11 99
19 36 12 71
19 36 13 55
19 36 14 120
19 36 15 8
19 36 16 56
19 36 17 84
19 36 18 82
19 36 19 63
19 36 20 38
19 36 21 81
19 36 22 49
19 36 23 24
19 36 24 64
19 36 25 111
19 36 26 118
19 36 27 23
19 36 28 62
19 36 29 12
19 36 30 41
19 36 31 110
19 36 32 14
19 36 33 17
19 36 34 88
19 36 35 39
19 36 36 102
19 36 37 109
19 36 38 59
19 36 39 6
19 36 40 87
19 36 41 94
19 36 42 28
19 37 0 60
19 37 1 64
19 37 2 65
19 37 3 3
19 37 4 50
19 37 5 106
19 37 6 113
19 37 7 54
19 37 8 20
19 37 9 30
19 37 10 98
19 37 11 105
19 37 12 112
19 37 13 53
19 37 14 25
19 37 15 67
19 37 16 76
19 37 17 72
19 37 18 111
19 37 19 42
19 37 20 125
19 37 21 89
19 37 22 27
19 37 23 57
19 37 24 110
19 37 25 51
19 37 26 39
19 37 27 88
19 37 28 21
19 37 29 26
19 37 30 109
19 37 31 29
19 37 32 9
19 37 33 68
19 37 34 17
19 37 35 79
19 37 36 108
19 37 37 47
19 37 38 4
19 37 39 86
19 37 40 75
19 37 41 28
19 37 42 85
19 38 0 120
19 38 1 2
19 38 2 9
19 38 3 46
19 38 4 68
19 38 5 57
19 38 6 119
19 38 7 16
19 38 8 39
19 38 9 97
19 38 10 104
19 38 11 78
19 38 12 79
19 38 13 3
19 38 14 89
19 38 15 96
19 38 16 53
19 38 17 110
19 38 18 5
19 38 19 50
19 38 20 65
19 38 21 23
19 38 22 72
19 38 23 109
19 38 24 116
19 38 25 15
19 38 26 64
19 38 27 35
19 38 28 1
19 38 29 108
19 38 30 37
19 38 31 10
19 38 32 55
19 38 33 18
19 38 34 100
19 38 35 44
19 38 36 48
19 38 37 31
19 38 38 81
19 38 39 92
19 38 40 42
19 38 41 83
19 38 42 59
19 39 0 126
19 39 1 20
19 39 2 75
19 39 3 60
19 39 4 111
19 39 5 118
19 39 6 30
19 39 7 9
19 39 8 51
19 39 9 103
19 39 10 45
19 39 11 117
19 39 12 5
19 39 13 83
19 39 14 69
19 39 15 54
19 39 16 109
19 39 17 8
19 39 18 123
19 39 19 87
19 39 20 4
19 39 21 101
19 39 22 108
19 39 23 115
19 39 24 31
19 39 25 79
19 39 26 7
19 39 27 18
19 39 28 107
19 39 29 13
19 39 30 2
19 39 31 50
19 39 32 0
19 39 33 99
19 39 34 80
19 39 35 81
19 39 36 34
19 39 37 26
19 39 38 91
19 39 39 27
19 39 40 105
19 39 41 112
19 39 42 46
19 40 0 9
19 40 1 96
19 40 2 79
19 40 3 110
19 40 4 73
19 40 5 20
19 40 6 37
19 40 7 95
19 40 8 102
19 40 9 64
19 40 10 49
19 40 11 1
19 40 12 87
19 40 13 78
19 40 14 101
19 40 15 108
19 40 16 39
19 40 17 122
19 40 18 86
19 40 19 26
19 40 20 43
19 40 21 44
19 40 22 114
19 40 23 7
19 40 24 74
19 40 25 13
19 40 26 40
19 40 27 106
19 40 28 33
19 40 29 21
19 40 30 45
19 40 31 2
19 40 32 98
19 40 33 105
19 40 34 112
19 40 35 24
19 40 36 126
19 40 37 90
19 40 38 36
19 40 39 104
19 40 40 70
19 40 41 55
19 40 42 84
19 41 0 45
19 41 1 46
19 41 2 109
19 41 3 116
19 41 4 1
19 41 5 18
19 41 6 94
19 41 7 67
19 41 8 56
19 41 9 78
19 41 10 29
19 41 11 86
19 41 12 93
19 41 13 65
19 41 14 84
19 41 15 2
19 41 16 121
19 41 17 43
19 41 18 14
19 41 19 76
19 41 20 80
19 41 21 113
19 41 22 36
19 41 23 69
19 41 24 17
19 41 25 5
19 41 26 105
19 41 27 41
19 41 28 25
19 41 29 60
19 41 30 31
19 41 31 97
19 41 32 104
19 41 33 52
19 41 34 12
19 41 35 59
19 41 36 74
19 41 37 42
19 41 38 103
19 41 39 71
19 41 40 117
19 41 41 124
19 41 42 37
19 42 0 101
19 42 1 108
19 42 2 115
19 42 3 29
19 42 4 8
19 42 5 70
19 42 6 100
19 42 7 107
19 42 8 74
19 42 9 18
19 42 10 59
19 42 11 60
19 42 12 64
19 42 13 82
19 42 14 11
19 42 15 49
19 42 16 12
19 42 17 4
19 42 18 77
19 42 19 105
19 42 20 45
19 42 21 38
19 42 22 56
19 42 23 36
19 42 24 25
19 42 25 104
19 42 26 20
19 42 27 31
19 42 28 125
19 42 29 7
19 42 30 73
19 42 31 103
19 42 32 67
19 42 33 34
19 42 34 124
19 42 35 88
19 42 36 30
19 42 37 102
19 42 38 52
19 42 39 48
19 42 40 57
19 42 41 33
19 42 42 71
20 0 0 115
20 0 1 30
20 0 2 9
20 0 3 71
20 0 4 100
20 0 5 107
20 0 6 75
20 0 7 19
20 0 8 60
20 0 9 61
20 0 10 65
20 0 11 83
20 0 12 12
20 0 13 50
20 0 14 13
20 0 15 5
20 0 16 78
20 0 17 105
20 0 18 46
20 0 19 39
20 0 20 57
20 0 21 37
20 0 22 26
20 0 23 104
20 0 24 21
20 0 25 32
20 0 26 125
20 0 27 8
20 0 28 74
20 0 29 103
20 0 30 68
20 0 31 35
20 0 32 124
20 0 33 88
20 0 34 31
20 0 35 102
20 0 36 53
20 0 37 49
20 0 38 58
20 0 39 34
20 0 40 72
20 0 41 101
20 0 42 108
20 1 0 0
20 1 1 23
20 1 2 92
20 1 3 99
20 1 4 106
20 1 5 85
20 1 6 30
20 1 7 37
20 1 8 48
20 1 9 51
20 1 10 105
20 1 11 40
20 1 12 119
20 1 13 126
20 1 14 8
20 1 15 66
20 1 16 104
20 1 17 111
20 1 18 21
20 1 19 125
20 1 20 29
20 1 21 2
20 1 22 103
20 1 23 38
20 1 24 4
20 1 25 63
20 1 26 24
20 1 27 95
20 1 28 102
20 1 29 61
20 1 30 16
20 1 31 76
20 1 32 44
20 1 33 34
20 1 34 62
20 1 35 43
20 1 36 84
20 1 37 69
20 1 38 36
20 1 39 93
20 1 40 70
20 1 41 54
20 1 42 114
20 2 0 19
20 2 1 91
20 2 2 98
20 2 3 56
20 2 4 112
20 2 5 36
20 2 6 126
20 2 7 68
20 2 8 49
20 2 9 104
20 2 10 11
20 2 11 118
20 2 12 73
20 2 13 35
20 2 14 96
20 2 15 103
20 2 16 110
20 2 17 22
20 2 18 74
20 2 19 30
20 2 20 10
20 2 21 102
20 2 22 13
20 2 23 18
20 2 24 123
20 2 25 0
20 2 26 94
20 2 27 76
20 2 28 83
20 2 29 12
20 2 30 85
20 2 31 63
20 2 32 40
20 2 33 100
20 2 34 107
20 2 35 66
20 2 36 79
20 2 37 14
20 2 38 72
20 2 39 47
20 2 40 57
20 2 41 113
20 2 42 9
20 3 0 90
20 3 1 97
20 3 2 72
20 3 3 78
20 3 4 12
20 3 5 49
20 3 6 89
20 3 7 96
20 3 8 103
20 3 9 11
20 3 10 48
20 3 11 124
20 3 12 33
20 3 13 47
20 3 14 102
20 3 15 109
20 3 16 0
20 3 17 123
20 3 18 22
20 3 19 25
20 3 20 101
20 3 21 41
20 3 22 27
20 3 23 122
20 3 24 16
20 3 25 55
20 3 26 100
20 3 27 107
20 3 28 15
20 3 29 69
20 3 30 66
20 3 31 1
20 3 32 99
20 3 33 106
20 3 34 65
20 3 35 120
20 3 36 31
20 3 37 85
20 3 38 67
20 3 39 105
20 3 40 80
20 3 41 42
20 3 42 39
20 4 0 63
20 4 1 53
20 4 2 59
20 4 3 9
20 4 4 124
20 4 5 81
20 4 6 44
20 4 7 102
20 4 8 38
20 4 9 116
20 4 10 68
20 4 11 15
20 4 12 67
20 4 13 83
20 4 14 108
20 4 15 1
20 4 16 122
20 4 17 8
20 4 18 35
20 4 19 100
20 4 20 23
20 4 21 29
20 4 22 121
20 4 23 3
20 4 24 92
20 4 25 99
20 4 26 106
20 4 27 5
20 4 28 120
20 4 29 55
20 4 30 4
20 4 31 98
20 4 32 47
20 4 33 112
20 4 34 76
20 4 35 37
20 4 36 72
20 4 37 75
20 4 38 104
20 4 39 111
20 4 40 41
20 4 41 0
20 4 42 77
20 5 0 61
20 5 1 82
20 5 2 14
20 5 3 51
20 5 4 87
20 5 5 65
20 5 6 63
20 5 7 32
20 5 8 115
20 5 9 57
20 5 10 26
20 5 11 93
20 5 12 100
20 5 13 67
20 5 14 18
20 5 15 121
20 5 16 34
20 5 17 15
20 5 18 99
20 5 19 19
20 5 20 8
20 5 21 53
20 5 22 12
20 5 23 91
20 5 24 98
20 5 25 54
20 5 26 7
20 5 27 68
20 5 28 56
20 5 29 36
20 5 30 97
20 5 31 80
20 5 32 78
20 5 33 71
20 5 34 4
20 5 35 89
20 5 36 96
20 5 37 103
20 5 38 110
20 5 39 42
20 5 40 11
20 5 41 88
20 5 42 95
20 6 0 58
20 6 1 14
20 6 2 70
20 6 3 86
20 6 4 93
20 6 5 100
20 6 6 3
20 6 7 114
20 6 8 71
20 6 9 28
20 6 10 83
20 6 11 99
20 6 12 63
20 6 13 5
20 6 14 78
20 6 15 24
20 6 16 26
20 6 17 98
20 6 18 13
20 6 19 21
20 6 20 119
20 6 21 17
20 6 22 90
20 6 23 97
20 6 24 82
20 6 25 23
20 6 26 45
20 6 27 125
20 6 28 9
20 6 29 66
20 6 30 80
20 6 31 55
20 6 32 117
20 6 33 12
20 6 34 52
20 6 35 53
20 6 36 102
20 6 37 109
20 6 38 42
20 6 39 1
20 6 40 79
20 6 41 94
20 6 42 101
20 7 0 3
20 7 1 62
20 7 2 43
20 7 3 57
20 7 4 99
20 7 5 32
20 7 6 113
20 7 7 120
20 7 8 36
20 7 9 70
20 7 10 98
20 7 11 105
20 7 12 1
20 7 13 119
20 7 14 22
20 7 15 38
20 7 16 97
20 7 17 19
20 7 18 30
20 7 19 118
20 7 20 35
20 7 21 48
20 7 22 53
20 7 23 64
20 7 24 24
20 7 25 117
20 7 26 59
20 7 27 9
20 7 28 95
20 7 29 80
20 7 30 44
20 7 31 68
20 7 32 8
20 7 33 87
20 7 34 82
20 7 35 79
20 7 36 108
20 7 37 31
20 7 38 39
20 7 39 66
20 7 40 50
20 7 41 77
20 7 42 107
20 8 0 120
20 8 1 33
20 8 2 48
20 8 3 98
20 8 4 40
20 8 5 79
20 8 6 76
20 8 7 12
20 8 8 45
20 8 9 97
20 8 10 104
20 8 11 22
20 8 12 118
20 8 13 18
20 8 14 28
20 8 15 96
20 8 16 37
20 8 17 41
20 8 18 72
20 8 19 26
20 8 20 88
20 8 21 95
20 8 22 55
20 8 23 15
20 8 24 62
20 8 25 123
20 8 26 30
20 8 27 94
20 8 28 101
20 8 29 52
20 8 30 59
20 8 31 13
20 8 32 86
20 8 33 93
20 8 34 100
20 8 35 50
20 8 36 11
20 8 37 29
20 8 38 57
20 8 39 92
20 8 40 51
20 8 41 106
20 8 42 10
20 9 0 126
20 9 1 76
20 9 2 97
20 9 3 42
20 9 4 111
20 9 5 60
20 9 6 11
20 9 7 89
20 9 8 74
20 9 9 103
20 9 10 2
20 9 11 72
20 9 12 14
20 9 13 17
20 9 14 95
20 9 15 21
20 9 16 33
20 9 17 116
20 9 18 1
20 9 19 69
20 9 20 94
20 9 21 101
20 9 22 15
20 9 23 55
20 9 24 122
20 9 25 29
20 9 26 44
20 9 27 71
20 9 28 107
20 9 29 43
20 9 30 30
20 9 31 75
20 9 32 70
20 9 33 99
20 9 34 45
20 9 35 9
20 9 36 27
20 9 37 62
20 9 38 91
20 9 39 58
20 9 40 83
20 9 41 7
20 9 42 46
20 10 0 89
20 10 1 80
20 10 2 25
20 10 3 110
20 10 4 117
20 10 5 41
20 10 6 77
20 10 7 95
20 10 8 102
20 10 9 34
20 10 10 116
20 10 11 8
20 10 12 7
20 10 13 94
20 10 14 26
20 10 15 14
20 10 16 115
20 10 17 6
20 10 18 75
20 10 19 84
20 10 20 52
20 10 21 27
20 10 22 45
20 10 23 121
20 10 24 36
20 10 25 92
20 10 26 74
20 10 27 106
20 10 28 57
20 10 29 16
20 10 30 38
20 10 31 43
20 10 32 98
20 10 33 105
20 10 34 23
20 10 35 42
20 10 36 63
20 10 37 90
20 10 38 62
20 10 39 48
20 10 40 4
20 10 41 53
20 10 42 66
20 11 0 95
20 11 1 36
20 11 2 109
20 11 3 46
20 11 4 28
20 11 5 87
20 11 6 94
20 11 7 77
20 11 8 6
20 11 9 115
20 11 10 21
20 11 11 25
20 11 12 93
20 11 13 19
20 11 14 10
20 11 15 114
20 11 16 16
20 11 17 43
20 11 18 92
20 11 19 64
20 11 20 17
20 11 21 65
20 11 22 50
20 11 23 41
20 11 24 91
20 11 25 49
20 11 26 56
20 11 27 112
20 11 28 37
20 11 29 126
20 11 30 55
20 11 31 97
20 11 32 104
20 11 33 15
20 11 34 38
20 11 35 125
20 11 36 59
20 11 37 96
20 11 38 66
20 11 39 30
20 11 40 117
20 11 41 124
20 11 42 74
20 12 0 9
20 12 1 108
20 12 2 62
20 12 3 36
20 12 4 86
20 12 5 63
20 12 6 100
20 12 7 39
20 12 8 114
20 12 9 32
20 12 10 14
20 12 11 92
20 12 12 3
20 12 13 33
20 12 14 113
20 12 15 34
20 12 16 81
20 12 17 91
20 12 18 49
20 12 19 7
20 12 20 112
20 12 21 119
20 12 22 10
20 12 23 90
20 12 24 51
20 12 25 57
20 12 26 64
20 12 27 29
20 12 28 60
20 12 29 89
20 12 30 65
20 12 31 103
20 12 32 6
20 12 33 0
20 12 34 58
20 12 35 88
20 12 36 80
20 12 37 44
20 12 38 12
20 12 39 50
20 12 40 67
20 12 41 87
20 12 42 94
20 13 0 43
20 13 1 70
20 13 2 17
20 13 3 53
20 13 4 92
20 13 5 99
20 13 6 24
20 13 7 113
20 13 8 34
20 13 9 22
20 13 10 91
20 13 11 42
20 13 12 40
20 13 13 58
20 13 14 0
20 13 15 61
20 13 16 90
20 13 17 75
20 13 18 16
20 13 19 51
20 13 20 118
20 13 21 32
20 13 22 78
20 13 23 96
20 13 24 84
20 13 25 60
20 13 26 33
20 13 27 124
20 13 28 45
20 13 29 95
20 13 30 102
20 13 31 23
20 13 32 38
20 13 33 123
20 13 34 77
20 13 35 85
20 13 36 101
20 13 37 36
20 13 38 50
20 13 39 44
20 13 40 86
20 13 41 71
20 13 42 31
20 14 0 82
20 14 1 15
20 14 2 5
20 14 3 91
20 14 4 98
20 14 5 16
20 14 6 47
20 14 7 21
20 14 8 19
20 14 9 90
20 14 10 9
20 14 11 23
20 14 12 111
20 14 13 39
20 14 14 125
20 14 15 75
20 14 16 96
20 14 17 38
20 14 18 45
20 14 19 54
20 14 20 3
20 14 21 88
20 14 22 73
20 14 23 76
20 14 24 48
20 14 25 30
20 14 26 83
20 14 27 87
20 14 28 94
20 14 29 46
20 14 30 24
20 14 31 7
20 14 32 122
20 14 33 66
20 14 34 93
20 14 35 59
20 14 36 25
20 14 37 67
20 14 38 53
20 14 39 69
20 14 40 92
20 14 41 37
20 14 42 84
20 15 0 12
20 15 1 126
20 15 2 90
20 15 3 97
20 15 4 9
20 15 5 111
20 15 6 27
20 15 7 14
20 15 8 89
20 15 9 17
20 15 10 13
20 15 11 110
20 15 12 2
20 15 13 78
20 15 14 88
20 15 15 81
20 15 16 18
20 15 17 59
20 15 18 116
20 15 19 31
20 15 20 61
20 15 21 43
20 15 22 101
20 15 23 47
20 15 24 1
20 15 25 76
20 15 26 86
20 15 27 70
20 15 28 100
20 15 29 35
20 15 30 23
20 15 31 121
20 15 32 53
20 15 33 85
20 15 34 64
20 15 35 28
20 15 36 56
20 15 37 120
20 15 38 29
20 15 39 91
20 15 40 0
20 15 41 105
20 15 42 112
20 16 0 75
20 16 1 67
20 16 2 53
20 16 3 28
20 16 4 110
20 16 5 8
20 16 6 26
20 16 7 88
20 16 8 5
20 16 9 27
20 16 10 109
20 16 11 35
20 16 12 123
20 16 13 49
20 16 14 52
20 16 15 3
20 16 16 54
20 16 17 115
20 16 18 10
20 16 19 70
20 16 20 93
20 16 21 78
20 16 22 107
20 16 23 36
20 16 24 45
20 16 25 58
20 16 26 92
20 16 27 99
20 16 28 17
20 16 29 33
20 16 30 82
20 16 31 62
20 16 32 69
20 16 33 57
20 16 34 15
20 16 35 112
20 16 36 83
20 16 37 126
20 16 38 90
20 16 39 13
20 16 40 104
20 16 41 74
20 16 42 16
20 17 0 88
20 17 1 95
20 17 2 39
20 17 3 109
20 17 4 18
20 17 5 42
20 17 6 87
20 17 7 0
20 17 8 8
20 17 9 108
20 17 10 29
20 17 11 122
20 17 12 62
20 17 13 93
20 17 14 25
20 17 15 107
20 17 16 114
20 17 17 35
20 17 18 58
20 17 19 85
20 17 20 81
20 17 21 106
20 17 22 7
20 17 23 120
20 17 24 34
20 17 25 91
20 17 26 98
20 17 27 41
20 17 28 36
20 17 29 119
20 17 30 49
20 17 31 72
20 17 32 61
20 17 33 33
20 17 34 53
20 17 35 55
20 17 36 48
20 17 37 45
20 17 38 22
20 17 39 103
20 17 40 74
20 17 41 1
20 17 42 124
20 18 0 94
20 18 1 18
20 18 2 108
20 18 3 24
20 18 4 14
20 18 5 86
20 18 6 2
20 18 7 6
20 18 8 84
20 18 9 33
20 18 10 121
20 18 11 82
20 18 12 72
20 18 13 28
20 18 14 106
20 18 15 113
20 18 16 5
20 18 17 56
20 18 18 62
20 18 19 58
20 18 20 77
20 18 21 38
20 18 22 47
20 18 23 126
20 18 24 90
20 18 25 97
20 18 26 23
20 18 27 34
20 18 28 118
20 18 29 125
20 18 30 89
20 18 31 96
20 18 32 15
20 18 33 74
20 18 34 117
20 18 35 124
20 18 36 88
20 18 37 40
20 18 38 102
20 18 39 46
20 18 40 39
20 18 41 59
20 18 42 54
20 19 0 8
20 19 1 75
20 19 2 19
20 19 3 22
20 19 4 63
20 19 5 13
20 19 6 5
20 19 7 51
20 19 8 24
20 19 9 43
20 19 10 82
20 19 11 74
20 19 12 29
20 19 13 71
20 19 14 66
20 19 15 27
20 19 16 58
20 19 17 65
20 19 18 85
20 19 19 62
20 19 20 30
20 19 21 59
20 19 22 79
20 19 23 73
20 19 24 69
20 19 25 17
20 19 26 11
20 19 27 57
20 19 28 53
20 19 29 47
20 19 30 67
20 19 31 34
20 19 32 64
20 19 33 84
20 19 34 61
20 19 35 68
20 19 36 0
20 19 37 60
20 19 38 55
20 19 39 39
20 19 40 52
20 19 41 44
20 19 42 83
20 20 0 85
20 20 1 29
20 20 2 3
20 20 3 20
20 20 4 37
20 20 5 11
20 20 6 105
20 20 7 2
20 20 8 119
20 20 9 72
20 20 10 67
20 20 11 27
20 20 12 80
20 20 13 111
20 20 14 35
20 20 15 125
20 20 16 89
20 20 17 96
20 20 18 52
20 20 19 34
20 20 20 117
20 20 21 124
20 20 22 88
20 20 23 95
20 20 24 33
20 20 25 7
20 20 26 116
20 20 27 123
20 20 28 87
20 20 29 79
20 20 30 6
20 20 31 49
20 20 32 68
20 20 33 64
20 20 34 70
20 20 35 5
20 20 36 100
20 20 37 107
20 20 38 13
20 20 39 54
20 20 40 44
20 20 41 92
20 20 42 38
20 21 0 35
20 21 1 27
20 21 2 126
20 21 3 18
20 21 4 21
20 21 5 104
20 21 6 32
20 21 7 118
20 21 8 125
20 21 9 89
20 21 10 1
20 21 11 52
20 21 12 110
20 21 13 40
20 21 14 81
20 21 15 78
20 21 16 71
20 21 17 73
20 21 18 6
20 21 19 65
20 21 20 54
20 21 21 77
20 21 22 94
20 21 23 29
20 21 24 23
20 21 25 115
20 21 26 122
20 21 27 86
20 21 28 93
20 21 29 10
20 21 30 107
20 21 31 45
20 21 32 84
20 21 33 68
20 21 34 13
20 21 35 99
20 21 36 106
20 21 37 11
20 21 38 120
20 21 39 64
20 21 40 91
20 21 41 16
20 21 42 105
20 22 0 38
20 22 1 125
20 22 2 26
20 22 3 16
20 22 4 103
20 22 5 22
20 22 6 73
20 22 7 59
20 22 8 51
20 22 9 1
20 22 10 52
20 22 11 109
20 22 12 0
20 22 13 123
20 22 14 87
20 22 15 43
20 22 16 101
20 22 17 25
20 22 18 69
20 22 19 57
20 22 20 64
20 22 21 44
20 22 22 6
20 22 23 17
20 22 24 114
20 22 25 121
20 22 26 68
20 22 27 81
20 22 28 2
20 22 29 106
20 22 30 48
20 22 31 120
20 22 32 56
20 22 33 35
20 22 34 98
20 22 35 72
20 22 36 12
20 22 37 74
20 22 38 77
20 22 39 90
20 22 40 7
20 22 41 104
20 22 42 34
20 23 0 124
20 23 1 41
20 23 2 22
20 23 3 102
20 23 4 1
20 23 5 116
20 23 6 123
20 23 7 87
20 23 8 39
20 23 9 101
20 23 10 108
20 23 11 18
20 23 12 122
20 23 13 86
20 23 14 93
20 23 15 70
20 23 16 7
20 23 17 62
20 23 18 84
20 23 19 73
20 23 20 92
20 23 21 4
20 23 22 42
20 23 23 113
20 23 24 56
20 23 25 6
20 23 26 50
20 23 27 33
20 23 28 79
20 23 29 112
20 23 30 83
20 23 31 65
20 23 32 5
20 23 33 97
20 23 34 67
20 23 35 15
20 23 36 45
20 23 37 125
20 23 38 48
20 23 39 11
20 23 40 103
20 23 41 32
20 23 42 40
20 24 0 14
20 24 1 32
20 24 2 79
20 24 3 12
20 24 4 115
20 24 5 122
20 24 6 86
20 24 7 24
20 24 8 44
20 24 9 85
20 24 10 27
20 24 11 121
20 24 12 57
20 24 13 73
20 24 14 59
20 24 15 25
20 24 16 67
20 24 17 120
20 24 18 60
20 24 19 91
20 24 20 7
20 24 21 23
20 24 22 80
20 24 23 119
20 24 24 126
20 24 25 43
20 24 26 4
20 24 27 78
20 24 28 50
20 24 29 53
20 24 30 125
20 24 31 30
20 24 32 72
20 24 33 81
20 24 34 37
20 24 35 117
20 24 36 51
20 24 37 88
20 24 38 5
20 24 39 102
20 24 40 13
20 24 41 35
20 24 42 123
20 25 0 13
20 25 1 100
20 25 2 31
20 25 3 114
20 25 4 121
20 25 5 73
20 25 6 28
20 25 7 56
20 25 8 83
20 25 9 40
20 25 10 55
20 25 11 11
20 25 12 82
20 25 13 76
20 25 14 12
20 25 15 112
20 25 16 84
20 25 17 49
20 25 18 90
20 25 19 17
20 25 20 5
20 25 21 111
20 25 22 118
20 25 23 81
20 25 24 89
20 25 25 39
20 25 26 66
20 25 27 85
20 25 28 117
20 25 29 48
20 25 30 9
20 25 31 95
20 25 32 75
20 25 33 22
20 25 34 51
20 25 35 123
20 25 36 65
20 25 37 38
20 25 38 68
20 25 39 27
20 25 40 23
20 25 41 122
20 25 42 26
20 26 0 99
20 26 1 24
20 26 2 113
20 26 3 63
20 26 4 35
20 26 5 25
20 26 6 64
20 26 7 105
20 26 8 3
20 26 9 119
20 26 10 126
20 26 11 59
20 26 12 76
20 26 13 15
20 26 14 82
20 26 15 46
20 26 16 125
20 26 17 68
20 26 18 33
20 26 19 16
20 26 20 110
20 26 21 61
20 26 22 124
20 26 23 66
20 26 24 10
20 26 25 62
20 26 26 69
20 26 27 75
20 26 28 123
20 26 29 37
20 26 30 94
20 26 31 101
20 26 32 2
20 26 33 77
20 26 34 122
20 26 35 45
20 26 36 1
20 26 37 100
20 26 38 17
20 26 39 31
20 26 40 121
20 26 41 21
20 26 42 19
20 27 0 16
20 27 1 49
20 27 2 119
20 27 3 126
20 27 4 23
20 27 5 80
20 27 6 104
20 27 7 9
20 27 8 118
20 27 9 52
20 27 10 89
20 27 11 96
20 27 12 4
20 27 13 60
20 27 14 117
20 27 15 67
20 27 16 88
20 27 17 2
20 27 18 17
20 27 19 109
20 27 20 116
20 27 21 71
20 27 22 87
20 27 23 7
20 27 24 101
20 27 25 70
20 27 26 77
20 27 27 122
20 27 28 8
20 27 29 76
20 27 30 61
20 27 31 24
20 27 32 62
20 27 33 121
20 27 34 83
20 27 35 40
20 27 36 99
20 27 37 0
20 27 38 41
20 27 39 120
20 27 40 18
20 27 41 6
20 27 42 98
20 28 0 111
20 28 1 118
20 28 2 49
20 28 3 4
20 28 4 96
20 28 5 103
20 28 6 31
20 28 7 46
20 28 8 124
20 28 9 60
20 28 10 73
20 28 11 28
20 28 12 78
20 28 13 64
20 28 14 123
20 28 15 63
20 28 16 40
20 28 17 34
20 28 18 108
20 28 19 115
20 28 20 83
20 28 21 86
20 28 22 11
20 28 23 69
20 28 24 107
20 28 25 52
20 28 26 121
20 28 27 30
20 28 28 92
20 28 29 81
20 28 30 33
20 28 31 74
20 28 32 85
20 28 33 51
20 28 34 6
20 28 35 98
20 28 36 7
20 28 37 37
20 28 38 119
20 28 39 26
20 28 40 8
20 28 41 97
20 28 42 1
20 29 0 52
20 29 1 124
20 29 2 12
20 29 3 66
20 29 4 102
20 29 5 4
20 29 6 116
20 29 7 50
20 29 8 87
20 29 9 80
20 29 10 10
20 29 11 43
20 29 12 68
20 29 13 122
20 29 14 64
20 29 15 2
20 29 16 25
20 29 17 81
20 29 18 114
20 29 19 56
20 29 20 51
20 29 21 3
20 29 22 83
20 29 23 106
20 29 24 55
20 29 25 82
20 29 26 42
20 29 27 91
20 29 28 71
20 29 29 23
20 29 30 112
20 29 31 119
20 29 32 57
20 29 33 24
20 29 34 97
20 29 35 30
20 29 36 21
20 29 37 118
20 29 38 15
20 29 39 19
20 29 40 54
20 29 41 34
20 29 42 110
20 30 0 81
20 30 1 42
20 30 2 50
20 30 3 47
20 30 4 15
20 30 5 115
20 30 6 78
20 30 7 86
20 30 8 93
20 30 9 36
20 30 10 107
20 30 11 75
20 30 12 121
20 30 13 69
20 30 14 41
20 30 15 17
20 30 16 76
20 30 17 113
20 30 18 120
20 30 19 2
20 30 20 24
20 30 21 67
20 30 22 74
20 30 23 112
20 30 24 119
20 30 25 4
20 30 26 90
20 30 27 64
20 30 28 13
20 30 29 71
20 30 30 118
20 30 31 125
20 30 32 34
20 30 33 54
20 30 34 26
20 30 35 14
20 30 36 117
20 30 37 33
20 30 38 32
20 30 39 95
20 30 40 6
20 30 41 109
20 30 42 116
20 31 0 29
20 31 1 93
20 31 2 100
20 31 3 41
20 31 4 114
20 31 5 69
20 31 6 83
20 31 7 64
20 31 8 33
20 31 9 106
20 31 10 49
20 31 11 76
20 31 12 60
20 31 13 13
20 31 14 31
20 31 15 105
20 31 16 47
20 31 17 44
20 31 18 126
20 31 19 10
20 31 20 58
20 31 21 82
20 31 22 46
20 31 23 118
20 31 24 11
20 31 25 67
20 31 26 96
20 31 27 25
20 31 28 62
20 31 29 73
20 31 30 78
20 31 31 39
20 31 32 95
20 31 33 7
20 31 34 19
20 31 35 116
20 31 36 23
20 31 37 26
20 31 38 94
20 31 39 38
20 31 40 108
20 31 41 115
20 31 42 56
20 32 0 55
20 32 1 99
20 32 2 0
20 32 3 113
20 32 4 120
20 32 5 7
20 32 6 56
20 32 7 30
20 32 8 68
20 32 9 112
20 32 10 119
20 32 11 47
20 32 12 11
20 32 13 29
20 32 14 104
20 32 15 111
20 32 16 73
20 32 17 74
20 32 18 27
20 32 19 96
20 32 20 71
20 32 21 46
20 32 22 60
20 32 23 10
20 32 24 88
20 32 25 81
20 32 26 25
20 32 27 44
20 32 28 116
20 32 29 123
20 32 30 14
20 32 31 94
20 32 32 42
20 32 33 3
20 32 34 115
20 32 35 12
20 32 36 22
20 32 37 48
20 32 38 18
20 32 39 63
20 32 40 114
20 32 41 43
20 32 42 28
20 33 0 98
20 33 1 8
20 33 2 63
20 33 3 61
20 33 4 126
20 33 5 75
20 33 6 37
20 33 7 44
20 33 8 65
20 33 9 118
20 33 10 125
20 33 11 1
20 33 12 9
20 33 13 103
20 33 14 110
20 33 15 117
20 33 16 124
20 33 17 32
20 33 18 55
20 33 19 48
20 33 20 46
20 33 21 116
20 33 22 31
20 33 23 70
20 33 24 58
20 33 25 16
20 33 26 72
20 33 27 115
20 33 28 122
20 33 29 5
20 33 30 73
20 33 31 10
20 33 32 21
20 33 33 114
20 33 34 2
20 33 35 18
20 33 36 92
20 33 37 39
20 33 38 59
20 33 39 113
20 33 40 120
20 33 41 4
20 33 42 69
20 34 0 37
20 34 1 111
20 34 2 82
20 34 3 45
20 34 4 89
20 34 5 26
20 34 6 67
20 34 7 73
20 34 8 63
20 34 9 49
20 34 10 39
20 34 11 41
20 34 12 102
20 34 13 109
20 34 14 51
20 34 15 54
20 34 16 28
20 34 17 50
20 34 18 101
20 34 19 79
20 34 20 115
20 34 21 31
20 34 22 71
20 34 23 93
20 34 24 17
20 34 25 107
20 34 26 114
20 34 27 121
20 34 28 23
20 34 29 92
20 34 30 19
20 34 31 27
20 34 32 113
20 34 33 14
20 34 34 16
20 34 35 91
20 34 36 35
20 34 37 105
20 34 38 43
20 34 39 59
20 34 40 12
20 34 41 58
20 34 42 97
20 35 0 110
20 35 1 117
20 35 2 124
20 35 3 77
20 35 4 26
20 35 5 48
20 35 6 54
20 35 7 116
20 35 8 123
20 35 9 29
20 35 10 41
20 35 11 46
20 35 12 108
20 35 13 59
20 35 14 84
20 35 15 36
20 35 16 93
20 35 17 61
20 35 18 107
20 35 19 114
20 35 20 4
20 35 21 60
20 35 22 57
20 35 23 33
20 35 24 106
20 35 25 113
20 35 26 71
20 35 27 28
20 35 28 91
20 35 29 32
20 35 30 21
20 35 31 112
20 35 32 25
20 35 33 6
20 35 34 90
20 35 35 22
20 35 36 104
20 35 37 111
20 35 38 79
20 35 39 14
20 35 40 89
20 35 41 78
20 35 42 8
20 36 0 77
20 36 1 58
20 36 2 87
20 36 3 31
20 36 4 101
20 36 5 70
20 36 6 115
20 36 7 122
20 36 8 40
20 36 9 42
20 36 10 100
20 36 11 69
20 36 12 79
20 36 13 54
20 36 14 3
20 36 15 47
20 36 16 60
20 36 17 106
20 36 18 113
20 36 19 36
20 36 20 63
20 36 21 84
20 36 22 35
20 36 23 43
20 36 24 50
20 36 25 119
20 36 26 37
20 36 27 90
20 36 28 11
20 36 29 17
20 36 30 111
20 36 31 5
20 36 32 32
20 36 33 52
20 36 34 39
20 36 35 103
20 36 36 110
20 36 37 117
20 36 38 25
20 36 39 53
20 36 40 95
20 36 41 2
20 36 42 109
20 37 0 78
20 37 1 86
20 37 2 28
20 37 3 84
20 37 4 107
20 37 5 114
20 37 6 121
20 37 7 1
20 37 8 41
20 37 9 99
20 37 10 72
20 37 11 56
20 37 12 120
20 37 13 9
20 37 14 57
20 37 15 85
20 37 16 83
20 37 17 64
20 37 18 39
20 37 19 82
20 37 20 50
20 37 21 25
20 37 22 65
20 37 23 111
20 37 24 118
20 37 25 24
20 37 26 63
20 37 27 13
20 37 28 42
20 37 29 110
20 37 30 15
20 37 31 18
20 37 32 88
20 37 33 40
20 37 34 102
20 37 35 109
20 37 36 60
20 37 37 7
20 37 38 87
20 37 39 94
20 37 40 29
20 37 41 108
20 37 42 75
20 38 0 66
20 38 1 4
20 38 2 51
20 38 3 106
20 38 4 113
20 38 5 55
20 38 6 21
20 38 7 31
20 38 8 98
20 38 9 105
20 38 10 112
20 38 11 54
20 38 12 26
20 38 13 68
20 38 14 77
20 38 15 73
20 38 16 111
20 38 17 0
20 38 18 125
20 38 19 89
20 38 20 28
20 38 21 58
20 38 22 110
20 38 23 52
20 38 24 40
20 38 25 88
20 38 26 22
20 38 27 27
20 38 28 109
20 38 29 30
20 38 30 10
20 38 31 69
20 38 32 18
20 38 33 80
20 38 34 108
20 38 35 48
20 38 36 5
20 38 37 86
20 38 38 76
20 38 39 29
20 38 40 43
20 38 41 61
20 38 42 65
20 39 0 10
20 39 1 47
20 39 2 69
20 39 3 58
20 39 4 119
20 39 5 17
20 39 6 40
20 39 7 97
20 39 8 104
20 39 9 79
20 39 10 80
20 39 11 4
20 39 12 89
20 39 13 96
20 39 14 54
20 39 15 110
20 39 16 6
20 39 17 51
20 39 18 66
20 39 19 24
20 39 20 73
20 39 21 109
20 39 22 116
20 39 23 16
20 39 24 65
20 39 25 36
20 39 26 2
20 39 27 108
20 39 28 38
20 39 29 11
20 39 30 56
20 39 31 19
20 39 32 100
20 39 33 45
20 39 34 49
20 39 35 32
20 39 36 82
20 39 37 92
20 39 38 0
20 39 39 84
20 39 40 60
20 39 41 120
20 39 42 3
20 40 0 76
20 40 1 61
20 40 2 111
20 40 3 118
20 40 4 31
20 40 5 10
20 40 6 52
20 40 7 103
20 40 8 46
20 40 9 117
20 40 10 6
20 40 11 84
20 40 12 70
20 40 13 55
20 40 14 109
20 40 15 9
20 40 16 123
20 40 17 87
20 40 18 5
20 40 19 101
20 40 20 108
20 40 21 115
20 40 22 32
20 40 23 80
20 40 24 8
20 40 25 19
20 40 26 107
20 40 27 14
20 40 28 3
20 40 29 51
20 40 30 1
20 40 31 99
20 40 32 81
20 40 33 82
20 40 34 35
20 40 35 27
20 40 36 91
20 40 37 28
20 40 38 105
20 40 39 112
20 40 40 47
20 40 41 126
20 40 42 21
20 41 0 80
20 41 1 110
20 41 2 74
20 41 3 21
20 41 4 38
20 41 5 95
20 41 6 102
20 41 7 65
20 41 8 50
20 41 9 2
20 41 10 87
20 41 11 79
20 41 12 101
20 41 13 108
20 41 14 40
20 41 15 122
20 41 16 86
20 41 17 27
20 41 18 44
20 41 19 45
20 41 20 114
20 41 21 8
20 41 22 75
20 41 23 14
20 41 24 41
20 41 25 106
20 41 26 34
20 41 27 22
20 41 28 46
20 41 29 3
20 41 30 98
20 41 31 105
20 41 32 112
20 41 33 25
20 41 34 126
20 41 35 90
20 41 36 37
20 41 37 104
20 41 38 71
20 41 39 56
20 41 40 85
20 41 41 10
20 41 42 96
20 42 0 109
20 42 1 116
20 42 2 2
20 42 3 19
20 42 4 94
20 42 5 68
20 42 6 57
20 42 7 79
20 42 8 30
20 42 9 86
20 42 10 93
20 42 11 66
20 42 12 85
20 42 13 3
20 42 14 121
20 42 15 44
20 42 16 15
20 42 17 77
20 42 18 81
20 42 19 113
20 42 20 37
20 42 21 70
20 42 22 18
20 42 23 6
20 42 24 105
20 42 25 42
20 42 26 26
20 42 27 61
20 42 28 32
20 42 29 97
20 42 30 104
20 42 31 53
20 42 32 13
20 42 33 60
20 42 34 75
20 42 35 0
20 42 36 103
20 42 37 72
20 42 38 117
20 42 39 124
20 42 40 38
20 42 41 46
20 42 42 47
21 0 0 3
21 0 1 20
21 0 2 94
21 0 3 69
21 0 4 58
21 0 5 80
21 0 6 31
21 0 7 86
21 0 8 93
21 0 9 67
21 0 10 43
21 0 11 4
21 0 12 121
21 0 13 45
21 0 14 16
21 0 15 78
21 0 16 82
21 0 17 113
21 0 18 38
21 0 19 71
21 0 20 19
21 0 21 7
21 0 22 105
21 0 23 0
21 0 24 27
21 0 25 62
21 0 26 33
21 0 27 97
21 0 28 104
21 0 29 54
21 0 30 14
21 0 31 61
21 0 32 76
21 0 33 1
21 0 34 103
21 0 35 73
21 0 36 117
21 0 37 124
21 0 38 39
21 0 39 47
21 0 40 48
21 0 41 109
21 0 42 116
21 1 0 10
21 1 1 72
21 1 2 100
21 1 3 107
21 1 4 76
21 1 5 20
21 1 6 61
21 1 7 62
21 1 8 66
21 1 9 84
21 1 10 13
21 1 11 51
21 1 12 14
21 1 13 6
21 1 14 79
21 1 15 105
21 1 16 47
21 1 17 40
21 1 18 58
21 1 19 38
21 1 20 27
21 1 21 104
21 1 22 22
21 1 23 33
21 1 24 125
21 1 25 9
21 1 26 75
21 1 27 103
21 1 28 69
21 1 29 36
21 1 30 124
21 1 31 88
21 1 32 32
21 1 33 102
21 1 34 54
21 1 35 50
21 1 36 59
21 1 37 35
21 1 38 73
21 1 39 101
21 1 40 108
21 1 41 115
21 1 42 31
21 2 0 92
21 2 1 99
21 2 2 106
21 2 3 43
21 2 4 31
21 2 5 38
21 2 6 49
21 2 7 52
21 2 8 105
21 2 9 41
21 2 10 119
21 2 11 126
21 2 12 9
21 2 13 67
21 2 14 104
21 2 15 111
21 2 16 22
21 2 17 125
21 2 18 30
21 2 19 3
21 2 20 103
21 2 21 39
21 2 22 5
21 2 23 64
21 2 24 25
21 2 25 95
21 2 26 102
21 2 27 62
21 2 28 17
21 2 29 77
21 2 30 45
21 2 31 35
21 2 32 63
21 2 33 44
21 2 34 85
21 2 35 70
21 2 36 37
21 2 37 93
21 2 38 71
21 2 39 55
21 2 40 114
21 2 41 1
21 2 42 24
21 3 0 98
21 3 1 57
21 3 2 112
21 3 3 37
21 3 4 126
21 3 5 69
21 3 6 50
21 3 7 104
21 3 8 12
21 3 9 118
21 3 10 74
21 3 11 36
21 3 12 96
21 3 13 103
21 3 14 110
21 3 15 23
21 3 16 75
21 3 17 31
21 3 18 11
21 3 19 102
21 3 20 14
21 3 21 19
21 3 22 123
21 3 23 1
21 3 24 94
21 3 25 77
21 3 26 84
21 3 27 13
21 3 28 43
21 3 29 64
21 3 30 41
21 3 31 100
21 3 32 107
21 3 33 67
21 3 34 80
21 3 35 15
21 3 36 73
21 3 37 48
21 3 38 58
21 3 39 113
21 3 40 10
21 3 41 20
21 3 42 91
21 4 0 73
21 4 1 79
21 4 2 13
21 4 3 50
21 4 4 89
21 4 5 96
21 4 6 103
21 4 7 12
21 4 8 49
21 4 9 124
21 4 10 34
21 4 11 48
21 4 12 102
21 4 13 109
21 4 14 1
21 4 15 123
21 4 16 23
21 4 17 26
21 4 18 101
21 4 19 42
21 4 20 28
21 4 21 122
21 4 22 17
21 4 23 56
21 4 24 100
21 4 25 107
21 4 26 16
21 4 27 70
21 4 28 67
21 4 29 2
21 4 30 99
21 4 31 106
21 4 32 66
21 4 33 120
21 4 34 32
21 4 35 43
21 4 36 68
21 4 37 105
21 4 38 81
21 4 39 0
21 4 40 40
21 4 41 90
21 4 42 97
21 5 0 60
21 5 1 10
21 5 2 124
21 5 3 82
21 5 4 45
21 5 5 102
21 5 6 39
21 5 7 116
21 5 8 69
21 5 9 16
21 5 10 68
21 5 11 84
21 5 12 108
21 5 13 2
21 5 14 122
21 5 15 9
21 5 16 36
21 5 17 100
21 5 18 24
21 5 19 30
21 5 20 121
21 5 21 4
21 5 22 92
21 5 23 99
21 5 24 106
21 5 25 6
21 5 26 120
21 5 27 56
21 5 28 5
21 5 29 98
21 5 30 48
21 5 31 112
21 5 32 77
21 5 33 38
21 5 34 73
21 5 35 76
21 5 36 104
21 5 37 111
21 5 38 42
21 5 39 1
21 5 40 78
21 5 41 64
21 5 42 54
21 6 0 15
21 6 1 52
21 6 2 87
21 6 3 66
21 6 4 64
21 6 5 33
21 6 6 115
21 6 7 58
21 6 8 27
21 6 9 93
21 6 10 100
21 6 11 68
21 6 12 19
21 6 13 121
21 6 14 35
21 6 15 16
21 6 16 99
21 6 17 20
21 6 18 9
21 6 19 54
21 6 20 13
21 6 21 91
21 6 22 98
21 6 23 55
21 6 24 8
21 6 25 69
21 6 26 57
21 6 27 37
21 6 28 97
21 6 29 81
21 6 30 79
21 6 31 72
21 6 32 5
21 6 33 89
21 6 34 96
21 6 35 103
21 6 36 110
21 6 37 0
21 6 38 12
21 6 39 88
21 6 40 95
21 6 41 62
21 6 42 83
21 7 0 71
21 7 1 86
21 7 2 93
21 7 3 100
21 7 4 4
21 7 5 114
21 7 6 72
21 7 7 29
21 7 8 84
21 7 9 99
21 7 10 64
21 7 11 6
21 7 12 79
21 7 13 25
21 7 14 27
21 7 15 98
21 7 16 14
21 7 17 22
21 7 18 119
21 7 19 18
21 7 20 90
21 7 21 97
21 7 22 83
21 7 23 24
21 7 24 46
21 7 25 125
21 7 26 10
21 7 27 67
21 7 28 81
21 7 29 56
21 7 30 117
21 7 31 13
21 7 32 53
21 7 33 54
21 7 34 102
21 7 35 109
21 7 36 0
21 7 37 2
21 7 38 80
21 7 39 94
21 7 40 101
21 7 41 59
21 7 42 15
21 8 0 44
21 8 1 58
21 8 2 99
21 8 3 33
21 8 4 113
21 8 5 120
21 8 6 37
21 8 7 71
21 8 8 98
21 8 9 105
21 8 10 2
21 8 11 119
21 8 12 23
21 8 13 39
21 8 14 97
21 8 15 20
21 8 16 31
21 8 17 118
21 8 18 36
21 8 19 49
21 8 20 54
21 8 21 65
21 8 22 25
21 8 23 117
21 8 24 60
21 8 25 10
21 8 26 95
21 8 27 81
21 8 28 45
21 8 29 69
21 8 30 9
21 8 31 87
21 8 32 83
21 8 33 80
21 8 34 108
21 8 35 32
21 8 36 40
21 8 37 67
21 8 38 51
21 8 39 78
21 8 40 107
21 8 41 4
21 8 42 63
21 9 0 49
21 9 1 98
21 9 2 41
21 9 3 80
21 9 4 77
21 9 5 13
21 9 6 46
21 9 7 97
21 9 8 104
21 9 9 23
21 9 10 118
21 9 11 19
21 9 12 29
21 9 13 96
21 9 14 38
21 9 15 42
21 9 16 73
21 9 17 27
21 9 18 88
21 9 19 95
21 9 20 56
21 9 21 16
21 9 22 63
21 9 23 123
21 9 24 31
21 9 25 94
21 9 26 101
21 9 27 53
21 9 28 60
21 9 29 14
21 9 30 86
21 9 31 93
21 9 32 100
21 9 33 51
21 9 34 12
21 9 35 30
21 9 36 58
21 9 37 92
21 9 38 52
21 9 39 106
21 9 40 11
21 9 41 120
21 9 42 34
21 10 0 97
21 10 1 0
21 10 2 111
21 10 3 61
21 10 4 12
21 10 5 89
21 10 6 75
21 10 7 103
21 10 8 3
21 10 9 73
21 10 10 15
21 10 11 18
21 10 12 95
21 10 13 22
21 10 14 34
21 10 15 116
21 10 16 2
21 10 17 70
21 10 18 94
21 10 19 101
21 10 20 16
21 10 21 56
21 10 22 122
21 10 23 30
21 10 24 45
21 10 25 72
21 10 26 107
21 10 27 44
21 10 28 31
21 10 29 76
21 10 30 71
21 10 31 99
21 10 32 46
21 10 33 10
21 10 34 28
21 10 35 63
21 10 36 91
21 10 37 59
21 10 38 84
21 10 39 8
21 10 40 47
21 10 41 126
21 10 42 77
21 11 0 26
21 11 1 110
21 11 2 117
21 11 3 42
21 11 4 78
21 11 5 95
21 11 6 102
21 11 7 35
21 11 8 116
21 11 9 9
21 11 10 8
21 11 11 94
21 11 12 27
21 11 13 15
21 11 14 115
21 11 15 7
21 11 16 76
21 11 17 85
21 11 18 53
21 11 19 28
21 11 20 46
21 11 21 121
21 11 22 37
21 11 23 92
21 11 24 75
21 11 25 106
21 11 26 58
21 11 27 17
21 11 28 39
21 11 29 44
21 11 30 98
21 11 31 105
21 11 32 24
21 11 33 0
21 11 34 64
21 11 35 90
21 11 36 63
21 11 37 49
21 11 38 5
21 11 39 54
21 11 40 67
21 11 41 89
21 11 42 81
21 12 0 109
21 12 1 47
21 12 2 29
21 12 3 87
21 12 4 94
21 12 5 78
21 12 6 7
21 12 7 115
21 12 8 22
21 12 9 26
21 12 10 93
21 12 11 20
21 12 12 11
21 12 13 114
21 12 14 17
21 12 15 44
21 12 16 92
21 12 17 65
21 12 18 18
21 12 19 66
21 12 20 51
21 12 21 42
21 12 22 91
21 12 23 50
21 12 24 57
21 12 25 112
21 12 26 38
21 12 27 126
21 12 28 56
21 12 29 97
21 12 30 104
21 12 31 16
21 12 32 39
21 12 33 125
21 12 34 60
21 12 35 96
21 12 36 67
21 12 37 31
21 12 38 117
21 12 39 124
21 12 40 75
21 12 41 95
21 12 42 37
21 13 0 63
21 13 1 37
21 13 2 86
21 13 3 64
21 13 4 100
21 13 5 40
21 13 6 114
21 13 7 33
21 13 8 15
21 13 9 92
21 13 10 4
21 13 11 34
21 13 12 113
21 13 13 35
21 13 14 82
21 13 15 91
21 13 16 50
21 13 17 8
21 13 18 112
21 13 19 119
21 13 20 11
21 13 21 90
21 13 22 52
21 13 23 58
21 13 24 65
21 13 25 30
21 13 26 61
21 13 27 89
21 13 28 66
21 13 29 103
21 13 30 7
21 13 31 1
21 13 32 59
21 13 33 88
21 13 34 81
21 13 35 45
21 13 36 13
21 13 37 51
21 13 38 68
21 13 39 87
21 13 40 94
21 13 41 10
21 13 42 108
21 14 0 18
21 14 1 54
21 14 2 92
21 14 3 99
21 14 4 25
21 14 5 113
21 14 6 35
21 14 7 23
21 14 8 91
21 14 9 0
21 14 10 41
21 14 11 59
21 14 12 1
21 14 13 62
21 14 14 90
21 14 15 76
21 14 16 17
21 14 17 52
21 14 18 118
21 14 19 33
21 14 20 79
21 14 21 96
21 14 22 85
21 14 23 61
21 14 24 34
21 14 25 124
21 14 26 46
21 14 27 95
21 14 28 102
21 14 29 24
21 14 30 39
21 14 31 123
21 14 32 78
21 14 33 43
21 14 34 101
21 14 35 37
21 14 36 51
21 14 37 45
21 14 38 86
21 14 39 72
21 14 40 32
21 14 41 44
21 14 42 71
21 15 0 6
21 15 1 91
21 15 2 98
21 15 3 17
21 15 4 48
21 15 5 22
21 15 6 20
21 15 7 90
21 15 8 10
21 15 9 24
21 15 10 111
21 15 11 40
21 15 12 125
21 15 13 76
21 15 14 96
21 15 15 39
21 15 16 46
21 15 17 55
21 15 18 4
21 15 19 88
21 15 20 74
21 15 21 77
21 15 22 49
21 15 23 31
21 15 24 84
21 15 25 87
21 15 26 94
21 15 27 47
21 15 28 25
21 15 29 8
21 15 30 122
21 15 31 67
21 15 32 93
21 15 33 60
21 15 34 26
21 15 35 68
21 15 36 54
21 15 37 70
21 15 38 92
21 15 39 38
21 15 40 85
21 15 41 83
21 15 42 16
21 16 0 90
21 16 1 97
21 16 2 10
21 16 3 111
21 16 4 28
21 16 5 15
21 16 6 89
21 16 7 18
21 16 8 14
21 16 9 110
21 16 10 3
21 16 11 79
21 16 12 88
21 16 13 82
21 16 14 19
21 16 15 60
21 16 16 116
21 16 17 32
21 16 18 62
21 16 19 44
21 16 20 101
21 16 21 48
21 16 22 2
21 16 23 77
21 16 24 86
21 16 25 71
21 16 26 100
21 16 27 36
21 16 28 24
21 16 29 121
21 16 30 54
21 16 31 43
21 16 32 65
21 16 33 29
21 16 34 57
21 16 35 120
21 16 36 30
21 16 37 91
21 16 38 1
21 16 39 105
21 16 40 112
21 16 41 13
21 16 42 126
21 17 0 54
21 17 1 29
21 17 2 110
21 17 3 9
21 17 4 27
21 17 5 88
21 17 6 6
21 17 7 28
21 17 8 109
21 17 9 36
21 17 10 123
21 17 11 50
21 17 12 53
21 17 13 4
21 17 14 55
21 17 15 115
21 17 16 11
21 17 17 71
21 17 18 93
21 17 19 79
21 17 20 107
21 17 21 37
21 17 22 46
21 17 23 59
21 17 24 92
21 17 25 99
21 17 26 18
21 17 27 34
21 17 28 83
21 17 29 63
21 17 30 70
21 17 31 58
21 17 32 16
21 17 33 112
21 17 34 84
21 17 35 126
21 17 36 90
21 17 37 14
21 17 38 104
21 17 39 75
21 17 40 17
21 17 41 76
21 17 42 68
21 18 0 40
21 18 1 109
21 18 2 19
21 18 3 0
21 18 4 87
21 18 5 1
21 18 6 9
21 18 7 108
21 18 8 30
21 18 9 122
21 18 10 63
21 18 11 93
21 18 12 26
21 18 13 107
21 18 14 114
21 18 15 36
21 18 16 59
21 18 17 43
21 18 18 82
21 18 19 106
21 18 20 8
21 18 21 120
21 18 22 35
21 18 23 91
21 18 24 98
21 18 25 42
21 18 26 37
21 18 27 119
21 18 28 50
21 18 29 73
21 18 30 62
21 18 31 34
21 18 32 54
21 18 33 56
21 18 34 49
21 18 35 46
21 18 36 23
21 18 37 103
21 18 38 75
21 18 39 2
21 18 40 124
21 18 41 88
21 18 42 95
21 19 0 108
21 19 1 25
21 19 2 15
21 19 3 86
21 19 4 3
21 19 5 7
21 19 6 85
21 19 7 34
21 19 8 121
21 19 9 83
21 19 10 73
21 19 11 29
21 19 12 106
21 19 13 113
21 19 14 6
21 19 15 57
21 19 16 63
21 19 17 59
21 19 18 78
21 19 19 39
21 19 20 48
21 19 21 126
21 19 22 90
21 19 23 97
21 19 24 24
21 19 25 35
21 19 26 118
21 19 27 125
21 19 28 89
21 19 29 96
21 19 30 16
21 19 31 75
21 19 32 117
21 19 33 124
21 19 34 88
21 19 35 41
21 19 36 102
21 19 37 47
21 19 38 40
21 19 39 60
21 19 40 55
21 19 41 94
21 19 42 19
21 20 0 20
21 20 1 23
21 20 2 64
21 20 3 14
21 20 4 6
21 20 5 52
21 20 6 25
21 20 7 44
21 20 8 83
21 20 9 75
21 20 10 30
21 20 11 72
21 20 12 67
21 20 13 28
21 20 14 59
21 20 15 66
21 20 16 43
21 20 17 63
21 20 18 31
21 20 19 60
21 20 20 80
21 20 21 74
21 20 22 70
21 20 23 18
21 20 24 12
21 20 25 58
21 20 26 54
21 20 27 48
21 20 28 68
21 20 29 35
21 20 30 65
21 20 31 85
21 20 32 62
21 20 33 69
21 20 34 1
21 20 35 61
21 20 36 56
21 20 37 40
21 20 38 53
21 20 39 45
21 20 40 84
21 20 41 9
21 20 42 76
21 21 0 4
21 21 1 21
21 21 2 38
21 21 3 12
21 21 4 105
21 21 5 3
21 21 6 119
21 21 7 73
21 21 8 68
21 21 9 28
21 21 10 81
21 21 11 111
21 21 12 36
21 21 13 125
21 21 14 89
21 21 15 96
21 21 16 53
21 21 17 35
21 21 18 117
21 21 19 124
21 21 20 88
21 21 21 95
21 21 22 34
21 21 23 8
21 21 24 116
21 21 25 123
21 21 26 87
21 21 27 80
21 21 28 7
21 21 29 50
21 21 30 69
21 21 31 65
21 21 32 71
21 21 33 6
21 21 34 100
21 21 35 107
21 21 36 14
21 21 37 55
21 21 38 45
21 21 39 92
21 21 40 39
21 21 41 43
21 21 42 30
21 22 0 126
21 22 1 19
21 22 2 22
21 22 3 104
21 22 4 33
21 22 5 118
21 22 6 125
21 22 7 89
21 22 8 2
21 22 9 53
21 22 10 110
21 22 11 41
21 22 12 82
21 22 13 79
21 22 14 72
21 22 15 74
21 22 16 7
21 22 17 66
21 22 18 55
21 22 19 78
21 22 20 94
21 22 21 30
21 22 22 24
21 22 23 115
21 22 24 122
21 22 25 86
21 22 26 93
21 22 27 11
21 22 28 107
21 22 29 46
21 22 30 85
21 22 31 69
21 22 32 14
21 22 33 99
21 22 34 106
21 22 35 12
21 22 36 120
21 22 37 65
21 22 38 91
21 22 39 17
21 22 40 105
21 22 41 36
21 22 42 28
21 23 0 27
21 23 1 17
21 23 2 103
21 23 3 23
21 23 4 74
21 23 5 60
21 23 6 52
21 23 7 2
21 23 8 53
21 23 9 109
21 23 10 1
21 23 11 123
21 23 12 87
21 23 13 44
21 23 14 101
21 23 15 26
21 23 16 70
21 23 17 58
21 23 18 65
21 23 19 45
21 23 20 7
21 23 21 18
21 23 22 114
21 23 23 121
21 23 24 69
21 23 25 82
21 23 26 3
21 23 27 106
21 23 28 49
21 23 29 120
21 23 30 57
21 23 31 36
21 23 32 98
21 23 33 73
21 23 34 13
21 23 35 75
21 23 36 78
21 23 37 90
21 23 38 8
21 23 39 104
21 23 40 35
21 23 41 39
21 23 42 125
21 24 0 23
21 24 1 102
21 24 2 2
21 24 3 116
21 24 4 123
21 24 5 87
21 24 6 40
21 24 7 101
21 24 8 108
21 24 9 19
21 24 10 122
21 24 11 86
21 24 12 93
21 24 13 71
21 24 14 8
21 24 15 63
21 24 16 85
21 24 17 74
21 24 18 92
21 24 19 5
21 24 20 0
21 24 21 113
21 24 22 57
21 24 23 7
21 24 24 51
21 24 25 34
21 24 26 80
21 24 27 112
21 24 28 84
21 24 29 66
21 24 30 6
21 24 31 97
21 24 32 68
21 24 33 16
21 24 34 46
21 24 35 125
21 24 36 49
21 24 37 12
21 24 38 103
21 24 39 33
21 24 40 41
21 24 41 124
21 24 42 42
21 25 0 80
21 25 1 13
21 25 2 115
21 25 3 122
21 25 4 86
21 25 5 25
21 25 6 45
21 25 7 43
21 25 8 28
21 25 9 121
21 25 10 58
21 25 11 74
21 25 12 60
21 25 13 26
21 25 14 68
21 25 15 120
21 25 16 61
21 25 17 91
21 25 18 8
21 25 19 24
21 25 20 81
21 25 21 119
21 25 22 126
21 25 23 44
21 25 24 5
21 25 25 79
21 25 26 51
21 25 27 54
21 25 28 125
21 25 29 31
21 25 30 73
21 25 31 82
21 25 32 38
21 25 33 117
21 25 34 52
21 25 35 88
21 25 36 6
21 25 37 102
21 25 38 14
21 25 39 36
21 25 40 123
21 25 41 15
21 25 42 33
21 26 0 32
21 26 1 114
21 26 2 121
21 26 3 74
21 26 4 29
21 26 5 57
21 26 6 84
21 26 7 41
21 26 8 56
21 26 9 12
21 26 10 83
21 26 11 77
21 26 12 13
21 26 13 112
21 26 14 85
21 26 15 50
21 26 16 90
21 26 17 18
21 26 18 6
21 26 19 111
21 26 20 118
21 26 21 82
21 26 22 89
21 26 23 40
21 26 24 67
21 26 25 43
21 26 26 117
21 26 27 49
21 26 28 10
21 26 29 95
21 26 30 76
21 26 31 23
21 26 32 52
21 26 33 123
21 26 34 66
21 26 35 39
21 26 36 69
21 26 37 28
21 26 38 24
21 26 39 122
21 26 40 27
21 26 41 14
21 26 42 100
21 27 0 113
21 27 1 64
21 27 2 36
21 27 3 26
21 27 4 65
21 27 5 105
21 27 6 4
21 27 7 119
21 27 8 126
21 27 9 60
21 27 10 77
21 27 11 16
21 27 12 83
21 27 13 47
21 27 14 125
21 27 15 69
21 27 16 34
21 27 17 17
21 27 18 110
21 27 19 62
21 27 20 124
21 27 21 67
21 27 22 11
21 27 23 63
21 27 24 70
21 27 25 76
21 27 26 123
21 27 27 38
21 27 28 94
21 27 29 101
21 27 30 3
21 27 31 78
21 27 32 122
21 27 33 46
21 27 34 2
21 27 35 100
21 27 36 18
21 27 37 32
21 27 38 121
21 27 39 22
21 27 40 20
21 27 41 99
21 27 42 25
21 28 0 119
21 28 1 126
21 28 2 24
21 28 3 81
21 28 4 104
21 28 5 10
21 28 6 118
21 28 7 53
21 28 8 89
21 28 9 96
21 28 10 5
21 28 11 61
21 28 12 117
21 28 13 68
21 28 14 88
21 28 15 3
21 28 16 18
21 28 17 109
21 28 18 116
21 28 19 72
21 28 20 87
21 28 21 8
21 28 22 101
21 28 23 71
21 28 24 78
21 28 25 122
21 28 26 9
21 28 27 77
21 28 28 62
21 28 29 25
21 28 30 63
21 28 31 121
21 28 32 84
21 28 33 41
21 28 34 99
21 28 35 1
21 28 36 42
21 28 37 120
21 28 38 19
21 28 39 7
21 28 40 98
21 28 41 17
21 28 42 50
21 29 0 50
21 29 1 5
21 29 2 96
21 29 3 103
21 29 4 32
21 29 5 47
21 29 6 124
21 29 7 61
21 29 8 74
21 29 9 29
21 29 10 79
21 29 11 65
21 29 12 123
21 29 13 64
21 29 14 41
21 29 15 35
21 29 16 108
21 29 17 115
21 29 18 84
21 29 19 86
21 29 20 12
21 29 21 70
21 29 22 107
21 29 23 53
21 29 24 121
21 29 25 31
21 29 26 92
21 29 27 82
21 29 28 34
21 29 29 75
21 29 30 43
21 29 31 52
21 29 32 7
21 29 33 98
21 29 34 8
21 29 35 38
21 29 36 119
21 29 37 27
21 29 38 9
21 29 39 97
21 29 40 2
21 29 41 111
21 29 42 118
21 30 0 13
21 30 1 67
21 30 2 102
21 30 3 5
21 30 4 116
21 30 5 51
21 30 6 87
21 30 7 81
21 30 8 11
21 30 9 44
21 30 10 69
21 30 11 122
21 30 12 65
21 30 13 3
21 30 14 26
21 30 15 82
21 30 16 114
21 30 17 57
21 30 18 52
21 30 19 4
21 30 20 84
21 30 21 106
21 30 22 56
21 30 23 83
21 30 24 0
21 30 25 91
21 30 26 72
21 30 27 24
21 30 28 112
21 30 29 119
21 30 30 58
21 30 31 25
21 30 32 97
21 30 33 31
21 30 34 22
21 30 35 118
21 30 36 16
21 30 37 20
21 30 38 55
21 30 39 35
21 30 40 110
21 30 41 53
21 30 42 124
21 31 0 51
21 31 1 48
21 31 2 16
21 31 3 115
21 31 4 79
21 31 5 86
21 31 6 93
21 31 7 37
21 31 8 107
21 31 9 76
21 31 10 121
21 31 11 70
21 31 12 42
21 31 13 18
21 31 14 77
21 31 15 113
21 31 16 120
21 31 17 3
21 31 18 25
21 31 19 68
21 31 20 75
21 31 21 112
21 31 22 119
21 31 23 5
21 31 24 90
21 31 25 65
21 31 26 14
21 31 27 72
21 31 28 118
21 31 29 125
21 31 30 35
21 31 31 55
21 31 32 27
21 31 33 15
21 31 34 117
21 31 35 34
21 31 36 33
21 31 37 95
21 31 38 7
21 31 39 109
21 31 40 116
21 31 41 82
21 31 42 0
21 32 0 100
21 32 1 42
21 32 2 114
21 32 3 70
21 32 4 84
21 32 5 65
21 32 6 34
21 32 7 106
21 32 8 50
21 32 9 77
21 32 10 61
21 32 11 14
21 32 12 32
21 32 13 105
21 32 14 48
21 32 15 45
21 32 16 126
21 32 17 11
21 32 18 59
21 32 19 83
21 32 20 47
21 32 21 118
21 32 22 12
21 32 23 68
21 32 24 96
21 32 25 26
21 32 26 63
21 32 27 74
21 32 28 79
21 32 29 40
21 32 30 95
21 32 31 8
21 32 32 20
21 32 33 116
21 32 34 24
21 32 35 27
21 32 36 94
21 32 37 39
21 32 38 108
21 32 39 115
21 32 40 57
21 32 41 30
21 32 42 93
21 33 0 1
21 33 1 113
21 33 2 120
21 33 3 8
21 33 4 57
21 33 5 31
21 33 6 69
21 33 7 112
21 33 8 119
21 33 9 48
21 33 10 12
21 33 11 30
21 33 12 104
21 33 13 111
21 33 14 74
21 33 15 75
21 33 16 28
21 33 17 96
21 33 18 72
21 33 19 47
21 33 20 61
21 33 21 11
21 33 22 88
21 33 23 82
21 33 24 26
21 33 25 45
21 33 26 116
21 33 27 123
21 33 28 15
21 33 29 94
21 33 30 0
21 33 31 4
21 33 32 115
21 33 33 13
21 33 34 23
21 33 35 49
21 33 36 19
21 33 37 64
21 33 38 114
21 33 39 44
21 33 40 29
21 33 41 56
21 33 42 99
21 34 0 64
21 34 1 62
21 34 2 126
21 34 3 76
21 34 4 38
21 34 5 45
21 34 6 66
21 34 7 118
21 34 8 125
21 34 9 2
21 34 10 10
21 34 11 103
21 34 12 110
21 34 13 117
21 34 14 124
21 34 15 33
21 34 16 56
21 34 17 49
21 34 18 47
21 34 19 116
21 34 20 32
21 34 21 71
21 34 22 59
21 34 23 17
21 34 24 73
21 34 25 115
21 34 26 122
21 34 27 6
21 34 28 74
21 34 29 11
21 34 30 22
21 34 31 114
21 34 32 3
21 34 33 19
21 34 34 92
21 34 35 40
21 34 36 60
21 34 37 113
21 34 38 120
21 34 39 5
21 34 40 70
21 34 41 98
21 34 42 9
21 35 0 83
21 35 1 46
21 35 2 89
21 35 3 27
21 35 4 68
21 35 5 74
21 35 6 64
21 35 7 50
21 35 8 40
21 35 9 42
21 35 10 102
21 35 11 109
21 35 12 52
21 35 13 55
21 35 14 29
21 35 15 51
21 35 16 101
21 35 17 80
21 35 18 115
21 35 19 32
21 35 20 72
21 35 21 93
21 35 22 18
21 35 23 107
21 35 24 114
21 35 25 121
21 35 26 24
21 35 27 92
21 35 28 20
21 35 29 28
21 35 30 113
21 35 31 15
21 35 32 17
21 35 33 91
21 35 34 36
21 35 35 105
21 35 36 44
21 35 37 60
21 35 38 13
21 35 39 59
21 35 40 97
21 35 41 38
21 35 42 111
21 36 0 124
21 36 1 78
21 36 2 27
21 36 3 49
21 36 4 55
21 36 5 116
21 36 6 123
21 36 7 30
21 36 8 42
21 36 9 47
21 36 10 108
21 36 11 60
21 36 12 85
21 36 13 37
21 36 14 93
21 36 15 62
21 36 16 107
21 36 17 114
21 36 18 5
21 36 19 61
21 36 20 58
21 36 21 34
21 36 22 106
21 36 23 113
21 36 24 72
21 36 25 29
21 36 26 91
21 36 27 33
21 36 28 22
21 36 29 112
21 36 30 26
21 36 31 7
21 36 32 90
21 36 33 23
21 36 34 104
21 36 35 111
21 36 36 80
21 36 37 15
21 36 38 89
21 36 39 79
21 36 40 9
21 36 41 110
21 36 42 117
21 37 0 87
21 37 1 32
21 37 2 101
21 37 3 71
21 37 4 115
21 37 5 122
21 37 6 41
21 37 7 0
21 37 8 100
21 37 9 70
21 37 10 80
21 37 11 55
21 37 12 4
21 37 13 48
21 37 14 61
21 37 15 106
21 37 16 113
21 37 17 37
21 37 18 64
21 37 19 85
21 37 20 36
21 37 21 44
21 37 22 51
21 37 23 119
21 37 24 38
21 37 25 90
21 37 26 12
21 37 27 18
21 37 28 111
21 37 29 6
21 37 30 33
21 37 31 53
21 37 32 40
21 37 33 103
21 37 34 110
21 37 35 117
21 37 36 26
21 37 37 54
21 37 38 95
21 37 39 3
21 37 40 109
21 37 41 78
21 37 42 59
21 38 0 29
21 38 1 85
21 38 2 107
21 38 3 114
21 38 4 121
21 38 5 2
21 38 6 42
21 38 7 99
21 38 8 73
21 38 9 57
21 38 10 120
21 38 11 10
21 38 12 58
21 38 13 43
21 38 14 84
21 38 15 65
21 38 16 40
21 38 17 83
21 38 18 51
21 38 19 26
21 38 20 66
21 38 21 111
21 38 22 118
21 38 23 25
21 38 24 64
21 38 25 14
21 38 26 0
21 38 27 110
21 38 28 16
21 38 29 19
21 38 30 88
21 38 31 41
21 38 32 102
21 38 33 109
21 38 34 61
21 38 35 8
21 38 36 87
21 38 37 94
21 38 38 30
21 38 39 108
21 38 40 76
21 38 41 79
21 38 42 86
21 39 0 52
21 39 1 106
21 39 2 113
21 39 3 56
21 39 4 22
21 39 5 32
21 39 6 98
21 39 7 105
21 39 8 112
21 39 9 55
21 39 10 27
21 39 11 69
21 39 12 78
21 39 13 74
21 39 14 111
21 39 15 1
21 39 16 125
21 39 17 89
21 39 18 29
21 39 19 59
21 39 20 110
21 39 21 53
21 39 22 41
21 39 23 88
21 39 24 23
21 39 25 28
21 39 26 109
21 39 27 31
21 39 28 11
21 39 29 70
21 39 30 19
21 39 31 81
21 39 32 108
21 39 33 49
21 39 34 6
21 39 35 86
21 39 36 77
21 39 37 30
21 39 38 44
21 39 39 62
21 39 40 66
21 39 41 67
21 39 42 5
21 40 0 70
21 40 1 59
21 40 2 119
21 40 3 18
21 40 4 41
21 40 5 97
21 40 6 104
21 40 7 80
21 40 8 81
21 40 9 5
21 40 10 89
21 40 11 96
21 40 12 55
21 40 13 110
21 40 14 7
21 40 15 52
21 40 16 67
21 40 17 25
21 40 18 74
21 40 19 109
21 40 20 116
21 40 21 17
21 40 22 66
21 40 23 37
21 40 24 3
21 40 25 108
21 40 26 39
21 40 27 12
21 40 28 57
21 40 29 20
21 40 30 100
21 40 31 46
21 40 32 50
21 40 33 33
21 40 34 83
21 40 35 92
21 40 36 1
21 40 37 85
21 40 38 61
21 40 39 120
21 40 40 4
21 40 41 11
21 40 42 48
21 41 0 111
21 41 1 118
21 41 2 32
21 41 3 11
21 41 4 53
21 41 5 103
21 41 6 47
21 41 7 117
21 41 8 7
21 41 9 85
21 41 10 71
21 41 11 56
21 41 12 109
21 41 13 10
21 41 14 123
21 41 15 87
21 41 16 6
21 41 17 101
21 41 18 108
21 41 19 115
21 41 20 33
21 41 21 81
21 41 22 9
21 41 23 20
21 41 24 107
21 41 25 15
21 41 26 4
21 41 27 52
21 41 28 2
21 41 29 99
21 41 30 82
21 41 31 83
21 41 32 36
21 41 33 28
21 41 34 91
21 41 35 29
21 41 36 105
21 41 37 112
21 41 38 48
21 41 39 126
21 41 40 22
21 41 41 77
21 41 42 62
21 42 0 75
21 42 1 22
21 42 2 39
21 42 3 95
21 42 4 102
21 42 5 66
21 42 6 51
21 42 7 3
21 42 8 87
21 42 9 80
21 42 10 101
21 42 11 108
21 42 12 41
21 42 13 122
21 42 14 86
21 42 15 28
21 42 16 45
21 42 17 46
21 42 18 114
21 42 19 9
21 42 20 76
21 42 21 15
21 42 22 42
21 42 23 106
21 42 24 35
21 42 25 23
21 42 26 47
21 42 27 4
21 42 28 98
21 42 29 105
21 42 30 112
21 42 31 26
21 42 32 126
21 42 33 90
21 42 34 38
21 42 35 104
21 42 36 72
21 42 37 57
21 42 38 43
21 42 39 11
21 42 40 96
21 42 41 81
21 42 42 110
22 0 0 40
22 0 1 95
22 0 2 102
22 0 3 67
22 0 4 52
22 0 5 4
22 0 6 87
22 0 7 81
22 0 8 101
22 0 9 108
22 0 10 42
22 0 11 122
22 0 12 86
22 0 13 29
22 0 14 46
22 0 15 47
22 0 16 114
22 0 17 10
22 0 18 77
22 0 19 16
22 0 20 0
22 0 21 106
22 0 22 36
22 0 23 24
22 0 24 48
22 0 25 5
22 0 26 98
22 0 27 105
22 0 28 112
22 0 29 27
22 0 30 126
22 0 31 90
22 0 32 39
22 0 33 104
22 0 34 73
22 0 35 58
22 0 36 44
22 0 37 12
22 0 38 96
22 0 39 82
22 0 40 110
22 0 41 76
22 0 42 23
22 1 0 94
22 1 1 70
22 1 2 59
22 1 3 81
22 1 4 32
22 1 5 86
22 1 6 93
22 1 7 68
22 1 8 44
22 1 9 5
22 1 10 121
22 1 11 46
22 1 12 17
22 1 13 79
22 1 14 83
22 1 15 113
22 1 16 39
22 1 17 72
22 1 18 20
22 1 19 8
22 1 20 105
22 1 21 1
22 1 22 28
22 1 23 63
22 1 24 34
22 1 25 97
22 1 26 104
22 1 27 55
22 1 28 15
22 1 29 62
22 1 30 77
22 1 31 2
22 1 32 103
22 1 33 74
22 1 34 117
22 1 35 124
22 1 36 40
22 1 37 48
22 1 38 49
22 1 39 109
22 1 40 116
22 1 41 4
22 1 42 21
22 2 0 100
22 2 1 107
22 2 2 77
22 2 3 21
22 2 4 62
22 2 5 63
22 2 6 67
22 2 7 85
22 2 8 14
22 2 9 52
22 2 10 15
22 2 11 7
22 2 12 80
22 2 13 105
22 2 14 48
22 2 15 41
22 2 16 59
22 2 17 39
22 2 18 28
22 2 19 104
22 2 20 23
22 2 21 34
22 2 22 125
22 2 23 10
22 2 24 76
22 2 25 103
22 2 26 70
22 2 27 37
22 2 28 124
22 2 29 88
22 2 30 33
22 2 31 102
22 2 32 55
22 2 33 51
22 2 34 60
22 2 35 36
22 2 36 74
22 2 37 101
22 2 38 108
22 2 39 115
22 2 40 32
22 2 41 11
22 2 42 73
22 3 0 106
22 3 1 44
22 3 2 32
22 3 3 39
22 3 4 50
22 3 5 53
22 3 6 105
22 3 7 42
22 3 8 119
22 3 9 126
22 3 10 10
22 3 11 68
22 3 12 104
22 3 13 111
22 3 14 23
22 3 15 125
22 3 16 31
22 3 17 4
22 3 18 103
22 3 19 40
22 3 20 6
22 3 21 65
22 3 22 26
22 3 23 95
22 3 24 102
22 3 25 63
22 3 26 18
22 3 27 78
22 3 28 46
22 3 29 36
22 3 30 64
22 3 31 45
22 3 32 43
22 3 33 71
22 3 34 38
22 3 35 93
22 3 36 72
22 3 37 56
22 3 38 114
22 3 39 2
22 3 40 25
22 3 41 92
22 3 42 99
22 4 0 112
22 4 1 38
22 4 2 126
22 4 3 70
22 4 4 51
22 4 5 104
22 4 6 13
22 4 7 118
22 4 8 75
22 4 9 37
22 4 10 96
22 4 11 103
22 4 12 110
22 4 13 24
22 4 14 76
22 4 15 32
22 4 16 12
22 4 17 102
22 4 18 15
22 4 19 20
22 4 20 123
22 4 21 2
22 4 22 94
22 4 23 78
22 4 24 85
22 4 25 14
22 4 26 44
22 4 27 65
22 4 28 42
22 4 29 100
22 4 30 107
22 4 31 68
22 4 32 81
22 4 33 16
22 4 34 74
22 4 35 49
22 4 36 59
22 4 37 113
22 4 38 11
22 4 39 21
22 4 40 91
22 4 41 98
22 4 42 58
22 5 0 14
22 5 1 51
22 5 2 89
22 5 3 96
22 5 4 103
22 5 5 13
22 5 6 50
22 5 7 124
22 5 8 35
22 5 9 49
22 5 10 102
22 5 11 109
22 5 12 2
22 5 13 123
22 5 14 24
22 5 15 27
22 5 16 101
22 5 17 0
22 5 18 29
22 5 19 122
22 5 20 18
22 5 21 57
22 5 22 100
22 5 23 107
22 5 24 17
22 5 25 71
22 5 26 68
22 5 27 3
22 5 28 99
22 5 29 106
22 5 30 67
22 5 31 120
22 5 32 33
22 5 33 44
22 5 34 69
22 5 35 105
22 5 36 82
22 5 37 1
22 5 38 41
22 5 39 90
22 5 40 97
22 5 41 74
22 5 42 80
22 6 0 124
22 6 1 83
22 6 2 46
22 6 3 102
22 6 4 40
22 6 5 116
22 6 6 70
22 6 7 17
22 6 8 69
22 6 9 85
22 6 10 108
22 6 11 3
22 6 12 122
22 6 13 10
22 6 14 37
22 6 15 100
22 6 16 25
22 6 17 31
22 6 18 121
22 6 19 5
22 6 20 92
22 6 21 99
22 6 22 106
22 6 23 7
22 6 24 120
22 6 25 57
22 6 26 6
22 6 27 98
22 6 28 49
22 6 29 112
22 6 30 78
22 6 31 39
22 6 32 74
22 6 33 77
22 6 34 104
22 6 35 111
22 6 36 0
22 6 37 2
22 6 38 79
22 6 39 65
22 6 40 55
22 6 41 61
22 6 42 11
22 7 0 87
22 7 1 67
22 7 2 65
22 7 3 34
22 7 4 115
22 7 5 59
22 7 6 28
22 7 7 93
22 7 8 100
22 7 9 69
22 7 10 20
22 7 11 121
22 7 12 36
22 7 13 17
22 7 14 99
22 7 15 21
22 7 16 10
22 7 17 55
22 7 18 14
22 7 19 91
22 7 20 98
22 7 21 56
22 7 22 9
22 7 23 70
22 7 24 58
22 7 25 38
22 7 26 97
22 7 27 82
22 7 28 80
22 7 29 73
22 7 30 6
22 7 31 89
22 7 32 96
22 7 33 103
22 7 34 110
22 7 35 1
22 7 36 13
22 7 37 88
22 7 38 95
22 7 39 63
22 7 40 84
22 7 41 16
22 7 42 53
22 8 0 93
22 8 1 100
22 8 2 5
22 8 3 114
22 8 4 73
22 8 5 30
22 8 6 85
22 8 7 99
22 8 8 65
22 8 9 7
22 8 10 80
22 8 11 26
22 8 12 28
22 8 13 98
22 8 14 15
22 8 15 23
22 8 16 119
22 8 17 19
22 8 18 90
22 8 19 97
22 8 20 84
22 8 21 25
22 8 22 47
22 8 23 125
22 8 24 11
22 8 25 68
22 8 26 82
22 8 27 57
22 8 28 117
22 8 29 14
22 8 30 54
22 8 31 55
22 8 32 102
22 8 33 109
22 8 34 1
22 8 35 3
22 8 36 81
22 8 37 94
22 8 38 101
22 8 39 60
22 8 40 16
22 8 41 72
22 8 42 86
22 9 0 99
22 9 1 34
22 9 2 113
22 9 3 120
22 9 4 38
22 9 5 72
22 9 6 98
22 9 7 105
22 9 8 3
22 9 9 119
22 9 10 24
22 9 11 40
22 9 12 97
22 9 13 21
22 9 14 32
22 9 15 118
22 9 16 37
22 9 17 50
22 9 18 55
22 9 19 66
22 9 20 26
22 9 21 117
22 9 22 61
22 9 23 11
22 9 24 95
22 9 25 82
22 9 26 46
22 9 27 70
22 9 28 10
22 9 29 87
22 9 30 84
22 9 31 81
22 9 32 108
22 9 33 33
22 9 34 41
22 9 35 68
22 9 36 52
22 9 37 79
22 9 38 107
22 9 39 5
22 9 40 64
22 9 41 45
22 9 42 59
22 10 0 42
22 10 1 81
22 10 2 78
22 10 3 14
22 10 4 47
22 10 5 97
22 10 6 104
22 10 7 24
22 10 8 118
22 10 9 20
22 10 10 30
22 10 11 96
22 10 12 39
22 10 13 0
22 10 14 74
22 10 15 28
22 10 16 88
22 10 17 95
22 10 18 57
22 10 19 17
22 10 20 64
22 10 21 123
22 10 22 32
22 10 23 94
22 10 24 101
22 10 25 54
22 10 26 61
22 10 27 15
22 10 28 86
22 10 29 93
22 10 30 100
22 10 31 52
22 10 32 13
22 10 33 31
22 10 34 59
22 10 35 92
22 10 36 53
22 10 37 106
22 10 38 12
22 10 39 120
22 10 40 35
22 10 41 50
22 10 42 98
22 11 0 111
22 11 1 62
22 11 2 13
22 11 3 89
22 11 4 76
22 11 5 103
22 11 6 4
22 11 7 74
22 11 8 16
22 11 9 19
22 11 10 95
22 11 11 23
22 11 12 35
22 11 13 116
22 11 14 3
22 11 15 71
22 11 16 94
22 11 17 101
22 11 18 17
22 11 19 57
22 11 20 122
22 11 21 31
22 11 22 46
22 11 23 73
22 11 24 107
22 11 25 45
22 11 26 32
22 11 27 77
22 11 28 72
22 11 29 99
22 11 30 47
22 11 31 11
22 11 32 29
22 11 33 64
22 11 34 91
22 11 35 60
22 11 36 85
22 11 37 9
22 11 38 48
22 11 39 126
22 11 40 78
22 11 41 97
22 11 42 1
22 12 0 117
22 12 1 0
22 12 2 79
22 12 3 95
22 12 4 102
22 12 5 36
22 12 6 116
22 12 7 10
22 12 8 9
22 12 9 94
22 12 10 28
22 12 11 16
22 12 12 115
22 12 13 8
22 12 14 77
22 12 15 43
22 12 16 54
22 12 17 29
22 12 18 47
22 12 19 121
22 12 20 38
22 12 21 92
22 12 22 76
22 12 23 106
22 12 24 59
22 12 25 18
22 12 26 40
22 12 27 45
22 12 28 98
22 12 29 105
22 12 30 25
22 12 31 1
22 12 32 65
22 12 33 90
22 12 34 64
22 12 35 50
22 12 36 6
22 12 37 55
22 12 38 68
22 12 39 89
22 12 40 82
22 12 41 27
22 12 42 110
22 13 0 30
22 13 1 87
22 13 2 94
22 13 3 79
22 13 4 8
22 13 5 115
22 13 6 23
22 13 7 27
22 13 8 93
22 13 9 21
22 13 10 12
22 13 11 114
22 13 12 18
22 13 13 45
22 13 14 92
22 13 15 66
22 13 16 19
22 13 17 67
22 13 18 52
22 13 19 0
22 13 20 91
22 13 21 51
22 13 22 58
22 13 23 112
22 13 24 39
22 13 25 126
22 13 26 57
22 13 27 97
22 13 28 104
22 13 29 17
22 13 30 40
22 13 31 125
22 13 32 61
22 13 33 96
22 13 34 68
22 13 35 32
22 13 36 117
22 13 37 124
22 13 38 76
22 13 39 95
22 13 40 38
22 13 41 109
22 13 42 48
22 14 0 86
22 14 1 65
22 14 2 100
22 14 3 41
22 14 4 114
22 14 5 34
22 14 6 16
22 14 7 92
22 14 8 5
22 14 9 35
22 14 10 113
22 14 11 36
22 14 12 83
22 14 13 91
22 14 14 51
22 14 15 9
22 14 16 112
22 14 17 119
22 14 18 12
22 14 19 90
22 14 20 53
22 14 21 59
22 14 22 66
22 14 23 31
22 14 24 62
22 14 25 89
22 14 26 67
22 14 27 103
22 14 28 8
22 14 29 2
22 14 30 60
22 14 31 88
22 14 32 82
22 14 33 46
22 14 34 14
22 14 35 52
22 14 36 69
22 14 37 87
22 14 38 94
22 14 39 11
22 14 40 108
22 14 41 64
22 14 42 38
22 15 0 92
22 15 1 99
22 15 2 26
22 15 3 113
22 15 4 36
22 15 5 24
22 15 6 91
22 15 7 1
22 15 8 42
22 15 9 60
22 15 10 2
22 15 11 63
22 15 12 90
22 15 13 77
22 15 14 18
22 15 15 53
22 15 16 118
22 15 17 34
22 15 18 80
22 15 19 96
22 15 20 43
22 15 21 62
22 15 22 35
22 15 23 124
22 15 24 47
22 15 25 95
22 15 26 102
22 15 27 25
22 15 28 40
22 15 29 123
22 15 30 79
22 15 31 44
22 15 32 101
22 15 33 38
22 15 34 52
22 15 35 46
22 15 36 86
22 15 37 73
22 15 38 33
22 15 39 45
22 15 40 72
22 15 41 19
22 15 42 55
22 16 0 98
22 16 1 18
22 16 2 49
22 16 3 23
22 16 4 21
22 16 5 90
22 16 6 11
22 16 7 25
22 16 8 111
22 16 9 41
22 16 10 125
22 16 11 77
22 16 12 96
22 16 13 40
22 16 14 47
22 16 15 56
22 16 16 5
22 16 17 88
22 16 18 75
22 16 19 78
22 16 20 50
22 16 21 32
22 16 22 85
22 16 23 87
22 16 24 94
22 16 25 48
22 16 26 26
22 16 27 9
22 16 28 122
22 16 29 68
22 16 30 93
22 16 31 61
22 16 32 27
22 16 33 69
22 16 34 55
22 16 35 71
22 16 36 92
22 16 37 39
22 16 38 43
22 16 39 84
22 16 40 17
22 16 41 7
22 16 42 91
22 17 0 11
22 17 1 111
22 17 2 29
22 17 3 16
22 17 4 89
22 17 5 19
22 17 6 15
22 17 7 110
22 17 8 4
22 17 9 80
22 17 10 88
22 17 11 83
22 17 12 20
22 17 13 61
22 17 14 116
22 17 15 33
22 17 16 63
22 17 17 45
22 17 18 101
22 17 19 49
22 17 20 3
22 17 21 78
22 17 22 86
22 17 23 72
22 17 24 100
22 17 25 37
22 17 26 25
22 17 27 121
22 17 28 55
22 17 29 44
22 17 30 66
22 17 31 30
22 17 32 58
22 17 33 120
22 17 34 31
22 17 35 91
22 17 36 2
22 17 37 105
22 17 38 112
22 17 39 14
22 17 40 126
22 17 41 90
22 17 42 97
22 18 0 110
22 18 1 10
22 18 2 28
22 18 3 88
22 18 4 7
22 18 5 29
22 18 6 109
22 18 7 37
22 18 8 123
22 18 9 51
22 18 10 54
22 18 11 5
22 18 12 56
22 18 13 115
22 18 14 12
22 18 15 72
22 18 16 93
22 18 17 80
22 18 18 107
22 18 19 38
22 18 20 47
22 18 21 60
22 18 22 92
22 18 23 99
22 18 24 19
22 18 25 35
22 18 26 84
22 18 27 64
22 18 28 71
22 18 29 59
22 18 30 17
22 18 31 112
22 18 32 85
22 18 33 126
22 18 34 90
22 18 35 15
22 18 36 104
22 18 37 76
22 18 38 18
22 18 39 77
22 18 40 69
22 18 41 55
22 18 42 30
22 19 0 20
22 19 1 1
22 19 2 87
22 19 3 2
22 19 4 10
22 19 5 108
22 19 6 31
22 19 7 122
22 19 8 64
22 19 9 93
22 19 10 27
22 19 11 107
22 19 12 114
22 19 13 37
22 19 14 60
22 19 15 44
22 19 16 83
22 19 17 106
22 19 18 9
22 19 19 120
22 19 20 36
22 19 21 91
22 19 22 98
22 19 23 0
22 19 24 38
22 19 25 119
22 19 26 51
22 19 27 74
22 19 28 63
22 19 29 35
22 19 30 55
22 19 31 57
22 19 32 50
22 19 33 47
22 19 34 24
22 19 35 103
22 19 36 76
22 19 37 3
22 19 38 124
22 19 39 88
22 19 40 95
22 19 41 41
22 19 42 109
22 20 0 16
22 20 1 86
22 20 2 4
22 20 3 8
22 20 4 43
22 20 5 35
22 20 6 121
22 20 7 84
22 20 8 74
22 20 9 30
22 20 10 106
22 20 11 113
22 20 12 7
22 20 13 58
22 20 14 64
22 20 15 60
22 20 16 79
22 20 17 40
22 20 18 49
22 20 19 126
22 20 20 90
22 20 21 97
22 20 22 25
22 20 23 36
22 20 24 118
22 20 25 125
22 20 26 89
22 20 27 96
22 20 28 17
22 20 29 76
22 20 30 117
22 20 31 124
22 20 32 88
22 20 33 42
22 20 34 102
22 20 35 48
22 20 36 41
22 20 37 61
22 20 38 56
22 20 39 94
22 20 40 20
22 20 41 108
22 20 42 26
22 21 0 65
22 21 1 15
22 21 2 7
22 21 3 53
22 21 4 26
22 21 5 45
22 21 6 84
22 21 7 76
22 21 8 31
22 21 9 73
22 21 10 68
22 21 11 29
22 21 12 60
22 21 13 67
22 21 14 44
22 21 15 64
22 21 16 32
22 21 17 61
22 21 18 81
22 21 19 75
22 21 20 71
22 21 21 19
22 21 22 13
22 21 23 59
22 21 24 55
22 21 25 49
22 21 26 69
22 21 27 36
22 21 28 66
22 21 29 43
22 21 30 63
22 21 31 70
22 21 32 2
22 21 33 62
22 21 34 57
22 21 35 41
22 21 36 54
22 21 37 46
22 21 38 85
22 21 39 10
22 21 40 77
22 21 41 21
22 21 42 24
22 22 0 39
22 22 1 13
22 22 2 105
22 22 3 4
22 22 4 119
22 22 5 74
22 22 6 69
22 22 7 29
22 22 8 82
22 22 9 111
22 22 10 37
22 22 11 125
22 22 12 89
22 22 13 96
22 22 14 54
22 22 15 36
22 22 16 117
22 22 17 124
22 22 18 88
22 22 19 95
22 22 20 35
22 22 21 9
22 22 22 116
22 22 23 123
22 22 24 87
22 22 25 81
22 22 26 8
22 22 27 51
22 22 28 70
22 22 29 66
22 22 30 72
22 22 31 7
22 22 32 100
22 22 33 107
22 22 34 15
22 22 35 56
22 22 36 46
22 22 37 92
22 22 38 40
22 22 39 44
22 22 40 31
22 22 41 5
22 22 42 22
22 23 0 23
22 23 1 104
22 23 2 34
22 23 3 118
22 23 4 125
22 23 5 89
22 23 6 3
22 23 7 54
22 23 8 110
22 23 9 42
22 23 10 83
22 23 11 80
22 23 12 73
22 23 13 75
22 23 14 8
22 23 15 67
22 23 16 56
22 23 17 79
22 23 18 94
22 23 19 31
22 23 20 25
22 23 21 115
22 23 22 122
22 23 23 86
22 23 24 93
22 23 25 12
22 23 26 107
22 23 27 47
22 23 28 43
22 23 29 70
22 23 30 15
22 23 31 99
22 23 32 106
22 23 33 13
22 23 34 120
22 23 35 66
22 23 36 91
22 23 37 18
22 23 38 105
22 23 39 37
22 23 40 29
22 23 41 126
22 23 42 20
22 24 0 103
22 24 1 24
22 24 2 75
22 24 3 61
22 24 4 53
22 24 5 3
22 24 6 54
22 24 7 109
22 24 8 2
22 24 9 123
22 24 10 87
22 24 11 45
22 24 12 101
22 24 13 27
22 24 14 71
22 24 15 59
22 24 16 66
22 24 17 46
22 24 18 8
22 24 19 19
22 24 20 114
22 24 21 121
22 24 22 70
22 24 23 83
22 24 24 4
22 24 25 106
22 24 26 50
22 24 27 120
22 24 28 58
22 24 29 37
22 24 30 98
22 24 31 74
22 24 32 14
22 24 33 76
22 24 34 79
22 24 35 90
22 24 36 9
22 24 37 104
22 24 38 36
22 24 39 40
22 24 40 125
22 24 41 28
22 24 42 18
22 25 0 3
22 25 1 116
22 25 2 123
22 25 3 87
22 25 4 41
22 25 5 101
22 25 6 108
22 25 7 20
22 25 8 122
22 25 9 86
22 25 10 93
22 25 11 72
22 25 12 9
22 25 13 64
22 25 14 43
22 25 15 75
22 25 16 92
22 25 17 6
22 25 18 1
22 25 19 113
22 25 20 58
22 25 21 8
22 25 22 52
22 25 23 35
22 25 24 81
22 25 25 112
22 25 26 85
22 25 27 67
22 25 28 7
22 25 29 97
22 25 30 69
22 25 31 17
22 25 32 47
22 25 33 125
22 25 34 50
22 25 35 13
22 25 36 103
22 25 37 34
22 25 38 42
22 25 39 124
22 25 40 0
22 25 41 24
22 25 42 102
22 26 0 115
22 26 1 122
22 26 2 86
22 26 3 26
22 26 4 46
22 26 5 44
22 26 6 29
22 26 7 121
22 26 8 59
22 26 9 75
22 26 10 61
22 26 11 27
22 26 12 69
22 26 13 120
22 26 14 62
22 26 15 91
22 26 16 9
22 26 17 25
22 26 18 82
22 26 19 119
22 26 20 126
22 26 21 45
22 26 22 6
22 26 23 80
22 26 24 52
22 26 25 55
22 26 26 125
22 26 27 32
22 26 28 74
22 26 29 83
22 26 30 39
22 26 31 117
22 26 32 53
22 26 33 88
22 26 34 7
22 26 35 102
22 26 36 15
22 26 37 37
22 26 38 123
22 26 39 16
22 26 40 34
22 26 41 81
22 26 42 14
22 27 0 121
22 27 1 75
22 27 2 30
22 27 3 58
22 27 4 85
22 27 5 42
22 27 6 57
22 27 7 13
22 27 8 84
22 27 9 78
22 27 10 14
22 27 11 112
22 27 12 43
22 27 13 51
22 27 14 90
22 27 15 19
22 27 16 7
22 27 17 111
22 27 18 118
22 27 19 83
22 27 20 89
22 27 21 41
22 27 22 68
22 27 23 44
22 27 24 117
22 27 25 50
22 27 26 11
22 27 27 95
22 27 28 77
22 27 29 24
22 27 30 53
22 27 31 123
22 27 32 67
22 27 33 40
22 27 34 70
22 27 35 29
22 27 36 25
22 27 37 122
22 27 38 28
22 27 39 15
22 27 40 100
22 27 41 33
22 27 42 114
22 28 0 37
22 28 1 27
22 28 2 66
22 28 3 105
22 28 4 5
22 28 5 119
22 28 6 126
22 28 7 61
22 28 8 78
22 28 9 17
22 28 10 84
22 28 11 48
22 28 12 125
22 28 13 70
22 28 14 35
22 28 15 18
22 28 16 110
22 28 17 63
22 28 18 124
22 28 19 68
22 28 20 12
22 28 21 64
22 28 22 71
22 28 23 77
22 28 24 123
22 28 25 39
22 28 26 94
22 28 27 101
22 28 28 4
22 28 29 79
22 28 30 122
22 28 31 47
22 28 32 3
22 28 33 100
22 28 34 19
22 28 35 33
22 28 36 121
22 28 37 23
22 28 38 21
22 28 39 99
22 28 40 26
22 28 41 113
22 28 42 65
22 29 0 25
22 29 1 82
22 29 2 104
22 29 3 11
22 29 4 118
22 29 5 54
22 29 6 89
22 29 7 96
22 29 8 6
22 29 9 62
22 29 10 117
22 29 11 69
22 29 12 88
22 29 13 4
22 29 14 19
22 29 15 109
22 29 16 116
22 29 17 73
22 29 18 87
22 29 19 9
22 29 20 101
22 29 21 72
22 29 22 79
22 29 23 122
22 29 24 10
22 29 25 78
22 29 26 63
22 29 27 26
22 29 28 64
22 29 29 121
22 29 30 85
22 29 31 42
22 29 32 99
22 29 33 2
22 29 34 0
22 29 35 120
22 29 36 20
22 29 37 8
22 29 38 98
22 29 39 18
22 29 40 51
22 29 41 119
22 29 42 126
22 30 0 96
22 30 1 103
22 30 2 33
22 30 3 48
22 30 4 124
22 30 5 62
22 30 6 75
22 30 7 30
22 30 8 80
22 30 9 66
22 30 10 123
22 30 11 65
22 30 12 42
22 30 13 36
22 30 14 108
22 30 15 115
22 30 16 85
22 30 17 86
22 30 18 13
22 30 19 71
22 30 20 107
22 30 21 54
22 30 22 121
22 30 23 32
22 30 24 92
22 30 25 83
22 30 26 35
22 30 27 76
22 30 28 44
22 30 29 53
22 30 30 8
22 30 31 98
22 30 32 9
22 30 33 39
22 30 34 119
22 30 35 28
22 30 36 10
22 30 37 97
22 30 38 3
22 30 39 111
22 30 40 118
22 30 41 51
22 30 42 6
22 31 0 102
22 31 1 6
22 31 2 116
22 31 3 52
22 31 4 87
22 31 5 82
22 31 6 12
22 31 7 45
22 31 8 70
22 31 9 122
22 31 10 66
22 31 11 4
22 31 12 27
22 31 13 83
22 31 14 114
22 31 15 58
22 31 16 53
22 31 17 5
22 31 18 85
22 31 19 106
22 31 20 57
22 31 21 84
22 31 22 1
22 31 23 91
22 31 24 73
22 31 25 25
22 31 26 112
22 31 27 119
22 31 28 59
22 31 29 26
22 31 30 97
22 31 31 32
22 31 32 23
22 31 33 118
22 31 34 17
22 31 35 21
22 31 36 56
22 31 37 36
22 31 38 110
22 31 39 54
22 31 40 124
22 31 41 14
22 31 42 68
22 32 0 17
22 32 1 115
22 32 2 80
22 32 3 86
22 32 4 93
22 32 5 38
22 32 6 107
22 32 7 77
22 32 8 121
22 32 9 71
22 32 10 0
22 32 11 19
22 32 12 78
22 32 13 113
22 32 14 120
22 32 15 4
22 32 16 26
22 32 17 69
22 32 18 76
22 32 19 112
22 32 20 119
22 32 21 6
22 32 22 90
22 32 23 66
22 32 24 15
22 32 25 73
22 32 26 118
22 32 27 125
22 32 28 36
22 32 29 56
22 32 30 28
22 32 31 16
22 32 32 117
22 32 33 35
22 32 34 34
22 32 35 95
22 32 36 8
22 32 37 109
22 32 38 116
22 32 39 83
22 32 40 1
22 32 41 52
22 32 42 49
22 33 0 114
22 33 1 71
22 33 2 85
22 33 3 66
22 33 4 35
22 33 5 106
22 33 6 51
22 33 7 78
22 33 8 62
22 33 9 15
22 33 10 33
22 33 11 105
22 33 12 49
22 33 13 46
22 33 14 126
22 33 15 12
22 33 16 60
22 33 17 84
22 33 18 48
22 33 19 118
22 33 20 13
22 33 21 69
22 33 22 96
22 33 23 27
22 33 24 64
22 33 25 75
22 33 26 80
22 33 27 41
22 33 28 95
22 33 29 9
22 33 30 21
22 33 31 116
22 33 32 25
22 33 33 28
22 33 34 94
22 33 35 40
22 33 36 108
22 33 37 115
22 33 38 58
22 33 39 31
22 33 40 93
22 33 41 100
22 33 42 0
22 34 0 120
22 34 1 9
22 34 2 58
22 34 3 32
22 34 4 70
22 34 5 112
22 34 6 119
22 34 7 49
22 34 8 13
22 34 9 31
22 34 10 104
22 34 11 111
22 34 12 75
22 34 13 76
22 34 14 29
22 34 15 96
22 34 16 73
22 34 17 48
22 34 18 62
22 34 19 12
22 34 20 88
22 34 21 83
22 34 22 27
22 34 23 46
22 34 24 116
22 34 25 123
22 34 26 16
22 34 27 94
22 34 28 1
22 34 29 5
22 34 30 115
22 34 31 14
22 34 32 24
22 34 33 50
22 34 34 20
22 34 35 65
22 34 36 114
22 34 37 45
22 34 38 30
22 34 39 57
22 34 40 99
22 34 41 2
22 34 42 113
22 35 0 126
22 35 1 77
22 35 2 39
22 35 3 46
22 35 4 67
22 35 5 118
22 35 6 125
22 35 7 3
22 35 8 11
22 35 9 103
22 35 10 110
22 35 11 117
22 35 12 124
22 35 13 34
22 35 14 57
22 35 15 50
22 35 16 48
22 35 17 116
22 35 18 33
22 35 19 72
22 35 20 60
22 35 21 18
22 35 22 74
22 35 23 115
22 35 24 122
22 35 25 7
22 35 26 75
22 35 27 12
22 35 28 23
22 35 29 114
22 35 30 4
22 35 31 20
22 35 32 92
22 35 33 41
22 35 34 61
22 35 35 113
22 35 36 120
22 35 37 6
22 35 38 71
22 35 39 98
22 35 40 10
22 35 41 65
22 35 42 63
22 36 0 89
22 36 1 28
22 36 2 69
22 36 3 75
22 36 4 65
22 36 5 51
22 36 6 41
22 36 7 0
22 36 8 102
22 36 9 109
22 36 10 53
22 36 11 56
22 36 12 30
22 36 13 52
22 36 14 101
22 36 15 81
22 36 16 115
22 36 17 33
22 36 18 73
22 36 19 93
22 36 20 19
22 36 21 107
22 36 22 114
22 36 23 121
22 36 24 25
22 36 25 92
22 36 26 21
22 36 27 29
22 36 28 113
22 36 29 16
22 36 30 18
22 36 31 91
22 36 32 37
22 36 33 105
22 36 34 45
22 36 35 61
22 36 36 14
22 36 37 60
22 36 38 97
22 36 39 39
22 36 40 111
22 36 41 84
22 36 42 47
22 37 0 28
22 37 1 50
22 37 2 56
22 37 3 116
22 37 4 123
22 37 5 31
22 37 6 0
22 37 7 48
22 37 8 108
22 37 9 61
22 37 10 43
22 37 11 38
22 37 12 93
22 37 13 63
22 37 14 107
22 37 15 114
22 37 16 6
22 37 17 62
22 37 18 59
22 37 19 35
22 37 20 106
22 37 21 113
22 37 22 73
22 37 23 30
22 37 24 91
22 37 25 34
22 37 26 23
22 37 27 112
22 37 28 27
22 37 29 8
22 37 30 90
22 37 31 24
22 37 32 104
22 37 33 111
22 37 34 81
22 37 35 16
22 37 36 89
22 37 37 80
22 37 38 10
22 37 39 110
22 37 40 117
22 37 41 124
22 37 42 79
22 38 0 101
22 38 1 72
22 38 2 115
22 38 3 122
22 38 4 42
22 38 5 1
22 38 6 100
22 38 7 71
22 38 8 81
22 38 9 56
22 38 10 5
22 38 11 49
22 38 12 62
22 38 13 106
22 38 14 113
22 38 15 38
22 38 16 65
22 38 17 43
22 38 18 37
22 38 19 45
22 38 20 52
22 38 21 119
22 38 22 39
22 38 23 90
22 38 24 13
22 38 25 19
22 38 26 111
22 38 27 7
22 38 28 34
22 38 29 54
22 38 30 41
22 38 31 103
22 38 32 110
22 38 33 117
22 38 34 27
22 38 35 55
22 38 36 95
22 38 37 4
22 38 38 109
22 38 39 79
22 38 40 60
22 38 41 87
22 38 42 33
22 39 0 107
22 39 1 114
22 39 2 121
22 39 3 3
22 39 4 0
22 39 5 99
22 39 6 74
22 39 7 58
22 39 8 120
22 39 9 11
22 39 10 59
22 39 11 44
22 39 12 85
22 39 13 66
22 39 14 41
22 39 15 84
22 39 16 52
22 39 17 27
22 39 18 67
22 39 19 111
22 39 20 118
22 39 21 26
22 39 22 65
22 39 23 15
22 39 24 1
22 39 25 110
22 39 26 17
22 39 27 20
22 39 28 88
22 39 29 42
22 39 30 102
22 39 31 109
22 39 32 62
22 39 33 9
22 39 34 87
22 39 35 94
22 39 36 31
22 39 37 108
22 39 38 77
22 39 39 80
22 39 40 86
22 39 41 30
22 39 42 43
22 40 0 113
22 40 1 57
22 40 2 23
22 40 3 33
22 40 4 98
22 40 5 105
22 40 6 112
22 40 7 56
22 40 8 28
22 40 9 70
22 40 10 79
22 40 11 75
22 40 12 111
22 40 13 2
22 40 14 125
22 40 15 89
22 40 16 30
22 40 17 60
22 40 18 110
22 40 19 54
22 40 20 42
22 40 21 88
22 40 22 24
22 40 23 29
22 40 24 109
22 40 25 32
22 40 26 12
22 40 27 71
22 40 28 20
22 40 29 82
22 40 30 108
22 40 31 50
22 40 32 7
22 40 33 86
22 40 34 78
22 40 35 31
22 40 36 45
22 40 37 63
22 40 38 67
22 40 39 68
22 40 40 6
22 40 41 53
22 40 42 106
22 41 0 119
22 41 1 19
22 41 2 42
22 41 3 97
22 41 4 104
22 41 5 81
22 41 6 82
22 41 7 6
22 41 8 89
22 41 9 96
22 41 10 56
22 41 11 110
22 41 12 8
22 41 13 53
22 41 14 68
22 41 15 26
22 41 16 75
22 41 17 109
22 41 18 116
22 41 19 18
22 41 20 67
22 41 21 38
22 41 22 4
22 41 23 108
22 41 24 40
22 41 25 13
22 41 26 58
22 41 27 21
22 41 28 100
22 41 29 47
22 41 30 51
22 41 31 34
22 41 32 84
22 41 33 92
22 41 34 2
22 41 35 43
22 41 36 62
22 41 37 120
22 41 38 5
22 41 39 12
22 41 40 49
22 41 41 71
22 41 42 60
22 42 0 33
22 42 1 12
22 42 2 54
22 42 3 103
22 42 4 48
22 42 5 117
22 42 6 8
22 42 7 43
22 42 8 72
22 42 9 57
22 42 10 109
22 42 11 11
22 42 12 123
22 42 13 87
22 42 14 7
22 42 15 101
22 42 16 108
22 42 17 115
22 42 18 34
22 42 19 82
22 42 20 10
22 42 21 21
22 42 22 107
22 42 23 16
22 42 24 5
22 42 25 53
22 42 26 3
22 42 27 99
22 42 28 83
22 42 29 84
22 42 30 37
22 42 31 29
22 42 32 91
22 42 33 30
22 42 34 105
22 42 35 112
22 42 36 49
22 42 37 126
22 42 38 23
22 42 39 78
22 42 40 63
22 42 41 111
22 42 42 118
23 0 0 55
23 0 1 103
23 0 2 49
23 0 3 117
23 0 4 9
23 0 5 44
23 0 6 73
23 0 7 58
23 0 8 109
23 0 9 12
23 0 10 123
23 0 11 87
23 0 12 8
23 0 13 101
23 0 14 108
23 0 15 115
23 0 16 35
23 0 17 83
23 0 18 11
23 0 19 22
23 0 20 107
23 0 21 17
23 0 22 6
23 0 23 54
23 0 24 4
23 0 25 99
23 0 26 84
23 0 27 85
23 0 28 38
23 0 29 30
23 0 30 91
23 0 31 31
23 0 32 105
23 0 33 112
23 0 34 50
23 0 35 126
23 0 36 24
23 0 37 79
23 0 38 64
23 0 39 111
23 0 40 118
23 0 41 34
23 0 42 13
23 1 0 102
23 1 1 68
23 1 2 53
23 1 3 5
23 1 4 87
23 1 5 82
23 1 6 101
23 1 7 108
23 1 8 0
23 1 9 122
23 1 10 86
23 1 11 30
23 1 12 47
23 1 13 48
23 1 14 114
23 1 15 11
23 1 16 78
23 1 17 17
23 1 18 1
23 1 19 106
23 1 20 37
23 1 21 25
23 1 22 49
23 1 23 6
23 1 24 98
23 1 25 105
23 1 26 112
23 1 27 28
23 1 28 126
23 1 29 90
23 1 30 40
23 1 31 104
23 1 32 74
23 1 33 59
23 1 34 45
23 1 35 13
23 1 36 96
23 1 37 83
23 1 38 110
23 1 39 77
23 1 40 24
23 1 41 41
23 1 42 95
23 2 0 60
23 2 1 82
23 2 2 33
23 2 3 86
23 2 4 93
23 2 5 69
23 2 6 45
23 2 7 6
23 2 8 121
23 2 9 47
23 2 10 18
23 2 11 80
23 2 12 84
23 2 13 113
23 2 14 40
23 2 15 73
23 2 16 21
23 2 17 9
23 2 18 105
23 2 19 2
23 2 20 29
23 2 21 64
23 2 22 35
23 2 23 97
23 2 24 104
23 2 25 56
23 2 26 16
23 2 27 63
23 2 28 78
23 2 29 3
23 2 30 103
23 2 31 75
23 2 32 117
23 2 33 124
23 2 34 41
23 2 35 49
23 2 36 50
23 2 37 109
23 2 38 116
23 2 39 5
23 2 40 22
23 2 41 94
23 2 42 71
23 3 0 78
23 3 1 22
23 3 2 63
23 3 3 64
23 3 4 68
23 3 5 43
23 3 6 15
23 3 7 53
23 3 8 16
23 3 9 8
23 3 10 81
23 3 11 105
23 3 12 49
23 3 13 42
23 3 14 60
23 3 15 40
23 3 16 29
23 3 17 104
23 3 18 24
23 3 19 35
23 3 20 125
23 3 21 11
23 3 22 77
23 3 23 103
23 3 24 71
23 3 25 38
23 3 26 124
23 3 27 88
23 3 28 34
23 3 29 102
23 3 30 56
23 3 31 52
23 3 32 61
23 3 33 37
23 3 34 75
23 3 35 101
23 3 36 108
23 3 37 115
23 3 38 33
23 3 39 12
23 3 40 74
23 3 41 100
23 3 42 107
23 4 0 33
23 4 1 40
23 4 2 51
23 4 3 54
23 4 4 105
23 4 5 0
23 4 6 119
23 4 7 126
23 4 8 11
23 4 9 69
23 4 10 104
23 4 11 111
23 4 12 24
23 4 13 125
23 4 14 32
23 4 15 5
23 4 16 103
23 4 17 41
23 4 18 7
23 4 19 66
23 4 20 27
23 4 21 95
23 4 22 102
23 4 23 64
23 4 24 19
23 4 25 79
23 4 26 47
23 4 27 37
23 4 28 65
23 4 29 46
23 4 30 44
23 4 31 72
23 4 32 39
23 4 33 93
23 4 34 73
23 4 35 57
23 4 36 114
23 4 37 3
23 4 38 26
23 4 39 92
23 4 40 99
23 4 41 106
23 4 42 45
23 5 0 126
23 5 1 71
23 5 2 52
23 5 3 104
23 5 4 14
23 5 5 118
23 5 6 76
23 5 7 38
23 5 8 96
23 5 9 103
23 5 10 110
23 5 11 25
23 5 12 77
23 5 13 33
23 5 14 13
23 5 15 102
23 5 16 16
23 5 17 21
23 5 18 123
23 5 19 3
23 5 20 94
23 5 21 79
23 5 22 43
23 5 23 15
23 5 24 45
23 5 25 66
23 5 26 0
23 5 27 100
23 5 28 107
23 5 29 69
23 5 30 82
23 5 31 17
23 5 32 75
23 5 33 50
23 5 34 60
23 5 35 113
23 5 36 12
23 5 37 22
23 5 38 91
23 5 39 98
23 5 40 59
23 5 41 112
23 5 42 39
23 6 0 89
23 6 1 96
23 6 2 103
23 6 3 14
23 6 4 51
23 6 5 124
23 6 6 36
23 6 7 50
23 6 8 102
23 6 9 109
23 6 10 3
23 6 11 123
23 6 12 25
23 6 13 28
23 6 14 101
23 6 15 1
23 6 16 30
23 6 17 122
23 6 18 19
23 6 19 58
23 6 20 100
23 6 21 107
23 6 22 18
23 6 23 72
23 6 24 69
23 6 25 4
23 6 26 99
23 6 27 106
23 6 28 68
23 6 29 120
23 6 30 34
23 6 31 45
23 6 32 70
23 6 33 105
23 6 34 83
23 6 35 2
23 6 36 42
23 6 37 90
23 6 38 97
23 6 39 75
23 6 40 81
23 6 41 15
23 6 42 52
23 7 0 47
23 7 1 102
23 7 2 41
23 7 3 116
23 7 4 71
23 7 5 18
23 7 6 70
23 7 7 43
23 7 8 108
23 7 9 4
23 7 10 122
23 7 11 11
23 7 12 38
23 7 13 100
23 7 14 26
23 7 15 32
23 7 16 121
23 7 17 6
23 7 18 92
23 7 19 99
23 7 20 106
23 7 21 8
23 7 22 120
23 7 23 58
23 7 24 7
23 7 25 98
23 7 26 50
23 7 27 112
23 7 28 79
23 7 29 40
23 7 30 75
23 7 31 78
23 7 32 104
23 7 33 111
23 7 34 1
23 7 35 3
23 7 36 80
23 7 37 66
23 7 38 56
23 7 39 62
23 7 40 12
23 7 41 124
23 7 42 84
23 8 0 66
23 8 1 35
23 8 2 115
23 8 3 60
23 8 4 29
23 8 5 93
23 8 6 100
23 8 7 70
23 8 8 21
23 8 9 121
23 8 10 37
23 8 11 18
23 8 12 99
23 8 13 22
23 8 14 11
23 8 15 56
23 8 16 15
23 8 17 91
23 8 18 98
23 8 19 57
23 8 20 10
23 8 21 71
23 8 22 59
23 8 23 39
23 8 24 97
23 8 25 83
23 8 26 81
23 8 27 74
23 8 28 7
23 8 29 89
23 8 30 96
23 8 31 103
23 8 32 110
23 8 33 2
23 8 34 14
23 8 35 88
23 8 36 95
23 8 37 64
23 8 38 85
23 8 39 17
23 8 40 54
23 8 41 87
23 8 42 68
23 9 0 6
23 9 1 114
23 9 2 74
23 9 3 31
23 9 4 43
23 9 5 99
23 9 6 66
23 9 7 8
23 9 8 81
23 9 9 27
23 9 10 29
23 9 11 98
23 9 12 16
23 9 13 24
23 9 14 119
23 9 15 20
23 9 16 90
23 9 17 97
23 9 18 85
23 9 19 26
23 9 20 48
23 9 21 125
23 9 22 12
23 9 23 69
23 9 24 83
23 9 25 58
23 9 26 117
23 9 27 15
23 9 28 55
23 9 29 56
23 9 30 102
23 9 31 109
23 9 32 2
23 9 33 4
23 9 34 82
23 9 35 94
23 9 36 101
23 9 37 61
23 9 38 17
23 9 39 73
23 9 40 86
23 9 41 93
23 9 42 100
23 10 0 113
23 10 1 120
23 10 2 39
23 10 3 73
23 10 4 98
23 10 5 105
23 10 6 4
23 10 7 119
23 10 8 25
23 10 9 41
23 10 10 97
23 10 11 22
23 10 12 33
23 10 13 118
23 10 14 38
23 10 15 51
23 10 16 56
23 10 17 67
23 10 18 27
23 10 19 117
23 10 20 62
23 10 21 12
23 10 22 95
23 10 23 83
23 10 24 47
23 10 25 71
23 10 26 11
23 10 27 87
23 10 28 85
23 10 29 82
23 10 30 108
23 10 31 34
23 10 32 42
23 10 33 69
23 10 34 53
23 10 35 80
23 10 36 107
23 10 37 6
23 10 38 65
23 10 39 46
23 10 40 60
23 10 41 99
23 10 42 35
23 11 0 79
23 11 1 15
23 11 2 48
23 11 3 97
23 11 4 104
23 11 5 25
23 11 6 118
23 11 7 21
23 11 8 31
23 11 9 96
23 11 10 40
23 11 11 1
23 11 12 75
23 11 13 29
23 11 14 88
23 11 15 95
23 11 16 58
23 11 17 18
23 11 18 65
23 11 19 123
23 11 20 33
23 11 21 94
23 11 22 101
23 11 23 55
23 11 24 62
23 11 25 16
23 11 26 86
23 11 27 93
23 11 28 100
23 11 29 53
23 11 30 14
23 11 31 32
23 11 32 60
23 11 33 92
23 11 34 54
23 11 35 106
23 11 36 13
23 11 37 120
23 11 38 36
23 11 39 51
23 11 40 98
23 11 41 0
23 11 42 82
23 12 0 14
23 12 1 89
23 12 2 77
23 12 3 103
23 12 4 5
23 12 5 75
23 12 6 17
23 12 7 20
23 12 8 95
23 12 9 24
23 12 10 36
23 12 11 116
23 12 12 4
23 12 13 72
23 12 14 94
23 12 15 101
23 12 16 18
23 12 17 58
23 12 18 122
23 12 19 32
23 12 20 47
23 12 21 74
23 12 22 107
23 12 23 46
23 12 24 33
23 12 25 78
23 12 26 73
23 12 27 99
23 12 28 48
23 12 29 12
23 12 30 30
23 12 31 65
23 12 32 91
23 12 33 61
23 12 34 43
23 12 35 10
23 12 36 49
23 12 37 126
23 12 38 79
23 12 39 97
23 12 40 2
23 12 41 111
23 12 42 63
23 13 0 80
23 13 1 95
23 13 2 102
23 13 3 37
23 13 4 116
23 13 5 11
23 13 6 10
23 13 7 94
23 13 8 29
23 13 9 17
23 13 10 115
23 13 11 9
23 13 12 78
23 13 13 44
23 13 14 55
23 13 15 30
23 13 16 48
23 13 17 121
23 13 18 39
23 13 19 92
23 13 20 77
23 13 21 106
23 13 22 60
23 13 23 19
23 13 24 41
23 13 25 46
23 13 26 98
23 13 27 105
23 13 28 26
23 13 29 2
23 13 30 66
23 13 31 90
23 13 32 65
23 13 33 51
23 13 34 7
23 13 35 56
23 13 36 69
23 13 37 89
23 13 38 83
23 13 39 28
23 13 40 110
23 13 41 117
23 13 42 1
23 14 0 94
23 14 1 80
23 14 2 9
23 14 3 115
23 14 4 24
23 14 5 28
23 14 6 93
23 14 7 22
23 14 8 13
23 14 9 114
23 14 10 19
23 14 11 46
23 14 12 92
23 14 13 67
23 14 14 20
23 14 15 68
23 14 16 53
23 14 17 1
23 14 18 91
23 14 19 52
23 14 20 59
23 14 21 112
23 14 22 40
23 14 23 126
23 14 24 58
23 14 25 97
23 14 26 104
23 14 27 18
23 14 28 41
23 14 29 125
23 14 30 62
23 14 31 96
23 14 32 69
23 14 33 33
23 14 34 117
23 14 35 124
23 14 36 77
23 14 37 95
23 14 38 39
23 14 39 109
23 14 40 49
23 14 41 31
23 14 42 87
23 15 0 100
23 15 1 42
23 15 2 114
23 15 3 35
23 15 4 17
23 15 5 92
23 15 6 6
23 15 7 36
23 15 8 113
23 15 9 37
23 15 10 84
23 15 11 91
23 15 12 52
23 15 13 10
23 15 14 112
23 15 15 119
23 15 16 13
23 15 17 90
23 15 18 54
23 15 19 60
23 15 20 67
23 15 21 32
23 15 22 63
23 15 23 89
23 15 24 68
23 15 25 103
23 15 26 9
23 15 27 3
23 15 28 61
23 15 29 88
23 15 30 83
23 15 31 47
23 15 32 15
23 15 33 53
23 15 34 70
23 15 35 87
23 15 36 94
23 15 37 12
23 15 38 108
23 15 39 65
23 15 40 39
23 15 41 86
23 15 42 66
23 16 0 27
23 16 1 113
23 16 2 37
23 16 3 25
23 16 4 91
23 16 5 2
23 16 6 0
23 16 7 61
23 16 8 3
23 16 9 64
23 16 10 90
23 16 11 78
23 16 12 19
23 16 13 54
23 16 14 118
23 16 15 35
23 16 16 81
23 16 17 96
23 16 18 44
23 16 19 63
23 16 20 36
23 16 21 124
23 16 22 48
23 16 23 95
23 16 24 102
23 16 25 26
23 16 26 41
23 16 27 123
23 16 28 80
23 16 29 45
23 16 30 101
23 16 31 39
23 16 32 53
23 16 33 47
23 16 34 86
23 16 35 74
23 16 36 34
23 16 37 46
23 16 38 73
23 16 39 20
23 16 40 56
23 16 41 92
23 16 42 99
23 17 0 50
23 17 1 24
23 17 2 22
23 17 3 90
23 17 4 12
23 17 5 26
23 17 6 111
23 17 7 42
23 17 8 125
23 17 9 78
23 17 10 96
23 17 11 41
23 17 12 48
23 17 13 57
23 17 14 6
23 17 15 88
23 17 16 76
23 17 17 79
23 17 18 51
23 17 19 33
23 17 20 43
23 17 21 87
23 17 22 94
23 17 23 49
23 17 24 27
23 17 25 10
23 17 26 122
23 17 27 69
23 17 28 93
23 17 29 62
23 17 30 28
23 17 31 70
23 17 32 56
23 17 33 72
23 17 34 92
23 17 35 40
23 17 36 44
23 17 37 85
23 17 38 18
23 17 39 8
23 17 40 91
23 17 41 98
23 17 42 19
23 18 0 30
23 18 1 17
23 18 2 89
23 18 3 20
23 18 4 16
23 18 5 110
23 18 6 5
23 18 7 81
23 18 8 88
23 18 9 84
23 18 10 21
23 18 11 62
23 18 12 116
23 18 13 34
23 18 14 64
23 18 15 46
23 18 16 101
23 18 17 50
23 18 18 4
23 18 19 79
23 18 20 86
23 18 21 73
23 18 22 100
23 18 23 38
23 18 24 26
23 18 25 121
23 18 26 56
23 18 27 45
23 18 28 67
23 18 29 31
23 18 30 59
23 18 31 120
23 18 32 32
23 18 33 91
23 18 34 3
23 18 35 105
23 18 36 112
23 18 37 15
23 18 38 126
23 18 39 90
23 18 40 97
23 18 41 12
23 18 42 111
23 19 0 29
23 19 1 88
23 19 2 8
23 19 3 30
23 19 4 109
23 19 5 38
23 19 6 123
23 19 7 52
23 19 8 55
23 19 9 6
23 19 10 57
23 19 11 115
23 19 12 13
23 19 13 73
23 19 14 93
23 19 15 81
23 19 16 107
23 19 17 39
23 19 18 48
23 19 19 61
23 19 20 92
23 19 21 99
23 19 22 20
23 19 23 36
23 19 24 85
23 19 25 65
23 19 26 72
23 19 27 60
23 19 28 18
23 19 29 112
23 19 30 43
23 19 31 126
23 19 32 90
23 19 33 16
23 19 34 104
23 19 35 77
23 19 36 19
23 19 37 78
23 19 38 70
23 19 39 56
23 19 40 31
23 19 41 110
23 19 42 11
23 20 0 87
23 20 1 3
23 20 2 11
23 20 3 108
23 20 4 32
23 20 5 122
23 20 6 65
23 20 7 93
23 20 8 28
23 20 9 107
23 20 10 114
23 20 11 38
23 20 12 61
23 20 13 45
23 20 14 84
23 20 15 106
23 20 16 10
23 20 17 120
23 20 18 37
23 20 19 91
23 20 20 98
23 20 21 1
23 20 22 39
23 20 23 119
23 20 24 52
23 20 25 75
23 20 26 64
23 20 27 36
23 20 28 56
23 20 29 58
23 20 30 51
23 20 31 48
23 20 32 25
23 20 33 103
23 20 34 77
23 20 35 4
23 20 36 124
23 20 37 88
23 20 38 95
23 20 39 42
23 20 40 109
23 20 41 21
23 20 42 2
23 21 0 5
23 21 1 9
23 21 2 44
23 21 3 36
23 21 4 121
23 21 5 85
23 21 6 75
23 21 7 31
23 21 8 106
23 21 9 113
23 21 10 8
23 21 11 59
23 21 12 65
23 21 13 61
23 21 14 80
23 21 15 41
23 21 16 50
23 21 17 126
23 21 18 90
23 21 19 97
23 21 20 26
23 21 21 37
23 21 22 118
23 21 23 125
23 21 24 89
23 21 25 96
23 21 26 18
23 21 27 77
23 21 28 117
23 21 29 124
23 21 30 88
23 21 31 0
23 21 32 102
23 21 33 49
23 21 34 42
23 21 35 62
23 21 36 57
23 21 37 94
23 21 38 21
23 21 39 108
23 21 40 27
23 21 41 17
23 21 42 86
23 22 0 8
23 22 1 54
23 22 2 27
23 22 3 46
23 22 4 85
23 22 5 77
23 22 6 32
23 22 7 74
23 22 8 69
23 22 9 30
23 22 10 61
23 22 11 68
23 22 12 45
23 22 13 65
23 22 14 33
23 22 15 62
23 22 16 82
23 22 17 76
23 22 18 72
23 22 19 20
23 22 20 14
23 22 21 60
23 22 22 56
23 22 23 50
23 22 24 70
23 22 25 37
23 22 26 67
23 22 27 44
23 22 28 64
23 22 29 71
23 22 30 3
23 22 31 63
23 22 32 58
23 22 33 42
23 22 34 55
23 22 35 47
23 22 36 43
23 22 37 11
23 22 38 78
23 22 39 22
23 22 40 25
23 22 41 66
23 22 42 16
23 23 0 105
23 23 1 5
23 23 2 119
23 23 3 75
23 23 4 70
23 23 5 30
23 23 6 83
23 23 7 111
23 23 8 38
23 23 9 125
23 23 10 89
23 23 11 96
23 23 12 55
23 23 13 37
23 23 14 117
23 23 15 124
23 23 16 88
23 23 17 95
23 23 18 36
23 23 19 10
23 23 20 116
23 23 21 123
23 23 22 87
23 23 23 82
23 23 24 9
23 23 25 52
23 23 26 71
23 23 27 67
23 23 28 73
23 23 29 8
23 23 30 100
23 23 31 107
23 23 32 16
23 23 33 57
23 23 34 47
23 23 35 92
23 23 36 41
23 23 37 45
23 23 38 32
23 23 39 6
23 23 40 23
23 23 41 40
23 23 42 14
23 24 0 35
23 24 1 118
23 24 2 125
23 24 3 89
23 24 4 4
23 24 5 55
23 24 6 110
23 24 7 0
23 24 8 84
23 24 9 81
23 24 10 74
23 24 11 76
23 24 12 9
23 24 13 68
23 24 14 57
23 24 15 80
23 24 16 94
23 24 17 32
23 24 18 26
23 24 19 115
23 24 20 122
23 24 21 86
23 24 22 93
23 24 23 13
23 24 24 107
23 24 25 48
23 24 26 44
23 24 27 71
23 24 28 16
23 24 29 99
23 24 30 106
23 24 31 14
23 24 32 120
23 24 33 67
23 24 34 91
23 24 35 19
23 24 36 105
23 24 37 38
23 24 38 30
23 24 39 126
23 24 40 21
23 24 41 24
23 24 42 104
23 25 0 76
23 25 1 62
23 25 2 54
23 25 3 4
23 25 4 55
23 25 5 109
23 25 6 3
23 25 7 123
23 25 8 87
23 25 9 46
23 25 10 101
23 25 11 28
23 25 12 72
23 25 13 60
23 25 14 67
23 25 15 47
23 25 16 9
23 25 17 20
23 25 18 114
23 25 19 121
23 25 20 71
23 25 21 84
23 25 22 5
23 25 23 106
23 25 24 51
23 25 25 120
23 25 26 59
23 25 27 38
23 25 28 98
23 25 29 75
23 25 30 15
23 25 31 77
23 25 32 80
23 25 33 90
23 25 34 10
23 25 35 104
23 25 36 37
23 25 37 41
23 25 38 125
23 25 39 29
23 25 40 19
23 25 41 103
23 25 42 25
23 26 0 123
23 26 1 87
23 26 2 42
23 26 3 101
23 26 4 108
23 26 5 21
23 26 6 122
23 26 7 86
23 26 8 93
23 26 9 73
23 26 10 10
23 26 11 65
23 26 12 44
23 26 13 76
23 26 14 92
23 26 15 7
23 26 16 2
23 26 17 113
23 26 18 59
23 26 19 9
23 26 20 53
23 26 21 36
23 26 22 82
23 26 23 112
23 26 24 43
23 26 25 68
23 26 26 8
23 26 27 97
23 26 28 70
23 26 29 18
23 26 30 48
23 26 31 125
23 26 32 51
23 26 33 14
23 26 34 103
23 26 35 35
23 26 36 0
23 26 37 124
23 26 38 1
23 26 39 25
23 26 40 102
23 26 41 4
23 26 42 116
23 27 0 86
23 27 1 27
23 27 2 47
23 27 3 45
23 27 4 30
23 27 5 121
23 27 6 60
23 27 7 76
23 27 8 62
23 27 9 28
23 27 10 70
23 27 11 120
23 27 12 63
23 27 13 91
23 27 14 10
23 27 15 26
23 27 16 83
23 27 17 119
23 27 18 126
23 27 19 46
23 27 20 7
23 27 21 81
23 27 22 53
23 27 23 56
23 27 24 125
23 27 25 33
23 27 26 75
23 27 27 84
23 27 28 40
23 27 29 117
23 27 30 54
23 27 31 88
23 27 32 8
23 27 33 102
23 27 34 16
23 27 35 38
23 27 36 123
23 27 37 17
23 27 38 35
23 27 39 82
23 27 40 15
23 27 41 115
23 27 42 122
23 28 0 31
23 28 1 59
23 28 2 43
23 28 3 0
23 28 4 58
23 28 5 14
23 28 6 85
23 28 7 79
23 28 8 15
23 28 9 112
23 28 10 44
23 28 11 52
23 28 12 90
23 28 13 20
23 28 14 8
23 28 15 111
23 28 16 118
23 28 17 84
23 28 18 89
23 28 19 42
23 28 20 69
23 28 21 45
23 28 22 117
23 28 23 51
23 28 24 12
23 28 25 95
23 28 26 78
23 28 27 25
23 28 28 54
23 28 29 123
23 28 30 68
23 28 31 41
23 28 32 71
23 28 33 30
23 28 34 26
23 28 35 122
23 28 36 29
23 28 37 16
23 28 38 100
23 28 39 34
23 28 40 114
23 28 41 121
23 28 42 76
23 29 0 67
23 29 1 105
23 29 2 6
23 29 3 119
23 29 4 126
23 29 5 62
23 29 6 79
23 29 7 18
23 29 8 85
23 29 9 49
23 29 10 125
23 29 11 71
23 29 12 36
23 29 13 19
23 29 14 110
23 29 15 64
23 29 16 124
23 29 17 69
23 29 18 13
23 29 19 65
23 29 20 72
23 29 21 78
23 29 22 123
23 29 23 40
23 29 24 94
23 29 25 101
23 29 26 5
23 29 27 80
23 29 28 122
23 29 29 48
23 29 30 4
23 29 31 100
23 29 32 20
23 29 33 34
23 29 34 121
23 29 35 24
23 29 36 22
23 29 37 99
23 29 38 27
23 29 39 113
23 29 40 66
23 29 41 38
23 29 42 28
23 30 0 104
23 30 1 12
23 30 2 118
23 30 3 55
23 30 4 89
23 30 5 96
23 30 6 7
23 30 7 63
23 30 8 117
23 30 9 70
23 30 10 88
23 30 11 5
23 30 12 20
23 30 13 109
23 30 14 116
23 30 15 74
23 30 16 87
23 30 17 10
23 30 18 101
23 30 19 73
23 30 20 80
23 30 21 122
23 30 22 11
23 30 23 79
23 30 24 64
23 30 25 27
23 30 26 65
23 30 27 121
23 30 28 43
23 30 29 0
23 30 30 99
23 30 31 3
23 30 32 1
23 30 33 120
23 30 34 21
23 30 35 9
23 30 36 98
23 30 37 19
23 30 38 52
23 30 39 119
23 30 40 126
23 30 41 26
23 30 42 83
23 31 0 34
23 31 1 49
23 31 2 124
23 31 3 63
23 31 4 76
23 31 5 31
23 31 6 81
23 31 7 67
23 31 8 123
23 31 9 66
23 31 10 0
23 31 11 37
23 31 12 108
23 31 13 115
23 31 14 43
23 31 15 86
23 31 16 14
23 31 17 72
23 31 18 107
23 31 19 55
23 31 20 121
23 31 21 33
23 31 22 92
23 31 23 84
23 31 24 36
23 31 25 77
23 31 26 45
23 31 27 54
23 31 28 9
23 31 29 98
23 31 30 10
23 31 31 40
23 31 32 119
23 31 33 29
23 31 34 11
23 31 35 97
23 31 36 4
23 31 37 111
23 31 38 118
23 31 39 52
23 31 40 7
23 31 41 96
23 31 42 103
23 32 0 116
23 32 1 53
23 32 2 87
23 32 3 83
23 32 4 13
23 32 5 46
23 32 6 71
23 32 7 122
23 32 8 67
23 32 9 5
23 32 10 28
23 32 11 84
23 32 12 114
23 32 13 59
23 32 14 54
23 32 15 6
23 32 16 43
23 32 17 106
23 32 18 58
23 32 19 85
23 32 20 2
23 32 21 91
23 32 22 74
23 32 23 26
23 32 24 112
23 32 25 119
23 32 26 60
23 32 27 27
23 32 28 97
23 32 29 33
23 32 30 24
23 32 31 118
23 32 32 18
23 32 33 22
23 32 34 57
23 32 35 37
23 32 36 110
23 32 37 55
23 32 38 124
23 32 39 15
23 32 40 69
23 32 41 102
23 32 42 7
23 33 0 81
23 33 1 86
23 33 2 93
23 33 3 39
23 33 4 107
23 33 5 78
23 33 6 121
23 33 7 72
23 33 8 1
23 33 9 20
23 33 10 79
23 33 11 113
23 33 12 120
23 33 13 5
23 33 14 27
23 33 15 70
23 33 16 77
23 33 17 112
23 33 18 119
23 33 19 7
23 33 20 90
23 33 21 67
23 33 22 16
23 33 23 74
23 33 24 118
23 33 25 125
23 33 26 37
23 33 27 57
23 33 28 29
23 33 29 17
23 33 30 117
23 33 31 36
23 33 32 35
23 33 33 95
23 33 34 9
23 33 35 109
23 33 36 116
23 33 37 84
23 33 38 2
23 33 39 53
23 33 40 50
23 33 41 18
23 33 42 115
23 34 0 43
23 34 1 67
23 34 2 36
23 34 3 106
23 34 4 52
23 34 5 79
23 34 6 63
23 34 7 16
23 34 8 34
23 34 9 105
23 34 10 50
23 34 11 47
23 34 12 126
23 34 13 13
23 34 14 61
23 34 15 85
23 34 16 49
23 34 17 118
23 34 18 14
23 34 19 70
23 34 20 96
23 34 21 28
23 34 22 65
23 34 23 76
23 34 24 81
23 34 25 42
23 34 26 95
23 34 27 10
23 34 28 22
23 34 29 116
23 34 30 26
23 34 31 29
23 34 32 94
23 34 33 41
23 34 34 108
23 34 35 115
23 34 36 59
23 34 37 32
23 34 38 93
23 34 39 100
23 34 40 1
23 34 41 114
23 34 42 72
23 35 0 59
23 35 1 33
23 35 2 71
23 35 3 112
23 35 4 119
23 35 5 50
23 35 6 14
23 35 7 32
23 35 8 104
23 35 9 111
23 35 10 76
23 35 11 77
23 35 12 30
23 35 13 96
23 35 14 74
23 35 15 49
23 35 16 63
23 35 17 13
23 35 18 88
23 35 19 84
23 35 20 28
23 35 21 47
23 35 22 116
23 35 23 123
23 35 24 17
23 35 25 94
23 35 26 2
23 35 27 6
23 35 28 115
23 35 29 15
23 35 30 25
23 35 31 51
23 35 32 21
23 35 33 66
23 35 34 114
23 35 35 46
23 35 36 31
23 35 37 58
23 35 38 99
23 35 39 3
23 35 40 113
23 35 41 120
23 35 42 10
23 36 0 40
23 36 1 47
23 36 2 68
23 36 3 118
23 36 4 125
23 36 5 4
23 36 6 12
23 36 7 103
23 36 8 110
23 36 9 117
23 36 10 124
23 36 11 35
23 36 12 58
23 36 13 51
23 36 14 49
23 36 15 116
23 36 16 34
23 36 17 73
23 36 18 61
23 36 19 19
23 36 20 75
23 36 21 115
23 36 22 122
23 36 23 8
23 36 24 76
23 36 25 13
23 36 26 24
23 36 27 114
23 36 28 5
23 36 29 21
23 36 30 92
23 36 31 42
23 36 32 62
23 36 33 113
23 36 34 120
23 36 35 7
23 36 36 72
23 36 37 98
23 36 38 11
23 36 39 66
23 36 40 64
23 36 41 126
23 36 42 78
23 37 0 70
23 37 1 76
23 37 2 66
23 37 3 52
23 37 4 42
23 37 5 1
23 37 6 102
23 37 7 109
23 37 8 54
23 37 9 57
23 37 10 31
23 37 11 53
23 37 12 101
23 37 13 82
23 37 14 115
23 37 15 34
23 37 16 74
23 37 17 93
23 37 18 20
23 37 19 107
23 37 20 114
23 37 21 121
23 37 22 26
23 37 23 92
23 37 24 22
23 37 25 30
23 37 26 113
23 37 27 17
23 37 28 19
23 37 29 91
23 37 30 38
23 37 31 105
23 37 32 46
23 37 33 62
23 37 34 15
23 37 35 61
23 37 36 97
23 37 37 40
23 37 38 111
23 37 39 85
23 37 40 48
23 37 41 89
23 37 42 29
23 38 0 57
23 38 1 116
23 38 2 123
23 38 3 32
23 38 4 1
23 38 5 49
23 38 6 108
23 38 7 62
23 38 8 44
23 38 9 39
23 38 10 93
23 38 11 64
23 38 12 107
23 38 13 114
23 38 14 7
23 38 15 63
23 38 16 60
23 38 17 36
23 38 18 106
23 38 19 113
23 38 20 74
23 38 21 31
23 38 22 91
23 38 23 35
23 38 24 24
23 38 25 112
23 38 26 28
23 38 27 9
23 38 28 90
23 38 29 25
23 38 30 104
23 38 31 111
23 38 32 82
23 38 33 17
23 38 34 89
23 38 35 81
23 38 36 11
23 38 37 110
23 38 38 117
23 38 39 124
23 38 40 80
23 38 41 29
23 38 42 51
23 39 0 115
23 39 1 122
23 39 2 0
23 39 3 2
23 39 4 100
23 39 5 72
23 39 6 82
23 39 7 57
23 39 8 6
23 39 9 50
23 39 10 63
23 39 11 106
23 39 12 113
23 39 13 39
23 39 14 66
23 39 15 44
23 39 16 38
23 39 17 46
23 39 18 53
23 39 19 119
23 39 20 40
23 39 21 90
23 39 22 14
23 39 23 20
23 39 24 111
23 39 25 8
23 39 26 35
23 39 27 55
23 39 28 42
23 39 29 103
23 39 30 110
23 39 31 117
23 39 32 28
23 39 33 56
23 39 34 95
23 39 35 5
23 39 36 109
23 39 37 80
23 39 38 61
23 39 39 87
23 39 40 34
23 39 41 101
23 39 42 73
23 40 0 121
23 40 1 4
23 40 2 1
23 40 3 99
23 40 4 75
23 40 5 59
23 40 6 120
23 40 7 12
23 40 8 60
23 40 9 45
23 40 10 43
23 40 11 67
23 40 12 42
23 40 13 85
23 40 14 53
23 40 15 28
23 40 16 68
23 40 17 111
23 40 18 118
23 40 19 27
23 40 20 66
23 40 21 16
23 40 22 2
23 40 23 110
23 40 24 18
23 40 25 21
23 40 26 88
23 40 27 0
23 40 28 102
23 40 29 109
23 40 30 63
23 40 31 10
23 40 32 87
23 40 33 94
23 40 34 32
23 40 35 108
23 40 36 78
23 40 37 81
23 40 38 86
23 40 39 31
23 40 40 44
23 40 41 107
23 40 42 114
23 41 0 24
23 41 1 34
23 41 2 98
23 41 3 105
23 41 4 112
23 41 5 57
23 41 6 29
23 41 7 71
23 41 8 80
23 41 9 76
23 41 10 111
23 41 11 3
23 41 12 125
23 41 13 89
23 41 14 31
23 41 15 61
23 41 16 110
23 41 17 55
23 41 18 0
23 41 19 88
23 41 20 25
23 41 21 30
23 41 22 109
23 41 23 33
23 41 24 13
23 41 25 72
23 41 26 21
23 41 27 83
23 41 28 108
23 41 29 51
23 41 30 8
23 41 31 86
23 41 32 79
23 41 33 32
23 41 34 46
23 41 35 64
23 41 36 68
23 41 37 69
23 41 38 7
23 41 39 54
23 41 40 106
23 41 41 113
23 41 42 58
23 42 0 0
23 42 1 97
23 42 2 104
23 42 3 82
23 42 4 83
23 42 5 7
23 42 6 89
23 42 7 96
23 42 8 57
23 42 9 110
23 42 10 9
23 42 11 54
23 42 12 69
23 42 13 27
23 42 14 76
23 42 15 109
23 42 16 116
23 42 17 19
23 42 18 68
23 42 19 39
23 42 20 5
23 42 21 108
23 42 22 41
23 42 23 14
23 42 24 59
23 42 25 22
23 42 26 100
23 42 27 48
23 42 28 52
23 42 29 35
23 42 30 85
23 42 31 92
23 42 32 3
23 42 33 44
23 42 34 63
23 42 35 120
23 42 36 6
23 42 37 13
23 42 38 50
23 42 39 72
23 42 40 61
23 42 41 119
23 42 42 20
24 0 0 104
24 0 1 83
24 0 2 84
24 0 3 8
24 0 4 89
24 0 5 96
24 0 6 58
24 0 7 110
24 0 8 10
24 0 9 55
24 0 10 70
24 0 11 28
24 0 12 77
24 0 13 109
24 0 14 116
24 0 15 20
24 0 16 69
24 0 17 40
24 0 18 6
24 0 19 108
24 0 20 42
24 0 21 15
24 0 22 60
24 0 23 23
24 0 24 100
24 0 25 49
24 0 26 53
24 0 27 36
24 0 28 43
24 0 29 92
24 0 30 4
24 0 31 45
24 0 32 64
24 0 33 120
24 0 34 7
24 0 35 14
24 0 36 51
24 0 37 73
24 0 38 62
24 0 39 119
24 0 40 21
24 0 41 1
24 0 42 97
24 1 0 50
24 1 1 117
24 1 2 10
24 1 3 45
24 1 4 74
24 1 5 59
24 1 6 109
24 1 7 13
24 1 8 123
24 1 9 87
24 1 10 9
24 1 11 101
24 1 12 108
24 1 13 115
24 1 14 36
24 1 15 84
24 1 16 12
24 1 17 23
24 1 18 107
24 1 19 18
24 1 20 7
24 1 21 55
24 1 22 5
24 1 23 99
24 1 24 85
24 1 25 43
24 1 26 39
24 1 27 31
24 1 28 91
24 1 29 32
24 1 30 105
24 1 31 112
24 1 32 51
24 1 33 126
24 1 34 25
24 1 35 80
24 1 36 65
24 1 37 111
24 1 38 118
24 1 39 35
24 1 40 14
24 1 41 56
24 1 42 103
24 2 0 54
24 2 1 6
24 2 2 87
24 2 3 83
24 2 4 101
24 2 5 108
24 2 6 1
24 2 7 122
24 2 8 86
24 2 9 31
24 2 10 48
24 2 11 49
24 2 12 114
24 2 13 12
24 2 14 79
24 2 15 18
24 2 16 2
24 2 17 106
24 2 18 38
24 2 19 26
24 2 20 50
24 2 21 7
24 2 22 98
24 2 23 105
24 2 24 112
24 2 25 29
24 2 26 126
24 2 27 90
24 2 28 41
24 2 29 104
24 2 30 75
24 2 31 60
24 2 32 46
24 2 33 14
24 2 34 96
24 2 35 84
24 2 36 110
24 2 37 78
24 2 38 25
24 2 39 42
24 2 40 95
24 2 41 102
24 2 42 69
24 3 0 34
24 3 1 86
24 3 2 93
24 3 3 70
24 3 4 46
24 3 5 7
24 3 6 121
24 3 7 48
24 3 8 19
24 3 9 81
24 3 10 85
24 3 11 113
24 3 12 41
24 3 13 74
24 3 14 22
24 3 15 10
24 3 16 105
24 3 17 3
24 3 18 30
24 3 19 65
24 3 20 36
24 3 21 97
24 3 22 104
24 3 23 57
24 3 24 17
24 3 25 64
24 3 26 79
24 3 27 4
24 3 28 103
24 3 29 76
24 3 30 117
24 3 31 124
24 3 32 42
24 3 33 50
24 3 34 51
24 3 35 109
24 3 36 116
24 3 37 6
24 3 38 23
24 3 39 94
24 3 40 72
24 3 41 61
24 3 42 83
24 4 0 64
24 4 1 65
24 4 2 69
24 4 3 44
24 4 4 16
24 4 5 54
24 4 6 17
24 4 7 9
24 4 8 82
24 4 9 105
24 4 10 50
24 4 11 0
24 4 12 61
24 4 13 41
24 4 14 30
24 4 15 104
24 4 16 25
24 4 17 36
24 4 18 125
24 4 19 12
24 4 20 78
24 4 21 103
24 4 22 72
24 4 23 39
24 4 24 124
24 4 25 88
24 4 26 35
24 4 27 102
24 4 28 57
24 4 29 53
24 4 30 62
24 4 31 38
24 4 32 76
24 4 33 101
24 4 34 108
24 4 35 115
24 4 36 34
24 4 37 13
24 4 38 75
24 4 39 100
24 4 40 107
24 4 41 79
24 4 42 23
24 5 0 52
24 5 1 55
24 5 2 105
24 5 3 1
24 5 4 119
24 5 5 126
24 5 6 12
24 5 7 70
24 5 8 104
24 5 9 111
24 5 10 25
24 5 11 125
24 5 12 33
24 5 13 6
24 5 14 103
24 5 15 42
24 5 16 8
24 5 17 67
24 5 18 28
24 5 19 95
24 5 20 102
24 5 21 65
24 5 22 20
24 5 23 80
24 5 24 48
24 5 25 38
24 5 26 66
24 5 27 47
24 5 28 45
24 5 29 73
24 5 30 40
24 5 31 93
24 5 32 74
24 5 33 58
24 5 34 114
24 5 35 4
24 5 36 27
24 5 37 92
24 5 38 99
24 5 39 106
24 5 40 46
24 5 41 34
24 5 42 41
24 6 0 53
24 6 1 104
24 6 2 15
24 6 3 118
24 6 4 77
24 6 5 39
24 6 6 96
24 6 7 103
24 6 8 110
24 6 9 26
24 6 10 78
24 6 11 34
24 6 12 14
24 6 13 102
24 6 14 17
24 6 15 22
24 6 16 123
24 6 17 4
24 6 18 94
24 6 19 80
24 6 20 44
24 6 21 16
24 6 22 46
24 6 23 67
24 6 24 1
24 6 25 100
24 6 26 107
24 6 27 70
24 6 28 83
24 6 29 18
24 6 30 76
24 6 31 51
24 6 32 61
24 6 33 113
24 6 34 13
24 6 35 23
24 6 36 91
24 6 37 98
24 6 38 60
24 6 39 112
24 6 40 40
24 6 41 126
24 6 42 72
24 7 0 103
24 7 1 15
24 7 2 52
24 7 3 124
24 7 4 37
24 7 5 51
24 7 6 102
24 7 7 109
24 7 8 4
24 7 9 123
24 7 10 26
24 7 11 29
24 7 12 101
24 7 13 2
24 7 14 31
24 7 15 122
24 7 16 20
24 7 17 59
24 7 18 100
24 7 19 107
24 7 20 19
24 7 21 73
24 7 22 70
24 7 23 5
24 7 24 99
24 7 25 106
24 7 26 69
24 7 27 120
24 7 28 35
24 7 29 46
24 7 30 71
24 7 31 105
24 7 32 84
24 7 33 3
24 7 34 0
24 7 35 90
24 7 36 97
24 7 37 76
24 7 38 82
24 7 39 16
24 7 40 53
24 7 41 89
24 7 42 96
24 8 0 42
24 8 1 116
24 8 2 72
24 8 3 19
24 8 4 71
24 8 5 44
24 8 6 108
24 8 7 5
24 8 8 122
24 8 9 12
24 8 10 39
24 8 11 100
24 8 12 27
24 8 13 33
24 8 14 121
24 8 15 7
24 8 16 92
24 8 17 99
24 8 18 106
24 8 19 9
24 8 20 120
24 8 21 59
24 8 22 8
24 8 23 98
24 8 24 51
24 8 25 112
24 8 26 80
24 8 27 41
24 8 28 76
24 8 29 79
24 8 30 104
24 8 31 111
24 8 32 2
24 8 33 4
24 8 34 81
24 8 35 67
24 8 36 57
24 8 37 63
24 8 38 13
24 8 39 124
24 8 40 85
24 8 41 48
24 8 42 102
24 9 0 115
24 9 1 61
24 9 2 30
24 9 3 93
24 9 4 100
24 9 5 71
24 9 6 22
24 9 7 121
24 9 8 38
24 9 9 19
24 9 10 99
24 9 11 23
24 9 12 12
24 9 13 57
24 9 14 16
24 9 15 91
24 9 16 98
24 9 17 58
24 9 18 11
24 9 19 72
24 9 20 60
24 9 21 40
24 9 22 97
24 9 23 84
24 9 24 82
24 9 25 75
24 9 26 8
24 9 27 89
24 9 28 96
24 9 29 103
24 9 30 110
24 9 31 3
24 9 32 15
24 9 33 88
24 9 34 95
24 9 35 65
24 9 36 43
24 9 37 18
24 9 38 55
24 9 39 87
24 9 40 69
24 9 41 67
24 9 42 36
24 10 0 75
24 10 1 32
24 10 2 44
24 10 3 99
24 10 4 67
24 10 5 9
24 10 6 82
24 10 7 28
24 10 8 30
24 10 9 98
24 10 10 17
24 10 11 25
24 10 12 119
24 10 13 21
24 10 14 90
24 10 15 97
24 10 16 43
24 10 17 27
24 10 18 49
24 10 19 125
24 10 20 13
24 10 21 70
24 10 22 84
24 10 23 59
24 10 24 117
24 10 25 16
24 10 26 56
24 10 27 57
24 10 28 102
24 10 29 109
24 10 30 3
24 10 31 5
24 10 32 83
24 10 33 94
24 10 34 101
24 10 35 62
24 10 36 18
24 10 37 74
24 10 38 86
24 10 39 93
24 10 40 100
24 10 41 7
24 10 42 114
24 11 0 40
24 11 1 74
24 11 2 98
24 11 3 105
24 11 4 5
24 11 5 119
24 11 6 26
24 11 7 42
24 11 8 97
24 11 9 23
24 11 10 34
24 11 11 118
24 11 12 39
24 11 13 52
24 11 14 57
24 11 15 68
24 11 16 28
24 11 17 117
24 11 18 63
24 11 19 13
24 11 20 95
24 11 21 84
24 11 22 48
24 11 23 72
24 11 24 12
24 11 25 87
24 11 26 43
24 11 27 83
24 11 28 108
24 11 29 35
24 11 30 0
24 11 31 70
24 11 32 54
24 11 33 81
24 11 34 107
24 11 35 7
24 11 36 66
24 11 37 47
24 11 38 61
24 11 39 99
24 11 40 36
24 11 41 113
24 11 42 120
24 12 0 49
24 12 1 97
24 12 2 104
24 12 3 26
24 12 4 118
24 12 5 22
24 12 6 32
24 12 7 96
24 12 8 41
24 12 9 2
24 12 10 76
24 12 11 30
24 12 12 88
24 12 13 95
24 12 14 59
24 12 15 19
24 12 16 66
24 12 17 123
24 12 18 34
24 12 19 94
24 12 20 101
24 12 21 56
24 12 22 63
24 12 23 17
24 12 24 86
24 12 25 93
24 12 26 100
24 12 27 54
24 12 28 15
24 12 29 33
24 12 30 61
24 12 31 92
24 12 32 55
24 12 33 106
24 12 34 14
24 12 35 120
24 12 36 37
24 12 37 52
24 12 38 98
24 12 39 1
24 12 40 83
24 12 41 80
24 12 42 16
24 13 0 78
24 13 1 103
24 13 2 6
24 13 3 76
24 13 4 18
24 13 5 21
24 13 6 95
24 13 7 25
24 13 8 37
24 13 9 116
24 13 10 5
24 13 11 73
24 13 12 94
24 13 13 101
24 13 14 19
24 13 15 59
24 13 16 122
24 13 17 33
24 13 18 48
24 13 19 75
24 13 20 107
24 13 21 47
24 13 22 34
24 13 23 79
24 13 24 74
24 13 25 99
24 13 26 49
24 13 27 13
24 13 28 31
24 13 29 66
24 13 30 91
24 13 31 62
24 13 32 44
24 13 33 11
24 13 34 50
24 13 35 126
24 13 36 80
24 13 37 97
24 13 38 3
24 13 39 111
24 13 40 64
24 13 41 15
24 13 42 89
24 14 0 102
24 14 1 38
24 14 2 116
24 14 3 12
24 14 4 11
24 14 5 94
24 14 6 30
24 14 7 18
24 14 8 115
24 14 9 10
24 14 10 79
24 14 11 45
24 14 12 56
24 14 13 31
24 14 14 49
24 14 15 121
24 14 16 40
24 14 17 92
24 14 18 78
24 14 19 106
24 14 20 61
24 14 21 20
24 14 22 42
24 14 23 47
24 14 24 98
24 14 25 105
24 14 26 27
24 14 27 3
24 14 28 67
24 14 29 90
24 14 30 66
24 14 31 52
24 14 32 8
24 14 33 57
24 14 34 70
24 14 35 89
24 14 36 84
24 14 37 29
24 14 38 110
24 14 39 117
24 14 40 2
24 14 41 81
24 14 42 95
24 15 0 10
24 15 1 115
24 15 2 25
24 15 3 29
24 15 4 93
24 15 5 23
24 15 6 14
24 15 7 114
24 15 8 20
24 15 9 47
24 15 10 92
24 15 11 68
24 15 12 21
24 15 13 69
24 15 14 54
24 15 15 2
24 15 16 91
24 15 17 53
24 15 18 60
24 15 19 112
24 15 20 41
24 15 21 126
24 15 22 59
24 15 23 97
24 15 24 104
24 15 25 19
24 15 26 42
24 15 27 125
24 15 28 63
24 15 29 96
24 15 30 70
24 15 31 34
24 15 32 117
24 15 33 124
24 15 34 78
24 15 35 95
24 15 36 40
24 15 37 109
24 15 38 50
24 15 39 32
24 15 40 87
24 15 41 94
24 15 42 81
24 16 0 114
24 16 1 36
24 16 2 18
24 16 3 92
24 16 4 7
24 16 5 37
24 16 6 113
24 16 7 38
24 16 8 85
24 16 9 91
24 16 10 53
24 16 11 11
24 16 12 112
24 16 13 119
24 16 14 14
24 16 15 90
24 16 16 55
24 16 17 61
24 16 18 68
24 16 19 33
24 16 20 64
24 16 21 89
24 16 22 69
24 16 23 103
24 16 24 10
24 16 25 4
24 16 26 62
24 16 27 88
24 16 28 84
24 16 29 48
24 16 30 16
24 16 31 54
24 16 32 71
24 16 33 87
24 16 34 94
24 16 35 13
24 16 36 108
24 16 37 66
24 16 38 40
24 16 39 86
24 16 40 67
24 16 41 100
24 16 42 0
24 17 0 38
24 17 1 26
24 17 2 91
24 17 3 3
24 17 4 1
24 17 5 62
24 17 6 4
24 17 7 65
24 17 8 90
24 17 9 79
24 17 10 20
24 17 11 55
24 17 12 118
24 17 13 36
24 17 14 82
24 17 15 96
24 17 16 45
24 17 17 64
24 17 18 37
24 17 19 124
24 17 20 49
24 17 21 95
24 17 22 102
24 17 23 27
24 17 24 42
24 17 25 123
24 17 26 81
24 17 27 46
24 17 28 101
24 17 29 40
24 17 30 54
24 17 31 48
24 17 32 86
24 17 33 75
24 17 34 35
24 17 35 47
24 17 36 74
24 17 37 21
24 17 38 57
24 17 39 92
24 17 40 99
24 17 41 28
24 17 42 113
24 18 0 23
24 18 1 90
24 18 2 13
24 18 3 27
24 18 4 111
24 18 5 0
24 18 6 125
24 18 7 79
24 18 8 96
24 18 9 42
24 18 10 49
24 18 11 58
24 18 12 7
24 18 13 88
24 18 14 77
24 18 15 80
24 18 16 52
24 18 17 34
24 18 18 44
24 18 19 87
24 18 20 94
24 18 21 50
24 18 22 28
24 18 23 11
24 18 24 122
24 18 25 70
24 18 26 93
24 18 27 63
24 18 28 29
24 18 29 71
24 18 30 57
24 18 31 73
24 18 32 92
24 18 33 41
24 18 34 45
24 18 35 43
24 18 36 19
24 18 37 9
24 18 38 91
24 18 39 98
24 18 40 20
24 18 41 51
24 18 42 25
24 19 0 89
24 19 1 21
24 19 2 17
24 19 3 110
24 19 4 6
24 19 5 82
24 19 6 88
24 19 7 85
24 19 8 22
24 19 9 63
24 19 10 116
24 19 11 35
24 19 12 65
24 19 13 47
24 19 14 101
24 19 15 51
24 19 16 5
24 19 17 80
24 19 18 86
24 19 19 74
24 19 20 100
24 19 21 39
24 19 22 27
24 19 23 121
24 19 24 57
24 19 25 46
24 19 26 68
24 19 27 32
24 19 28 60
24 19 29 120
24 19 30 33
24 19 31 91
24 19 32 4
24 19 33 105
24 19 34 112
24 19 35 16
24 19 36 126
24 19 37 90
24 19 38 97
24 19 39 13
24 19 40 111
24 19 41 31
24 19 42 18
24 20 0 9
24 20 1 31
24 20 2 109
24 20 3 39
24 20 4 123
24 20 5 53
24 20 6 56
24 20 7 7
24 20 8 58
24 20 9 115
24 20 10 14
24 20 11 74
24 20 12 93
24 20 13 82
24 20 14 107
24 20 15 40
24 20 16 49
24 20 17 62
24 20 18 92
24 20 19 99
24 20 20 21
24 20 21 37
24 20 22 43
24 20 23 66
24 20 24 73
24 20 25 61
24 20 26 19
24 20 27 112
24 20 28 44
24 20 29 126
24 20 30 90
24 20 31 17
24 20 32 104
24 20 33 78
24 20 34 20
24 20 35 79
24 20 36 71
24 20 37 57
24 20 38 32
24 20 39 110
24 20 40 12
24 20 41 30
24 20 42 88
24 21 0 12
24 21 1 108
24 21 2 33
24 21 3 122
24 21 4 66
24 21 5 93
24 21 6 29
24 21 7 107
24 21 8 114
24 21 9 39
24 21 10 62
24 21 11 46
24 21 12 85
24 21 13 106
24 21 14 11
24 21 15 120
24 21 16 38
24 21 17 91
24 21 18 98
24 21 19 2
24 21 20 40
24 21 21 119
24 21 22 53
24 21 23 76
24 21 24 65
24 21 25 37
24 21 26 57
24 21 27 59
24 21 28 52
24 21 29 49
24 21 30 26
24 21 31 103
24 21 32 78
24 21 33 5
24 21 34 124
24 21 35 88
24 21 36 95
24 21 37 0
24 21 38 109
24 21 39 22
24 21 40 3
24 21 41 87
24 21 42 4
24 22 0 45
24 22 1 37
24 22 2 121
24 22 3 43
24 22 4 76
24 22 5 32
24 22 6 106
24 22 7 113
24 22 8 9
24 22 9 60
24 22 10 66
24 22 11 62
24 22 12 81
24 22 13 42
24 22 14 51
24 22 15 126
24 22 16 90
24 22 17 97
24 22 18 27
24 22 19 38
24 22 20 118
24 22 21 125
24 22 22 89
24 22 23 96
24 22 24 19
24 22 25 78
24 22 26 117
24 22 27 124
24 22 28 88
24 22 29 1
24 22 30 102
24 22 31 50
24 22 32 0
24 22 33 63
24 22 34 58
24 22 35 94
24 22 36 22
24 22 37 108
24 22 38 28
24 22 39 18
24 22 40 86
24 22 41 6
24 22 42 10
24 23 0 28
24 23 1 47
24 23 2 43
24 23 3 78
24 23 4 33
24 23 5 75
24 23 6 70
24 23 7 31
24 23 8 62
24 23 9 69
24 23 10 46
24 23 11 66
24 23 12 34
24 23 13 63
24 23 14 83
24 23 15 77
24 23 16 73
24 23 17 21
24 23 18 15
24 23 19 61
24 23 20 57
24 23 21 51
24 23 22 71
24 23 23 38
24 23 24 68
24 23 25 45
24 23 26 65
24 23 27 72
24 23 28 4
24 23 29 64
24 23 30 59
24 23 31 0
24 23 32 56
24 23 33 48
24 23 34 44
24 23 35 12
24 23 36 79
24 23 37 23
24 23 38 26
24 23 39 67
24 23 40 17
24 23 41 9
24 23 42 55
24 24 0 119
24 24 1 76
24 24 2 71
24 24 3 31
24 24 4 84
24 24 5 111
24 24 6 39
24 24 7 125
24 24 8 89
24 24 9 96
24 24 10 56
24 24 11 38
24 24 12 117
24 24 13 124
24 24 14 88
24 24 15 95
24 24 16 37
24 24 17 11
24 24 18 116
24 24 19 123
24 24 20 87
24 24 21 83
24 24 22 10
24 24 23 53
24 24 24 72
24 24 25 68
24 24 26 74
24 24 27 9
24 24 28 100
24 24 29 107
24 24 30 17
24 24 31 58
24 24 32 48
24 24 33 92
24 24 34 42
24 24 35 46
24 24 36 33
24 24 37 7
24 24 38 24
24 24 39 41
24 24 40 15
24 24 41 105
24 24 42 6
24 25 0 125
24 25 1 89
24 25 2 5
24 25 3 56
24 25 4 110
24 25 5 1
24 25 6 85
24 25 7 82
24 25 8 75
24 25 9 77
24 25 10 10
24 25 11 69
24 25 12 58
24 25 13 81
24 25 14 94
24 25 15 33
24 25 16 27
24 25 17 115
24 25 18 122
24 25 19 86
24 25 20 93
24 25 21 14
24 25 22 107
24 25 23 49
24 25 24 45
24 25 25 72
24 25 26 17
24 25 27 99
24 25 28 106
24 25 29 15
24 25 30 120
24 25 31 68
24 25 32 91
24 25 33 20
24 25 34 105
24 25 35 39
24 25 36 31
24 25 37 126
24 25 38 22
24 25 39 25
24 25 40 104
24 25 41 36
24 25 42 118
24 26 0 55
24 26 1 5
24 26 2 56
24 26 3 109
24 26 4 4
24 26 5 123
24 26 6 87
24 26 7 47
24 26 8 101
24 26 9 29
24 26 10 73
24 26 11 61
24 26 12 68
24 26 13 48
24 26 14 10
24 26 15 21
24 26 16 114
24 26 17 121
24 26 18 72
24 26 19 85
24 26 20 6
24 26 21 106
24 26 22 52
24 26 23 120
24 26 24 60
24 26 25 39
24 26 26 98
24 26 27 76
24 26 28 16
24 26 29 78
24 26 30 81
24 26 31 90
24 26 32 11
24 26 33 104
24 26 34 38
24 26 35 42
24 26 36 125
24 26 37 30
24 26 38 20
24 26 39 103
24 26 40 26
24 26 41 77
24 26 42 63
24 27 0 0
24 27 1 101
24 27 2 108
24 27 3 22
24 27 4 122
24 27 5 86
24 27 6 93
24 27 7 74
24 27 8 11
24 27 9 66
24 27 10 45
24 27 11 77
24 27 12 92
24 27 13 8
24 27 14 3
24 27 15 113
24 27 16 60
24 27 17 10
24 27 18 54
24 27 19 37
24 27 20 83
24 27 21 112
24 27 22 44
24 27 23 69
24 27 24 9
24 27 25 97
24 27 26 71
24 27 27 19
24 27 28 49
24 27 29 125
24 27 30 52
24 27 31 15
24 27 32 103
24 27 33 36
24 27 34 1
24 27 35 124
24 27 36 2
24 27 37 26
24 27 38 102
24 27 39 5
24 27 40 116
24 27 41 123
24 27 42 87
24 28 0 48
24 28 1 46
24 28 2 31
24 28 3 121
24 28 4 61
24 28 5 77
24 28 6 63
24 28 7 29
24 28 8 71
24 28 9 120
24 28 10 64
24 28 11 91
24 28 12 11
24 28 13 27
24 28 14 84
24 28 15 119
24 28 16 126
24 28 17 47
24 28 18 8
24 28 19 82
24 28 20 54
24 28 21 57
24 28 22 125
24 28 23 34
24 28 24 76
24 28 25 85
24 28 26 41
24 28 27 117
24 28 28 55
24 28 29 88
24 28 30 9
24 28 31 102
24 28 32 17
24 28 33 39
24 28 34 123
24 28 35 18
24 28 36 36
24 28 37 83
24 28 38 16
24 28 39 115
24 28 40 122
24 28 41 86
24 28 42 28
24 29 0 44
24 29 1 1
24 29 2 59
24 29 3 15
24 29 4 43
24 29 5 80
24 29 6 16
24 29 7 112
24 29 8 45
24 29 9 53
24 29 10 90
24 29 11 21
24 29 12 9
24 29 13 111
24 29 14 118
24 29 15 85
24 29 16 89
24 29 17 0
24 29 18 70
24 29 19 46
24 29 20 117
24 29 21 52
24 29 22 13
24 29 23 95
24 29 24 79
24 29 25 26
24 29 26 55
24 29 27 123
24 29 28 69
24 29 29 42
24 29 30 72
24 29 31 31
24 29 32 27
24 29 33 122
24 29 34 30
24 29 35 17
24 29 36 100
24 29 37 35
24 29 38 114
24 29 39 121
24 29 40 77
24 29 41 32
24 29 42 60
24 30 0 7
24 30 1 119
24 30 2 126
24 30 3 63
24 30 4 80
24 30 5 19
24 30 6 43
24 30 7 50
24 30 8 125
24 30 9 72
24 30 10 37
24 30 11 20
24 30 12 110
24 30 13 65
24 30 14 124
24 30 15 70
24 30 16 14
24 30 17 66
24 30 18 73
24 30 19 79
24 30 20 123
24 30 21 41
24 30 22 94
24 30 23 101
24 30 24 6
24 30 25 81
24 30 26 122
24 30 27 49
24 30 28 5
24 30 29 100
24 30 30 21
24 30 31 35
24 30 32 121
24 30 33 25
24 30 34 23
24 30 35 99
24 30 36 28
24 30 37 113
24 30 38 67
24 30 39 39
24 30 40 29
24 30 41 68
24 30 42 105
24 31 0 118
24 31 1 56
24 31 2 89
24 31 3 96
24 31 4 8
24 31 5 64
24 31 6 117
24 31 7 71
24 31 8 88
24 31 9 6
24 31 10 21
24 31 11 109
24 31 12 116
24 31 13 75
24 31 14 87
24 31 15 11
24 31 16 101
24 31 17 74
24 31 18 81
24 31 19 122
24 31 20 12
24 31 21 80
24 31 22 65
24 31 23 28
24 31 24 66
24 31 25 121
24 31 26 44
24 31 27 1
24 31 28 99
24 31 29 4
24 31 30 2
24 31 31 120
24 31 32 22
24 31 33 10
24 31 34 98
24 31 35 20
24 31 36 53
24 31 37 119
24 31 38 126
24 31 39 27
24 31 40 84
24 31 41 104
24 31 42 13
24 32 0 124
24 32 1 64
24 32 2 77
24 32 3 32
24 32 4 82
24 32 5 68
24 32 6 123
24 32 7 67
24 32 8 1
24 32 9 38
24 32 10 108
24 32 11 115
24 32 12 44
24 32 13 86
24 32 14 15
24 32 15 73
24 32 16 107
24 32 17 56
24 32 18 121
24 32 19 34
24 32 20 92
24 32 21 85
24 32 22 37
24 32 23 78
24 32 24 46
24 32 25 55
24 32 26 10
24 32 27 98
24 32 28 11
24 32 29 41
24 32 30 119
24 32 31 30
24 32 32 12
24 32 33 97
24 32 34 5
24 32 35 111
24 32 36 118
24 32 37 53
24 32 38 8
24 32 39 96
24 32 40 103
24 32 41 35
24 32 42 50
24 33 0 87
24 33 1 84
24 33 2 14
24 33 3 47
24 33 4 72
24 33 5 122
24 33 6 68
24 33 7 6
24 33 8 29
24 33 9 85
24 33 10 114
24 33 11 60
24 33 12 55
24 33 13 7
24 33 14 44
24 33 15 106
24 33 16 59
24 33 17 43
24 33 18 3
24 33 19 91
24 33 20 75
24 33 21 27
24 33 22 112
24 33 23 119
24 33 24 61
24 33 25 28
24 33 26 97
24 33 27 34
24 33 28 25
24 33 29 118
24 33 30 19
24 33 31 23
24 33 32 58
24 33 33 38
24 33 34 110
24 33 35 56
24 33 36 124
24 33 37 16
24 33 38 70
24 33 39 102
24 33 40 8
24 33 41 116
24 33 42 54
24 34 0 93
24 34 1 40
24 34 2 107
24 34 3 79
24 34 4 121
24 34 5 73
24 34 6 2
24 34 7 21
24 34 8 80
24 34 9 113
24 34 10 120
24 34 11 6
24 34 12 28
24 34 13 71
24 34 14 78
24 34 15 112
24 34 16 119
24 34 17 8
24 34 18 90
24 34 19 68
24 34 20 17
24 34 21 75
24 34 22 118
24 34 23 125
24 34 24 38
24 34 25 58
24 34 26 30
24 34 27 18
24 34 28 117
24 34 29 37
24 34 30 36
24 34 31 95
24 34 32 10
24 34 33 109
24 34 34 116
24 34 35 85
24 34 36 3
24 34 37 54
24 34 38 51
24 34 39 19
24 34 40 115
24 34 41 82
24 34 42 86
24 35 0 37
24 35 1 106
24 35 2 53
24 35 3 80
24 35 4 64
24 35 5 17
24 35 6 35
24 35 7 105
24 35 8 51
24 35 9 48
24 35 10 126
24 35 11 14
24 35 12 62
24 35 13 43
24 35 14 50
24 35 15 118
24 35 16 15
24 35 17 71
24 35 18 96
24 35 19 29
24 35 20 66
24 35 21 77
24 35 22 82
24 35 23 0
24 35 24 95
24 35 25 11
24 35 26 23
24 35 27 116
24 35 28 27
24 35 29 30
24 35 30 94
24 35 31 42
24 35 32 108
24 35 33 115
24 35 34 60
24 35 35 33
24 35 36 93
24 35 37 100
24 35 38 2
24 35 39 114
24 35 40 73
24 35 41 44
24 35 42 68
24 36 0 72
24 36 1 112
24 36 2 119
24 36 3 51
24 36 4 15
24 36 5 33
24 36 6 104
24 36 7 111
24 36 8 77
24 36 9 78
24 36 10 31
24 36 11 96
24 36 12 75
24 36 13 50
24 36 14 64
24 36 15 14
24 36 16 88
24 36 17 85
24 36 18 29
24 36 19 48
24 36 20 116
24 36 21 123
24 36 22 18
24 36 23 94
24 36 24 3
24 36 25 7
24 36 26 115
24 36 27 16
24 36 28 26
24 36 29 52
24 36 30 22
24 36 31 67
24 36 32 114
24 36 33 47
24 36 34 32
24 36 35 59
24 36 36 99
24 36 37 4
24 36 38 113
24 36 39 120
24 36 40 11
24 36 41 60
24 36 42 34
24 37 0 69
24 37 1 118
24 37 2 125
24 37 3 5
24 37 4 13
24 37 5 103
24 37 6 110
24 37 7 117
24 37 8 124
24 37 9 36
24 37 10 59
24 37 11 52
24 37 12 50
24 37 13 116
24 37 14 35
24 37 15 74
24 37 16 62
24 37 17 20
24 37 18 76
24 37 19 115
24 37 20 122
24 37 21 9
24 37 22 77
24 37 23 14
24 37 24 25
24 37 25 114
24 37 26 6
24 37 27 22
24 37 28 92
24 37 29 0
24 37 30 63
24 37 31 113
24 37 32 120
24 37 33 8
24 37 34 73
24 37 35 98
24 37 36 12
24 37 37 67
24 37 38 65
24 37 39 126
24 37 40 79
24 37 41 41
24 37 42 48
24 38 0 67
24 38 1 53
24 38 2 0
24 38 3 2
24 38 4 102
24 38 5 109
24 38 6 55
24 38 7 58
24 38 8 32
24 38 9 54
24 38 10 101
24 38 11 83
24 38 12 115
24 38 13 35
24 38 14 75
24 38 15 93
24 38 16 21
24 38 17 107
24 38 18 114
24 38 19 121
24 38 20 27
24 38 21 92
24 38 22 23
24 38 23 31
24 38 24 113
24 38 25 18
24 38 26 20
24 38 27 91
24 38 28 39
24 38 29 105
24 38 30 47
24 38 31 63
24 38 32 16
24 38 33 62
24 38 34 97
24 38 35 41
24 38 36 111
24 38 37 43
24 38 38 49
24 38 39 89
24 38 40 30
24 38 41 71
24 38 42 77
24 39 0 123
24 39 1 33
24 39 2 2
24 39 3 50
24 39 4 108
24 39 5 63
24 39 6 45
24 39 7 40
24 39 8 93
24 39 9 65
24 39 10 107
24 39 11 114
24 39 12 8
24 39 13 64
24 39 14 61
24 39 15 37
24 39 16 106
24 39 17 113
24 39 18 75
24 39 19 32
24 39 20 91
24 39 21 36
24 39 22 25
24 39 23 112
24 39 24 29
24 39 25 10
24 39 26 90
24 39 27 26
24 39 28 104
24 39 29 111
24 39 30 83
24 39 31 18
24 39 32 89
24 39 33 82
24 39 34 12
24 39 35 110
24 39 36 117
24 39 37 124
24 39 38 81
24 39 39 30
24 39 40 52
24 39 41 58
24 39 42 116
24 40 0 1
24 40 1 3
24 40 2 100
24 40 3 73
24 40 4 83
24 40 5 58
24 40 6 7
24 40 7 51
24 40 8 64
24 40 9 106
24 40 10 113
24 40 11 40
24 40 12 67
24 40 13 45
24 40 14 39
24 40 15 47
24 40 16 54
24 40 17 119
24 40 18 41
24 40 19 90
24 40 20 15
24 40 21 21
24 40 22 111
24 40 23 9
24 40 24 36
24 40 25 56
24 40 26 0
24 40 27 103
24 40 28 110
24 40 29 117
24 40 30 29
24 40 31 57
24 40 32 95
24 40 33 6
24 40 34 109
24 40 35 81
24 40 36 62
24 40 37 87
24 40 38 35
24 40 39 101
24 40 40 74
24 40 41 115
24 40 42 122
24 41 0 2
24 41 1 99
24 41 2 76
24 41 3 60
24 41 4 120
24 41 5 13
24 41 6 61
24 41 7 46
24 41 8 44
24 41 9 68
24 41 10 0
24 41 11 43
24 41 12 54
24 41 13 29
24 41 14 69
24 41 15 111
24 41 16 118
24 41 17 28
24 41 18 67
24 41 19 17
24 41 20 3
24 41 21 110
24 41 22 19
24 41 23 22
24 41 24 88
24 41 25 1
24 41 26 102
24 41 27 109
24 41 28 64
24 41 29 11
24 41 30 87
24 41 31 94
24 41 32 33
24 41 33 108
24 41 34 79
24 41 35 82
24 41 36 86
24 41 37 32
24 41 38 45
24 41 39 107
24 41 40 114
24 41 41 121
24 41 42 5
24 42 0 98
24 42 1 105
24 42 2 112
24 42 3 58
24 42 4 30
24 42 5 72
24 42 6 81
24 42 7 77
24 42 8 111
24 42 9 4
24 42 10 125
24 42 11 89
24 42 12 32
24 42 13 62
24 42 14 110
24 42 15 56
24 42 16 1
24 42 17 88
24 42 18 26
24 42 19 31
24 42 20 109
24 42 21 34
24 42 22 14
24 42 23 73
24 42 24 22
24 42 25 84
24 42 26 108
24 42 27 52
24 42 28 9
24 42 29 86
24 42 30 80
24 42 31 33
24 42 32 47
24 42 33 65
24 42 34 69
24 42 35 70
24 42 36 8
24 42 37 55
24 42 38 106
24 42 39 113
24 42 40 59
24 42 41 25
24 42 42 35
25 0 0 112
25 0 1 59
25 0 2 31
25 0 3 73
25 0 4 82
25 0 5 78
25 0 6 111
25 0 7 5
25 0 8 125
25 0 9 89
25 0 10 33
25 0 11 63
25 0 12 110
25 0 13 57
25 0 14 2
25 0 15 88
25 0 16 27
25 0 17 32
25 0 18 109
25 0 19 35
25 0 20 15
25 0 21 74
25 0 22 23
25 0 23 85
25 0 24 108
25 0 25 53
25 0 26 10
25 0 27 86
25 0 28 81
25 0 29 34
25 0 30 48
25 0 31 66
25 0 32 70
25 0 33 71
25 0 34 9
25 0 35 56
25 0 36 106
25 0 37 113
25 0 38 60
25 0 39 26
25 0 40 36
25 0 41 98
25 0 42 105
25 1 0 85
25 1 1 9
25 1 2 89
25 1 3 96
25 1 4 59
25 1 5 110
25 1 6 11
25 1 7 56
25 1 8 71
25 1 9 29
25 1 10 78
25 1 11 109
25 1 12 116
25 1 13 21
25 1 14 70
25 1 15 41
25 1 16 7
25 1 17 108
25 1 18 0
25 1 19 16
25 1 20 61
25 1 21 24
25 1 22 100
25 1 23 50
25 1 24 54
25 1 25 37
25 1 26 44
25 1 27 92
25 1 28 5
25 1 29 46
25 1 30 65
25 1 31 120
25 1 32 8
25 1 33 15
25 1 34 52
25 1 35 74
25 1 36 63
25 1 37 119
25 1 38 22
25 1 39 2
25 1 40 97
25 1 41 104
25 1 42 84
25 2 0 11
25 2 1 46
25 2 2 75
25 2 3 60
25 2 4 109
25 2 5 14
25 2 6 123
25 2 7 87
25 2 8 10
25 2 9 101
25 2 10 108
25 2 11 115
25 2 12 37
25 2 13 85
25 2 14 13
25 2 15 24
25 2 16 107
25 2 17 19
25 2 18 8
25 2 19 56
25 2 20 6
25 2 21 99
25 2 22 43
25 2 23 44
25 2 24 40
25 2 25 32
25 2 26 91
25 2 27 33
25 2 28 105
25 2 29 112
25 2 30 52
25 2 31 126
25 2 32 26
25 2 33 81
25 2 34 66
25 2 35 111
25 2 36 118
25 2 37 36
25 2 38 15
25 2 39 57
25 2 40 103
25 2 41 51
25 2 42 117
25 3 0 87
25 3 1 84
25 3 2 101
25 3 3 108
25 3 4 2
25 3 5 122
25 3 6 86
25 3 7 32
25 3 8 49
25 3 9 50
25 3 10 114
25 3 11 13
25 3 12 80
25 3 13 19
25 3 14 3
25 3 15 106
25 3 16 39
25 3 17 27
25 3 18 51
25 3 19 8
25 3 20 98
25 3 21 105
25 3 22 112
25 3 23 30
25 3 24 126
25 3 25 90
25 3 26 42
25 3 27 104
25 3 28 76
25 3 29 61
25 3 30 47
25 3 31 15
25 3 32 96
25 3 33 85
25 3 34 110
25 3 35 79
25 3 36 26
25 3 37 0
25 3 38 95
25 3 39 102
25 3 40 70
25 3 41 55
25 3 42 7
25 4 0 93
25 4 1 71
25 4 2 47
25 4 3 8
25 4 4 121
25 4 5 49
25 4 6 20
25 4 7 82
25 4 8 43
25 4 9 113
25 4 10 42
25 4 11 75
25 4 12 23
25 4 13 11
25 4 14 105
25 4 15 4
25 4 16 31
25 4 17 66
25 4 18 37
25 4 19 97
25 4 20 104
25 4 21 58
25 4 22 18
25 4 23 65
25 4 24 80
25 4 25 5
25 4 26 103
25 4 27 77
25 4 28 117
25 4 29 124
25 4 30 0
25 4 31 51
25 4 32 52
25 4 33 109
25 4 34 116
25 4 35 7
25 4 36 24
25 4 37 94
25 4 38 73
25 4 39 62
25 4 40 84
25 4 41 35
25 4 42 86
25 5 0 70
25 5 1 45
25 5 2 17
25 5 3 55
25 5 4 18
25 5 5 10
25 5 6 83
25 5 7 105
25 5 8 51
25 5 9 1
25 5 10 62
25 5 11 42
25 5 12 31
25 5 13 104
25 5 14 26
25 5 15 37
25 5 16 125
25 5 17 13
25 5 18 79
25 5 19 103
25 5 20 73
25 5 21 40
25 5 22 124
25 5 23 88
25 5 24 36
25 5 25 102
25 5 26 58
25 5 27 54
25 5 28 63
25 5 29 39
25 5 30 77
25 5 31 101
25 5 32 108
25 5 33 115
25 5 34 35
25 5 35 14
25 5 36 76
25 5 37 100
25 5 38 107
25 5 39 80
25 5 40 24
25 5 41 65
25 5 42 66
25 6 0 105
25 6 1 2
25 6 2 119
25 6 3 126
25 6 4 13
25 6 5 71
25 6 6 104
25 6 7 111
25 6 8 26
25 6 9 125
25 6 10 34
25 6 11 7
25 6 12 103
25 6 13 0
25 6 14 9
25 6 15 68
25 6 16 29
25 6 17 95
25 6 18 102
25 6 19 66
25 6 20 21
25 6 21 81
25 6 22 49
25 6 23 39
25 6 24 67
25 6 25 48
25 6 26 46
25 6 27 74
25 6 28 41
25 6 29 93
25 6 30 75
25 6 31 59
25 6 32 114
25 6 33 5
25 6 34 28
25 6 35 92
25 6 36 99
25 6 37 106
25 6 38 47
25 6 39 35
25 6 40 42
25 6 41 53
25 6 42 56
25 7 0 16
25 7 1 118
25 7 2 78
25 7 3 40
25 7 4 96
25 7 5 103
25 7 6 110
25 7 7 27
25 7 8 79
25 7 9 35
25 7 10 15
25 7 11 102
25 7 12 18
25 7 13 23
25 7 14 123
25 7 15 5
25 7 16 94
25 7 17 81
25 7 18 45
25 7 19 17
25 7 20 47
25 7 21 68
25 7 22 2
25 7 23 100
25 7 24 107
25 7 25 71
25 7 26 84
25 7 27 19
25 7 28 77
25 7 29 52
25 7 30 62
25 7 31 113
25 7 32 14
25 7 33 24
25 7 34 91
25 7 35 98
25 7 36 61
25 7 37 112
25 7 38 41
25 7 39 126
25 7 40 73
25 7 41 54
25 7 42 104
25 8 0 53
25 8 1 124
25 8 2 38
25 8 3 52
25 8 4 102
25 8 5 109
25 8 6 5
25 8 7 123
25 8 8 27
25 8 9 30
25 8 10 101
25 8 11 3
25 8 12 32
25 8 13 122
25 8 14 21
25 8 15 60
25 8 16 100
25 8 17 107
25 8 18 20
25 8 19 74
25 8 20 71
25 8 21 6
25 8 22 99
25 8 23 106
25 8 24 70
25 8 25 120
25 8 26 36
25 8 27 47
25 8 28 72
25 8 29 105
25 8 30 85
25 8 31 4
25 8 32 1
25 8 33 90
25 8 34 97
25 8 35 77
25 8 36 83
25 8 37 17
25 8 38 54
25 8 39 89
25 8 40 96
25 8 41 103
25 8 42 16
25 9 0 73
25 9 1 20
25 9 2 72
25 9 3 45
25 9 4 108
25 9 5 6
25 9 6 122
25 9 7 13
25 9 8 40
25 9 9 100
25 9 10 28
25 9 11 34
25 9 12 121
25 9 13 8
25 9 14 92
25 9 15 99
25 9 16 106
25 9 17 10
25 9 18 120
25 9 19 60
25 9 20 9
25 9 21 98
25 9 22 52
25 9 23 112
25 9 24 81
25 9 25 42
25 9 26 77
25 9 27 80
25 9 28 104
25 9 29 111
25 9 30 3
25 9 31 5
25 9 32 82
25 9 33 68
25 9 34 58
25 9 35 64
25 9 36 14
25 9 37 124
25 9 38 43
25 9 39 49
25 9 40 102
25 9 41 0
25 9 42 116
25 10 0 31
25 10 1 93
25 10 2 100
25 10 3 72
25 10 4 23
25 10 5 121
25 10 6 39
25 10 7 20
25 10 8 99
25 10 9 24
25 10 10 13
25 10 11 58
25 10 12 17
25 10 13 91
25 10 14 98
25 10 15 59
25 10 16 12
25 10 17 73
25 10 18 61
25 10 19 41
25 10 20 97
25 10 21 85
25 10 22 83
25 10 23 76
25 10 24 9
25 10 25 89
25 10 26 96
25 10 27 103
25 10 28 110
25 10 29 4
25 10 30 16
25 10 31 88
25 10 32 95
25 10 33 66
25 10 34 44
25 10 35 19
25 10 36 56
25 10 37 87
25 10 38 70
25 10 39 68
25 10 40 37
25 10 41 115
25 10 42 62
25 11 0 45
25 11 1 99
25 11 2 68
25 11 3 10
25 11 4 83
25 11 5 29
25 11 6 31
25 11 7 98
25 11 8 18
25 11 9 26
25 11 10 119
25 11 11 22
25 11 12 90
25 11 13 97
25 11 14 44
25 11 15 28
25 11 16 50
25 11 17 125
25 11 18 14
25 11 19 71
25 11 20 85
25 11 21 60
25 11 22 117
25 11 23 17
25 11 24 57
25 11 25 58
25 11 26 102
25 11 27 109
25 11 28 4
25 11 29 6
25 11 30 84
25 11 31 94
25 11 32 101
25 11 33 63
25 11 34 19
25 11 35 75
25 11 36 86
25 11 37 93
25 11 38 100
25 11 39 8
25 11 40 114
25 11 41 76
25 11 42 33
25 12 0 98
25 12 1 105
25 12 2 6
25 12 3 119
25 12 4 27
25 12 5 0
25 12 6 97
25 12 7 24
25 12 8 35
25 12 9 118
25 12 10 40
25 12 11 53
25 12 12 58
25 12 13 69
25 12 14 29
25 12 15 117
25 12 16 64
25 12 17 14
25 12 18 95
25 12 19 85
25 12 20 49
25 12 21 73
25 12 22 13
25 12 23 87
25 12 24 44
25 12 25 84
25 12 26 108
25 12 27 36
25 12 28 1
25 12 29 71
25 12 30 55
25 12 31 82
25 12 32 107
25 12 33 8
25 12 34 67
25 12 35 48
25 12 36 62
25 12 37 99
25 12 38 37
25 12 39 113
25 12 40 120
25 12 41 41
25 12 42 75
25 13 0 104
25 13 1 27
25 13 2 118
25 13 3 23
25 13 4 33
25 13 5 96
25 13 6 42
25 13 7 3
25 13 8 77
25 13 9 31
25 13 10 88
25 13 11 95
25 13 12 60
25 13 13 20
25 13 14 67
25 13 15 123
25 13 16 35
25 13 17 94
25 13 18 101
25 13 19 57
25 13 20 64
25 13 21 18
25 13 22 86
25 13 23 93
25 13 24 100
25 13 25 55
25 13 26 16
25 13 27 34
25 13 28 62
25 13 29 92
25 13 30 56
25 13 31 106
25 13 32 15
25 13 33 120
25 13 34 38
25 13 35 53
25 13 36 98
25 13 37 2
25 13 38 84
25 13 39 81
25 13 40 17
25 13 41 50
25 13 42 97
25 14 0 7
25 14 1 77
25 14 2 19
25 14 3 22
25 14 4 95
25 14 5 26
25 14 6 38
25 14 7 116
25 14 8 6
25 14 9 74
25 14 10 94
25 14 11 101
25 14 12 20
25 14 13 60
25 14 14 122
25 14 15 34
25 14 16 49
25 14 17 76
25 14 18 107
25 14 19 48
25 14 20 35
25 14 21 80
25 14 22 75
25 14 23 99
25 14 24 50
25 14 25 14
25 14 26 32
25 14 27 67
25 14 28 91
25 14 29 63
25 14 30 45
25 14 31 12
25 14 32 51
25 14 33 126
25 14 34 81
25 14 35 97
25 14 36 4
25 14 37 111
25 14 38 65
25 14 39 16
25 14 40 89
25 14 41 79
25 14 42 103
25 15 0 116
25 15 1 13
25 15 2 12
25 15 3 94
25 15 4 31
25 15 5 19
25 15 6 115
25 15 7 11
25 15 8 80
25 15 9 46
25 15 10 57
25 15 11 32
25 15 12 50
25 15 13 121
25 15 14 41
25 15 15 92
25 15 16 79
25 15 17 106
25 15 18 62
25 15 19 21
25 15 20 0
25 15 21 48
25 15 22 98
25 15 23 105
25 15 24 28
25 15 25 4
25 15 26 68
25 15 27 90
25 15 28 67
25 15 29 53
25 15 30 9
25 15 31 58
25 15 32 71
25 15 33 89
25 15 34 85
25 15 35 30
25 15 36 110
25 15 37 117
25 15 38 3
25 15 39 82
25 15 40 95
25 15 41 102
25 15 42 39
25 16 0 26
25 16 1 30
25 16 2 93
25 16 3 24
25 16 4 15
25 16 5 114
25 16 6 21
25 16 7 48
25 16 8 92
25 16 9 69
25 16 10 22
25 16 11 70
25 16 12 55
25 16 13 3
25 16 14 91
25 16 15 54
25 16 16 61
25 16 17 112
25 16 18 42
25 16 19 126
25 16 20 60
25 16 21 97
25 16 22 104
25 16 23 20
25 16 24 0
25 16 25 125
25 16 26 64
25 16 27 96
25 16 28 71
25 16 29 35
25 16 30 117
25 16 31 124
25 16 32 79
25 16 33 95
25 16 34 41
25 16 35 109
25 16 36 51
25 16 37 33
25 16 38 87
25 16 39 94
25 16 40 82
25 16 41 11
25 16 42 115
25 17 0 19
25 17 1 92
25 17 2 8
25 17 3 38
25 17 4 113
25 17 5 39
25 17 6 43
25 17 7 91
25 17 8 54
25 17 9 12
25 17 10 112
25 17 11 119
25 17 12 15
25 17 13 90
25 17 14 56
25 17 15 62
25 17 16 69
25 17 17 34
25 17 18 65
25 17 19 89
25 17 20 70
25 17 21 103
25 17 22 11
25 17 23 5
25 17 24 63
25 17 25 88
25 17 26 85
25 17 27 49
25 17 28 17
25 17 29 55
25 17 30 72
25 17 31 87
25 17 32 94
25 17 33 14
25 17 34 108
25 17 35 67
25 17 36 41
25 17 37 86
25 17 38 68
25 17 39 100
25 17 40 1
25 17 41 114
25 17 42 37
25 18 0 91
25 18 1 4
25 18 2 2
25 18 3 63
25 18 4 5
25 18 5 66
25 18 6 90
25 18 7 80
25 18 8 21
25 18 9 56
25 18 10 118
25 18 11 37
25 18 12 83
25 18 13 96
25 18 14 46
25 18 15 65
25 18 16 38
25 18 17 124
25 18 18 50
25 18 19 95
25 18 20 102
25 18 21 28
25 18 22 0
25 18 23 123
25 18 24 82
25 18 25 47
25 18 26 101
25 18 27 41
25 18 28 55
25 18 29 49
25 18 30 86
25 18 31 76
25 18 32 36
25 18 33 48
25 18 34 75
25 18 35 22
25 18 36 58
25 18 37 92
25 18 38 99
25 18 39 29
25 18 40 113
25 18 41 39
25 18 42 27
25 19 0 14
25 19 1 28
25 19 2 111
25 19 3 1
25 19 4 125
25 19 5 80
25 19 6 96
25 19 7 0
25 19 8 50
25 19 9 59
25 19 10 8
25 19 11 88
25 19 12 78
25 19 13 81
25 19 14 53
25 19 15 35
25 19 16 45
25 19 17 87
25 19 18 94
25 19 19 51
25 19 20 29
25 19 21 12
25 19 22 122
25 19 23 71
25 19 24 93
25 19 25 64
25 19 26 30
25 19 27 72
25 19 28 58
25 19 29 74
25 19 30 92
25 19 31 42
25 19 32 46
25 19 33 44
25 19 34 20
25 19 35 10
25 19 36 91
25 19 37 98
25 19 38 21
25 19 39 52
25 19 40 26
25 19 41 24
25 19 42 90
25 20 0 18
25 20 1 110
25 20 2 7
25 20 3 83
25 20 4 88
25 20 5 43
25 20 6 23
25 20 7 64
25 20 8 116
25 20 9 36
25 20 10 66
25 20 11 48
25 20 12 101
25 20 13 52
25 20 14 6
25 20 15 81
25 20 16 86
25 20 17 75
25 20 18 100
25 20 19 40
25 20 20 28
25 20 21 121
25 20 22 58
25 20 23 47
25 20 24 69
25 20 25 33
25 20 26 61
25 20 27 120
25 20 28 34
25 20 29 91
25 20 30 5
25 20 31 105
25 20 32 112
25 20 33 17
25 20 34 126
25 20 35 90
25 20 36 97
25 20 37 14
25 20 38 111
25 20 39 32
25 20 40 19
25 20 41 89
25 20 42 22
25 21 0 109
25 21 1 40
25 21 2 123
25 21 3 54
25 21 4 57
25 21 5 8
25 21 6 59
25 21 7 115
25 21 8 15
25 21 9 75
25 21 10 93
25 21 11 83
25 21 12 107
25 21 13 41
25 21 14 50
25 21 15 63
25 21 16 92
25 21 17 99
25 21 18 22
25 21 19 38
25 21 20 44
25 21 21 67
25 21 22 74
25 21 23 62
25 21 24 20
25 21 25 112
25 21 26 45
25 21 27 126
25 21 28 90
25 21 29 18
25 21 30 104
25 21 31 79
25 21 32 21
25 21 33 80
25 21 34 72
25 21 35 58
25 21 36 33
25 21 37 110
25 21 38 13
25 21 39 31
25 21 40 88
25 21 41 10
25 21 42 32
25 22 0 34
25 22 1 122
25 22 2 67
25 22 3 93
25 22 4 30
25 22 5 107
25 22 6 114
25 22 7 40
25 22 8 63
25 22 9 47
25 22 10 43
25 22 11 106
25 22 12 12
25 22 13 120
25 22 14 39
25 22 15 91
25 22 16 98
25 22 17 3
25 22 18 41
25 22 19 119
25 22 20 54
25 22 21 77
25 22 22 66
25 22 23 38
25 22 24 58
25 22 25 60
25 22 26 53
25 22 27 50
25 22 28 27
25 22 29 103
25 22 30 79
25 22 31 6
25 22 32 124
25 22 33 88
25 22 34 95
25 22 35 1
25 22 36 109
25 22 37 23
25 22 38 4
25 22 39 87
25 22 40 5
25 22 41 13
25 22 42 108
25 23 0 121
25 23 1 44
25 23 2 77
25 23 3 33
25 23 4 106
25 23 5 113
25 23 6 10
25 23 7 61
25 23 8 67
25 23 9 63
25 23 10 82
25 23 11 0
25 23 12 52
25 23 13 126
25 23 14 90
25 23 15 97
25 23 16 28
25 23 17 39
25 23 18 118
25 23 19 125
25 23 20 89
25 23 21 96
25 23 22 20
25 23 23 79
25 23 24 117
25 23 25 124
25 23 26 88
25 23 27 2
25 23 28 102
25 23 29 51
25 23 30 1
25 23 31 64
25 23 32 59
25 23 33 94
25 23 34 23
25 23 35 108
25 23 36 29
25 23 37 19
25 23 38 86
25 23 39 7
25 23 40 11
25 23 41 46
25 23 42 38
25 24 0 44
25 24 1 79
25 24 2 34
25 24 3 76
25 24 4 71
25 24 5 32
25 24 6 63
25 24 7 70
25 24 8 47
25 24 9 67
25 24 10 35
25 24 11 64
25 24 12 84
25 24 13 78
25 24 14 74
25 24 15 22
25 24 16 16
25 24 17 62
25 24 18 58
25 24 19 52
25 24 20 72
25 24 21 39
25 24 22 69
25 24 23 46
25 24 24 66
25 24 25 73
25 24 26 5
25 24 27 65
25 24 28 60
25 24 29 1
25 24 30 57
25 24 31 49
25 24 32 45
25 24 33 13
25 24 34 80
25 24 35 24
25 24 36 27
25 24 37 68
25 24 38 18
25 24 39 10
25 24 40 56
25 24 41 29
25 24 42 48
25 25 0 72
25 25 1 32
25 25 2 85
25 25 3 111
25 25 4 40
25 25 5 125
25 25 6 89
25 25 7 96
25 25 8 57
25 25 9 39
25 25 10 117
25 25 11 124
25 25 12 88
25 25 13 95
25 25 14 38
25 25 15 12
25 25 16 116
25 25 17 123
25 25 18 87
25 25 19 84
25 25 20 11
25 25 21 54
25 25 22 73
25 25 23 69
25 25 24 75
25 25 25 10
25 25 26 100
25 25 27 107
25 25 28 18
25 25 29 59
25 25 30 49
25 25 31 92
25 25 32 0
25 25 33 47
25 25 34 34
25 25 35 8
25 25 36 25
25 25 37 42
25 25 38 16
25 25 39 105
25 25 40 7
25 25 41 119
25 25 42 77
25 26 0 6
25 26 1 57
25 26 2 110
25 26 3 2
25 26 4 43
25 26 5 83
25 26 6 76
25 26 7 78
25 26 8 11
25 26 9 70
25 26 10 59
25 26 11 82
25 26 12 94
25 26 13 34
25 26 14 28
25 26 15 115
25 26 16 122
25 26 17 86
25 26 18 93
25 26 19 15
25 26 20 107
25 26 21 50
25 26 22 46
25 26 23 73
25 26 24 18
25 26 25 99
25 26 26 106
25 26 27 16
25 26 28 120
25 26 29 69
25 26 30 91
25 26 31 21
25 26 32 105
25 26 33 40
25 26 34 32
25 26 35 126
25 26 36 23
25 26 37 26
25 26 38 104
25 26 39 37
25 26 40 118
25 26 41 125
25 26 42 89
25 27 0 57
25 27 1 109
25 27 2 5
25 27 3 123
25 27 4 87
25 27 5 48
25 27 6 101
25 27 7 30
25 27 8 74
25 27 9 62
25 27 10 69
25 27 11 49
25 27 12 11
25 27 13 22
25 27 14 114
25 27 15 121
25 27 16 73
25 27 17 43
25 27 18 7
25 27 19 106
25 27 20 53
25 27 21 120
25 27 22 61
25 27 23 40
25 27 24 98
25 27 25 77
25 27 26 17
25 27 27 79
25 27 28 82
25 27 29 90
25 27 30 12
25 27 31 104
25 27 32 39
25 27 33 0
25 27 34 125
25 27 35 31
25 27 36 21
25 27 37 103
25 27 38 27
25 27 39 78
25 27 40 64
25 27 41 56
25 27 42 6
25 28 0 108
25 28 1 23
25 28 2 122
25 28 3 86
25 28 4 93
25 28 5 75
25 28 6 12
25 28 7 67
25 28 8 46
25 28 9 78
25 28 10 92
25 28 11 9
25 28 12 4
25 28 13 113
25 28 14 61
25 28 15 11
25 28 16 55
25 28 17 38
25 28 18 84
25 28 19 112
25 28 20 45
25 28 21 70
25 28 22 10
25 28 23 97
25 28 24 72
25 28 25 20
25 28 26 50
25 28 27 125
25 28 28 53
25 28 29 16
25 28 30 103
25 28 31 37
25 28 32 2
25 28 33 124
25 28 34 3
25 28 35 27
25 28 36 102
25 28 37 6
25 28 38 116
25 28 39 123
25 28 40 87
25 28 41 1
25 28 42 101
25 29 0 32
25 29 1 121
25 29 2 62
25 29 3 78
25 29 4 64
25 29 5 30
25 29 6 72
25 29 7 120
25 29 8 65
25 29 9 91
25 29 10 12
25 29 11 28
25 29 12 85
25 29 13 119
25 29 14 126
25 29 15 48
25 29 16 9
25 29 17 83
25 29 18 55
25 29 19 58
25 29 20 125
25 29 21 35
25 29 22 77
25 29 23 43
25 29 24 42
25 29 25 117
25 29 26 56
25 29 27 88
25 29 28 10
25 29 29 102
25 29 30 18
25 29 31 40
25 29 32 123
25 29 33 19
25 29 34 37
25 29 35 84
25 29 36 17
25 29 37 115
25 29 38 122
25 29 39 86
25 29 40 29
25 29 41 49
25 29 42 47
25 30 0 60
25 30 1 16
25 30 2 44
25 30 3 81
25 30 4 17
25 30 5 112
25 30 6 46
25 30 7 54
25 30 8 90
25 30 9 22
25 30 10 10
25 30 11 111
25 30 12 118
25 30 13 43
25 30 14 89
25 30 15 1
25 30 16 71
25 30 17 47
25 30 18 117
25 30 19 53
25 30 20 14
25 30 21 95
25 30 22 80
25 30 23 27
25 30 24 56
25 30 25 123
25 30 26 70
25 30 27 0
25 30 28 73
25 30 29 32
25 30 30 28
25 30 31 122
25 30 32 31
25 30 33 18
25 30 34 100
25 30 35 36
25 30 36 114
25 30 37 121
25 30 38 78
25 30 39 33
25 30 40 61
25 30 41 45
25 30 42 2
25 31 0 126
25 31 1 64
25 31 2 81
25 31 3 20
25 31 4 44
25 31 5 51
25 31 6 125
25 31 7 73
25 31 8 38
25 31 9 21
25 31 10 110
25 31 11 66
25 31 12 124
25 31 13 71
25 31 14 15
25 31 15 67
25 31 16 74
25 31 17 80
25 31 18 123
25 31 19 42
25 31 20 94
25 31 21 101
25 31 22 7
25 31 23 82
25 31 24 122
25 31 25 50
25 31 26 6
25 31 27 100
25 31 28 22
25 31 29 36
25 31 30 121
25 31 31 26
25 31 32 24
25 31 33 99
25 31 34 29
25 31 35 113
25 31 36 68
25 31 37 40
25 31 38 30
25 31 39 69
25 31 40 105
25 31 41 8
25 31 42 119
25 32 0 89
25 32 1 96
25 32 2 9
25 32 3 65
25 32 4 117
25 32 5 72
25 32 6 88
25 32 7 7
25 32 8 22
25 32 9 109
25 32 10 116
25 32 11 76
25 32 12 87
25 32 13 12
25 32 14 101
25 32 15 75
25 32 16 82
25 32 17 122
25 32 18 13
25 32 19 81
25 32 20 66
25 32 21 29
25 32 22 67
25 32 23 121
25 32 24 45
25 32 25 2
25 32 26 99
25 32 27 5
25 32 28 3
25 32 29 120
25 32 30 23
25 32 31 11
25 32 32 98
25 32 33 21
25 32 34 54
25 32 35 119
25 32 36 126
25 32 37 28
25 32 38 85
25 32 39 104
25 32 40 14
25 32 41 118
25 32 42 57
25 33 0 78
25 33 1 33
25 33 2 83
25 33 3 69
25 33 4 123
25 33 5 68
25 33 6 2
25 33 7 39
25 33 8 108
25 33 9 115
25 33 10 45
25 33 11 86
25 33 12 16
25 33 13 74
25 33 14 107
25 33 15 57
25 33 16 121
25 33 17 35
25 33 18 92
25 33 19 43
25 33 20 38
25 33 21 79
25 33 22 47
25 33 23 56
25 33 24 11
25 33 25 98
25 33 26 12
25 33 27 42
25 33 28 119
25 33 29 31
25 33 30 13
25 33 31 97
25 33 32 6
25 33 33 111
25 33 34 118
25 33 35 54
25 33 36 9
25 33 37 96
25 33 38 103
25 33 39 36
25 33 40 51
25 33 41 124
25 33 42 65
25 34 0 15
25 34 1 48
25 34 2 73
25 34 3 122
25 34 4 69
25 34 5 7
25 34 6 30
25 34 7 43
25 34 8 114
25 34 9 61
25 34 10 56
25 34 11 8
25 34 12 45
25 34 13 106
25 34 14 60
25 34 15 44
25 34 16 4
25 34 17 91
25 34 18 76
25 34 19 28
25 34 20 112
25 34 21 119
25 34 22 62
25 34 23 29
25 34 24 97
25 34 25 35
25 34 26 26
25 34 27 118
25 34 28 20
25 34 29 24
25 34 30 59
25 34 31 39
25 34 32 110
25 34 33 57
25 34 34 124
25 34 35 17
25 34 36 71
25 34 37 102
25 34 38 9
25 34 39 116
25 34 40 55
25 34 41 87
25 34 42 85
25 35 0 107
25 35 1 80
25 35 2 121
25 35 3 74
25 35 4 3
25 35 5 22
25 35 6 81
25 35 7 113
25 35 8 120
25 35 9 7
25 35 10 29
25 35 11 72
25 35 12 79
25 35 13 112
25 35 14 119
25 35 15 9
25 35 16 90
25 35 17 69
25 35 18 18
25 35 19 76
25 35 20 118
25 35 21 125
25 35 22 39
25 35 23 59
25 35 24 31
25 35 25 19
25 35 26 117
25 35 27 38
25 35 28 37
25 35 29 95
25 35 30 11
25 35 31 109
25 35 32 116
25 35 33 43
25 35 34 4
25 35 35 55
25 35 36 52
25 35 37 20
25 35 38 115
25 35 39 83
25 35 40 86
25 35 41 93
25 35 42 41
25 36 0 54
25 36 1 81
25 36 2 65
25 36 3 18
25 36 4 36
25 36 5 105
25 36 6 52
25 36 7 49
25 36 8 126
25 36 9 15
25 36 10 63
25 36 11 44
25 36 12 51
25 36 13 118
25 36 14 16
25 36 15 72
25 36 16 96
25 36 17 30
25 36 18 67
25 36 19 78
25 36 20 83
25 36 21 1
25 36 22 95
25 36 23 12
25 36 24 24
25 36 25 116
25 36 26 28
25 36 27 31
25 36 28 94
25 36 29 0
25 36 30 108
25 36 31 115
25 36 32 61
25 36 33 34
25 36 34 93
25 36 35 100
25 36 36 3
25 36 37 114
25 36 38 74
25 36 39 45
25 36 40 69
25 36 41 38
25 36 42 106
25 37 0 119
25 37 1 52
25 37 2 16
25 37 3 34
25 37 4 104
25 37 5 111
25 37 6 78
25 37 7 79
25 37 8 32
25 37 9 96
25 37 10 76
25 37 11 51
25 37 12 65
25 37 13 15
25 37 14 88
25 37 15 43
25 37 16 30
25 37 17 49
25 37 18 116
25 37 19 123
25 37 20 19
25 37 21 94
25 37 22 4
25 37 23 8
25 37 24 115
25 37 25 17
25 37 26 27
25 37 27 53
25 37 28 23
25 37 29 68
25 37 30 114
25 37 31 48
25 37 32 33
25 37 33 60
25 37 34 99
25 37 35 5
25 37 36 113
25 37 37 120
25 37 38 12
25 37 39 61
25 37 40 35
25 37 41 73
25 37 42 112
25 38 0 125
25 38 1 6
25 38 2 14
25 38 3 103
25 38 4 110
25 38 5 117
25 38 6 124
25 38 7 37
25 38 8 60
25 38 9 53
25 38 10 51
25 38 11 116
25 38 12 36
25 38 13 75
25 38 14 63
25 38 15 21
25 38 16 77
25 38 17 115
25 38 18 122
25 38 19 10
25 38 20 78
25 38 21 15
25 38 22 26
25 38 23 114
25 38 24 7
25 38 25 23
25 38 26 92
25 38 27 1
25 38 28 64
25 38 29 113
25 38 30 120
25 38 31 9
25 38 32 74
25 38 33 98
25 38 34 13
25 38 35 68
25 38 36 66
25 38 37 126
25 38 38 80
25 38 39 42
25 38 40 49
25 38 41 70
25 38 42 118
25 39 0 1
25 39 1 3
25 39 2 102
25 39 3 109
25 39 4 56
25 39 5 59
25 39 6 33
25 39 7 55
25 39 8 101
25 39 9 84
25 39 10 115
25 39 11 36
25 39 12 76
25 39 13 93
25 39 14 22
25 39 15 107
25 39 16 114
25 39 17 121
25 39 18 28
25 39 19 92
25 39 20 24
25 39 21 32
25 39 22 113
25 39 23 19
25 39 24 21
25 39 25 91
25 39 26 40
25 39 27 105
25 39 28 48
25 39 29 64
25 39 30 17
25 39 31 63
25 39 32 97
25 39 33 42
25 39 34 111
25 39 35 44
25 39 36 50
25 39 37 89
25 39 38 31
25 39 39 72
25 39 40 78
25 39 41 68
25 39 42 54
25 40 0 3
25 40 1 51
25 40 2 108
25 40 3 64
25 40 4 46
25 40 5 41
25 40 6 93
25 40 7 66
25 40 8 107
25 40 9 114
25 40 10 9
25 40 11 65
25 40 12 62
25 40 13 38
25 40 14 106
25 40 15 113
25 40 16 76
25 40 17 33
25 40 18 91
25 40 19 37
25 40 20 26
25 40 21 112
25 40 22 30
25 40 23 11
25 40 24 90
25 40 25 27
25 40 26 104
25 40 27 111
25 40 28 84
25 40 29 19
25 40 30 89
25 40 31 83
25 40 32 13
25 40 33 110
25 40 34 117
25 40 35 124
25 40 36 82
25 40 37 31
25 40 38 53
25 40 39 59
25 40 40 116
25 40 41 123
25 40 42 34
25 41 0 100
25 41 1 74
25 41 2 84
25 41 3 59
25 41 4 8
25 41 5 52
25 41 6 65
25 41 7 106
25 41 8 113
25 41 9 41
25 41 10 68
25 41 11 46
25 41 12 40
25 41 13 48
25 41 14 55
25 41 15 119
25 41 16 42
25 41 17 90
25 41 18 16
25 41 19 22
25 41 20 111
25 41 21 10
25 41 22 37
25 41 23 57
25 41 24 1
25 41 25 103
25 41 26 110
25 41 27 117
25 41 28 30
25 41 29 58
25 41 30 95
25 41 31 7
25 41 32 109
25 41 33 82
25 41 34 63
25 41 35 87
25 41 36 36
25 41 37 101
25 41 38 75
25 41 39 115
25 41 40 122
25 41 41 2
25 41 42 4
25 42 0 77
25 42 1 61
25 42 2 120
25 42 3 14
25 42 4 62
25 42 5 47
25 42 6 45
25 42 7 69
25 42 8 1
25 42 9 44
25 42 10 55
25 42 11 30
25 42 12 70
25 42 13 111
25 42 14 118
25 42 15 29
25 42 16 68
25 42 17 18
25 42 18 4
25 42 19 110
25 42 20 20
25 42 21 23
25 42 22 88
25 42 23 2
25 42 24 102
25 42 25 109
25 42 26 65
25 42 27 12
25 42 28 87
25 42 29 94
25 42 30 34
25 42 31 108
25 42 32 80
25 42 33 83
25 42 34 86
25 42 35 33
25 42 36 46
25 42 37 107
25 42 38 114
25 42 39 121
25 42 40 6
25 42 41 3
25 42 42 99
26 0 0 120
26 0 1 15
26 0 2 63
26 0 3 48
26 0 4 46
26 0 5 70
26 0 6 2
26 0 7 45
26 0 8 56
26 0 9 31
26 0 10 71
26 0 11 111
26 0 12 118
26 0 13 30
26 0 14 69
26 0 15 19
26 0 16 5
26 0 17 110
26 0 18 21
26 0 19 24
26 0 20 88
26 0 21 3
26 0 22 102
26 0 23 109
26 0 24 66
26 0 25 13
26 0 26 87
26 0 27 94
26 0 28 35
26 0 29 108
26 0 30 81
26 0 31 84
26 0 32 86
26 0 33 34
26 0 34 47
26 0 35 107
26 0 36 114
26 0 37 121
26 0 38 7
26 0 39 4
26 0 40 99
26 0 41 78
26 0 42 62
26 1 0 32
26 1 1 74
26 1 2 83
26 1 3 79
26 1 4 111
26 1 5 6
26 1 6 125
26 1 7 89
26 1 8 34
26 1 9 64
26 1 10 110
26 1 11 58
26 1 12 3
26 1 13 88
26 1 14 28
26 1 15 33
26 1 16 109
26 1 17 36
26 1 18 16
26 1 19 75
26 1 20 24
26 1 21 43
26 1 22 108
26 1 23 54
26 1 24 11
26 1 25 86
26 1 26 82
26 1 27 35
26 1 28 49
26 1 29 67
26 1 30 71
26 1 31 72
26 1 32 10
26 1 33 57
26 1 34 106
26 1 35 113
26 1 36 61
26 1 37 27
26 1 38 37
26 1 39 98
26 1 40 105
26 1 41 112
26 1 42 60
26 2 0 89
26 2 1 96
26 2 2 60
26 2 3 110
26 2 4 12
26 2 5 57
26 2 6 72
26 2 7 30
26 2 8 79
26 2 9 109
26 2 10 116
26 2 11 22
26 2 12 71
26 2 13 42
26 2 14 8
26 2 15 108
26 2 16 1
26 2 17 17
26 2 18 62
26 2 19 25
26 2 20 100
26 2 21 51
26 2 22 55
26 2 23 38
26 2 24 45
26 2 25 92
26 2 26 6
26 2 27 47
26 2 28 66
26 2 29 120
26 2 30 9
26 2 31 16
26 2 32 53
26 2 33 75
26 2 34 64
26 2 35 119
26 2 36 23
26 2 37 3
26 2 38 97
26 2 39 104
26 2 40 85
26 2 41 43
26 2 42 10
26 3 0 76
26 3 1 61
26 3 2 109
26 3 3 15
26 3 4 123
26 3 5 87
26 3 6 11
26 3 7 101
26 3 8 108
26 3 9 115
26 3 10 38
26 3 11 43
26 3 12 14
26 3 13 25
26 3 14 107
26 3 15 20
26 3 16 9
26 3 17 57
26 3 18 7
26 3 19 99
26 3 20 44
26 3 21 45
26 3 22 41
26 3 23 33
26 3 24 91
26 3 25 34
26 3 26 105
26 3 27 112
26 3 28 53
26 3 29 126
26 3 30 27
26 3 31 82
26 3 32 67
26 3 33 111
26 3 34 118
26 3 35 37
26 3 36 16
26 3 37 58
26 3 38 103
26 3 39 52
26 3 40 117
26 3 41 12
26 3 42 47
26 4 0 101
26 4 1 108
26 4 2 3
26 4 3 122
26 4 4 86
26 4 5 33
26 4 6 50
26 4 7 51
26 4 8 114
26 4 9 14
26 4 10 81
26 4 11 20
26 4 12 4
26 4 13 106
26 4 14 40
26 4 15 28
26 4 16 52
26 4 17 9
26 4 18 98
26 4 19 105
26 4 20 112
26 4 21 31
26 4 22 126
26 4 23 90
26 4 24 0
26 4 25 104
26 4 26 77
26 4 27 62
26 4 28 48
26 4 29 16
26 4 30 96
26 4 31 43
26 4 32 110
26 4 33 80
26 4 34 27
26 4 35 1
26 4 36 95
26 4 37 102
26 4 38 71
26 4 39 56
26 4 40 8
26 4 41 87
26 4 42 85
26 5 0 48
26 5 1 9
26 5 2 121
26 5 3 50
26 5 4 21
26 5 5 83
26 5 6 44
26 5 7 113
26 5 8 0
26 5 9 76
26 5 10 24
26 5 11 12
26 5 12 105
26 5 13 5
26 5 14 32
26 5 15 67
26 5 16 38
26 5 17 97
26 5 18 104
26 5 19 59
26 5 20 19
26 5 21 66
26 5 22 81
26 5 23 6
26 5 24 103
26 5 25 78
26 5 26 117
26 5 27 124
26 5 28 1
26 5 29 52
26 5 30 53
26 5 31 109
26 5 32 116
26 5 33 8
26 5 34 25
26 5 35 94
26 5 36 74
26 5 37 63
26 5 38 85
26 5 39 36
26 5 40 86
26 5 41 93
26 5 42 72
26 6 0 18
26 6 1 56
26 6 2 19
26 6 3 11
26 6 4 84
26 6 5 105
26 6 6 52
26 6 7 2
26 6 8 63
26 6 9 0
26 6 10 32
26 6 11 104
26 6 12 27
26 6 13 38
26 6 14 125
26 6 15 14
26 6 16 80
26 6 17 103
26 6 18 74
26 6 19 41
26 6 20 124
26 6 21 88
26 6 22 37
26 6 23 102
26 6 24 59
26 6 25 55
26 6 26 64
26 6 27 40
26 6 28 78
26 6 29 101
26 6 30 108
26 6 31 115
26 6 32 36
26 6 33 15
26 6 34 77
26 6 35 100
26 6 36 107
26 6 37 81
26 6 38 25
26 6 39 66
26 6 40 67
26 6 41 71
26 6 42 46
26 7 0 119
26 7 1 126
26 7 2 14
26 7 3 72
26 7 4 104
26 7 5 111
26 7 6 27
26 7 7 125
26 7 8 35
26 7 9 8
26 7 10 103
26 7 11 1
26 7 12 10
26 7 13 69
26 7 14 30
26 7 15 95
26 7 16 102
26 7 17 67
26 7 18 22
26 7 19 82
26 7 20 50
26 7 21 40
26 7 22 68
26 7 23 49
26 7 24 47
26 7 25 75
26 7 26 42
26 7 27 93
26 7 28 76
26 7 29 60
26 7 30 114
26 7 31 6
26 7 32 29
26 7 33 92
26 7 34 99
26 7 35 106
26 7 36 48
26 7 37 36
26 7 38 0
26 7 39 54
26 7 40 57
26 7 41 105
26 7 42 3
26 8 0 79
26 8 1 41
26 8 2 96
26 8 3 103
26 8 4 110
26 8 5 28
26 8 6 80
26 8 7 36
26 8 8 16
26 8 9 102
26 8 10 19
26 8 11 24
26 8 12 123
26 8 13 6
26 8 14 94
26 8 15 82
26 8 16 46
26 8 17 18
26 8 18 48
26 8 19 69
26 8 20 3
26 8 21 100
26 8 22 107
26 8 23 72
26 8 24 85
26 8 25 20
26 8 26 78
26 8 27 53
26 8 28 63
26 8 29 113
26 8 30 15
26 8 31 25
26 8 32 91
26 8 33 98
26 8 34 62
26 8 35 112
26 8 36 42
26 8 37 126
26 8 38 74
26 8 39 55
26 8 40 104
26 8 41 17
26 8 42 118
26 9 0 39
26 9 1 53
26 9 2 102
26 9 3 109
26 9 4 6
26 9 5 123
26 9 6 28
26 9 7 31
26 9 8 101
26 9 9 4
26 9 10 33
26 9 11 122
26 9 12 22
26 9 13 61
26 9 14 100
26 9 15 107
26 9 16 21
26 9 17 75
26 9 18 72
26 9 19 7
26 9 20 99
26 9 21 106
26 9 22 71
26 9 23 120
26 9 24 37
26 9 25 48
26 9 26 73
26 9 27 105
26 9 28 43
26 9 29 5
26 9 30 2
26 9 31 90
26 9 32 97
26 9 33 78
26 9 34 84
26 9 35 18
26 9 36 55
26 9 37 89
26 9 38 96
26 9 39 103
26 9 40 17
26 9 41 54
26 9 42 124
26 10 0 73
26 10 1 46
26 10 2 108
26 10 3 7
26 10 4 122
26 10 5 14
26 10 6 41
26 10 7 100
26 10 8 29
26 10 9 35
26 10 10 121
26 10 11 9
26 10 12 92
26 10 13 99
26 10 14 106
26 10 15 11
26 10 16 120
26 10 17 61
26 10 18 10
26 10 19 98
26 10 20 53
26 10 21 112
26 10 22 82
26 10 23 0
26 10 24 78
26 10 25 81
26 10 26 104
26 10 27 111
26 10 28 4
26 10 29 6
26 10 30 83
26 10 31 69
26 10 32 59
26 10 33 65
26 10 34 15
26 10 35 124
26 10 36 44
26 10 37 50
26 10 38 102
26 10 39 1
26 10 40 116
26 10 41 74
26 10 42 21
26 11 0 100
26 11 1 73
26 11 2 24
26 11 3 121
26 11 4 40
26 11 5 21
26 11 6 99
26 11 7 25
26 11 8 14
26 11 9 59
26 11 10 18
26 11 11 91
26 11 12 98
26 11 13 60
26 11 14 13
26 11 15 74
26 11 16 62
26 11 17 42
26 11 18 97
26 11 19 43
26 11 20 84
26 11 21 77
26 11 22 10
26 11 23 89
26 11 24 96
26 11 25 103
26 11 26 110
26 11 27 5
26 11 28 17
26 11 29 88
26 11 30 95
26 11 31 67
26 11 32 45
26 11 33 20
26 11 34 57
26 11 35 87
26 11 36 71
26 11 37 69
26 11 38 38
26 11 39 115
26 11 40 63
26 11 41 32
26 11 42 93
26 12 0 69
26 12 1 11
26 12 2 84
26 12 3 30
26 12 4 32
26 12 5 98
26 12 6 19
26 12 7 27
26 12 8 119
26 12 9 23
26 12 10 90
26 12 11 97
26 12 12 45
26 12 13 29
26 12 14 51
26 12 15 125
26 12 16 15
26 12 17 72
26 12 18 43
26 12 19 61
26 12 20 117
26 12 21 18
26 12 22 58
26 12 23 59
26 12 24 102
26 12 25 109
26 12 26 5
26 12 27 7
26 12 28 85
26 12 29 94
26 12 30 101
26 12 31 64
26 12 32 20
26 12 33 76
26 12 34 86
26 12 35 93
26 12 36 100
26 12 37 9
26 12 38 114
26 12 39 77
26 12 40 34
26 12 41 46
26 12 42 99
26 13 0 7
26 13 1 119
26 13 2 28
26 13 3 1
26 13 4 97
26 13 5 25
26 13 6 36
26 13 7 118
26 13 8 41
26 13 9 54
26 13 10 59
26 13 11 70
26 13 12 30
26 13 13 117
26 13 14 65
26 13 15 15
26 13 16 95
26 13 17 43
26 13 18 50
26 13 19 74
26 13 20 14
26 13 21 87
26 13 22 45
26 13 23 85
26 13 24 108
26 13 25 37
26 13 26 2
26 13 27 72
26 13 28 56
26 13 29 83
26 13 30 107
26 13 31 9
26 13 32 68
26 13 33 49
26 13 34 63
26 13 35 99
26 13 36 38
26 13 37 113
26 13 38 120
26 13 39 42
26 13 40 76
26 13 41 98
26 13 42 105
26 14 0 118
26 14 1 24
26 14 2 34
26 14 3 96
26 14 4 0
26 14 5 4
26 14 6 78
26 14 7 32
26 14 8 88
26 14 9 95
26 14 10 61
26 14 11 21
26 14 12 68
26 14 13 123
26 14 14 36
26 14 15 94
26 14 16 101
26 14 17 58
26 14 18 65
26 14 19 19
26 14 20 86
26 14 21 93
26 14 22 100
26 14 23 56
26 14 24 17
26 14 25 35
26 14 26 63
26 14 27 92
26 14 28 57
26 14 29 106
26 14 30 16
26 14 31 120
26 14 32 39
26 14 33 54
26 14 34 98
26 14 35 3
26 14 36 85
26 14 37 82
26 14 38 18
26 14 39 51
26 14 40 97
26 14 41 104
26 14 42 28
26 15 0 20
26 15 1 23
26 15 2 95
26 15 3 27
26 15 4 39
26 15 5 116
26 15 6 7
26 15 7 75
26 15 8 94
26 15 9 101
26 15 10 21
26 15 11 61
26 15 12 122
26 15 13 35
26 15 14 50
26 15 15 77
26 15 16 107
26 15 17 49
26 15 18 36
26 15 19 81
26 15 20 76
26 15 21 99
26 15 22 51
26 15 23 15
26 15 24 33
26 15 25 68
26 15 26 91
26 15 27 64
26 15 28 46
26 15 29 13
26 15 30 52
26 15 31 126
26 15 32 82
26 15 33 97
26 15 34 5
26 15 35 111
26 15 36 66
26 15 37 17
26 15 38 89
26 15 39 80
26 15 40 103
26 15 41 8
26 15 42 78
26 16 0 13
26 16 1 94
26 16 2 32
26 16 3 20
26 16 4 115
26 16 5 12
26 16 6 81
26 16 7 47
26 16 8 58
26 16 9 33
26 16 10 51
26 16 11 121
26 16 12 42
26 16 13 92
26 16 14 80
26 16 15 106
26 16 16 63
26 16 17 22
26 16 18 1
26 16 19 49
26 16 20 98
26 16 21 105
26 16 22 29
26 16 23 5
26 16 24 69
26 16 25 90
26 16 26 68
26 16 27 54
26 16 28 10
26 16 29 59
26 16 30 72
26 16 31 89
26 16 32 43
26 16 33 31
26 16 34 110
26 16 35 117
26 16 36 4
26 16 37 83
26 16 38 95
26 16 39 102
26 16 40 40
26 16 41 116
26 16 42 14
26 17 0 93
26 17 1 25
26 17 2 16
26 17 3 114
26 17 4 22
26 17 5 49
26 17 6 92
26 17 7 70
26 17 8 23
26 17 9 71
26 17 10 56
26 17 11 4
26 17 12 91
26 17 13 55
26 17 14 62
26 17 15 112
26 17 16 0
26 17 17 126
26 17 18 61
26 17 19 97
26 17 20 104
26 17 21 21
26 17 22 1
26 17 23 125
26 17 24 65
26 17 25 96
26 17 26 72
26 17 27 36
26 17 28 117
26 17 29 124
26 17 30 80
26 17 31 95
26 17 32 42
26 17 33 109
26 17 34 52
26 17 35 34
26 17 36 87
26 17 37 94
26 17 38 83
26 17 39 12
26 17 40 115
26 17 41 27
26 17 42 31
26 18 0 9
26 18 1 39
26 18 2 113
26 18 3 40
26 18 4 44
26 18 5 91
26 18 6 55
26 18 7 13
26 18 8 112
26 18 9 119
26 18 10 16
26 18 11 90
26 18 12 57
26 18 13 63
26 18 14 70
26 18 15 35
26 18 16 66
26 18 17 89
26 18 18 71
26 18 19 103
26 18 20 12
26 18 21 6
26 18 22 64
26 18 23 88
26 18 24 43
26 18 25 50
26 18 26 18
26 18 27 56
26 18 28 73
26 18 29 87
26 18 30 94
26 18 31 15
26 18 32 108
26 18 33 68
26 18 34 42
26 18 35 86
26 18 36 69
26 18 37 100
26 18 38 2
26 18 39 114
26 18 40 38
26 18 41 20
26 18 42 92
26 19 0 3
26 19 1 64
26 19 2 6
26 19 3 67
26 19 4 90
26 19 5 81
26 19 6 22
26 19 7 57
26 19 8 118
26 19 9 38
26 19 10 84
26 19 11 96
26 19 12 47
26 19 13 66
26 19 14 39
26 19 15 124
26 19 16 51
26 19 17 95
26 19 18 102
26 19 19 29
26 19 20 1
26 19 21 123
26 19 22 83
26 19 23 48
26 19 24 101
26 19 25 42
26 19 26 56
26 19 27 50
26 19 28 86
26 19 29 77
26 19 30 37
26 19 31 49
26 19 32 76
26 19 33 23
26 19 34 59
26 19 35 92
26 19 36 99
26 19 37 30
26 19 38 113
26 19 39 40
26 19 40 28
26 19 41 91
26 19 42 5
26 20 0 111
26 20 1 2
26 20 2 125
26 20 3 81
26 20 4 96
26 20 5 1
26 20 6 51
26 20 7 60
26 20 8 9
26 20 9 88
26 20 10 79
26 20 11 82
26 20 12 54
26 20 13 36
26 20 14 46
26 20 15 87
26 20 16 94
26 20 17 52
26 20 18 30
26 20 19 13
26 20 20 122
26 20 21 72
26 20 22 93
26 20 23 65
26 20 24 31
26 20 25 73
26 20 26 59
26 20 27 75
26 20 28 92
26 20 29 0
26 20 30 47
26 20 31 45
26 20 32 21
26 20 33 11
26 20 34 91
26 20 35 98
26 20 36 22
26 20 37 53
26 20 38 27
26 20 39 25
26 20 40 90
26 20 41 15
26 20 42 29
26 21 0 8
26 21 1 84
26 21 2 88
26 21 3 44
26 21 4 24
26 21 5 65
26 21 6 116
26 21 7 37
26 21 8 67
26 21 9 49
26 21 10 101
26 21 11 53
26 21 12 7
26 21 13 82
26 21 14 86
26 21 15 76
26 21 16 100
26 21 17 41
26 21 18 29
26 21 19 121
26 21 20 59
26 21 21 48
26 21 22 70
26 21 23 34
26 21 24 62
26 21 25 120
26 21 26 35
26 21 27 91
26 21 28 6
26 21 29 105
26 21 30 112
26 21 31 18
26 21 32 126
26 21 33 90
26 21 34 97
26 21 35 15
26 21 36 111
26 21 37 33
26 21 38 20
26 21 39 89
26 21 40 23
26 21 41 19
26 21 42 110
26 22 0 123
26 22 1 55
26 22 2 58
26 22 3 9
26 22 4 60
26 22 5 115
26 22 6 16
26 22 7 76
26 22 8 93
26 22 9 84
26 22 10 107
26 22 11 42
26 22 12 51
26 22 13 64
26 22 14 92
26 22 15 99
26 22 16 23
26 22 17 39
26 22 18 45
26 22 19 68
26 22 20 75
26 22 21 63
26 22 22 21
26 22 23 112
26 22 24 46
26 22 25 126
26 22 26 90
26 22 27 19
26 22 28 104
26 22 29 80
26 22 30 22
26 22 31 81
26 22 32 73
26 22 33 59
26 22 34 34
26 22 35 110
26 22 36 14
26 22 37 32
26 22 38 88
26 22 39 11
26 22 40 33
26 22 41 109
26 22 42 41
26 23 0 68
26 23 1 93
26 23 2 31
26 23 3 107
26 23 4 114
26 23 5 41
26 23 6 64
26 23 7 48
26 23 8 44
26 23 9 106
26 23 10 13
26 23 11 120
26 23 12 40
26 23 13 91
26 23 14 98
26 23 15 4
26 23 16 42
26 23 17 119
26 23 18 55
26 23 19 78
26 23 20 67
26 23 21 39
26 23 22 59
26 23 23 61
26 23 24 54
26 23 25 51
26 23 26 28
26 23 27 103
26 23 28 80
26 23 29 7
26 23 30 124
26 23 31 88
26 23 32 95
26 23 33 2
26 23 34 109
26 23 35 24
26 23 36 5
26 23 37 87
26 23 38 6
26 23 39 14
26 23 40 108
26 23 41 35
26 23 42 122
26 24 0 78
26 24 1 34
26 24 2 106
26 24 3 113
26 24 4 11
26 24 5 62
26 24 6 68
26 24 7 64
26 24 8 83
26 24 9 1
26 24 10 53
26 24 11 126
26 24 12 90
26 24 13 97
26 24 14 29
26 24 15 40
26 24 16 118
26 24 17 125
26 24 18 89
26 24 19 96
26 24 20 21
26 24 21 80
26 24 22 117
26 24 23 124
26 24 24 88
26 24 25 3
26 24 26 102
26 24 27 52
26 24 28 2
26 24 29 65
26 24 30 60
26 24 31 94
26 24 32 24
26 24 33 108
26 24 34 30
26 24 35 20
26 24 36 86
26 24 37 8
26 24 38 12
26 24 39 47
26 24 40 39
26 24 41 121
26 24 42 45
26 25 0 35
26 25 1 77
26 25 2 72
26 25 3 33
26 25 4 64
26 25 5 71
26 25 6 48
26 25 7 68
26 25 8 36
26 25 9 65
26 25 10 85
26 25 11 79
26 25 12 75
26 25 13 23
26 25 14 17
26 25 15 63
26 25 16 59
26 25 17 53
26 25 18 73
26 25 19 40
26 25 20 70
26 25 21 47
26 25 22 67
26 25 23 74
26 25 24 6
26 25 25 66
26 25 26 61
26 25 27 2
26 25 28 58
26 25 29 50
26 25 30 46
26 25 31 14
26 25 32 81
26 25 33 25
26 25 34 28
26 25 35 69
26 25 36 19
26 25 37 11
26 25 38 57
26 25 39 30
26 25 40 49
26 25 41 45
26 25 42 80
26 26 0 43
26 26 1 111
26 26 2 41
26 26 3 125
26 26 4 89
26 26 5 96
26 26 6 58
26 26 7 40
26 26 8 117
26 26 9 124
26 26 10 88
26 26 11 95
26 26 12 39
26 26 13 13
26 26 14 116
26 26 15 123
26 26 16 87
26 26 17 85
26 26 18 12
26 26 19 55
26 26 20 74
26 26 21 70
26 26 22 76
26 26 23 11
26 26 24 100
26 26 25 107
26 26 26 19
26 26 27 60
26 26 28 50
26 26 29 92
26 26 30 1
26 26 31 48
26 26 32 35
26 26 33 9
26 26 34 26
26 26 35 0
26 26 36 17
26 26 37 105
26 26 38 8
26 26 39 119
26 26 40 78
26 26 41 73
26 26 42 33
26 27 0 110
26 27 1 3
26 27 2 44
26 27 3 84
26 27 4 77
26 27 5 79
26 27 6 12
26 27 7 71
26 27 8 60
26 27 9 83
26 27 10 94
26 27 11 35
26 27 12 29
26 27 13 115
26 27 14 122
26 27 15 86
26 27 16 93
26 27 17 16
26 27 18 107
26 27 19 51
26 27 20 47
26 27 21 74
26 27 22 19
26 27 23 99
26 27 24 106
26 27 25 17
26 27 26 120
26 27 27 70
26 27 28 91
26 27 29 22
26 27 30 105
26 27 31 41
26 27 32 33
26 27 33 126
26 27 34 24
26 27 35 27
26 27 36 104
26 27 37 38
26 27 38 118
26 27 39 125
26 27 40 89
26 27 41 7
26 27 42 58
26 28 0 6
26 28 1 123
26 28 2 87
26 28 3 49
26 28 4 101
26 28 5 31
26 28 6 75
26 28 7 63
26 28 8 70
26 28 9 50
26 28 10 12
26 28 11 23
26 28 12 114
26 28 13 121
26 28 14 74
26 28 15 44
26 28 16 8
26 28 17 106
26 28 18 54
26 28 19 120
26 28 20 62
26 28 21 41
26 28 22 98
26 28 23 78
26 28 24 18
26 28 25 80
26 28 26 83
26 28 27 90
26 28 28 13
26 28 29 104
26 28 30 40
26 28 31 1
26 28 32 125
26 28 33 32
26 28 34 22
26 28 35 103
26 28 36 28
26 28 37 79
26 28 38 65
26 28 39 57
26 28 40 7
26 28 41 58
26 28 42 109
26 29 0 122
26 29 1 86
26 29 2 93
26 29 3 76
26 29 4 13
26 29 5 68
26 29 6 47
26 29 7 79
26 29 8 92
26 29 9 10
26 29 10 5
26 29 11 113
26 29 12 62
26 29 13 12
26 29 14 56
26 29 15 39
26 29 16 85
26 29 17 112
26 29 18 46
26 29 19 71
26 29 20 11
26 29 21 97
26 29 22 73
26 29 23 21
26 29 24 51
26 29 25 125
26 29 26 54
26 29 27 17
26 29 28 103
26 29 29 38
26 29 30 3
26 29 31 124
26 29 32 4
26 29 33 28
26 29 34 102
26 29 35 7
26 29 36 116
26 29 37 123
26 29 38 87
26 29 39 2
26 29 40 101
26 29 41 108
26 29 42 24
26 30 0 63
26 30 1 79
26 30 2 65
26 30 3 31
26 30 4 73
26 30 5 120
26 30 6 66
26 30 7 91
26 30 8 13
26 30 9 29
26 30 10 43
26 30 11 119
26 30 12 126
26 30 13 49
26 30 14 10
26 30 15 84
26 30 16 56
26 30 17 59
26 30 18 125
26 30 19 36
26 30 20 78
26 30 21 44
26 30 22 0
26 30 23 117
26 30 24 57
26 30 25 88
26 30 26 11
26 30 27 102
26 30 28 19
26 30 29 41
26 30 30 123
26 30 31 20
26 30 32 38
26 30 33 85
26 30 34 18
26 30 35 115
26 30 36 122
26 30 37 86
26 30 38 30
26 30 39 50
26 30 40 48
26 30 41 33
26 30 42 121
26 31 0 45
26 31 1 82
26 31 2 18
26 31 3 112
26 31 4 47
26 31 5 55
26 31 6 90
26 31 7 23
26 31 8 11
26 31 9 111
26 31 10 118
26 31 11 44
26 31 12 89
26 31 13 2
26 31 14 72
26 31 15 48
26 31 16 117
26 31 17 54
26 31 18 15
26 31 19 95
26 31 20 81
26 31 21 28
26 31 22 57
26 31 23 123
26 31 24 71
26 31 25 1
26 31 26 74
26 31 27 33
26 31 28 29
26 31 29 122
26 31 30 32
26 31 31 19
26 31 32 100
26 31 33 37
26 31 34 114
26 31 35 121
26 31 36 79
26 31 37 34
26 31 38 62
26 31 39 46
26 31 40 3
26 31 41 61
26 31 42 17
26 32 0 82
26 32 1 21
26 32 2 45
26 32 3 52
26 32 4 125
26 32 5 74
26 32 6 39
26 32 7 22
26 32 8 110
26 32 9 67
26 32 10 124
26 32 11 72
26 32 12 16
26 32 13 68
26 32 14 75
26 32 15 81
26 32 16 123
26 32 17 0
26 32 18 94
26 32 19 101
26 32 20 8
26 32 21 83
26 32 22 122
26 32 23 51
26 32 24 7
26 32 25 100
26 32 26 23
26 32 27 37
26 32 28 121
26 32 29 27
26 32 30 25
26 32 31 99
26 32 32 30
26 32 33 113
26 32 34 69
26 32 35 41
26 32 36 31
26 32 37 70
26 32 38 105
26 32 39 9
26 32 40 119
26 32 41 126
26 32 42 65
26 33 0 10
26 33 1 66
26 33 2 117
26 33 3 73
26 33 4 88
26 33 5 8
26 33 6 23
26 33 7 109
26 33 8 116
26 33 9 77
26 33 10 87
26 33 11 13
26 33 12 101
26 33 13 76
26 33 14 83
26 33 15 122
26 33 16 14
26 33 17 82
26 33 18 67
26 33 19 30
26 33 20 68
26 33 21 121
26 33 22 46
26 33 23 3
26 33 24 99
26 33 25 6
26 33 26 4
26 33 27 120
26 33 28 24
26 33 29 12
26 33 30 98
26 33 31 22
26 33 32 55
26 33 33 119
26 33 34 126
26 33 35 29
26 33 36 43
26 33 37 104
26 33 38 15
26 33 39 118
26 33 40 58
26 33 41 89
26 33 42 96
26 34 0 84
26 34 1 70
26 34 2 123
26 34 3 69
26 34 4 3
26 34 5 40
26 34 6 108
26 34 7 115
26 34 8 46
26 34 9 86
26 34 10 17
26 34 11 75
26 34 12 107
26 34 13 58
26 34 14 121
26 34 15 36
26 34 16 92
26 34 17 44
26 34 18 39
26 34 19 80
26 34 20 48
26 34 21 57
26 34 22 12
26 34 23 98
26 34 24 13
26 34 25 0
26 34 26 119
26 34 27 32
26 34 28 14
26 34 29 97
26 34 30 7
26 34 31 111
26 34 32 118
26 34 33 55
26 34 34 10
26 34 35 96
26 34 36 103
26 34 37 37
26 34 38 52
26 34 39 124
26 34 40 66
26 34 41 79
26 34 42 34
26 35 0 74
26 35 1 122
26 35 2 70
26 35 3 8
26 35 4 31
26 35 5 44
26 35 6 114
26 35 7 62
26 35 8 57
26 35 9 9
26 35 10 46
26 35 11 106
26 35 12 61
26 35 13 45
26 35 14 5
26 35 15 91
26 35 16 77
26 35 17 29
26 35 18 112
26 35 19 119
26 35 20 63
26 35 21 30
26 35 22 97
26 35 23 36
26 35 24 27
26 35 25 118
26 35 26 21
26 35 27 25
26 35 28 60
26 35 29 40
26 35 30 110
26 35 31 58
26 35 32 124
26 35 33 18
26 35 34 72
26 35 35 102
26 35 36 10
26 35 37 116
26 35 38 56
26 35 39 87
26 35 40 43
26 35 41 16
26 35 42 49
26 36 0 121
26 36 1 75
26 36 2 4
26 36 3 23
26 36 4 82
26 36 5 113
26 36 6 120
26 36 7 8
26 36 8 30
26 36 9 73
26 36 10 80
26 36 11 112
26 36 12 119
26 36 13 10
26 36 14 90
26 36 15 70
26 36 16 19
26 36 17 77
26 36 18 118
26 36 19 125
26 36 20 40
26 36 21 60
26 36 22 32
26 36 23 20
26 36 24 117
26 36 25 39
26 36 26 38
26 36 27 95
26 36 28 12
26 36 29 109
26 36 30 116
26 36 31 44
26 36 32 5
26 36 33 56
26 36 34 53
26 36 35 21
26 36 36 115
26 36 37 84
26 36 38 86
26 36 39 93
26 36 40 42
26 36 41 107
26 36 42 81
26 37 0 66
26 37 1 19
26 37 2 37
26 37 3 105
26 37 4 53
26 37 5 50
26 37 6 126
26 37 7 16
26 37 8 64
26 37 9 45
26 37 10 52
26 37 11 118
26 37 12 17
26 37 13 73
26 37 14 96
26 37 15 31
26 37 16 68
26 37 17 79
26 37 18 84
26 37 19 2
26 37 20 95
26 37 21 13
26 37 22 25
26 37 23 116
26 37 24 29
26 37 25 32
26 37 26 94
26 37 27 1
26 37 28 108
26 37 29 115
26 37 30 62
26 37 31 35
26 37 32 93
26 37 33 100
26 37 34 4
26 37 35 114
26 37 36 75
26 37 37 46
26 37 38 70
26 37 39 39
26 37 40 106
26 37 41 55
26 37 42 82
26 38 0 17
26 38 1 35
26 38 2 104
26 38 3 111
26 38 4 79
26 38 5 80
26 38 6 33
26 38 7 96
26 38 8 77
26 38 9 52
26 38 10 66
26 38 11 16
26 38 12 88
26 38 13 44
26 38 14 31
26 38 15 50
26 38 16 116
26 38 17 123
26 38 18 20
26 38 19 94
26 38 20 5
26 38 21 9
26 38 22 115
26 38 23 18
26 38 24 28
26 38 25 54
26 38 26 24
26 38 27 69
26 38 28 114
26 38 29 49
26 38 30 34
26 38 31 61
26 38 32 99
26 38 33 6
26 38 34 113
26 38 35 120
26 38 36 13
26 38 37 62
26 38 38 36
26 38 39 74
26 38 40 112
26 38 41 119
26 38 42 53
26 39 0 15
26 39 1 103
26 39 2 110
26 39 3 117
26 39 4 124
26 39 5 38
26 39 6 61
26 39 7 54
26 39 8 52
26 39 9 116
26 39 10 37
26 39 11 76
26 39 12 64
26 39 13 22
26 39 14 78
26 39 15 115
26 39 16 122
26 39 17 11
26 39 18 79
26 39 19 16
26 39 20 27
26 39 21 114
26 39 22 8
26 39 23 24
26 39 24 92
26 39 25 2
26 39 26 65
26 39 27 113
26 39 28 120
26 39 29 10
26 39 30 75
26 39 31 98
26 39 32 14
26 39 33 69
26 39 34 67
26 39 35 126
26 39 36 81
26 39 37 0
26 39 38 50
26 39 39 71
26 39 40 118
26 39 41 125
26 39 42 7
26 40 0 102
26 40 1 109
26 40 2 57
26 40 3 60
26 40 4 34
26 40 5 56
26 40 6 101
26 40 7 85
26 40 8 115
26 40 9 37
26 40 10 77
26 40 11 93
26 40 12 23
26 40 13 107
26 40 14 114
26 40 15 121
26 40 16 29
26 40 17 92
26 40 18 25
26 40 19 33
26 40 20 113
26 40 21 20
26 40 22 22
26 40 23 91
26 40 24 41
26 40 25 105
26 40 26 49
26 40 27 65
26 40 28 18
26 40 29 64
26 40 30 97
26 40 31 0
26 40 32 111
26 40 33 45
26 40 34 51
26 40 35 89
26 40 36 32
26 40 37 73
26 40 38 79
26 40 39 69
26 40 40 55
26 40 41 2
26 40 42 4
26 41 0 108
26 41 1 65
26 41 2 47
26 41 3 42
26 41 4 93
26 41 5 67
26 41 6 107
26 41 7 114
26 41 8 10
26 41 9 66
26 41 10 63
26 41 11 39
26 41 12 106
26 41 13 113
26 41 14 77
26 41 15 34
26 41 16 91
26 41 17 38
26 41 18 27
26 41 19 112
26 41 20 31
26 41 21 12
26 41 22 90
26 41 23 28
26 41 24 104
26 41 25 111
26 41 26 85
26 41 27 20
26 41 28 89
26 41 29 84
26 41 30 14
26 41 31 110
26 41 32 117
26 41 33 124
26 41 34 83
26 41 35 32
26 41 36 54
26 41 37 60
26 41 38 116
26 41 39 123
26 41 40 35
26 41 41 4
26 41 42 52
26 42 0 85
26 42 1 60
26 42 2 9
26 42 3 53
26 42 4 66
26 42 5 106
26 42 6 113
26 42 7 42
26 42 8 69
26 42 9 47
26 42 10 41
26 42 11 49
26 42 12 56
26 42 13 119
26 42 14 0
26 42 15 90
26 42 16 17
26 42 17 23
26 42 18 111
26 42 19 11
26 42 20 38
26 42 21 58
26 42 22 2
26 42 23 103
26 42 24 110
26 42 25 117
26 42 26 31
26 42 27 59
26 42 28 95
26 42 29 8
26 42 30 109
26 42 31 83
26 42 32 64
26 42 33 87
26 42 34 37
26 42 35 101
26 42 36 76
26 42 37 115
26 42 38 122
26 42 39 3
26 42 40 5
26 42 41 100
26 42 42 75
27 0 0 10
27 0 1 54
27 0 2 67
27 0 3 106
27 0 4 113
27 0 5 0
27 0 6 70
27 0 7 48
27 0 8 42
27 0 9 50
27 0 10 57
27 0 11 119
27 0 12 1
27 0 13 90
27 0 14 18
27 0 15 24
27 0 16 111
27 0 17 12
27 0 18 39
27 0 19 59
27 0 20 3
27 0 21 103
27 0 22 110
27 0 23 117
27 0 24 32
27 0 25 60
27 0 26 95
27 0 27 9
27 0 28 109
27 0 29 84
27 0 30 65
27 0 31 87
27 0 32 38
27 0 33 101
27 0 34 77
27 0 35 115
27 0 36 122
27 0 37 4
27 0 38 6
27 0 39 100
27 0 40 76
27 0 41 43
27 0 42 61
27 1 0 64
27 1 1 49
27 1 2 47
27 1 3 71
27 1 4 3
27 1 5 46
27 1 6 57
27 1 7 32
27 1 8 72
27 1 9 111
27 1 10 118
27 1 11 31
27 1 12 70
27 1 13 20
27 1 14 6
27 1 15 110
27 1 16 22
27 1 17 25
27 1 18 88
27 1 19 4
27 1 20 102
27 1 21 109
27 1 22 67
27 1 23 14
27 1 24 87
27 1 25 94
27 1 26 36
27 1 27 108
27 1 28 82
27 1 29 85
27 1 30 86
27 1 31 35
27 1 32 48
27 1 33 107
27 1 34 114
27 1 35 121
27 1 36 8
27 1 37 5
27 1 38 99
27 1 39 79
27 1 40 63
27 1 41 120
27 1 42 16
27 2 0 84
27 2 1 80
27 2 2 111
27 2 3 7
27 2 4 125
27 2 5 89
27 2 6 35
27 2 7 65
27 2 8 110
27 2 9 59
27 2 10 4
27 2 11 88
27 2 12 29
27 2 13 34
27 2 14 109
27 2 15 37
27 2 16 17
27 2 17 76
27 2 18 25
27 2 19 44
27 2 20 108
27 2 21 55
27 2 22 12
27 2 23 86
27 2 24 83
27 2 25 36
27 2 26 50
27 2 27 68
27 2 28 72
27 2 29 73
27 2 30 11
27 2 31 58
27 2 32 106
27 2 33 113
27 2 34 62
27 2 35 28
27 2 36 38
27 2 37 98
27 2 38 105
27 2 39 112
27 2 40 61
27 2 41 33
27 2 42 75
27 3 0 61
27 3 1 110
27 3 2 13
27 3 3 58
27 3 4 73
27 3 5 31
27 3 6 80
27 3 7 109
27 3 8 116
27 3 9 23
27 3 10 72
27 3 11 0
27 3 12 9
27 3 13 108
27 3 14 2
27 3 15 18
27 3 16 63
27 3 17 26
27 3 18 100
27 3 19 52
27 3 20 56
27 3 21 39
27 3 22 46
27 3 23 92
27 3 24 7
27 3 25 48
27 3 26 67
27 3 27 120
27 3 28 10
27 3 29 17
27 3 30 54
27 3 31 76
27 3 32 65
27 3 33 119
27 3 34 24
27 3 35 4
27 3 36 97
27 3 37 104
27 3 38 43
27 3 39 44
27 3 40 11
27 3 41 89
27 3 42 96
27 4 0 109
27 4 1 16
27 4 2 123
27 4 3 87
27 4 4 12
27 4 5 101
27 4 6 108
27 4 7 115
27 4 8 39
27 4 9 44
27 4 10 15
27 4 11 26
27 4 12 107
27 4 13 21
27 4 14 10
27 4 15 58
27 4 16 8
27 4 17 99
27 4 18 45
27 4 19 46
27 4 20 42
27 4 21 34
27 4 22 91
27 4 23 35
27 4 24 105
27 4 25 112
27 4 26 54
27 4 27 126
27 4 28 28
27 4 29 83
27 4 30 68
27 4 31 111
27 4 32 118
27 4 33 38
27 4 34 17
27 4 35 59
27 4 36 103
27 4 37 53
27 4 38 117
27 4 39 13
27 4 40 48
27 4 41 77
27 4 42 62
27 5 0 4
27 5 1 122
27 5 2 86
27 5 3 34
27 5 4 51
27 5 5 52
27 5 6 114
27 5 7 15
27 5 8 82
27 5 9 21
27 5 10 5
27 5 11 106
27 5 12 41
27 5 13 29
27 5 14 53
27 5 15 10
27 5 16 98
27 5 17 105
27 5 18 112
27 5 19 32
27 5 20 126
27 5 21 90
27 5 22 1
27 5 23 104
27 5 24 78
27 5 25 63
27 5 26 49
27 5 27 17
27 5 28 96
27 5 29 44
27 5 30 110
27 5 31 81
27 5 32 28
27 5 33 2
27 5 34 95
27 5 35 102
27 5 36 72
27 5 37 57
27 5 38 9
27 5 39 87
27 5 40 43
27 5 41 101
27 5 42 108
27 6 0 121
27 6 1 51
27 6 2 22
27 6 3 84
27 6 4 45
27 6 5 113
27 6 6 1
27 6 7 77
27 6 8 25
27 6 9 13
27 6 10 105
27 6 11 6
27 6 12 33
27 6 13 68
27 6 14 39
27 6 15 97
27 6 16 104
27 6 17 60
27 6 18 20
27 6 19 67
27 6 20 82
27 6 21 7
27 6 22 103
27 6 23 79
27 6 24 117
27 6 25 124
27 6 26 2
27 6 27 53
27 6 28 54
27 6 29 109
27 6 30 116
27 6 31 9
27 6 32 26
27 6 33 94
27 6 34 75
27 6 35 64
27 6 36 43
27 6 37 37
27 6 38 86
27 6 39 93
27 6 40 73
27 6 41 49
27 6 42 10
27 7 0 20
27 7 1 12
27 7 2 85
27 7 3 105
27 7 4 53
27 7 5 3
27 7 6 64
27 7 7 1
27 7 8 33
27 7 9 104
27 7 10 28
27 7 11 39
27 7 12 125
27 7 13 15
27 7 14 81
27 7 15 103
27 7 16 75
27 7 17 42
27 7 18 124
27 7 19 88
27 7 20 38
27 7 21 102
27 7 22 60
27 7 23 56
27 7 24 65
27 7 25 41
27 7 26 79
27 7 27 101
27 7 28 108
27 7 29 115
27 7 30 37
27 7 31 16
27 7 32 78
27 7 33 100
27 7 34 107
27 7 35 82
27 7 36 26
27 7 37 67
27 7 38 68
27 7 39 72
27 7 40 47
27 7 41 19
27 7 42 57
27 8 0 15
27 8 1 73
27 8 2 104
27 8 3 111
27 8 4 28
27 8 5 125
27 8 6 36
27 8 7 9
27 8 8 103
27 8 9 2
27 8 10 11
27 8 11 70
27 8 12 31
27 8 13 95
27 8 14 102
27 8 15 68
27 8 16 23
27 8 17 83
27 8 18 51
27 8 19 41
27 8 20 69
27 8 21 50
27 8 22 48
27 8 23 76
27 8 24 0
27 8 25 93
27 8 26 77
27 8 27 61
27 8 28 114
27 8 29 7
27 8 30 30
27 8 31 92
27 8 32 99
27 8 33 106
27 8 34 49
27 8 35 37
27 8 36 1
27 8 37 55
27 8 38 58
27 8 39 105
27 8 40 4
27 8 41 119
27 8 42 126
27 9 0 96
27 9 1 103
27 9 2 110
27 9 3 29
27 9 4 81
27 9 5 37
27 9 6 17
27 9 7 102
27 9 8 20
27 9 9 25
27 9 10 123
27 9 11 7
27 9 12 94
27 9 13 83
27 9 14 47
27 9 15 19
27 9 16 49
27 9 17 70
27 9 18 4
27 9 19 100
27 9 20 107
27 9 21 73
27 9 22 43
27 9 23 21
27 9 24 79
27 9 25 54
27 9 26 64
27 9 27 113
27 9 28 16
27 9 29 26
27 9 30 91
27 9 31 98
27 9 32 63
27 9 33 112
27 9 34 0
27 9 35 126
27 9 36 75
27 9 37 56
27 9 38 104
27 9 39 18
27 9 40 118
27 9 41 80
27 9 42 42
27 10 0 102
27 10 1 109
27 10 2 7
27 10 3 123
27 10 4 29
27 10 5 32
27 10 6 101
27 10 7 5
27 10 8 34
27 10 9 122
27 10 10 23
27 10 11 62
27 10 12 100
27 10 13 107
27 10 14 22
27 10 15 76
27 10 16 73
27 10 17 8
27 10 18 99
27 10 19 106
27 10 20 72
27 10 21 120
27 10 22 38
27 10 23 49
27 10 24 74
27 10 25 105
27 10 26 44
27 10 27 6
27 10 28 3
27 10 29 90
27 10 30 97
27 10 31 79
27 10 32 85
27 10 33 19
27 10 34 56
27 10 35 89
27 10 36 96
27 10 37 103
27 10 38 18
27 10 39 55
27 10 40 124
27 10 41 40
27 10 42 54
27 11 0 108
27 11 1 8
27 11 2 122
27 11 3 15
27 11 4 42
27 11 5 100
27 11 6 30
27 11 7 36
27 11 8 121
27 11 9 10
27 11 10 92
27 11 11 99
27 11 12 106
27 11 13 12
27 11 14 120
27 11 15 62
27 11 16 11
27 11 17 98
27 11 18 54
27 11 19 112
27 11 20 83
27 11 21 1
27 11 22 79
27 11 23 82
27 11 24 104
27 11 25 111
27 11 26 5
27 11 27 7
27 11 28 84
27 11 29 70
27 11 30 60
27 11 31 66
27 11 32 16
27 11 33 124
27 11 34 45
27 11 35 51
27 11 36 102
27 11 37 2
27 11 38 116
27 11 39 75
27 11 40 22
27 11 41 74
27 11 42 47
27 12 0 25
27 12 1 121
27 12 2 41
27 12 3 22
27 12 4 99
27 12 5 26
27 12 6 15
27 12 7 60
27 12 8 19
27 12 9 91
27 12 10 98
27 12 11 61
27 12 12 14
27 12 13 75
27 12 14 63
27 12 15 0
27 12 16 97
27 12 17 44
27 12 18 85
27 12 19 78
27 12 20 11
27 12 21 89
27 12 22 96
27 12 23 103
27 12 24 110
27 12 25 6
27 12 26 18
27 12 27 88
27 12 28 95
27 12 29 68
27 12 30 46
27 12 31 21
27 12 32 58
27 12 33 87
27 12 34 72
27 12 35 70
27 12 36 39
27 12 37 115
27 12 38 64
27 12 39 33
27 12 40 93
27 12 41 100
27 12 42 74
27 13 0 85
27 13 1 31
27 13 2 33
27 13 3 98
27 13 4 20
27 13 5 28
27 13 6 119
27 13 7 24
27 13 8 90
27 13 9 97
27 13 10 46
27 13 11 30
27 13 12 52
27 13 13 125
27 13 14 16
27 13 15 73
27 13 16 44
27 13 17 62
27 13 18 117
27 13 19 19
27 13 20 59
27 13 21 60
27 13 22 102
27 13 23 109
27 13 24 6
27 13 25 8
27 13 26 43
27 13 27 94
27 13 28 101
27 13 29 65
27 13 30 21
27 13 31 77
27 13 32 86
27 13 33 93
27 13 34 100
27 13 35 10
27 13 36 114
27 13 37 78
27 13 38 35
27 13 39 47
27 13 40 99
27 13 41 70
27 13 42 12
27 14 0 29
27 14 1 2
27 14 2 97
27 14 3 26
27 14 4 37
27 14 5 118
27 14 6 42
27 14 7 55
27 14 8 60
27 14 9 71
27 14 10 31
27 14 11 117
27 14 12 66
27 14 13 16
27 14 14 95
27 14 15 44
27 14 16 51
27 14 17 75
27 14 18 15
27 14 19 87
27 14 20 46
27 14 21 43
27 14 22 108
27 14 23 38
27 14 24 3
27 14 25 73
27 14 26 57
27 14 27 84
27 14 28 107
27 14 29 10
27 14 30 69
27 14 31 50
27 14 32 64
27 14 33 99
27 14 34 39
27 14 35 113
27 14 36 120
27 14 37 0
27 14 38 77
27 14 39 98
27 14 40 105
27 14 41 8
27 14 42 119
27 15 0 35
27 15 1 96
27 15 2 1
27 15 3 5
27 15 4 79
27 15 5 33
27 15 6 88
27 15 7 95
27 15 8 62
27 15 9 22
27 15 10 69
27 15 11 123
27 15 12 37
27 15 13 94
27 15 14 101
27 15 15 59
27 15 16 66
27 15 17 20
27 15 18 86
27 15 19 93
27 15 20 100
27 15 21 57
27 15 22 18
27 15 23 36
27 15 24 64
27 15 25 92
27 15 26 58
27 15 27 106
27 15 28 17
27 15 29 120
27 15 30 40
27 15 31 55
27 15 32 98
27 15 33 4
27 15 34 43
27 15 35 83
27 15 36 19
27 15 37 52
27 15 38 97
27 15 39 104
27 15 40 29
27 15 41 118
27 15 42 25
27 16 0 95
27 16 1 28
27 16 2 40
27 16 3 116
27 16 4 8
27 16 5 76
27 16 6 94
27 16 7 101
27 16 8 22
27 16 9 62
27 16 10 122
27 16 11 36
27 16 12 51
27 16 13 78
27 16 14 107
27 16 15 50
27 16 16 37
27 16 17 82
27 16 18 77
27 16 19 99
27 16 20 52
27 16 21 16
27 16 22 34
27 16 23 69
27 16 24 91
27 16 25 65
27 16 26 47
27 16 27 14
27 16 28 53
27 16 29 126
27 16 30 83
27 16 31 97
27 16 32 6
27 16 33 111
27 16 34 67
27 16 35 18
27 16 36 89
27 16 37 81
27 16 38 103
27 16 39 9
27 16 40 79
27 16 41 21
27 16 42 24
27 17 0 33
27 17 1 21
27 17 2 115
27 17 3 13
27 17 4 82
27 17 5 48
27 17 6 59
27 17 7 34
27 17 8 52
27 17 9 121
27 17 10 0
27 17 11 92
27 17 12 81
27 17 13 106
27 17 14 64
27 17 15 23
27 17 16 2
27 17 17 50
27 17 18 98
27 17 19 105
27 17 20 30
27 17 21 6
27 17 22 70
27 17 23 90
27 17 24 69
27 17 25 55
27 17 26 11
27 17 27 60
27 17 28 73
27 17 29 89
27 17 30 44
27 17 31 32
27 17 32 110
27 17 33 117
27 17 34 5
27 17 35 84
27 17 36 95
27 17 37 102
27 17 38 41
27 17 39 116
27 17 40 15
27 17 41 14
27 17 42 94
27 18 0 17
27 18 1 114
27 18 2 23
27 18 3 50
27 18 4 92
27 18 5 71
27 18 6 24
27 18 7 72
27 18 8 57
27 18 9 5
27 18 10 91
27 18 11 56
27 18 12 63
27 18 13 112
27 18 14 1
27 18 15 126
27 18 16 62
27 18 17 97
27 18 18 104
27 18 19 22
27 18 20 2
27 18 21 125
27 18 22 66
27 18 23 96
27 18 24 73
27 18 25 37
27 18 26 117
27 18 27 124
27 18 28 81
27 18 29 95
27 18 30 0
27 18 31 109
27 18 32 53
27 18 33 35
27 18 34 87
27 18 35 94
27 18 36 84
27 18 37 13
27 18 38 115
27 18 39 28
27 18 40 32
27 18 41 93
27 18 42 26
27 19 0 113
27 19 1 41
27 19 2 45
27 19 3 91
27 19 4 56
27 19 5 14
27 19 6 112
27 19 7 119
27 19 8 17
27 19 9 90
27 19 10 58
27 19 11 64
27 19 12 71
27 19 13 36
27 19 14 67
27 19 15 89
27 19 16 72
27 19 17 103
27 19 18 13
27 19 19 7
27 19 20 65
27 19 21 88
27 19 22 44
27 19 23 51
27 19 24 19
27 19 25 57
27 19 26 74
27 19 27 87
27 19 28 94
27 19 29 16
27 19 30 108
27 19 31 69
27 19 32 0
27 19 33 86
27 19 34 70
27 19 35 100
27 19 36 3
27 19 37 114
27 19 38 39
27 19 39 21
27 19 40 92
27 19 41 10
27 19 42 40
27 20 0 7
27 20 1 68
27 20 2 90
27 20 3 82
27 20 4 23
27 20 5 58
27 20 6 118
27 20 7 39
27 20 8 85
27 20 9 96
27 20 10 48
27 20 11 67
27 20 12 40
27 20 13 124
27 20 14 52
27 20 15 95
27 20 16 102
27 20 17 30
27 20 18 2
27 20 19 123
27 20 20 84
27 20 21 49
27 20 22 101
27 20 23 0
27 20 24 57
27 20 25 51
27 20 26 86
27 20 27 78
27 20 28 38
27 20 29 50
27 20 30 77
27 20 31 24
27 20 32 60
27 20 33 92
27 20 34 99
27 20 35 31
27 20 36 113
27 20 37 41
27 20 38 29
27 20 39 91
27 20 40 6
27 20 41 4
27 20 42 65
27 21 0 125
27 21 1 82
27 21 2 96
27 21 3 2
27 21 4 52
27 21 5 61
27 21 6 10
27 21 7 88
27 21 8 80
27 21 9 83
27 21 10 55
27 21 11 37
27 21 12 47
27 21 13 87
27 21 14 94
27 21 15 53
27 21 16 31
27 21 17 14
27 21 18 122
27 21 19 73
27 21 20 93
27 21 21 66
27 21 22 32
27 21 23 74
27 21 24 60
27 21 25 76
27 21 26 92
27 21 27 1
27 21 28 48
27 21 29 46
27 21 30 22
27 21 31 12
27 21 32 91
27 21 33 98
27 21 34 23
27 21 35 54
27 21 36 28
27 21 37 26
27 21 38 90
27 21 39 16
27 21 40 30
27 21 41 111
27 21 42 3
27 22 0 88
27 22 1 45
27 22 2 25
27 22 3 66
27 22 4 116
27 22 5 38
27 22 6 68
27 22 7 50
27 22 8 101
27 22 9 54
27 22 10 8
27 22 11 83
27 22 12 86
27 22 13 77
27 22 14 100
27 22 15 42
27 22 16 30
27 22 17 121
27 22 18 60
27 22 19 49
27 22 20 71
27 22 21 35
27 22 22 63
27 22 23 120
27 22 24 36
27 22 25 91
27 22 26 7
27 22 27 105
27 22 28 112
27 22 29 19
27 22 30 126
27 22 31 90
27 22 32 97
27 22 33 16
27 22 34 111
27 22 35 34
27 22 36 21
27 22 37 89
27 22 38 24
27 22 39 20
27 22 40 110
27 22 41 9
27 22 42 85
27 23 0 59
27 23 1 10
27 23 2 61
27 23 3 115
27 23 4 17
27 23 5 77
27 23 6 93
27 23 7 85
27 23 8 107
27 23 9 0
27 23 10 52
27 23 11 65
27 23 12 92
27 23 13 99
27 23 14 24
27 23 15 40
27 23 16 46
27 23 17 69
27 23 18 76
27 23 19 64
27 23 20 22
27 23 21 112
27 23 22 47
27 23 23 126
27 23 24 90
27 23 25 20
27 23 26 104
27 23 27 81
27 23 28 23
27 23 29 82
27 23 30 74
27 23 31 60
27 23 32 35
27 23 33 110
27 23 34 15
27 23 35 33
27 23 36 88
27 23 37 12
27 23 38 34
27 23 39 109
27 23 40 42
27 23 41 123
27 23 42 56
27 24 0 32
27 24 1 107
27 24 2 114
27 24 3 42
27 24 4 65
27 24 5 49
27 24 6 45
27 24 7 106
27 24 8 14
27 24 9 120
27 24 10 41
27 24 11 91
27 24 12 98
27 24 13 5
27 24 14 0
27 24 15 119
27 24 16 56
27 24 17 79
27 24 18 68
27 24 19 40
27 24 20 60
27 24 21 62
27 24 22 55
27 24 23 52
27 24 24 29
27 24 25 103
27 24 26 81
27 24 27 8
27 24 28 124
27 24 29 88
27 24 30 95
27 24 31 3
27 24 32 109
27 24 33 25
27 24 34 6
27 24 35 87
27 24 36 7
27 24 37 15
27 24 38 108
27 24 39 36
27 24 40 122
27 24 41 69
27 24 42 93
27 25 0 106
27 25 1 113
27 25 2 12
27 25 3 63
27 25 4 69
27 25 5 65
27 25 6 84
27 25 7 2
27 25 8 54
27 25 9 126
27 25 10 90
27 25 11 97
27 25 12 30
27 25 13 41
27 25 14 118
27 25 15 125
27 25 16 89
27 25 17 96
27 25 18 22
27 25 19 81
27 25 20 117
27 25 21 124
27 25 22 88
27 25 23 4
27 25 24 102
27 25 25 53
27 25 26 3
27 25 27 66
27 25 28 61
27 25 29 94
27 25 30 25
27 25 31 108
27 25 32 31
27 25 33 21
27 25 34 86
27 25 35 9
27 25 36 13
27 25 37 48
27 25 38 40
27 25 39 121
27 25 40 46
27 25 41 79
27 25 42 35
27 26 0 73
27 26 1 34
27 26 2 65
27 26 3 72
27 26 4 49
27 26 5 69
27 26 6 37
27 26 7 66
27 26 8 43
27 26 9 80
27 26 10 76
27 26 11 24
27 26 12 18
27 26 13 64
27 26 14 60
27 26 15 54
27 26 16 74
27 26 17 41
27 26 18 71
27 26 19 48
27 26 20 68
27 26 21 75
27 26 22 7
27 26 23 67
27 26 24 62
27 26 25 3
27 26 26 59
27 26 27 51
27 26 28 47
27 26 29 15
27 26 30 82
27 26 31 26
27 26 32 29
27 26 33 70
27 26 34 20
27 26 35 12
27 26 36 58
27 26 37 31
27 26 38 50
27 26 39 46
27 26 40 81
27 26 41 36
27 26 42 78
27 27 0 42
27 27 1 125
27 27 2 89
27 27 3 96
27 27 4 59
27 27 5 41
27 27 6 117
27 27 7 124
27 27 8 88
27 27 9 95
27 27 10 40
27 27 11 14
27 27 12 116
27 27 13 123
27 27 14 87
27 27 15 43
27 27 16 13
27 27 17 56
27 27 18 75
27 27 19 71
27 27 20 77
27 27 21 12
27 27 22 100
27 27 23 107
27 27 24 20
27 27 25 61
27 27 26 51
27 27 27 92
27 27 28 2
27 27 29 49
27 27 30 36
27 27 31 10
27 27 32 27
27 27 33 1
27 27 34 18
27 27 35 105
27 27 36 9
27 27 37 119
27 27 38 79
27 27 39 74
27 27 40 34
27 27 41 44
27 27 42 111
27 28 0 45
27 28 1 85
27 28 2 78
27 28 3 80
27 28 4 13
27 28 5 72
27 28 6 61
27 28 7 84
27 28 8 94
27 28 9 36
27 28 10 30
27 28 11 115
27 28 12 122
27 28 13 86
27 28 14 93
27 28 15 17
27 28 16 107
27 28 17 52
27 28 18 48
27 28 19 75
27 28 20 20
27 28 21 99
27 28 22 106
27 28 23 18
27 28 24 120
27 28 25 71
27 28 26 91
27 28 27 23
27 28 28 105
27 28 29 42
27 28 30 34
27 28 31 126
27 28 32 25
27 28 33 28
27 28 34 104
27 28 35 39
27 28 36 118
27 28 37 125
27 28 38 89
27 28 39 8
27 28 40 59
27 28 41 110
27 28 42 4
27 29 0 87
27 29 1 50
27 29 2 101
27 29 3 32
27 29 4 76
27 29 5 64
27 29 6 71
27 29 7 51
27 29 8 13
27 29 9 24
27 29 10 114
27 29 11 121
27 29 12 75
27 29 13 45
27 29 14 9
27 29 15 106
27 29 16 55
27 29 17 120
27 29 18 63
27 29 19 42
27 29 20 98
27 29 21 79
27 29 22 19
27 29 23 81
27 29 24 84
27 29 25 90
27 29 26 14
27 29 27 104
27 29 28 41
27 29 29 2
27 29 30 125
27 29 31 33
27 29 32 23
27 29 33 103
27 29 34 29
27 29 35 80
27 29 36 66
27 29 37 58
27 29 38 8
27 29 39 59
27 29 40 109
27 29 41 7
27 29 42 123
27 30 0 93
27 30 1 77
27 30 2 14
27 30 3 69
27 30 4 48
27 30 5 80
27 30 6 92
27 30 7 11
27 30 8 6
27 30 9 113
27 30 10 63
27 30 11 13
27 30 12 57
27 30 13 40
27 30 14 43
27 30 15 112
27 30 16 47
27 30 17 72
27 30 18 12
27 30 19 97
27 30 20 74
27 30 21 22
27 30 22 52
27 30 23 125
27 30 24 55
27 30 25 18
27 30 26 103
27 30 27 39
27 30 28 4
27 30 29 124
27 30 30 5
27 30 31 29
27 30 32 102
27 30 33 8
27 30 34 116
27 30 35 123
27 30 36 87
27 30 37 3
27 30 38 101
27 30 39 108
27 30 40 25
27 30 41 122
27 30 42 86
27 31 0 66
27 31 1 32
27 31 2 74
27 31 3 120
27 31 4 67
27 31 5 91
27 31 6 14
27 31 7 30
27 31 8 44
27 31 9 119
27 31 10 126
27 31 11 50
27 31 12 11
27 31 13 85
27 31 14 57
27 31 15 60
27 31 16 125
27 31 17 37
27 31 18 79
27 31 19 45
27 31 20 1
27 31 21 117
27 31 22 58
27 31 23 88
27 31 24 12
27 31 25 102
27 31 26 20
27 31 27 42
27 31 28 123
27 31 29 21
27 31 30 39
27 31 31 43
27 31 32 19
27 31 33 115
27 31 34 122
27 31 35 86
27 31 36 31
27 31 37 51
27 31 38 49
27 31 39 34
27 31 40 121
27 31 41 64
27 31 42 80
27 32 0 19
27 32 1 112
27 32 2 48
27 32 3 56
27 32 4 90
27 32 5 24
27 32 6 12
27 32 7 111
27 32 8 118
27 32 9 45
27 32 10 89
27 32 11 3
27 32 12 73
27 32 13 49
27 32 14 117
27 32 15 55
27 32 16 16
27 32 17 95
27 32 18 82
27 32 19 29
27 32 20 58
27 32 21 123
27 32 22 72
27 32 23 2
27 32 24 75
27 32 25 34
27 32 26 30
27 32 27 122
27 32 28 33
27 32 29 20
27 32 30 100
27 32 31 38
27 32 32 114
27 32 33 121
27 32 34 80
27 32 35 35
27 32 36 63
27 32 37 47
27 32 38 4
27 32 39 62
27 32 40 18
27 32 41 46
27 32 42 83
27 33 0 46
27 33 1 53
27 33 2 125
27 33 3 75
27 33 4 40
27 33 5 23
27 33 6 110
27 33 7 68
27 33 8 124
27 33 9 73
27 33 10 17
27 33 11 69
27 33 12 76
27 33 13 82
27 33 14 123
27 33 15 1
27 33 16 94
27 33 17 101
27 33 18 9
27 33 19 84
27 33 20 122
27 33 21 52
27 33 22 8
27 33 23 100
27 33 24 24
27 33 25 38
27 33 26 121
27 33 27 28
27 33 28 26
27 33 29 99
27 33 30 31
27 33 31 113
27 33 32 70
27 33 33 42
27 33 34 32
27 33 35 71
27 33 36 105
27 33 37 10
27 33 38 119
27 33 39 126
27 33 40 66
27 33 41 83
27 33 42 22
27 34 0 117
27 34 1 74
27 34 2 88
27 34 3 9
27 34 4 24
27 34 5 109
27 34 6 116
27 34 7 78
27 34 8 87
27 34 9 14
27 34 10 101
27 34 11 77
27 34 12 84
27 34 13 122
27 34 14 15
27 34 15 83
27 34 16 68
27 34 17 31
27 34 18 69
27 34 19 121
27 34 20 47
27 34 21 4
27 34 22 99
27 34 23 7
27 34 24 5
27 34 25 120
27 34 26 25
27 34 27 13
27 34 28 98
27 34 29 23
27 34 30 56
27 34 31 119
27 34 32 126
27 34 33 30
27 34 34 44
27 34 35 104
27 34 36 16
27 34 37 118
27 34 38 59
27 34 39 89
27 34 40 96
27 34 41 11
27 34 42 67
27 35 0 123
27 35 1 70
27 35 2 4
27 35 3 41
27 35 4 108
27 35 5 115
27 35 6 47
27 35 7 86
27 35 8 18
27 35 9 76
27 35 10 107
27 35 11 59
27 35 12 121
27 35 13 37
27 35 14 92
27 35 15 45
27 35 16 40
27 35 17 81
27 35 18 49
27 35 19 58
27 35 20 13
27 35 21 98
27 35 22 14
27 35 23 1
27 35 24 119
27 35 25 33
27 35 26 15
27 35 27 97
27 35 28 8
27 35 29 111
27 35 30 118
27 35 31 56
27 35 32 11
27 35 33 96
27 35 34 103
27 35 35 38
27 35 36 53
27 35 37 124
27 35 38 67
27 35 39 80
27 35 40 35
27 35 41 85
27 35 42 71
27 36 0 71
27 36 1 9
27 36 2 32
27 36 3 45
27 36 4 114
27 36 5 63
27 36 6 58
27 36 7 10
27 36 8 47
27 36 9 106
27 36 10 62
27 36 11 46
27 36 12 6
27 36 13 91
27 36 14 78
27 36 15 30
27 36 16 112
27 36 17 119
27 36 18 64
27 36 19 31
27 36 20 97
27 36 21 37
27 36 22 28
27 36 23 118
27 36 24 22
27 36 25 26
27 36 26 61
27 36 27 41
27 36 28 110
27 36 29 59
27 36 30 124
27 36 31 19
27 36 32 73
27 36 33 102
27 36 34 11
27 36 35 116
27 36 36 57
27 36 37 87
27 36 38 44
27 36 39 17
27 36 40 50
27 36 41 75
27 36 42 122
27 37 0 5
27 37 1 24
27 37 2 83
27 37 3 113
27 37 4 120
27 37 5 9
27 37 6 31
27 37 7 74
27 37 8 81
27 37 9 112
27 37 10 119
27 37 11 11
27 37 12 90
27 37 13 71
27 37 14 20
27 37 15 78
27 37 16 118
27 37 17 125
27 37 18 41
27 37 19 61
27 37 20 33
27 37 21 21
27 37 22 117
27 37 23 40
27 37 24 39
27 37 25 95
27 37 26 13
27 37 27 109
27 37 28 116
27 37 29 45
27 37 30 6
27 37 31 57
27 37 32 54
27 37 33 22
27 37 34 115
27 37 35 85
27 37 36 86
27 37 37 93
27 37 38 0
27 37 39 107
27 37 40 82
27 37 41 121
27 37 42 76
27 38 0 38
27 38 1 105
27 38 2 54
27 38 3 51
27 38 4 126
27 38 5 17
27 38 6 65
27 38 7 46
27 38 8 53
27 38 9 118
27 38 10 18
27 38 11 74
27 38 12 96
27 38 13 32
27 38 14 69
27 38 15 80
27 38 16 85
27 38 17 3
27 38 18 95
27 38 19 14
27 38 20 26
27 38 21 116
27 38 22 30
27 38 23 33
27 38 24 94
27 38 25 2
27 38 26 108
27 38 27 115
27 38 28 63
27 38 29 36
27 38 30 93
27 38 31 100
27 38 32 5
27 38 33 114
27 38 34 76
27 38 35 47
27 38 36 71
27 38 37 40
27 38 38 106
27 38 39 56
27 38 40 83
27 38 41 67
27 38 42 20
27 39 0 104
27 39 1 111
27 39 2 80
27 39 3 81
27 39 4 34
27 39 5 96
27 39 6 78
27 39 7 53
27 39 8 67
27 39 9 17
27 39 10 88
27 39 11 45
27 39 12 32
27 39 13 51
27 39 14 116
27 39 15 123
27 39 16 21
27 39 17 94
27 39 18 6
27 39 19 10
27 39 20 115
27 39 21 19
27 39 22 29
27 39 23 55
27 39 24 25
27 39 25 70
27 39 26 114
27 39 27 50
27 39 28 35
27 39 29 62
27 39 30 99
27 39 31 7
27 39 32 113
27 39 33 120
27 39 34 14
27 39 35 63
27 39 36 37
27 39 37 75
27 39 38 112
27 39 39 119
27 39 40 54
27 39 41 18
27 39 42 36
27 40 0 110
27 40 1 117
27 40 2 124
27 40 3 39
27 40 4 62
27 40 5 55
27 40 6 53
27 40 7 116
27 40 8 38
27 40 9 77
27 40 10 65
27 40 11 23
27 40 12 79
27 40 13 115
27 40 14 122
27 40 15 12
27 40 16 80
27 40 17 17
27 40 18 28
27 40 19 114
27 40 20 9
27 40 21 25
27 40 22 92
27 40 23 3
27 40 24 66
27 40 25 113
27 40 26 120
27 40 27 11
27 40 28 76
27 40 29 98
27 40 30 15
27 40 31 70
27 40 32 68
27 40 33 126
27 40 34 82
27 40 35 1
27 40 36 51
27 40 37 72
27 40 38 118
27 40 39 125
27 40 40 8
27 40 41 16
27 40 42 103
27 41 0 58
27 41 1 61
27 41 2 35
27 41 3 57
27 41 4 101
27 41 5 43
27 41 6 115
27 41 7 38
27 41 8 78
27 41 9 93
27 41 10 24
27 41 11 107
27 41 12 114
27 41 13 121
27 41 14 30
27 41 15 92
27 41 16 26
27 41 17 34
27 41 18 113
27 41 19 21
27 41 20 23
27 41 21 91
27 41 22 42
27 41 23 105
27 41 24 50
27 41 25 66
27 41 26 19
27 41 27 65
27 41 28 97
27 41 29 1
27 41 30 111
27 41 31 46
27 41 32 52
27 41 33 89
27 41 34 33
27 41 35 74
27 41 36 80
27 41 37 70
27 41 38 56
27 41 39 3
27 41 40 5
27 41 41 102
27 41 42 109
27 42 0 48
27 42 1 0
27 42 2 93
27 42 3 68
27 42 4 107
27 42 5 114
27 42 6 11
27 42 7 67
27 42 8 64
27 42 9 40
27 42 10 106
27 42 11 113
27 42 12 78
27 42 13 35
27 42 14 91
27 42 15 39
27 42 16 28
27 42 17 112
27 42 18 32
27 42 19 13
27 42 20 90
27 42 21 29
27 42 22 104
27 42 23 111
27 42 24 43
27 42 25 21
27 42 26 89
27 42 27 85
27 42 28 15
27 42 29 110
27 42 30 117
27 42 31 124
27 42 32 84
27 42 33 33
27 42 34 55
27 42 35 61
27 42 36 116
27 42 37 123
27 42 38 36
27 42 39 5
27 42 40 53
27 42 41 108
27 42 42 66
28 0 0 93
28 0 1 69
28 0 2 107
28 0 3 114
28 0 4 12
28 0 5 68
28 0 6 65
28 0 7 41
28 0 8 106
28 0 9 113
28 0 10 79
28 0 11 36
28 0 12 91
28 0 13 40
28 0 14 29
28 0 15 112
28 0 16 33
28 0 17 14
28 0 18 90
28 0 19 30
28 0 20 104
28 0 21 111
28 0 22 44
28 0 23 22
28 0 24 89
28 0 25 43
28 0 26 16
28 0 27 110
28 0 28 117
28 0 29 124
28 0 30 85
28 0 31 34
28 0 32 56
28 0 33 62
28 0 34 116
28 0 35 123
28 0 36 37
28 0 37 6
28 0 38 54
28 0 39 108
28 0 40 67
28 0 41 49
28 0 42 1
28 1 0 68
28 1 1 106
28 1 2 113
28 1 3 1
28 1 4 71
28 1 5 49
28 1 6 0
28 1 7 51
28 1 8 58
28 1 9 119
28 1 10 2
28 1 11 90
28 1 12 19
28 1 13 25
28 1 14 111
28 1 15 13
28 1 16 40
28 1 17 60
28 1 18 4
28 1 19 103
28 1 20 110
28 1 21 117
28 1 22 33
28 1 23 61
28 1 24 95
28 1 25 10
28 1 26 109
28 1 27 85
28 1 28 66
28 1 29 87
28 1 30 39
28 1 31 101
28 1 32 78
28 1 33 115
28 1 34 122
28 1 35 5
28 1 36 7
28 1 37 100
28 1 38 77
28 1 39 44
28 1 40 62
28 1 41 11
28 1 42 55
28 2 0 48
28 2 1 72
28 2 2 4
28 2 3 47
28 2 4 58
28 2 5 33
28 2 6 73
28 2 7 111
28 2 8 118
28 2 9 32
28 2 10 71
28 2 11 21
28 2 12 7
28 2 13 110
28 2 14 23
28 2 15 26
28 2 16 88
28 2 17 5
28 2 18 102
28 2 19 109
28 2 20 68
28 2 21 15
28 2 22 87
28 2 23 94
28 2 24 37
28 2 25 108
28 2 26 83
28 2 27 43
28 2 28 86
28 2 29 36
28 2 30 49
28 2 31 107
28 2 32 114
28 2 33 121
28 2 34 9
28 2 35 6
28 2 36 99
28 2 37 80
28 2 38 64
28 2 39 120
28 2 40 17
28 2 41 65
28 2 42 50
28 3 0 111
28 3 1 8
28 3 2 125
28 3 3 89
28 3 4 36
28 3 5 66
28 3 6 110
28 3 7 60
28 3 8 5
28 3 9 88
28 3 10 30
28 3 11 35
28 3 12 109
28 3 13 38
28 3 14 18
28 3 15 77
28 3 16 26
28 3 17 45
28 3 18 108
28 3 19 56
28 3 20 13
28 3 21 86
28 3 22 84
28 3 23 37
28 3 24 51
28 3 25 69
28 3 26 73
28 3 27 74
28 3 28 12
28 3 29 59
28 3 30 106
28 3 31 113
28 3 32 63
28 3 33 29
28 3 34 39
28 3 35 98
28 3 36 105
28 3 37 112
28 3 38 62
28 3 39 34
28 3 40 76
28 3 41 85
28 3 42 81
28 4 0 14
28 4 1 59
28 4 2 74
28 4 3 32
28 4 4 81
28 4 5 109
28 4 6 116
28 4 7 24
28 4 8 73
28 4 9 1
28 4 10 10
28 4 11 108
28 4 12 3
28 4 13 19
28 4 14 64
28 4 15 27
28 4 16 100
28 4 17 53
28 4 18 57
28 4 19 40
28 4 20 47
28 4 21 92
28 4 22 8
28 4 23 49
28 4 24 68
28 4 25 120
28 4 26 11
28 4 27 18
28 4 28 55
28 4 29 77
28 4 30 66
28 4 31 119
28 4 32 25
28 4 33 5
28 4 34 97
28 4 35 104
28 4 36 44
28 4 37 45
28 4 38 12
28 4 39 89
28 4 40 96
28 4 41 62
28 4 42 110
28 5 0 123
28 5 1 87
28 5 2 13
28 5 3 101
28 5 4 108
28 5 5 115
28 5 6 40
28 5 7 45
28 5 8 16
28 5 9 27
28 5 10 107
28 5 11 22
28 5 12 11
28 5 13 59
28 5 14 9
28 5 15 99
28 5 16 46
28 5 17 47
28 5 18 0
28 5 19 35
28 5 20 91
28 5 21 36
28 5 22 105
28 5 23 112
28 5 24 55
28 5 25 126
28 5 26 29
28 5 27 84
28 5 28 69
28 5 29 111
28 5 30 118
28 5 31 39
28 5 32 18
28 5 33 60
28 5 34 103
28 5 35 54
28 5 36 117
28 5 37 14
28 5 38 49
28 5 39 78
28 5 40 63
28 5 41 109
28 5 42 17
28 6 0 86
28 6 1 35
28 6 2 52
28 6 3 53
28 6 4 114
28 6 5 16
28 6 6 83
28 6 7 22
28 6 8 6
28 6 9 106
28 6 10 42
28 6 11 30
28 6 12 54
28 6 13 11
28 6 14 98
28 6 15 105
28 6 16 112
28 6 17 33
28 6 18 126
28 6 19 90
28 6 20 2
28 6 21 104
28 6 22 79
28 6 23 64
28 6 24 50
28 6 25 18
28 6 26 96
28 6 27 45
28 6 28 110
28 6 29 82
28 6 30 29
28 6 31 3
28 6 32 95
28 6 33 102
28 6 34 73
28 6 35 58
28 6 36 10
28 6 37 87
28 6 38 44
28 6 39 101
28 6 40 108
28 6 41 5
28 6 42 122
28 7 0 23
28 7 1 85
28 7 2 46
28 7 3 113
28 7 4 2
28 7 5 78
28 7 6 26
28 7 7 14
28 7 8 105
28 7 9 7
28 7 10 34
28 7 11 69
28 7 12 40
28 7 13 97
28 7 14 104
28 7 15 61
28 7 16 21
28 7 17 68
28 7 18 83
28 7 19 8
28 7 20 103
28 7 21 80
28 7 22 117
28 7 23 124
28 7 24 3
28 7 25 54
28 7 26 55
28 7 27 109
28 7 28 116
28 7 29 10
28 7 30 27
28 7 31 94
28 7 32 76
28 7 33 65
28 7 34 44
28 7 35 38
28 7 36 86
28 7 37 93
28 7 38 74
28 7 39 50
28 7 40 11
28 7 41 121
28 7 42 52
28 8 0 43
28 8 1 105
28 8 2 54
28 8 3 4
28 8 4 65
28 8 5 2
28 8 6 34
28 8 7 104
28 8 8 29
28 8 9 40
28 8 10 125
28 8 11 16
28 8 12 82
28 8 13 103
28 8 14 76
28 8 15 0
28 8 16 124
28 8 17 88
28 8 18 39
28 8 19 102
28 8 20 61
28 8 21 57
28 8 22 66
28 8 23 42
28 8 24 80
28 8 25 101
28 8 26 108
28 8 27 115
28 8 28 38
28 8 29 17
28 8 30 79
28 8 31 100
28 8 32 107
28 8 33 83
28 8 34 27
28 8 35 68
28 8 36 69
28 8 37 73
28 8 38 48
28 8 39 20
28 8 40 58
28 8 41 21
28 8 42 13
28 9 0 104
28 9 1 111
28 9 2 29
28 9 3 125
28 9 4 37
28 9 5 10
28 9 6 103
28 9 7 3
28 9 8 12
28 9 9 71
28 9 10 32
28 9 11 95
28 9 12 102
28 9 13 69
28 9 14 24
28 9 15 84
28 9 16 52
28 9 17 42
28 9 18 70
28 9 19 51
28 9 20 49
28 9 21 77
28 9 22 1
28 9 23 93
28 9 24 78
28 9 25 62
28 9 26 114
28 9 27 8
28 9 28 31
28 9 29 92
28 9 30 99
28 9 31 106
28 9 32 50
28 9 33 38
28 9 34 2
28 9 35 56
28 9 36 59
28 9 37 105
28 9 38 5
28 9 39 119
28 9 40 126
28 9 41 16
28 9 42 74
28 10 0 110
28 10 1 30
28 10 2 82
28 10 3 38
28 10 4 18
28 10 5 102
28 10 6 21
28 10 7 26
28 10 8 123
28 10 9 8
28 10 10 94
28 10 11 84
28 10 12 48
28 10 13 20
28 10 14 50
28 10 15 71
28 10 16 5
28 10 17 100
28 10 18 107
28 10 19 74
28 10 20 44
28 10 21 22
28 10 22 80
28 10 23 55
28 10 24 65
28 10 25 113
28 10 26 17
28 10 27 27
28 10 28 91
28 10 29 98
28 10 30 64
28 10 31 112
28 10 32 1
28 10 33 126
28 10 34 76
28 10 35 57
28 10 36 104
28 10 37 19
28 10 38 118
28 10 39 81
28 10 40 0
28 10 41 96
28 10 42 103
28 11 0 8
28 11 1 123
28 11 2 30
28 11 3 33
28 11 4 101
28 11 5 6
28 11 6 35
28 11 7 122
28 11 8 24
28 11 9 63
28 11 10 100
28 11 11 107
28 11 12 23
28 11 13 77
28 11 14 74
28 11 15 9
28 11 16 99
28 11 17 106
28 11 18 73
28 11 19 120
28 11 20 39
28 11 21 50
28 11 22 75
28 11 23 105
28 11 24 45
28 11 25 7
28 11 26 4
28 11 27 90
28 11 28 97
28 11 29 80
28 11 30 43
28 11 31 20
28 11 32 57
28 11 33 89
28 11 34 96
28 11 35 103
28 11 36 19
28 11 37 56
28 11 38 124
28 11 39 41
28 11 40 55
28 11 41 102
28 11 42 109
28 12 0 122
28 12 1 16
28 12 2 0
28 12 3 100
28 12 4 31
28 12 5 37
28 12 6 121
28 12 7 11
28 12 8 92
28 12 9 99
28 12 10 106
28 12 11 13
28 12 12 120
28 12 13 63
28 12 14 12
28 12 15 98
28 12 16 55
28 12 17 112
28 12 18 84
28 12 19 2
28 12 20 80
28 12 21 83
28 12 22 104
28 12 23 111
28 12 24 6
28 12 25 8
28 12 26 85
28 12 27 71
28 12 28 61
28 12 29 67
28 12 30 17
28 12 31 124
28 12 32 46
28 12 33 52
28 12 34 102
28 12 35 3
28 12 36 116
28 12 37 76
28 12 38 23
28 12 39 75
28 12 40 48
28 12 41 108
28 12 42 9
28 13 0 42
28 13 1 23
28 13 2 99
28 13 3 27
28 13 4 16
28 13 5 61
28 13 6 20
28 13 7 91
28 13 8 98
28 13 9 62
28 13 10 15
28 13 11 76
28 13 12 64
28 13 13 1
28 13 14 97
28 13 15 45
28 13 16 43
28 13 17 79
28 13 18 12
28 13 19 89
28 13 20 96
28 13 21 103
28 13 22 110
28 13 23 7
28 13 24 19
28 13 25 88
28 13 26 95
28 13 27 69
28 13 28 47
28 13 29 22
28 13 30 59
28 13 31 87
28 13 32 73
28 13 33 71
28 13 34 40
28 13 35 115
28 13 36 65
28 13 37 34
28 13 38 93
28 13 39 100
28 13 40 75
28 13 41 26
28 13 42 121
28 14 0 34
28 14 1 98
28 14 2 21
28 14 3 29
28 14 4 119
28 14 5 25
28 14 6 90
28 14 7 97
28 14 8 47
28 14 9 31
28 14 10 53
28 14 11 125
28 14 12 17
28 14 13 74
28 14 14 45
28 14 15 63
28 14 16 117
28 14 17 20
28 14 18 60
28 14 19 61
28 14 20 102
28 14 21 109
28 14 22 7
28 14 23 9
28 14 24 44
28 14 25 94
28 14 26 101
28 14 27 66
28 14 28 22
28 14 29 78
28 14 30 86
28 14 31 93
28 14 32 100
28 14 33 11
28 14 34 114
28 14 35 79
28 14 36 36
28 14 37 48
28 14 38 99
28 14 39 71
28 14 40 13
28 14 41 43
28 14 42 32
28 15 0 97
28 15 1 27
28 15 2 38
28 15 3 118
28 15 4 0
28 15 5 56
28 15 6 61
28 15 7 72
28 15 8 32
28 15 9 117
28 15 10 67
28 15 11 17
28 15 12 95
28 15 13 45
28 15 14 52
28 15 15 76
28 15 16 16
28 15 17 87
28 15 18 47
28 15 19 44
28 15 20 108
28 15 21 39
28 15 22 4
28 15 23 74
28 15 24 58
28 15 25 85
28 15 26 107
28 15 27 11
28 15 28 70
28 15 29 51
28 15 30 65
28 15 31 99
28 15 32 40
28 15 33 113
28 15 34 120
28 15 35 1
28 15 36 78
28 15 37 98
28 15 38 105
28 15 39 9
28 15 40 119
28 15 41 30
28 15 42 3
28 16 0 2
28 16 1 6
28 16 2 80
28 16 3 34
28 16 4 88
28 16 5 95
28 16 6 63
28 16 7 23
28 16 8 70
28 16 9 123
28 16 10 38
28 16 11 94
28 16 12 101
28 16 13 60
28 16 14 67
28 16 15 21
28 16 16 86
28 16 17 93
28 16 18 100
28 16 19 58
28 16 20 19
28 16 21 37
28 16 22 65
28 16 23 92
28 16 24 59
28 16 25 106
28 16 26 18
28 16 27 120
28 16 28 41
28 16 29 56
28 16 30 98
28 16 31 5
28 16 32 44
28 16 33 84
28 16 34 20
28 16 35 53
28 16 36 97
28 16 37 104
28 16 38 30
28 16 39 118
28 16 40 26
28 16 41 36
28 16 42 96
28 17 0 41
28 17 1 116
28 17 2 9
28 17 3 77
28 17 4 94
28 17 5 101
28 17 6 23
28 17 7 63
28 17 8 122
28 17 9 37
28 17 10 52
28 17 11 79
28 17 12 107
28 17 13 51
28 17 14 38
28 17 15 83
28 17 16 78
28 17 17 99
28 17 18 53
28 17 19 17
28 17 20 35
28 17 21 70
28 17 22 91
28 17 23 66
28 17 24 48
28 17 25 15
28 17 26 54
28 17 27 126
28 17 28 84
28 17 29 97
28 17 30 7
28 17 31 111
28 17 32 68
28 17 33 19
28 17 34 89
28 17 35 82
28 17 36 103
28 17 37 10
28 17 38 80
28 17 39 22
28 17 40 25
28 17 41 95
28 17 42 29
28 18 0 115
28 18 1 14
28 18 2 83
28 18 3 49
28 18 4 60
28 18 5 35
28 18 6 53
28 18 7 121
28 18 8 1
28 18 9 92
28 18 10 82
28 18 11 106
28 18 12 65
28 18 13 24
28 18 14 3
28 18 15 51
28 18 16 98
28 18 17 105
28 18 18 31
28 18 19 7
28 18 20 71
28 18 21 90
28 18 22 70
28 18 23 56
28 18 24 12
28 18 25 61
28 18 26 74
28 18 27 89
28 18 28 45
28 18 29 33
28 18 30 110
28 18 31 117
28 18 32 6
28 18 33 85
28 18 34 95
28 18 35 102
28 18 36 42
28 18 37 116
28 18 38 16
28 18 39 15
28 18 40 94
28 18 41 34
28 18 42 22
28 19 0 24
28 19 1 51
28 19 2 92
28 19 3 72
28 19 4 25
28 19 5 73
28 19 6 58
28 19 7 6
28 19 8 91
28 19 9 57
28 19 10 64
28 19 11 112
28 19 12 2
28 19 13 126
28 19 14 63
28 19 15 97
28 19 16 104
28 19 17 23
28 19 18 3
28 19 19 125
28 19 20 67
28 19 21 96
28 19 22 74
28 19 23 38
28 19 24 117
28 19 25 124
28 19 26 82
28 19 27 95
28 19 28 1
28 19 29 109
28 19 30 54
28 19 31 36
28 19 32 87
28 19 33 94
28 19 34 85
28 19 35 14
28 19 36 115
28 19 37 29
28 19 38 33
28 19 39 93
28 19 40 27
28 19 41 18
28 19 42 114
28 20 0 46
28 20 1 91
28 20 2 57
28 20 3 15
28 20 4 112
28 20 5 119
28 20 6 18
28 20 7 90
28 20 8 59
28 20 9 65
28 20 10 72
28 20 11 37
28 20 12 68
28 20 13 89
28 20 14 73
28 20 15 103
28 20 16 14
28 20 17 8
28 20 18 66
28 20 19 88
28 20 20 45
28 20 21 52
28 20 22 20
28 20 23 58
28 20 24 75
28 20 25 87
28 20 26 94
28 20 27 17
28 20 28 108
28 20 29 70
28 20 30 1
28 20 31 86
28 20 32 71
28 20 33 100
28 20 34 4
28 20 35 114
28 20 36 40
28 20 37 22
28 20 38 92
28 20 39 11
28 20 40 41
28 20 41 113
28 20 42 42
28 21 0 90
28 21 1 83
28 21 2 24
28 21 3 59
28 21 4 118
28 21 5 40
28 21 6 43
28 21 7 96
28 21 8 49
28 21 9 68
28 21 10 41
28 21 11 124
28 21 12 53
28 21 13 95
28 21 14 102
28 21 15 31
28 21 16 3
28 21 17 123
28 21 18 85
28 21 19 50
28 21 20 101
28 21 21 1
28 21 22 58
28 21 23 52
28 21 24 86
28 21 25 79
28 21 26 39
28 21 27 51
28 21 28 78
28 21 29 25
28 21 30 61
28 21 31 92
28 21 32 99
28 21 33 32
28 21 34 113
28 21 35 42
28 21 36 30
28 21 37 91
28 21 38 7
28 21 39 5
28 21 40 66
28 21 41 8
28 21 42 69
28 22 0 96
28 22 1 3
28 22 2 53
28 22 3 62
28 22 4 11
28 22 5 88
28 22 6 81
28 22 7 84
28 22 8 56
28 22 9 38
28 22 10 48
28 22 11 87
28 22 12 94
28 22 13 54
28 22 14 32
28 22 15 15
28 22 16 122
28 22 17 74
28 22 18 93
28 22 19 67
28 22 20 33
28 22 21 75
28 22 22 61
28 22 23 77
28 22 24 92
28 22 25 2
28 22 26 49
28 22 27 47
28 22 28 23
28 22 29 13
28 22 30 91
28 22 31 98
28 22 32 24
28 22 33 55
28 22 34 29
28 22 35 27
28 22 36 90
28 22 37 17
28 22 38 31
28 22 39 111
28 22 40 4
28 22 41 125
28 22 42 83
28 23 0 26
28 23 1 67
28 23 2 116
28 23 3 39
28 23 4 69
28 23 5 51
28 23 6 101
28 23 7 55
28 23 8 9
28 23 9 84
28 23 10 86
28 23 11 78
28 23 12 100
28 23 13 0
28 23 14 31
28 23 15 121
28 23 16 61
28 23 17 50
28 23 18 72
28 23 19 36
28 23 20 64
28 23 21 120
28 23 22 37
28 23 23 91
28 23 24 8
28 23 25 105
28 23 26 112
28 23 27 20
28 23 28 126
28 23 29 90
28 23 30 97
28 23 31 17
28 23 32 111
28 23 33 35
28 23 34 22
28 23 35 89
28 23 36 25
28 23 37 21
28 23 38 110
28 23 39 10
28 23 40 43
28 23 41 88
28 23 42 46
28 24 0 62
28 24 1 115
28 24 2 18
28 24 3 78
28 24 4 93
28 24 5 43
28 24 6 107
28 24 7 1
28 24 8 53
28 24 9 66
28 24 10 92
28 24 11 99
28 24 12 25
28 24 13 41
28 24 14 47
28 24 15 70
28 24 16 77
28 24 17 65
28 24 18 23
28 24 19 112
28 24 20 48
28 24 21 126
28 24 22 90
28 24 23 21
28 24 24 104
28 24 25 82
28 24 26 24
28 24 27 83
28 24 28 75
28 24 29 61
28 24 30 36
28 24 31 110
28 24 32 16
28 24 33 34
28 24 34 88
28 24 35 13
28 24 36 35
28 24 37 109
28 24 38 0
28 24 39 123
28 24 40 57
28 24 41 60
28 24 42 11
28 25 0 114
28 25 1 0
28 25 2 66
28 25 3 50
28 25 4 46
28 25 5 106
28 25 6 15
28 25 7 120
28 25 8 42
28 25 9 91
28 25 10 98
28 25 11 6
28 25 12 1
28 25 13 119
28 25 14 57
28 25 15 80
28 25 16 69
28 25 17 41
28 25 18 61
28 25 19 63
28 25 20 56
28 25 21 53
28 25 22 30
28 25 23 103
28 25 24 82
28 25 25 9
28 25 26 124
28 25 27 88
28 25 28 95
28 25 29 4
28 25 30 109
28 25 31 26
28 25 32 7
28 25 33 87
28 25 34 8
28 25 35 16
28 25 36 108
28 25 37 37
28 25 38 122
28 25 39 70
28 25 40 93
28 25 41 33
28 25 42 107
28 26 0 13
28 26 1 64
28 26 2 70
28 26 3 66
28 26 4 85
28 26 5 3
28 26 6 55
28 26 7 126
28 26 8 90
28 26 9 97
28 26 10 31
28 26 11 42
28 26 12 118
28 26 13 125
28 26 14 89
28 26 15 96
28 26 16 23
28 26 17 82
28 26 18 117
28 26 19 124
28 26 20 88
28 26 21 5
28 26 22 102
28 26 23 54
28 26 24 4
28 26 25 67
28 26 26 62
28 26 27 94
28 26 28 26
28 26 29 108
28 26 30 32
28 26 31 22
28 26 32 86
28 26 33 10
28 26 34 14
28 26 35 49
28 26 36 41
28 26 37 121
28 26 38 47
28 26 39 80
28 26 40 36
28 26 41 106
28 26 42 113
28 27 0 66
28 27 1 73
28 27 2 50
28 27 3 70
28 27 4 38
28 27 5 67
28 27 6 44
28 27 7 81
28 27 8 77
28 27 9 25
28 27 10 19
28 27 11 65
28 27 12 61
28 27 13 55
28 27 14 75
28 27 15 42
28 27 16 72
28 27 17 49
28 27 18 69
28 27 19 76
28 27 20 8
28 27 21 68
28 27 22 63
28 27 23 4
28 27 24 60
28 27 25 52
28 27 26 48
28 27 27 16
28 27 28 83
28 27 29 27
28 27 30 30
28 27 31 71
28 27 32 21
28 27 33 13
28 27 34 59
28 27 35 32
28 27 36 51
28 27 37 47
28 27 38 82
28 27 39 37
28 27 40 79
28 27 41 74
28 27 42 35
28 28 0 89
28 28 1 96
28 28 2 60
28 28 3 42
28 28 4 117
28 28 5 124
28 28 6 88
28 28 7 95
28 28 8 41
28 28 9 15
28 28 10 116
28 28 11 123
28 28 12 87
28 28 13 44
28 28 14 14
28 28 15 57
28 28 16 76
28 28 17 72
28 28 18 78
28 28 19 13
28 28 20 100
28 28 21 107
28 28 22 21
28 28 23 62
28 28 24 52
28 28 25 92
28 28 26 3
28 28 27 50
28 28 28 37
28 28 29 11
28 28 30 28
28 28 31 2
28 28 32 19
28 28 33 105
28 28 34 10
28 28 35 119
28 28 36 80
28 28 37 75
28 28 38 35
28 28 39 45
28 28 40 111
28 28 41 0
28 28 42 125
28 29 0 79
28 29 1 81
28 29 2 14
28 29 3 73
28 29 4 62
28 29 5 85
28 29 6 94
28 29 7 37
28 29 8 31
28 29 9 115
28 29 10 122
28 29 11 86
28 29 12 93
28 29 13 18
28 29 14 107
28 29 15 53
28 29 16 49
28 29 17 76
28 29 18 21
28 29 19 99
28 29 20 106
28 29 21 19
28 29 22 120
28 29 23 72
28 29 24 91
28 29 25 24
28 29 26 105
28 29 27 0
28 29 28 35
28 29 29 126
28 29 30 26
28 29 31 29
28 29 32 104
28 29 33 40
28 29 34 118
28 29 35 125
28 29 36 89
28 29 37 9
28 29 38 60
28 29 39 110
28 29 40 5
28 29 41 46
28 29 42 43
28 30 0 101
28 30 1 33
28 30 2 77
28 30 3 65
28 30 4 72
28 30 5 52
28 30 6 14
28 30 7 25
28 30 8 114
28 30 9 121
28 30 10 76
28 30 11 46
28 30 12 10
28 30 13 106
28 30 14 56
28 30 15 120
28 30 16 64
28 30 17 0
28 30 18 98
28 30 19 80
28 30 20 20
28 30 21 82
28 30 22 85
28 30 23 90
28 30 24 15
28 30 25 104
28 30 26 42
28 30 27 3
28 30 28 125
28 30 29 34
28 30 30 24
28 30 31 103
28 30 32 30
28 30 33 81
28 30 34 67
28 30 35 59
28 30 36 9
28 30 37 60
28 30 38 109
28 30 39 8
28 30 40 123
28 30 41 87
28 30 42 51
28 31 0 15
28 31 1 70
28 31 2 49
28 31 3 81
28 31 4 92
28 31 5 12
28 31 6 7
28 31 7 113
28 31 8 64
28 31 9 14
28 31 10 58
28 31 11 41
28 31 12 44
28 31 13 112
28 31 14 48
28 31 15 73
28 31 16 13
28 31 17 97
28 31 18 75
28 31 19 23
28 31 20 53
28 31 21 125
28 31 22 56
28 31 23 19
28 31 24 103
28 31 25 40
28 31 26 5
28 31 27 124
28 31 28 6
28 31 29 30
28 31 30 102
28 31 31 9
28 31 32 116
28 31 33 123
28 31 34 87
28 31 35 4
28 31 36 101
28 31 37 108
28 31 38 26
28 31 39 122
28 31 40 86
28 31 41 93
28 31 42 78
28 32 0 75
28 32 1 120
28 32 2 68
28 32 3 91
28 32 4 15
28 32 5 31
28 32 6 45
28 32 7 119
28 32 8 126
28 32 9 51
28 32 10 12
28 32 11 43
28 32 12 58
28 32 13 61
28 32 14 125
28 32 15 38
28 32 16 80
28 32 17 46
28 32 18 2
28 32 19 117
28 32 20 59
28 32 21 88
28 32 22 13
28 32 23 102
28 32 24 21
28 32 25 0
28 32 26 123
28 32 27 22
28 32 28 40
28 32 29 44
28 32 30 20
28 32 31 115
28 32 32 122
28 32 33 86
28 32 34 32
28 32 35 52
28 32 36 50
28 32 37 35
28 32 38 121
28 32 39 65
28 32 40 81
28 32 41 67
28 32 42 33
28 33 0 49
28 33 1 57
28 33 2 90
28 33 3 25
28 33 4 13
28 33 5 111
28 33 6 118
28 33 7 46
28 33 8 89
28 33 9 4
28 33 10 74
28 33 11 50
28 33 12 117
28 33 13 56
28 33 14 17
28 33 15 95
28 33 16 83
28 33 17 30
28 33 18 59
28 33 19 123
28 33 20 73
28 33 21 3
28 33 22 76
28 33 23 35
28 33 24 31
28 33 25 122
28 33 26 34
28 33 27 21
28 33 28 100
28 33 29 39
28 33 30 114
28 33 31 121
28 33 32 81
28 33 33 36
28 33 34 64
28 33 35 48
28 33 36 5
28 33 37 63
28 33 38 19
28 33 39 47
28 33 40 84
28 33 41 20
28 33 42 112
28 34 0 125
28 34 1 76
28 34 2 41
28 34 3 24
28 34 4 110
28 34 5 69
28 34 6 124
28 34 7 74
28 34 8 18
28 34 9 70
28 34 10 77
28 34 11 83
28 34 12 123
28 34 13 2
28 34 14 94
28 34 15 101
28 34 16 10
28 34 17 85
28 34 18 122
28 34 19 53
28 34 20 9
28 34 21 100
28 34 22 25
28 34 23 39
28 34 24 121
28 34 25 29
28 34 26 27
28 34 27 99
28 34 28 32
28 34 29 113
28 34 30 71
28 34 31 0
28 34 32 33
28 34 33 72
28 34 34 105
28 34 35 11
28 34 36 119
28 34 37 126
28 34 38 67
28 34 39 84
28 34 40 23
28 34 41 47
28 34 42 54
28 35 0 88
28 35 1 10
28 35 2 25
28 35 3 109
28 35 4 116
28 35 5 79
28 35 6 87
28 35 7 15
28 35 8 101
28 35 9 78
28 35 10 85
28 35 11 122
28 35 12 16
28 35 13 84
28 35 14 69
28 35 15 32
28 35 16 70
28 35 17 121
28 35 18 48
28 35 19 5
28 35 20 99
28 35 21 8
28 35 22 6
28 35 23 120
28 35 24 26
28 35 25 14
28 35 26 98
28 35 27 24
28 35 28 57
28 35 29 119
28 35 30 126
28 35 31 31
28 35 32 45
28 35 33 104
28 35 34 17
28 35 35 118
28 35 36 60
28 35 37 89
28 35 38 96
28 35 39 12
28 35 40 68
28 35 41 117
28 35 42 75
28 36 0 5
28 36 1 42
28 36 2 108
28 36 3 115
28 36 4 48
28 36 5 86
28 36 6 19
28 36 7 77
28 36 8 107
28 36 9 60
28 36 10 121
28 36 11 38
28 36 12 92
28 36 13 46
28 36 14 41
28 36 15 82
28 36 16 50
28 36 17 59
28 36 18 14
28 36 19 98
28 36 20 15
28 36 21 2
28 36 22 119
28 36 23 34
28 36 24 16
28 36 25 97
28 36 26 9
28 36 27 111
28 36 28 118
28 36 29 57
28 36 30 12
28 36 31 96
28 36 32 103
28 36 33 39
28 36 34 54
28 36 35 124
28 36 36 68
28 36 37 81
28 36 38 36
28 36 39 43
28 36 40 72
28 36 41 123
28 36 42 71
28 37 0 33
28 37 1 46
28 37 2 114
28 37 3 64
28 37 4 59
28 37 5 11
28 37 6 48
28 37 7 106
28 37 8 63
28 37 9 47
28 37 10 7
28 37 11 91
28 37 12 79
28 37 13 31
28 37 14 112
28 37 15 119
28 37 16 65
28 37 17 32
28 37 18 97
28 37 19 38
28 37 20 29
28 37 21 118
28 37 22 23
28 37 23 27
28 37 24 62
28 37 25 42
28 37 26 110
28 37 27 60
28 37 28 124
28 37 29 20
28 37 30 74
28 37 31 102
28 37 32 12
28 37 33 116
28 37 34 58
28 37 35 87
28 37 36 45
28 37 37 18
28 37 38 51
28 37 39 76
28 37 40 122
28 37 41 72
28 37 42 10
28 38 0 84
28 38 1 113
28 38 2 120
28 38 3 10
28 38 4 32
28 38 5 75
28 38 6 82
28 38 7 112
28 38 8 119
28 38 9 12
28 38 10 90
28 38 11 72
28 38 12 21
28 38 13 79
28 38 14 118
28 38 15 125
28 38 16 42
28 38 17 62
28 38 18 34
28 38 19 22
28 38 20 117
28 38 21 41
28 38 22 40
28 38 23 95
28 38 24 14
28 38 25 109
28 38 26 116
28 38 27 46
28 38 28 7
28 38 29 58
28 38 30 55
28 38 31 23
28 38 32 115
28 38 33 43
28 38 34 86
28 38 35 93
28 38 36 1
28 38 37 107
28 38 38 83
28 38 39 121
28 38 40 77
28 38 41 6
28 38 42 25
28 39 0 55
28 39 1 52
28 39 2 126
28 39 3 18
28 39 4 66
28 39 5 47
28 39 6 54
28 39 7 118
28 39 8 19
28 39 9 75
28 39 10 96
28 39 11 33
28 39 12 70
28 39 13 81
28 39 14 43
28 39 15 4
28 39 16 95
28 39 17 15
28 39 18 27
28 39 19 116
28 39 20 31
28 39 21 34
28 39 22 94
28 39 23 3
28 39 24 108
28 39 25 115
28 39 26 64
28 39 27 37
28 39 28 93
28 39 29 100
28 39 30 6
28 39 31 114
28 39 32 77
28 39 33 48
28 39 34 72
28 39 35 41
28 39 36 106
28 39 37 57
28 39 38 84
28 39 39 68
28 39 40 21
28 39 41 39
28 39 42 105
28 40 0 81
28 40 1 82
28 40 2 35
28 40 3 96
28 40 4 79
28 40 5 54
28 40 6 68
28 40 7 18
28 40 8 88
28 40 9 46
28 40 10 33
28 40 11 52
28 40 12 116
28 40 13 123
28 40 14 22
28 40 15 94
28 40 16 7
28 40 17 11
28 40 18 115
28 40 19 20
28 40 20 30
28 40 21 56
28 40 22 26
28 40 23 71
28 40 24 114
28 40 25 51
28 40 26 36
28 40 27 63
28 40 28 99
28 40 29 8
28 40 30 113
28 40 31 120
28 40 32 15
28 40 33 64
28 40 34 38
28 40 35 76
28 40 36 112
28 40 37 119
28 40 38 55
28 40 39 19
28 40 40 37
28 40 41 104
28 40 42 111
28 41 0 124
28 41 1 40
28 41 2 63
28 41 3 56
28 41 4 54
28 41 5 116
28 41 6 39
28 41 7 78
28 41 8 66
28 41 9 24
28 41 10 80
28 41 11 115
28 41 12 122
28 41 13 13
28 41 14 81
28 41 15 18
28 41 16 29
28 41 17 114
28 41 18 10
28 41 19 26
28 41 20 92
28 41 21 4
28 41 22 67
28 41 23 113
28 41 24 120
28 41 25 12
28 41 26 77
28 41 27 98
28 41 28 16
28 41 29 71
28 41 30 69
28 41 31 126
28 41 32 83
28 41 33 2
28 41 34 52
28 41 35 73
28 41 36 118
28 41 37 125
28 41 38 9
28 41 39 17
28 41 40 103
28 41 41 110
28 41 42 117
28 42 0 36
28 42 1 58
28 42 2 101
28 42 3 44
28 42 4 115
28 42 5 39
28 42 6 79
28 42 7 93
28 42 8 25
28 42 9 107
28 42 10 114
28 42 11 121
28 42 12 31
28 42 13 92
28 42 14 27
28 42 15 35
28 42 16 113
28 42 17 22
28 42 18 24
28 42 19 91
28 42 20 0
28 42 21 105
28 42 22 51
28 42 23 67
28 42 24 20
28 42 25 66
28 42 26 97
28 42 27 2
28 42 28 111
28 42 29 47
28 42 30 53
28 42 31 89
28 42 32 34
28 42 33 75
28 42 34 81
28 42 35 71
28 42 36 57
28 42 37 4
28 42 38 6
28 42 39 102
28 42 40 109
28 42 41 59
28 42 42 62
29 0 0 101
29 0 1 45
29 0 2 115
29 0 3 40
29 0 4 80
29 0 5 93
29 0 6 26
29 0 7 107
29 0 8 114
29 0 9 121
29 0 10 32
29 0 11 92
29 0 12 28
29 0 13 36
29 0 14 113
29 0 15 23
29 0 16 25
29 0 17 91
29 0 18 1
29 0 19 105
29 0 20 52
29 0 21 68
29 0 22 21
29 0 23 67
29 0 24 97
29 0 25 3
29 0 26 111
29 0 27 48
29 0 28 54
29 0 29 89
29 0 30 35
29 0 31 76
29 0 32 82
29 0 33 72
29 0 34 58
29 0 35 5
29 0 36 7
29 0 37 102
29 0 38 109
29 0 39 60
29 0 40 63
29 0 41 37
29 0 42 59
29 1 0 107
29 1 1 114
29 1 2 13
29 1 3 69
29 1 4 66
29 1 5 42
29 1 6 106
29 1 7 113
29 1 8 80
29 1 9 37
29 1 10 91
29 1 11 41
29 1 12 30
29 1 13 112
29 1 14 34
29 1 15 15
29 1 16 90
29 1 17 31
29 1 18 104
29 1 19 111
29 1 20 45
29 1 21 23
29 1 22 89
29 1 23 44
29 1 24 17
29 1 25 110
29 1 26 117
29 1 27 124
29 1 28 43
29 1 29 35
29 1 30 57
29 1 31 63
29 1 32 116
29 1 33 123
29 1 34 38
29 1 35 7
29 1 36 55
29 1 37 108
29 1 38 68
29 1 39 50
29 1 40 2
29 1 41 93
29 1 42 70
29 2 0 113
29 2 1 2
29 2 2 72
29 2 3 50
29 2 4 1
29 2 5 52
29 2 6 59
29 2 7 119
29 2 8 3
29 2 9 90
29 2 10 20
29 2 11 26
29 2 12 111
29 2 13 14
29 2 14 41
29 2 15 61
29 2 16 5
29 2 17 103
29 2 18 110
29 2 19 117
29 2 20 34
29 2 21 62
29 2 22 95
29 2 23 11
29 2 24 109
29 2 25 43
29 2 26 67
29 2 27 87
29 2 28 40
29 2 29 101
29 2 30 79
29 2 31 115
29 2 32 122
29 2 33 6
29 2 34 8
29 2 35 100
29 2 36 78
29 2 37 45
29 2 38 63
29 2 39 12
29 2 40 56
29 2 41 69
29 2 42 106
29 3 0 5
29 3 1 48
29 3 2 59
29 3 3 34
29 3 4 74
29 3 5 111
29 3 6 118
29 3 7 33
29 3 8 72
29 3 9 22
29 3 10 8
29 3 11 110
29 3 12 24
29 3 13 27
29 3 14 88
29 3 15 6
29 3 16 102
29 3 17 109
29 3 18 69
29 3 19 16
29 3 20 87
29 3 21 94
29 3 22 38
29 3 23 108
29 3 24 84
29 3 25 44
29 3 26 86
29 3 27 37
29 3 28 50
29 3 29 107
29 3 30 114
29 3 31 121
29 3 32 10
29 3 33 7
29 3 34 99
29 3 35 81
29 3 36 65
29 3 37 120
29 3 38 18
29 3 39 66
29 3 40 51
29 3 41 49
29 3 42 73
29 4 0 125
29 4 1 89
29 4 2 37
29 4 3 67
29 4 4 110
29 4 5 61
29 4 6 6
29 4 7 88
29 4 8 31
29 4 9 36
29 4 10 109
29 4 11 39
29 4 12 19
29 4 13 78
29 4 14 27
29 4 15 46
29 4 16 108
29 4 17 57
29 4 18 14
29 4 19 86
29 4 20 85
29 4 21 38
29 4 22 52
29 4 23 70
29 4 24 74
29 4 25 75
29 4 26 13
29 4 27 60
29 4 28 106
29 4 29 113
29 4 30 64
29 4 31 30
29 4 32 40
29 4 33 98
29 4 34 105
29 4 35 112
29 4 36 63
29 4 37 35
29 4 38 77
29 4 39 43
29 4 40 82
29 4 41 111
29 4 42 9
29 5 0 75
29 5 1 33
29 5 2 82
29 5 3 109
29 5 4 116
29 5 5 25
29 5 6 74
29 5 7 2
29 5 8 11
29 5 9 108
29 5 10 4
29 5 11 20
29 5 12 65
29 5 13 28
29 5 14 100
29 5 15 54
29 5 16 58
29 5 17 41
29 5 18 48
29 5 19 92
29 5 20 9
29 5 21 50
29 5 22 69
29 5 23 120
29 5 24 12
29 5 25 19
29 5 26 56
29 5 27 78
29 5 28 67
29 5 29 119
29 5 30 26
29 5 31 6
29 5 32 97
29 5 33 104
29 5 34 45
29 5 35 46
29 5 36 13
29 5 37 89
29 5 38 96
29 5 39 63
29 5 40 110
29 5 41 15
29 5 42 60
29 6 0 14
29 6 1 101
29 6 2 108
29 6 3 115
29 6 4 41
29 6 5 46
29 6 6 17
29 6 7 28
29 6 8 107
29 6 9 23
29 6 10 12
29 6 11 60
29 6 12 10
29 6 13 99
29 6 14 47
29 6 15 48
29 6 16 1
29 6 17 36
29 6 18 91
29 6 19 37
29 6 20 105
29 6 21 112
29 6 22 56
29 6 23 126
29 6 24 30
29 6 25 85
29 6 26 70
29 6 27 111
29 6 28 118
29 6 29 40
29 6 30 19
29 6 31 61
29 6 32 103
29 6 33 55
29 6 34 117
29 6 35 15
29 6 36 50
29 6 37 79
29 6 38 64
29 6 39 109
29 6 40 18
29 6 41 123
29 6 42 87
29 7 0 53
29 7 1 54
29 7 2 114
29 7 3 17
29 7 4 84
29 7 5 23
29 7 6 7
29 7 7 106
29 7 8 0
29 7 9 31
29 7 10 55
29 7 11 12
29 7 12 98
29 7 13 105
29 7 14 112
29 7 15 34
29 7 16 126
29 7 17 90
29 7 18 3
29 7 19 104
29 7 20 80
29 7 21 65
29 7 22 51
29 7 23 19
29 7 24 96
29 7 25 46
29 7 26 110
29 7 27 83
29 7 28 30
29 7 29 4
29 7 30 95
29 7 31 102
29 7 32 74
29 7 33 59
29 7 34 11
29 7 35 87
29 7 36 45
29 7 37 101
29 7 38 108
29 7 39 6
29 7 40 122
29 7 41 86
29 7 42 36
29 8 0 47
29 8 1 113
29 8 2 3
29 8 3 79
29 8 4 27
29 8 5 15
29 8 6 105
29 8 7 8
29 8 8 35
29 8 9 70
29 8 10 41
29 8 11 97
29 8 12 104
29 8 13 62
29 8 14 22
29 8 15 69
29 8 16 84
29 8 17 9
29 8 18 103
29 8 19 81
29 8 20 117
29 8 21 124
29 8 22 4
29 8 23 55
29 8 24 56
29 8 25 109
29 8 26 116
29 8 27 11
29 8 28 28
29 8 29 94
29 8 30 77
29 8 31 66
29 8 32 45
29 8 33 39
29 8 34 86
29 8 35 93
29 8 36 75
29 8 37 51
29 8 38 12
29 8 39 121
29 8 40 53
29 8 41 24
29 8 42 43
29 9 0 55
29 9 1 5
29 9 2 66
29 9 3 3
29 9 4 35
29 9 5 104
29 9 6 30
29 9 7 41
29 9 8 125
29 9 9 17
29 9 10 83
29 9 11 103
29 9 12 77
29 9 13 1
29 9 14 124
29 9 15 88
29 9 16 40
29 9 17 102
29 9 18 62
29 9 19 58
29 9 20 67
29 9 21 0
29 9 22 81
29 9 23 101
29 9 24 108
29 9 25 115
29 9 26 39
29 9 27 18
29 9 28 80
29 9 29 100
29 9 30 107
29 9 31 84
29 9 32 28
29 9 33 69
29 9 34 70
29 9 35 74
29 9 36 49
29 9 37 21
29 9 38 59
29 9 39 22
29 9 40 14
29 9 41 44
29 9 42 105
29 10 0 30
29 10 1 125
29 10 2 38
29 10 3 11
29 10 4 103
29 10 5 4
29 10 6 13
29 10 7 72
29 10 8 33
29 10 9 95
29 10 10 102
29 10 11 70
29 10 12 25
29 10 13 85
29 10 14 53
29 10 15 0
29 10 16 71
29 10 17 52
29 10 18 50
29 10 19 78
29 10 20 2
29 10 21 93
29 10 22 79
29 10 23 63
29 10 24 114
29 10 25 9
29 10 26 32
29 10 27 92
29 10 28 99
29 10 29 106
29 10 30 51
29 10 31 39
29 10 32 3
29 10 33 57
29 10 34 60
29 10 35 105
29 10 36 6
29 10 37 119
29 10 38 126
29 10 39 17
29 10 40 75
29 10 41 104
29 10 42 111
29 11 0 83
29 11 1 39
29 11 2 19
29 11 3 102
29 11 4 22
29 11 5 27
29 11 6 123
29 11 7 9
29 11 8 94
29 11 9 85
29 11 10 49
29 11 11 21
29 11 12 51
29 11 13 72
29 11 14 6
29 11 15 100
29 11 16 107
29 11 17 75
29 11 18 45
29 11 19 23
29 11 20 81
29 11 21 56
29 11 22 66
29 11 23 113
29 11 24 18
29 11 25 28
29 11 26 91
29 11 27 98
29 11 28 65
29 11 29 112
29 11 30 2
29 11 31 126
29 11 32 77
29 11 33 58
29 11 34 104
29 11 35 20
29 11 36 118
29 11 37 82
29 11 38 1
29 11 39 96
29 11 40 103
29 11 41 110
29 11 42 31
29 12 0 31
29 12 1 34
29 12 2 101
29 12 3 7
29 12 4 36
29 12 5 122
29 12 6 25
29 12 7 64
29 12 8 100
29 12 9 107
29 12 10 24
29 12 11 78
29 12 12 75
29 12 13 10
29 12 14 99
29 12 15 106
29 12 16 74
29 12 17 120
29 12 18 40
29 12 19 51
29 12 20 76
29 12 21 105
29 12 22 46
29 12 23 8
29 12 24 5
29 12 25 90
29 12 26 97
29 12 27 81
29 12 28 44
29 12 29 21
29 12 30 58
29 12 31 89
29 12 32 96
29 12 33 103
29 12 34 20
29 12 35 57
29 12 36 124
29 12 37 42
29 12 38 56
29 12 39 102
29 12 40 109
29 12 41 9
29 12 42 123
29 13 0 1
29 13 1 100
29 13 2 32
29 13 3 38
29 13 4 121
29 13 5 12
29 13 6 92
29 13 7 99
29 13 8 106
29 13 9 14
29 13 10 120
29 13 11 64
29 13 12 13
29 13 13 98
29 13 14 56
29 13 15 112
29 13 16 85
29 13 17 3
29 13 18 81
29 13 19 84
29 13 20 104
29 13 21 111
29 13 22 7
29 13 23 9
29 13 24 43
29 13 25 72
29 13 26 62
29 13 27 68
29 13 28 18
29 13 29 124
29 13 30 47
29 13 31 53
29 13 32 102
29 13 33 4
29 13 34 116
29 13 35 77
29 13 36 24
29 13 37 76
29 13 38 49
29 13 39 108
29 13 40 10
29 13 41 122
29 13 42 17
29 14 0 99
29 14 1 28
29 14 2 17
29 14 3 62
29 14 4 21
29 14 5 91
29 14 6 98
29 14 7 63
29 14 8 16
29 14 9 77
29 14 10 65
29 14 11 2
29 14 12 97
29 14 13 46
29 14 14 44
29 14 15 80
29 14 16 13
29 14 17 89
29 14 18 96
29 14 19 103
29 14 20 110
29 14 21 8
29 14 22 20
29 14 23 88
29 14 24 95
29 14 25 70
29 14 26 48
29 14 27 23
29 14 28 60
29 14 29 87
29 14 30 74
29 14 31 72
29 14 32 41
29 14 33 115
29 14 34 66
29 14 35 35
29 14 36 93
29 14 37 100
29 14 38 76
29 14 39 27
29 14 40 121
29 14 41 0
29 14 42 24
29 15 0 22
29 15 1 30
29 15 2 119
29 15 3 26
29 15 4 90
29 15 5 97
29 15 6 48
29 15 7 32
29 15 8 54
29 15 9 125
29 15 10 18
29 15 11 75
29 15 12 46
29 15 13 64
29 15 14 117
29 15 15 21
29 15 16 61
29 15 17 62
29 15 18 102
29 15 19 109
29 15 20 8
29 15 21 10
29 15 22 45
29 15 23 94
29 15 24 101
29 15 25 67
29 15 26 23
29 15 27 79
29 15 28 86
29 15 29 93
29 15 30 100
29 15 31 12
29 15 32 114
29 15 33 80
29 15 34 37
29 15 35 49
29 15 36 99
29 15 37 72
29 15 38 14
29 15 39 44
29 15 40 33
29 15 41 35
29 15 42 98
29 16 0 39
29 16 1 118
29 16 2 1
29 16 3 57
29 16 4 62
29 16 5 73
29 16 6 33
29 16 7 117
29 16 8 68
29 16 9 18
29 16 10 95
29 16 11 46
29 16 12 53
29 16 13 77
29 16 14 17
29 16 15 87
29 16 16 48
29 16 17 45
29 16 18 108
29 16 19 40
29 16 20 5
29 16 21 75
29 16 22 59
29 16 23 43
29 16 24 107
29 16 25 12
29 16 26 71
29 16 27 52
29 16 28 66
29 16 29 99
29 16 30 41
29 16 31 113
29 16 32 120
29 16 33 2
29 16 34 79
29 16 35 98
29 16 36 105
29 16 37 10
29 16 38 119
29 16 39 31
29 16 40 4
29 16 41 97
29 16 42 28
29 17 0 81
29 17 1 35
29 17 2 88
29 17 3 95
29 17 4 64
29 17 5 24
29 17 6 71
29 17 7 123
29 17 8 39
29 17 9 94
29 17 10 101
29 17 11 61
29 17 12 68
29 17 13 22
29 17 14 86
29 17 15 93
29 17 16 100
29 17 17 59
29 17 18 20
29 17 19 38
29 17 20 66
29 17 21 92
29 17 22 60
29 17 23 106
29 17 24 19
29 17 25 120
29 17 26 42
29 17 27 57
29 17 28 98
29 17 29 6
29 17 30 45
29 17 31 85
29 17 32 21
29 17 33 54
29 17 34 97
29 17 35 104
29 17 36 31
29 17 37 118
29 17 38 27
29 17 39 37
29 17 40 96
29 17 41 3
29 17 42 7
29 18 0 10
29 18 1 78
29 18 2 94
29 18 3 101
29 18 4 24
29 18 5 64
29 18 6 122
29 18 7 38
29 18 8 53
29 18 9 80
29 18 10 107
29 18 11 52
29 18 12 39
29 18 13 84
29 18 14 79
29 18 15 99
29 18 16 54
29 18 17 18
29 18 18 36
29 18 19 71
29 18 20 91
29 18 21 67
29 18 22 49
29 18 23 16
29 18 24 55
29 18 25 126
29 18 26 85
29 18 27 97
29 18 28 8
29 18 29 111
29 18 30 69
29 18 31 20
29 18 32 89
29 18 33 83
29 18 34 103
29 18 35 11
29 18 36 81
29 18 37 23
29 18 38 26
29 18 39 95
29 18 40 30
29 18 41 42
29 18 42 116
29 19 0 84
29 19 1 50
29 19 2 61
29 19 3 36
29 19 4 54
29 19 5 121
29 19 6 2
29 19 7 92
29 19 8 83
29 19 9 106
29 19 10 66
29 19 11 25
29 19 12 4
29 19 13 52
29 19 14 98
29 19 15 105
29 19 16 32
29 19 17 8
29 19 18 72
29 19 19 90
29 19 20 71
29 19 21 57
29 19 22 13
29 19 23 62
29 19 24 75
29 19 25 89
29 19 26 46
29 19 27 34
29 19 28 110
29 19 29 117
29 19 30 7
29 19 31 43
29 19 32 95
29 19 33 102
29 19 34 0
29 19 35 116
29 19 36 17
29 19 37 16
29 19 38 94
29 19 39 35
29 19 40 23
29 19 41 115
29 19 42 15
29 20 0 92
29 20 1 73
29 20 2 26
29 20 3 74
29 20 4 59
29 20 5 7
29 20 6 91
29 20 7 58
29 20 8 65
29 20 9 112
29 20 10 3
29 20 11 126
29 20 12 64
29 20 13 97
29 20 14 104
29 20 15 24
29 20 16 4
29 20 17 125
29 20 18 68
29 20 19 96
29 20 20 75
29 20 21 39
29 20 22 117
29 20 23 124
29 20 24 83
29 20 25 95
29 20 26 2
29 20 27 109
29 20 28 55
29 20 29 37
29 20 30 87
29 20 31 94
29 20 32 43
29 20 33 15
29 20 34 115
29 20 35 30
29 20 36 34
29 20 37 93
29 20 38 28
29 20 39 19
29 20 40 114
29 20 41 25
29 20 42 52
29 21 0 58
29 21 1 16
29 21 2 112
29 21 3 119
29 21 4 19
29 21 5 90
29 21 6 60
29 21 7 66
29 21 8 73
29 21 9 38
29 21 10 69
29 21 11 89
29 21 12 74
29 21 13 103
29 21 14 15
29 21 15 9
29 21 16 67
29 21 17 88
29 21 18 46
29 21 19 53
29 21 20 21
29 21 21 59
29 21 22 76
29 21 23 87
29 21 24 94
29 21 25 18
29 21 26 108
29 21 27 71
29 21 28 2
29 21 29 86
29 21 30 72
29 21 31 100
29 21 32 5
29 21 33 114
29 21 34 41
29 21 35 23
29 21 36 92
29 21 37 12
29 21 38 42
29 21 39 113
29 21 40 0
29 21 41 47
29 21 42 91
29 22 0 25
29 22 1 60
29 22 2 118
29 22 3 41
29 22 4 44
29 22 5 96
29 22 6 50
29 22 7 69
29 22 8 42
29 22 9 124
29 22 10 54
29 22 11 95
29 22 12 102
29 22 13 32
29 22 14 4
29 22 15 123
29 22 16 43
29 22 17 51
29 22 18 101
29 22 19 2
29 22 20 59
29 22 21 53
29 22 22 86
29 22 23 80
29 22 24 40
29 22 25 52
29 22 26 79
29 22 27 26
29 22 28 62
29 22 29 92
29 22 30 99
29 22 31 33
29 22 32 113
29 22 33 0
29 22 34 31
29 22 35 91
29 22 36 8
29 22 37 6
29 22 38 67
29 22 39 9
29 22 40 70
29 22 41 90
29 22 42 84
29 23 0 54
29 23 1 63
29 23 2 12
29 23 3 88
29 23 4 82
29 23 5 85
29 23 6 57
29 23 7 39
29 23 8 49
29 23 9 87
29 23 10 94
29 23 11 55
29 23 12 33
29 23 13 16
29 23 14 122
29 23 15 75
29 23 16 93
29 23 17 68
29 23 18 34
29 23 19 76
29 23 20 62
29 23 21 78
29 23 22 92
29 23 23 3
29 23 24 50
29 23 25 48
29 23 26 24
29 23 27 14
29 23 28 91
29 23 29 98
29 23 30 25
29 23 31 56
29 23 32 30
29 23 33 28
29 23 34 90
29 23 35 18
29 23 36 32
29 23 37 111
29 23 38 5
29 23 39 125
29 23 40 84
29 23 41 96
29 23 42 4
29 24 0 116
29 24 1 40
29 24 2 70
29 24 3 52
29 24 4 101
29 24 5 56
29 24 6 10
29 24 7 85
29 24 8 86
29 24 9 79
29 24 10 100
29 24 11 1
29 24 12 32
29 24 13 121
29 24 14 62
29 24 15 51
29 24 16 73
29 24 17 37
29 24 18 65
29 24 19 120
29 24 20 38
29 24 21 91
29 24 22 9
29 24 23 105
29 24 24 112
29 24 25 21
29 24 26 126
29 24 27 90
29 24 28 97
29 24 29 18
29 24 30 111
29 24 31 36
29 24 32 23
29 24 33 89
29 24 34 26
29 24 35 22
29 24 36 110
29 24 37 11
29 24 38 44
29 24 39 88
29 24 40 47
29 24 41 27
29 24 42 68
29 25 0 19
29 25 1 79
29 25 2 93
29 25 3 44
29 25 4 107
29 25 5 2
29 25 6 54
29 25 7 67
29 25 8 92
29 25 9 99
29 25 10 26
29 25 11 42
29 25 12 48
29 25 13 71
29 25 14 78
29 25 15 66
29 25 16 24
29 25 17 112
29 25 18 49
29 25 19 126
29 25 20 90
29 25 21 22
29 25 22 104
29 25 23 83
29 25 24 25
29 25 25 84
29 25 26 76
29 25 27 62
29 25 28 37
29 25 29 110
29 25 30 17
29 25 31 35
29 25 32 88
29 25 33 14
29 25 34 36
29 25 35 109
29 25 36 1
29 25 37 123
29 25 38 58
29 25 39 61
29 25 40 12
29 25 41 63
29 25 42 115
29 26 0 67
29 26 1 51
29 26 2 47
29 26 3 106
29 26 4 16
29 26 5 120
29 26 6 0
29 26 7 91
29 26 8 98
29 26 9 7
29 26 10 2
29 26 11 119
29 26 12 58
29 26 13 81
29 26 14 70
29 26 15 42
29 26 16 62
29 26 17 64
29 26 18 57
29 26 19 54
29 26 20 31
29 26 21 103
29 26 22 83
29 26 23 10
29 26 24 124
29 26 25 88
29 26 26 95
29 26 27 5
29 26 28 109
29 26 29 27
29 26 30 8
29 26 31 87
29 26 32 9
29 26 33 17
29 26 34 108
29 26 35 38
29 26 36 122
29 26 37 71
29 26 38 93
29 26 39 34
29 26 40 107
29 26 41 114
29 26 42 1
29 27 0 71
29 27 1 67
29 27 2 43
29 27 3 4
29 27 4 56
29 27 5 126
29 27 6 90
29 27 7 97
29 27 8 32
29 27 9 0
29 27 10 118
29 27 11 125
29 27 12 89
29 27 13 96
29 27 14 24
29 27 15 83
29 27 16 117
29 27 17 124
29 27 18 88
29 27 19 6
29 27 20 102
29 27 21 55
29 27 22 5
29 27 23 68
29 27 24 63
29 27 25 94
29 27 26 27
29 27 27 108
29 27 28 33
29 27 29 23
29 27 30 86
29 27 31 11
29 27 32 15
29 27 33 50
29 27 34 42
29 27 35 121
29 27 36 48
29 27 37 81
29 27 38 37
29 27 39 106
29 27 40 113
29 27 41 14
29 27 42 65
29 28 0 51
29 28 1 71
29 28 2 39
29 28 3 68
29 28 4 45
29 28 5 82
29 28 6 78
29 28 7 26
29 28 8 20
29 28 9 66
29 28 10 62
29 28 11 56
29 28 12 76
29 28 13 0
29 28 14 73
29 28 15 50
29 28 16 70
29 28 17 77
29 28 18 9
29 28 19 69
29 28 20 64
29 28 21 5
29 28 22 61
29 28 23 53
29 28 24 49
29 28 25 17
29 28 26 84
29 28 27 28
29 28 28 31
29 28 29 72
29 28 30 22
29 28 31 14
29 28 32 60
29 28 33 33
29 28 34 52
29 28 35 48
29 28 36 83
29 28 37 38
29 28 38 80
29 28 39 75
29 28 40 36
29 28 41 67
29 28 42 74
29 29 0 61
29 29 1 0
29 29 2 117
29 29 3 124
29 29 4 88
29 29 5 95
29 29 6 42
29 29 7 16
29 29 8 116
29 29 9 123
29 29 10 87
29 29 11 45
29 29 12 15
29 29 13 58
29 29 14 77
29 29 15 73
29 29 16 79
29 29 17 14
29 29 18 100
29 29 19 107
29 29 20 22
29 29 21 63
29 29 22 53
29 29 23 92
29 29 24 4
29 29 25 51
29 29 26 38
29 29 27 12
29 29 28 29
29 29 29 3
29 29 30 20
29 29 31 105
29 29 32 11
29 29 33 119
29 29 34 81
29 29 35 76
29 29 36 36
29 29 37 46
29 29 38 111
29 29 39 1
29 29 40 125
29 29 41 89
29 29 42 96
29 30 0 15
29 30 1 74
29 30 2 63
29 30 3 43
29 30 4 94
29 30 5 38
29 30 6 32
29 30 7 115
29 30 8 122
29 30 9 86
29 30 10 93
29 30 11 19
29 30 12 107
29 30 13 54
29 30 14 50
29 30 15 77
29 30 16 22
29 30 17 99
29 30 18 106
29 30 19 20
29 30 20 120
29 30 21 73
29 30 22 91
29 30 23 25
29 30 24 105
29 30 25 1
29 30 26 36
29 30 27 126
29 30 28 27
29 30 29 30
29 30 30 104
29 30 31 41
29 30 32 118
29 30 33 125
29 30 34 89
29 30 35 10
29 30 36 61
29 30 37 110
29 30 38 6
29 30 39 47
29 30 40 44
29 30 41 80
29 30 42 82
29 31 0 78
29 31 1 66
29 31 2 73
29 31 3 53
29 31 4 15
29 31 5 26
29 31 6 114
29 31 7 121
29 31 8 77
29 31 9 47
29 31 10 11
29 31 11 106
29 31 12 57
29 31 13 120
29 31 14 65
29 31 15 1
29 31 16 98
29 31 17 81
29 31 18 21
29 31 19 83
29 31 20 43
29 31 21 90
29 31 22 16
29 31 23 104
29 31 24 0
29 31 25 4
29 31 26 125
29 31 27 35
29 31 28 25
29 31 29 103
29 31 30 31
29 31 31 82
29 31 32 68
29 31 33 60
29 31 34 10
29 31 35 61
29 31 36 109
29 31 37 9
29 31 38 123
29 31 39 87
29 31 40 52
29 31 41 101
29 31 42 34
29 32 0 50
29 32 1 82
29 32 2 92
29 32 3 13
29 32 4 8
29 32 5 113
29 32 6 65
29 32 7 15
29 32 8 59
29 32 9 42
29 32 10 45
29 32 11 112
29 32 12 49
29 32 13 74
29 32 14 14
29 32 15 97
29 32 16 76
29 32 17 24
29 32 18 54
29 32 19 125
29 32 20 57
29 32 21 20
29 32 22 103
29 32 23 41
29 32 24 6
29 32 25 124
29 32 26 7
29 32 27 31
29 32 28 102
29 32 29 10
29 32 30 116
29 32 31 123
29 32 32 87
29 32 33 5
29 32 34 101
29 32 35 108
29 32 36 27
29 32 37 122
29 32 38 86
29 32 39 93
29 32 40 79
29 32 41 16
29 32 42 71
29 33 0 69
29 33 1 91
29 33 2 16
29 33 3 32
29 33 4 46
29 33 5 119
29 33 6 126
29 33 7 52
29 33 8 13
29 33 9 44
29 33 10 59
29 33 11 62
29 33 12 125
29 33 13 39
29 33 14 81
29 33 15 47
29 33 16 3
29 33 17 117
29 33 18 60
29 33 19 88
29 33 20 14
29 33 21 102
29 33 22 22
29 33 23 1
29 33 24 123
29 33 25 23
29 33 26 41
29 33 27 45
29 33 28 21
29 33 29 115
29 33 30 122
29 33 31 86
29 33 32 33
29 33 33 53
29 33 34 51
29 33 35 36
29 33 36 121
29 33 37 66
29 33 38 82
29 33 39 68
29 33 40 34
29 33 41 76
29 33 42 120
29 34 0 90
29 34 1 26
29 34 2 14
29 34 3 111
29 34 4 118
29 34 5 47
29 34 6 89
29 34 7 5
29 34 8 75
29 34 9 51
29 34 10 117
29 34 11 57
29 34 12 18
29 34 13 95
29 34 14 84
29 34 15 31
29 34 16 60
29 34 17 123
29 34 18 74
29 34 19 4
29 34 20 77
29 34 21 36
29 34 22 32
29 34 23 122
29 34 24 35
29 34 25 22
29 34 26 100
29 34 27 40
29 34 28 114
29 34 29 121
29 34 30 82
29 34 31 37
29 34 32 65
29 34 33 49
29 34 34 6
29 34 35 64
29 34 36 20
29 34 37 48
29 34 38 85
29 34 39 21
29 34 40 112
29 34 41 50
29 34 42 58
29 35 0 42
29 35 1 25
29 35 2 110
29 35 3 70
29 35 4 124
29 35 5 75
29 35 6 19
29 35 7 71
29 35 8 78
29 35 9 84
29 35 10 123
29 35 11 3
29 35 12 94
29 35 13 101
29 35 14 11
29 35 15 43
29 35 16 122
29 35 17 54
29 35 18 10
29 35 19 100
29 35 20 26
29 35 21 40
29 35 22 121
29 35 23 30
29 35 24 28
29 35 25 99
29 35 26 33
29 35 27 113
29 35 28 72
29 35 29 1
29 35 30 34
29 35 31 73
29 35 32 105
29 35 33 12
29 35 34 119
29 35 35 126
29 35 36 68
29 35 37 85
29 35 38 24
29 35 39 48
29 35 40 55
29 35 41 125
29 35 42 77
29 36 0 26
29 36 1 109
29 36 2 116
29 36 3 80
29 36 4 87
29 36 5 16
29 36 6 101
29 36 7 79
29 36 8 43
29 36 9 122
29 36 10 17
29 36 11 85
29 36 12 70
29 36 13 33
29 36 14 71
29 36 15 121
29 36 16 49
29 36 17 6
29 36 18 99
29 36 19 9
29 36 20 7
29 36 21 120
29 36 22 27
29 36 23 15
29 36 24 98
29 36 25 25
29 36 26 58
29 36 27 119
29 36 28 126
29 36 29 32
29 36 30 46
29 36 31 104
29 36 32 18
29 36 33 118
29 36 34 61
29 36 35 89
29 36 36 96
29 36 37 13
29 36 38 69
29 36 39 117
29 36 40 76
29 36 41 88
29 36 42 11
29 37 0 108
29 37 1 115
29 37 2 49
29 37 3 86
29 37 4 20
29 37 5 78
29 37 6 107
29 37 7 61
29 37 8 121
29 37 9 39
29 37 10 92
29 37 11 47
29 37 12 42
29 37 13 83
29 37 14 51
29 37 15 60
29 37 16 15
29 37 17 98
29 37 18 16
29 37 19 3
29 37 20 119
29 37 21 35
29 37 22 17
29 37 23 97
29 37 24 10
29 37 25 111
29 37 26 118
29 37 27 58
29 37 28 13
29 37 29 96
29 37 30 103
29 37 31 40
29 37 32 55
29 37 33 124
29 37 34 69
29 37 35 82
29 37 36 37
29 37 37 44
29 37 38 73
29 37 39 123
29 37 40 72
29 37 41 6
29 37 42 0
29 38 0 114
29 38 1 65
29 38 2 60
29 38 3 12
29 38 4 49
29 38 5 106
29 38 6 64
29 38 7 48
29 38 8 8
29 38 9 91
29 38 10 80
29 38 11 32
29 38 12 112
29 38 13 119
29 38 14 66
29 38 15 33
29 38 16 97
29 38 17 39
29 38 18 30
29 38 19 118
29 38 20 24
29 38 21 28
29 38 22 63
29 38 23 0
29 38 24 110
29 38 25 61
29 38 26 124
29 38 27 21
29 38 28 75
29 38 29 102
29 38 30 13
29 38 31 116
29 38 32 59
29 38 33 87
29 38 34 46
29 38 35 19
29 38 36 52
29 38 37 77
29 38 38 122
29 38 39 73
29 38 40 11
29 38 41 34
29 38 42 47
29 39 0 120
29 39 1 11
29 39 2 33
29 39 3 76
29 39 4 83
29 39 5 112
29 39 6 119
29 39 7 13
29 39 8 90
29 39 9 73
29 39 10 22
29 39 11 80
29 39 12 118
29 39 13 125
29 39 14 0
29 39 15 63
29 39 16 35
29 39 17 23
29 39 18 117
29 39 19 42
29 39 20 41
29 39 21 95
29 39 22 15
29 39 23 109
29 39 24 116
29 39 25 47
29 39 26 8
29 39 27 59
29 39 28 56
29 39 29 24
29 39 30 115
29 39 31 44
29 39 32 86
29 39 33 93
29 39 34 2
29 39 35 107
29 39 36 84
29 39 37 121
29 39 38 78
29 39 39 7
29 39 40 26
29 39 41 85
29 39 42 113
29 40 0 126
29 40 1 19
29 40 2 67
29 40 3 48
29 40 4 55
29 40 5 118
29 40 6 20
29 40 7 76
29 40 8 96
29 40 9 34
29 40 10 71
29 40 11 82
29 40 12 44
29 40 13 5
29 40 14 95
29 40 15 16
29 40 16 28
29 40 17 116
29 40 18 32
29 40 19 35
29 40 20 94
29 40 21 4
29 40 22 108
29 40 23 115
29 40 24 65
29 40 25 38
29 40 26 93
29 40 27 100
29 40 28 7
29 40 29 114
29 40 30 78
29 40 31 49
29 40 32 73
29 40 33 42
29 40 34 106
29 40 35 58
29 40 36 85
29 40 37 69
29 40 38 22
29 40 39 40
29 40 40 105
29 40 41 56
29 40 42 53
29 41 0 36
29 41 1 96
29 41 2 80
29 41 3 55
29 41 4 69
29 41 5 19
29 41 6 88
29 41 7 47
29 41 8 34
29 41 9 53
29 41 10 116
29 41 11 123
29 41 12 23
29 41 13 94
29 41 14 8
29 41 15 12
29 41 16 115
29 41 17 21
29 41 18 31
29 41 19 57
29 41 20 27
29 41 21 72
29 41 22 114
29 41 23 52
29 41 24 37
29 41 25 64
29 41 26 99
29 41 27 9
29 41 28 113
29 41 29 120
29 41 30 16
29 41 31 65
29 41 32 39
29 41 33 77
29 41 34 112
29 41 35 119
29 41 36 56
29 41 37 20
29 41 38 38
29 41 39 104
29 41 40 111
29 41 41 82
29 41 42 83
29 42 0 64
29 42 1 57
29 42 2 55
29 42 3 116
29 42 4 40
29 42 5 79
29 42 6 67
29 42 7 25
29 42 8 81
29 42 9 115
29 42 10 122
29 42 11 14
29 42 12 82
29 42 13 19
29 42 14 30
29 42 15 114
29 42 16 11
29 42 17 27
29 42 18 92
29 42 19 5
29 42 20 68
29 42 21 113
29 42 22 120
29 42 23 13
29 42 24 78
29 42 25 98
29 42 26 17
29 42 27 72
29 42 28 70
29 42 29 126
29 42 30 84
29 42 31 3
29 42 32 53
29 42 33 74
29 42 34 118
29 42 35 125
29 42 36 10
29 42 37 18
29 42 38 103
29 42 39 110
29 42 40 117
29 42 41 124
29 42 42 41
30 0 0 56
30 0 1 116
30 0 2 41
30 0 3 80
30 0 4 68
30 0 5 26
30 0 6 82
30 0 7 115
30 0 8 122
30 0 9 15
30 0 10 83
30 0 11 20
30 0 12 31
30 0 13 114
30 0 14 12
30 0 15 28
30 0 16 92
30 0 17 6
30 0 18 69
30 0 19 113
30 0 20 120
30 0 21 14
30 0 22 79
30 0 23 98
30 0 24 18
30 0 25 73
30 0 26 71
30 0 27 126
30 0 28 85
30 0 29 4
30 0 30 54
30 0 31 75
30 0 32 118
30 0 33 125
30 0 34 11
30 0 35 19
30 0 36 103
30 0 37 110
30 0 38 117
30 0 39 124
30 0 40 42
30 0 41 65
30 0 42 58
30 1 0 115
30 1 1 41
30 1 2 81
30 1 3 93
30 1 4 27
30 1 5 107
30 1 6 114
30 1 7 121
30 1 8 33
30 1 9 92
30 1 10 29
30 1 11 37
30 1 12 113
30 1 13 24
30 1 14 26
30 1 15 91
30 1 16 2
30 1 17 105
30 1 18 53
30 1 19 69
30 1 20 22
30 1 21 68
30 1 22 97
30 1 23 4
30 1 24 111
30 1 25 49
30 1 26 55
30 1 27 89
30 1 28 36
30 1 29 77
30 1 30 83
30 1 31 73
30 1 32 59
30 1 33 6
30 1 34 8
30 1 35 102
30 1 36 109
30 1 37 61
30 1 38 64
30 1 39 38
30 1 40 60
30 1 41 101
30 1 42 46
30 2 0 14
30 2 1 70
30 2 2 67
30 2 3 0
30 2 4 106
30 2 5 113
30 2 6 81
30 2 7 38
30 2 8 91
30 2 9 42
30 2 10 31
30 2 11 112
30 2 12 35
30 2 13 16
30 2 14 90
30 2 15 32
30 2 16 104
30 2 17 111
30 2 18 46
30 2 19 24
30 2 20 89
30 2 21 45
30 2 22 18
30 2 23 110
30 2 24 117
30 2 25 124
30 2 26 44
30 2 27 36
30 2 28 58
30 2 29 64
30 2 30 116
30 2 31 123
30 2 32 39
30 2 33 8
30 2 34 56
30 2 35 108
30 2 36 69
30 2 37 51
30 2 38 3
30 2 39 93
30 2 40 71
30 2 41 107
30 2 42 114
30 3 0 73
30 3 1 51
30 3 2 2
30 3 3 53
30 3 4 60
30 3 5 119
30 3 6 4
30 3 7 90
30 3 8 21
30 3 9 27
30 3 10 111
30 3 11 15
30 3 12 42
30 3 13 62
30 3 14 6
30 3 15 103
30 3 16 110
30 3 17 117
30 3 18 35
30 3 19 63
30 3 20 95
30 3 21 12
30 3 22 109
30 3 23 44
30 3 24 68
30 3 25 87
30 3 26 41
30 3 27 101
30 3 28 80
30 3 29 115
30 3 30 122
30 3 31 7
30 3 32 9
30 3 33 100
30 3 34 79
30 3 35 46
30 3 36 64
30 3 37 13
30 3 38 57
30 3 39 70
30 3 40 106
30 3 41 113
30 3 42 3
30 4 0 60
30 4 1 35
30 4 2 75
30 4 3 111
30 4 4 118
30 4 5 34
30 4 6 73
30 4 7 23
30 4 8 9
30 4 9 110
30 4 10 25
30 4 11 28
30 4 12 88
30 4 13 7
30 4 14 102
30 4 15 109
30 4 16 70
30 4 17 17
30 4 18 87
30 4 19 94
30 4 20 39
30 4 21 108
30 4 22 85
30 4 23 45
30 4 24 86
30 4 25 38
30 4 26 51
30 4 27 107
30 4 28 114
30 4 29 121
30 4 30 11
30 4 31 8
30 4 32 99
30 4 33 82
30 4 34 66
30 4 35 120
30 4 36 19
30 4 37 67
30 4 38 52
30 4 39 50
30 4 40 74
30 4 41 6
30 4 42 49
30 5 0 38
30 5 1 68
30 5 2 110
30 5 3 62
30 5 4 7
30 5 5 88
30 5 6 32
30 5 7 37
30 5 8 109
30 5 9 40
30 5 10 20
30 5 11 79
30 5 12 28
30 5 13 47
30 5 14 108
30 5 15 58
30 5 16 15
30 5 17 86
30 5 18 43
30 5 19 39
30 5 20 53
30 5 21 71
30 5 22 75
30 5 23 76
30 5 24 14
30 5 25 61
30 5 26 106
30 5 27 113
30 5 28 65
30 5 29 31
30 5 30 41
30 5 31 98
30 5 32 105
30 5 33 112
30 5 34 64
30 5 35 36
30 5 36 78
30 5 37 44
30 5 38 83
30 5 39 111
30 5 40 10
30 5 41 125
30 5 42 89
30 6 0 83
30 6 1 109
30 6 2 116
30 6 3 26
30 6 4 75
30 6 5 3
30 6 6 12
30 6 7 108
30 6 8 5
30 6 9 21
30 6 10 66
30 6 11 29
30 6 12 100
30 6 13 55
30 6 14 59
30 6 15 42
30 6 16 49
30 6 17 92
30 6 18 10
30 6 19 51
30 6 20 70
30 6 21 120
30 6 22 13
30 6 23 20
30 6 24 57
30 6 25 79
30 6 26 68
30 6 27 119
30 6 28 27
30 6 29 7
30 6 30 97
30 6 31 104
30 6 32 46
30 6 33 47
30 6 34 14
30 6 35 89
30 6 36 96
30 6 37 64
30 6 38 110
30 6 39 16
30 6 40 61
30 6 41 76
30 6 42 34
30 7 0 108
30 7 1 115
30 7 2 42
30 7 3 47
30 7 4 18
30 7 5 29
30 7 6 107
30 7 7 24
30 7 8 13
30 7 9 61
30 7 10 11
30 7 11 99
30 7 12 48
30 7 13 49
30 7 14 2
30 7 15 37
30 7 16 91
30 7 17 38
30 7 18 105
30 7 19 112
30 7 20 57
30 7 21 126
30 7 22 31
30 7 23 43
30 7 24 71
30 7 25 111
30 7 26 118
30 7 27 41
30 7 28 20
30 7 29 62
30 7 30 103
30 7 31 56
30 7 32 117
30 7 33 16
30 7 34 51
30 7 35 80
30 7 36 65
30 7 37 109
30 7 38 19
30 7 39 123
30 7 40 87
30 7 41 15
30 7 42 101
30 8 0 114
30 8 1 18
30 8 2 85
30 8 3 24
30 8 4 8
30 8 5 106
30 8 6 1
30 8 7 32
30 8 8 56
30 8 9 13
30 8 10 98
30 8 11 105
30 8 12 112
30 8 13 35
30 8 14 126
30 8 15 90
30 8 16 4
30 8 17 104
30 8 18 81
30 8 19 66
30 8 20 52
30 8 21 20
30 8 22 96
30 8 23 47
30 8 24 110
30 8 25 84
30 8 26 31
30 8 27 5
30 8 28 95
30 8 29 102
30 8 30 75
30 8 31 60
30 8 32 12
30 8 33 87
30 8 34 46
30 8 35 101
30 8 36 108
30 8 37 7
30 8 38 122
30 8 39 86
30 8 40 37
30 8 41 54
30 8 42 55
30 9 0 4
30 9 1 80
30 9 2 28
30 9 3 16
30 9 4 105
30 9 5 9
30 9 6 36
30 9 7 71
30 9 8 42
30 9 9 97
30 9 10 104
30 9 11 63
30 9 12 23
30 9 13 70
30 9 14 85
30 9 15 10
30 9 16 103
30 9 17 82
30 9 18 117
30 9 19 124
30 9 20 5
30 9 21 56
30 9 22 57
30 9 23 109
30 9 24 116
30 9 25 12
30 9 26 29
30 9 27 94
30 9 28 78
30 9 29 67
30 9 30 46
30 9 31 40
30 9 32 86
30 9 33 93
30 9 34 76
30 9 35 52
30 9 36 13
30 9 37 121
30 9 38 54
30 9 39 25
30 9 40 44
30 9 41 48
30 9 42 113
30 10 0 67
30 10 1 4
30 10 2 36
30 10 3 104
30 10 4 31
30 10 5 42
30 10 6 125
30 10 7 18
30 10 8 84
30 10 9 103
30 10 10 78
30 10 11 2
30 10 12 124
30 10 13 88
30 10 14 41
30 10 15 102
30 10 16 63
30 10 17 59
30 10 18 68
30 10 19 1
30 10 20 82
30 10 21 101
30 10 22 108
30 10 23 115
30 10 24 40
30 10 25 19
30 10 26 81
30 10 27 100
30 10 28 107
30 10 29 85
30 10 30 29
30 10 31 70
30 10 32 71
30 10 33 75
30 10 34 50
30 10 35 22
30 10 36 60
30 10 37 23
30 10 38 15
30 10 39 45
30 10 40 105
30 10 41 56
30 10 42 6
30 11 0 39
30 11 1 12
30 11 2 103
30 11 3 5
30 11 4 14
30 11 5 73
30 11 6 34
30 11 7 95
30 11 8 102
30 11 9 71
30 11 10 26
30 11 11 43
30 11 12 54
30 11 13 1
30 11 14 72
30 11 15 53
30 11 16 51
30 11 17 79
30 11 18 3
30 11 19 93
30 11 20 80
30 11 21 64
30 11 22 114
30 11 23 10
30 11 24 33
30 11 25 92
30 11 26 99
30 11 27 106
30 11 28 52
30 11 29 40
30 11 30 4
30 11 31 58
30 11 32 61
30 11 33 105
30 11 34 7
30 11 35 119
30 11 36 126
30 11 37 18
30 11 38 76
30 11 39 104
30 11 40 111
30 11 41 31
30 11 42 125
30 12 0 20
30 12 1 102
30 12 2 23
30 12 3 28
30 12 4 123
30 12 5 10
30 12 6 94
30 12 7 43
30 12 8 50
30 12 9 22
30 12 10 52
30 12 11 73
30 12 12 7
30 12 13 100
30 12 14 107
30 12 15 76
30 12 16 46
30 12 17 24
30 12 18 82
30 12 19 57
30 12 20 67
30 12 21 113
30 12 22 19
30 12 23 29
30 12 24 91
30 12 25 98
30 12 26 66
30 12 27 112
30 12 28 3
30 12 29 126
30 12 30 78
30 12 31 59
30 12 32 104
30 12 33 21
30 12 34 118
30 12 35 83
30 12 36 2
30 12 37 96
30 12 38 103
30 12 39 110
30 12 40 32
30 12 41 84
30 12 42 40
30 13 0 101
30 13 1 8
30 13 2 37
30 13 3 122
30 13 4 26
30 13 5 65
30 13 6 100
30 13 7 107
30 13 8 25
30 13 9 79
30 13 10 76
30 13 11 11
30 13 12 99
30 13 13 106
30 13 14 75
30 13 15 120
30 13 16 41
30 13 17 52
30 13 18 77
30 13 19 105
30 13 20 47
30 13 21 9
30 13 22 6
30 13 23 90
30 13 24 97
30 13 25 82
30 13 26 45
30 13 27 22
30 13 28 59
30 13 29 89
30 13 30 96
30 13 31 103
30 13 32 21
30 13 33 58
30 13 34 124
30 13 35 0
30 13 36 57
30 13 37 102
30 13 38 109
30 13 39 10
30 13 40 123
30 13 41 32
30 13 42 35
30 14 0 33
30 14 1 39
30 14 2 121
30 14 3 13
30 14 4 92
30 14 5 99
30 14 6 106
30 14 7 15
30 14 8 120
30 14 9 65
30 14 10 14
30 14 11 98
30 14 12 57
30 14 13 112
30 14 14 43
30 14 15 4
30 14 16 82
30 14 17 85
30 14 18 104
30 14 19 111
30 14 20 8
30 14 21 10
30 14 22 44
30 14 23 73
30 14 24 63
30 14 25 69
30 14 26 19
30 14 27 124
30 14 28 48
30 14 29 54
30 14 30 102
30 14 31 5
30 14 32 116
30 14 33 78
30 14 34 25
30 14 35 77
30 14 36 50
30 14 37 108
30 14 38 11
30 14 39 122
30 14 40 18
30 14 41 2
30 14 42 100
30 15 0 18
30 15 1 63
30 15 2 22
30 15 3 91
30 15 4 98
30 15 5 64
30 15 6 17
30 15 7 78
30 15 8 66
30 15 9 3
30 15 10 97
30 15 11 47
30 15 12 45
30 15 13 81
30 15 14 14
30 15 15 89
30 15 16 96
30 15 17 103
30 15 18 110
30 15 19 9
30 15 20 21
30 15 21 88
30 15 22 95
30 15 23 71
30 15 24 49
30 15 25 24
30 15 26 61
30 15 27 87
30 15 28 75
30 15 29 73
30 15 30 42
30 15 31 115
30 15 32 67
30 15 33 36
30 15 34 93
30 15 35 100
30 15 36 77
30 15 37 28
30 15 38 121
30 15 39 1
30 15 40 25
30 15 41 99
30 15 42 29
30 16 0 119
30 16 1 27
30 16 2 90
30 16 3 97
30 16 4 49
30 16 5 33
30 16 6 55
30 16 7 125
30 16 8 19
30 16 9 76
30 16 10 47
30 16 11 65
30 16 12 117
30 16 13 22
30 16 14 62
30 16 15 63
30 16 16 102
30 16 17 109
30 16 18 9
30 16 19 11
30 16 20 46
30 16 21 94
30 16 22 101
30 16 23 68
30 16 24 24
30 16 25 80
30 16 26 86
30 16 27 93
30 16 28 100
30 16 29 13
30 16 30 114
30 16 31 81
30 16 32 38
30 16 33 50
30 16 34 99
30 16 35 73
30 16 36 15
30 16 37 45
30 16 38 34
30 16 39 36
30 16 40 98
30 16 41 23
30 16 42 31
30 17 0 2
30 17 1 58
30 17 2 63
30 17 3 74
30 17 4 34
30 17 5 117
30 17 6 69
30 17 7 19
30 17 8 95
30 17 9 47
30 17 10 54
30 17 11 78
30 17 12 18
30 17 13 87
30 17 14 49
30 17 15 46
30 17 16 108
30 17 17 41
30 17 18 6
30 17 19 76
30 17 20 60
30 17 21 44
30 17 22 107
30 17 23 13
30 17 24 72
30 17 25 53
30 17 26 67
30 17 27 99
30 17 28 42
30 17 29 113
30 17 30 120
30 17 31 3
30 17 32 80
30 17 33 98
30 17 34 105
30 17 35 11
30 17 36 119
30 17 37 32
30 17 38 5
30 17 39 97
30 17 40 29
30 17 41 40
30 17 42 118
30 18 0 88
30 18 1 95
30 18 2 65
30 18 3 25
30 18 4 72
30 18 5 123
30 18 6 40
30 18 7 94
30 18 8 101
30 18 9 62
30 18 10 69
30 18 11 23
30 18 12 86
30 18 13 93
30 18 14 100
30 18 15 60
30 18 16 21
30 18 17 39
30 18 18 67
30 18 19 92
30 18 20 61
30 18 21 106
30 18 22 20
30 18 23 120
30 18 24 0
30 18 25 58
30 18 26 98
30 18 27 7
30 18 28 46
30 18 29 43
30 18 30 22
30 18 31 55
30 18 32 97
30 18 33 104
30 18 34 32
30 18 35 118
30 18 36 28
30 18 37 38
30 18 38 96
30 18 39 4
30 18 40 8
30 18 41 82
30 18 42 36
30 19 0 94
30 19 1 101
30 19 2 25
30 19 3 65
30 19 4 122
30 19 5 39
30 19 6 54
30 19 7 81
30 19 8 107
30 19 9 53
30 19 10 40
30 19 11 85
30 19 12 80
30 19 13 99
30 19 14 55
30 19 15 19
30 19 16 37
30 19 17 72
30 19 18 91
30 19 19 68
30 19 20 50
30 19 21 17
30 19 22 56
30 19 23 126
30 19 24 43
30 19 25 97
30 19 26 9
30 19 27 111
30 19 28 70
30 19 29 21
30 19 30 89
30 19 31 84
30 19 32 103
30 19 33 12
30 19 34 82
30 19 35 24
30 19 36 27
30 19 37 95
30 19 38 31
30 19 39 0
30 19 40 116
30 19 41 11
30 19 42 79
30 20 0 62
30 20 1 37
30 20 2 55
30 20 3 121
30 20 4 3
30 20 5 92
30 20 6 84
30 20 7 106
30 20 8 67
30 20 9 26
30 20 10 5
30 20 11 53
30 20 12 98
30 20 13 105
30 20 14 33
30 20 15 9
30 20 16 73
30 20 17 90
30 20 18 72
30 20 19 58
30 20 20 14
30 20 21 63
30 20 22 76
30 20 23 89
30 20 24 47
30 20 25 35
30 20 26 110
30 20 27 117
30 20 28 8
30 20 29 44
30 20 30 95
30 20 31 102
30 20 32 1
30 20 33 116
30 20 34 18
30 20 35 17
30 20 36 94
30 20 37 36
30 20 38 24
30 20 39 115
30 20 40 16
30 20 41 85
30 20 42 51
30 21 0 27
30 21 1 75
30 21 2 60
30 21 3 8
30 21 4 91
30 21 5 59
30 21 6 66
30 21 7 112
30 21 8 4
30 21 9 126
30 21 10 65
30 21 11 97
30 21 12 104
30 21 13 25
30 21 14 5
30 21 15 125
30 21 16 69
30 21 17 96
30 21 18 76
30 21 19 40
30 21 20 117
30 21 21 124
30 21 22 84
30 21 23 95
30 21 24 3
30 21 25 109
30 21 26 56
30 21 27 38
30 21 28 87
30 21 29 94
30 21 30 44
30 21 31 16
30 21 32 115
30 21 33 31
30 21 34 35
30 21 35 93
30 21 36 29
30 21 37 20
30 21 38 114
30 21 39 26
30 21 40 53
30 21 41 92
30 21 42 74
30 22 0 112
30 22 1 119
30 22 2 20
30 22 3 90
30 22 4 61
30 22 5 67
30 22 6 74
30 22 7 39
30 22 8 70
30 22 9 89
30 22 10 75
30 22 11 103
30 22 12 16
30 22 13 10
30 22 14 68
30 22 15 88
30 22 16 47
30 22 17 54
30 22 18 22
30 22 19 60
30 22 20 77
30 22 21 87
30 22 22 94
30 22 23 19
30 22 24 108
30 22 25 72
30 22 26 3
30 22 27 86
30 22 28 73
30 22 29 100
30 22 30 6
30 22 31 114
30 22 32 42
30 22 33 24
30 22 34 92
30 22 35 13
30 22 36 0
30 22 37 113
30 22 38 1
30 22 39 48
30 22 40 91
30 22 41 59
30 22 42 17
30 23 0 118
30 23 1 42
30 23 2 45
30 23 3 96
30 23 4 51
30 23 5 70
30 23 6 0
30 23 7 124
30 23 8 55
30 23 9 95
30 23 10 102
30 23 11 33
30 23 12 5
30 23 13 123
30 23 14 44
30 23 15 52
30 23 16 101
30 23 17 3
30 23 18 60
30 23 19 54
30 23 20 86
30 23 21 81
30 23 22 41
30 23 23 53
30 23 24 80
30 23 25 27
30 23 26 63
30 23 27 92
30 23 28 99
30 23 29 34
30 23 30 113
30 23 31 1
30 23 32 32
30 23 33 91
30 23 34 9
30 23 35 7
30 23 36 68
30 23 37 10
30 23 38 71
30 23 39 90
30 23 40 85
30 23 41 26
30 23 42 61
30 24 0 13
30 24 1 88
30 24 2 83
30 24 3 43
30 24 4 58
30 24 5 40
30 24 6 50
30 24 7 87
30 24 8 94
30 24 9 56
30 24 10 34
30 24 11 17
30 24 12 122
30 24 13 76
30 24 14 93
30 24 15 69
30 24 16 35
30 24 17 77
30 24 18 63
30 24 19 79
30 24 20 92
30 24 21 4
30 24 22 51
30 24 23 49
30 24 24 25
30 24 25 15
30 24 26 91
30 24 27 98
30 24 28 26
30 24 29 57
30 24 30 31
30 24 31 29
30 24 32 90
30 24 33 19
30 24 34 33
30 24 35 111
30 24 36 6
30 24 37 125
30 24 38 85
30 24 39 96
30 24 40 5
30 24 41 55
30 24 42 64
30 25 0 71
30 25 1 53
30 25 2 101
30 25 3 57
30 25 4 11
30 25 5 43
30 25 6 86
30 25 7 80
30 25 8 100
30 25 9 2
30 25 10 33
30 25 11 121
30 25 12 63
30 25 13 52
30 25 14 74
30 25 15 38
30 25 16 66
30 25 17 120
30 25 18 39
30 25 19 91
30 25 20 10
30 25 21 105
30 25 22 112
30 25 23 22
30 25 24 126
30 25 25 90
30 25 26 97
30 25 27 19
30 25 28 111
30 25 29 37
30 25 30 24
30 25 31 89
30 25 32 27
30 25 33 23
30 25 34 110
30 25 35 12
30 25 36 45
30 25 37 88
30 25 38 48
30 25 39 28
30 25 40 69
30 25 41 116
30 25 42 41
30 26 0 93
30 26 1 45
30 26 2 107
30 26 3 3
30 26 4 55
30 26 5 68
30 26 6 92
30 26 7 99
30 26 8 27
30 26 9 0
30 26 10 49
30 26 11 72
30 26 12 79
30 26 13 67
30 26 14 25
30 26 15 112
30 26 16 50
30 26 17 126
30 26 18 90
30 26 19 23
30 26 20 104
30 26 21 84
30 26 22 26
30 26 23 85
30 26 24 77
30 26 25 63
30 26 26 38
30 26 27 110
30 26 28 18
30 26 29 36
30 26 30 88
30 26 31 15
30 26 32 37
30 26 33 109
30 26 34 2
30 26 35 123
30 26 36 59
30 26 37 62
30 26 38 13
30 26 39 64
30 26 40 115
30 26 41 20
30 26 42 80
30 27 0 48
30 27 1 106
30 27 2 17
30 27 3 120
30 27 4 1
30 27 5 91
30 27 6 98
30 27 7 8
30 27 8 3
30 27 9 119
30 27 10 59
30 27 11 82
30 27 12 71
30 27 13 0
30 27 14 63
30 27 15 65
30 27 16 58
30 27 17 55
30 27 18 32
30 27 19 103
30 27 20 84
30 27 21 11
30 27 22 124
30 27 23 88
30 27 24 95
30 27 25 6
30 27 26 109
30 27 27 28
30 27 28 9
30 27 29 87
30 27 30 10
30 27 31 18
30 27 32 108
30 27 33 39
30 27 34 122
30 27 35 72
30 27 36 93
30 27 37 35
30 27 38 107
30 27 39 114
30 27 40 2
30 27 41 68
30 27 42 52
30 28 0 44
30 28 1 5
30 28 2 57
30 28 3 126
30 28 4 90
30 28 5 97
30 28 6 33
30 28 7 1
30 28 8 118
30 28 9 125
30 28 10 89
30 28 11 96
30 28 12 25
30 28 13 84
30 28 14 117
30 28 15 124
30 28 16 88
30 28 17 7
30 28 18 102
30 28 19 56
30 28 20 6
30 28 21 69
30 28 22 64
30 28 23 94
30 28 24 28
30 28 25 108
30 28 26 34
30 28 27 24
30 28 28 86
30 28 29 12
30 28 30 16
30 28 31 51
30 28 32 0
30 28 33 121
30 28 34 49
30 28 35 82
30 28 36 38
30 28 37 106
30 28 38 113
30 28 39 15
30 28 40 66
30 28 41 72
30 28 42 68
30 29 0 40
30 29 1 69
30 29 2 46
30 29 3 83
30 29 4 79
30 29 5 27
30 29 6 21
30 29 7 67
30 29 8 63
30 29 9 57
30 29 10 77
30 29 11 1
30 29 12 74
30 29 13 51
30 29 14 71
30 29 15 78
30 29 16 10
30 29 17 70
30 29 18 65
30 29 19 6
30 29 20 62
30 29 21 54
30 29 22 50
30 29 23 18
30 29 24 85
30 29 25 29
30 29 26 32
30 29 27 73
30 29 28 23
30 29 29 15
30 29 30 61
30 29 31 34
30 29 32 53
30 29 33 49
30 29 34 84
30 29 35 39
30 29 36 81
30 29 37 76
30 29 38 37
30 29 39 68
30 29 40 75
30 29 41 52
30 29 42 72
30 30 0 117
30 30 1 124
30 30 2 88
30 30 3 95
30 30 4 0
30 30 5 17
30 30 6 116
30 30 7 123
30 30 8 87
30 30 9 46
30 30 10 16
30 30 11 59
30 30 12 78
30 30 13 74
30 30 14 80
30 30 15 15
30 30 16 100
30 30 17 107
30 30 18 23
30 30 19 64
30 30 20 54
30 30 21 92
30 30 22 5
30 30 23 52
30 30 24 39
30 30 25 13
30 30 26 30
30 30 27 4
30 30 28 21
30 30 29 105
30 30 30 12
30 30 31 119
30 30 32 82
30 30 33 77
30 30 34 37
30 30 35 47
30 30 36 111
30 30 37 2
30 30 38 125
30 30 39 89
30 30 40 96
30 30 41 62
30 30 42 1
30 31 0 64
30 31 1 44
30 31 2 94
30 31 3 39
30 31 4 33
30 31 5 115
30 31 6 122
30 31 7 86
30 31 8 93
30 31 9 20
30 31 10 107
30 31 11 55
30 31 12 51
30 31 13 78
30 31 14 23
30 31 15 99
30 31 16 106
30 31 17 21
30 31 18 120
30 31 19 74
30 31 20 91
30 31 21 26
30 31 22 105
30 31 23 2
30 31 24 37
30 31 25 126
30 31 26 28
30 31 27 31
30 31 28 104
30 31 29 42
30 31 30 118
30 31 31 125
30 31 32 89
30 31 33 11
30 31 34 62
30 31 35 110
30 31 36 7
30 31 37 48
30 31 38 45
30 31 39 81
30 31 40 83
30 31 41 16
30 31 42 75
30 32 0 74
30 32 1 54
30 32 2 16
30 32 3 27
30 32 4 114
30 32 5 121
30 32 6 78
30 32 7 48
30 32 8 12
30 32 9 106
30 32 10 58
30 32 11 120
30 32 12 66
30 32 13 2
30 32 14 98
30 32 15 82
30 32 16 22
30 32 17 84
30 32 18 44
30 32 19 90
30 32 20 17
30 32 21 104
30 32 22 1
30 32 23 5
30 32 24 125
30 32 25 36
30 32 26 26
30 32 27 103
30 32 28 32
30 32 29 83
30 32 30 69
30 32 31 61
30 32 32 11
30 32 33 62
30 32 34 109
30 32 35 10
30 32 36 123
30 32 37 87
30 32 38 53
30 32 39 101
30 32 40 35
30 32 41 79
30 32 42 67
30 33 0 92
30 33 1 14
30 33 2 9
30 33 3 113
30 33 4 66
30 33 5 16
30 33 6 60
30 33 7 0
30 33 8 46
30 33 9 112
30 33 10 50
30 33 11 75
30 33 12 15
30 33 13 97
30 33 14 77
30 33 15 25
30 33 16 55
30 33 17 125
30 33 18 58
30 33 19 21
30 33 20 103
30 33 21 42
30 33 22 7
30 33 23 124
30 33 24 8
30 33 25 32
30 33 26 102
30 33 27 11
30 33 28 116
30 33 29 123
30 33 30 87
30 33 31 6
30 33 32 101
30 33 33 108
30 33 34 28
30 33 35 122
30 33 36 86
30 33 37 93
30 33 38 80
30 33 39 17
30 33 40 72
30 33 41 51
30 33 42 83
30 34 0 17
30 34 1 33
30 34 2 47
30 34 3 119
30 34 4 126
30 34 5 53
30 34 6 14
30 34 7 45
30 34 8 60
30 34 9 63
30 34 10 125
30 34 11 40
30 34 12 82
30 34 13 48
30 34 14 4
30 34 15 117
30 34 16 61
30 34 17 88
30 34 18 15
30 34 19 102
30 34 20 23
30 34 21 2
30 34 22 123
30 34 23 24
30 34 24 42
30 34 25 46
30 34 26 22
30 34 27 115
30 34 28 122
30 34 29 86
30 34 30 34
30 34 31 54
30 34 32 52
30 34 33 37
30 34 34 121
30 34 35 67
30 34 36 83
30 34 37 69
30 34 38 35
30 34 39 77
30 34 40 120
30 34 41 70
30 34 42 91
30 35 0 15
30 35 1 111
30 35 2 118
30 35 3 48
30 35 4 89
30 35 5 6
30 35 6 76
30 35 7 52
30 35 8 117
30 35 9 58
30 35 10 19
30 35 11 95
30 35 12 85
30 35 13 32
30 35 14 61
30 35 15 123
30 35 16 75
30 35 17 5
30 35 18 78
30 35 19 37
30 35 20 33
30 35 21 122
30 35 22 36
30 35 23 23
30 35 24 100
30 35 25 41
30 35 26 114
30 35 27 121
30 35 28 83
30 35 29 38
30 35 30 66
30 35 31 50
30 35 32 7
30 35 33 65
30 35 34 21
30 35 35 49
30 35 36 43
30 35 37 22
30 35 38 112
30 35 39 51
30 35 40 59
30 35 41 90
30 35 42 27
30 36 0 110
30 36 1 71
30 36 2 124
30 36 3 76
30 36 4 20
30 36 5 72
30 36 6 79
30 36 7 85
30 36 8 123
30 36 9 4
30 36 10 94
30 36 11 101
30 36 12 12
30 36 13 44
30 36 14 122
30 36 15 55
30 36 16 11
30 36 17 100
30 36 18 27
30 36 19 41
30 36 20 121
30 36 21 31
30 36 22 29
30 36 23 99
30 36 24 34
30 36 25 113
30 36 26 73
30 36 27 2
30 36 28 35
30 36 29 74
30 36 30 105
30 36 31 13
30 36 32 119
30 36 33 126
30 36 34 69
30 36 35 43
30 36 36 25
30 36 37 49
30 36 38 56
30 36 39 125
30 36 40 78
30 36 41 0
30 36 42 26
30 37 0 116
30 37 1 81
30 37 2 87
30 37 3 17
30 37 4 101
30 37 5 80
30 37 6 44
30 37 7 122
30 37 8 18
30 37 9 43
30 37 10 71
30 37 11 34
30 37 12 72
30 37 13 121
30 37 14 50
30 37 15 7
30 37 16 99
30 37 17 10
30 37 18 8
30 37 19 120
30 37 20 28
30 37 21 16
30 37 22 98
30 37 23 26
30 37 24 59
30 37 25 119
30 37 26 126
30 37 27 33
30 37 28 47
30 37 29 104
30 37 30 19
30 37 31 118
30 37 32 62
30 37 33 89
30 37 34 96
30 37 35 14
30 37 36 70
30 37 37 117
30 37 38 77
30 37 39 88
30 37 40 12
30 37 41 27
30 37 42 109
30 38 0 50
30 38 1 86
30 38 2 21
30 38 3 79
30 38 4 107
30 38 5 62
30 38 6 121
30 38 7 40
30 38 8 92
30 38 9 48
30 38 10 0
30 38 11 84
30 38 12 52
30 38 13 61
30 38 14 16
30 38 15 98
30 38 16 17
30 38 17 4
30 38 18 119
30 38 19 36
30 38 20 18
30 38 21 97
30 38 22 11
30 38 23 111
30 38 24 118
30 38 25 59
30 38 26 14
30 38 27 96
30 38 28 103
30 38 29 41
30 38 30 56
30 38 31 124
30 38 32 70
30 38 33 83
30 38 34 38
30 38 35 45
30 38 36 74
30 38 37 123
30 38 38 73
30 38 39 7
30 38 40 1
30 38 41 108
30 38 42 115
30 39 0 61
30 39 1 13
30 39 2 50
30 39 3 106
30 39 4 65
30 39 5 49
30 39 6 9
30 39 7 91
30 39 8 81
30 39 9 33
30 39 10 112
30 39 11 119
30 39 12 67
30 39 13 34
30 39 14 97
30 39 15 40
30 39 16 31
30 39 17 118
30 39 18 25
30 39 19 29
30 39 20 64
30 39 21 1
30 39 22 110
30 39 23 62
30 39 24 124
30 39 25 22
30 39 26 76
30 39 27 102
30 39 28 14
30 39 29 116
30 39 30 60
30 39 31 87
30 39 32 47
30 39 33 20
30 39 34 53
30 39 35 78
30 39 36 122
30 39 37 74
30 39 38 12
30 39 39 35
30 39 40 48
30 39 41 114
30 39 42 66
30 40 0 34
30 40 1 77
30 40 2 84
30 40 3 112
30 40 4 119
30 40 5 14
30 40 6 90
30 40 7 74
30 40 8 23
30 40 9 81
30 40 10 118
30 40 11 125
30 40 12 1
30 40 13 64
30 40 14 36
30 40 15 24
30 40 16 117
30 40 17 0
30 40 18 42
30 40 19 95
30 40 20 16
30 40 21 109
30 40 22 116
30 40 23 48
30 40 24 9
30 40 25 60
30 40 26 57
30 40 27 25
30 40 28 115
30 40 29 45
30 40 30 86
30 40 31 93
30 40 32 3
30 40 33 107
30 40 34 85
30 40 35 121
30 40 36 79
30 40 37 8
30 40 38 27
30 40 39 43
30 40 40 113
30 40 41 120
30 40 42 12
30 41 0 68
30 41 1 49
30 41 2 56
30 41 3 118
30 41 4 21
30 41 5 77
30 41 6 96
30 41 7 35
30 41 8 72
30 41 9 83
30 41 10 45
30 41 11 6
30 41 12 95
30 41 13 17
30 41 14 29
30 41 15 116
30 41 16 33
30 41 17 36
30 41 18 94
30 41 19 5
30 41 20 108
30 41 21 115
30 41 22 66
30 41 23 39
30 41 24 93
30 41 25 100
30 41 26 8
30 41 27 114
30 41 28 79
30 41 29 50
30 41 30 74
30 41 31 0
30 41 32 106
30 41 33 59
30 41 34 43
30 41 35 70
30 41 36 23
30 41 37 41
30 41 38 105
30 41 39 57
30 41 40 54
30 41 41 126
30 41 42 20
30 42 0 81
30 42 1 56
30 42 2 70
30 42 3 20
30 42 4 88
30 42 5 48
30 42 6 35
30 42 7 54
30 42 8 116
30 42 9 123
30 42 10 24
30 42 11 94
30 42 12 9
30 42 13 13
30 42 14 115
30 42 15 22
30 42 16 32
30 42 17 58
30 42 18 28
30 42 19 73
30 42 20 114
30 42 21 53
30 42 22 38
30 42 23 65
30 42 24 99
30 42 25 10
30 42 26 113
30 42 27 120
30 42 28 17
30 42 29 66
30 42 30 40
30 42 31 78
30 42 32 112
30 42 33 119
30 42 34 57
30 42 35 21
30 42 36 39
30 42 37 104
30 42 38 111
30 42 39 83
30 42 40 84
30 42 41 37
30 42 42 96
31 0 0 71
31 0 1 21
31 0 2 88
31 0 3 49
31 0 4 36
31 0 5 55
31 0 6 116
31 0 7 123
31 0 8 25
31 0 9 94
31 0 10 10
31 0 11 14
31 0 12 115
31 0 13 23
31 0 14 33
31 0 15 59
31 0 16 29
31 0 17 74
31 0 18 114
31 0 19 54
31 0 20 39
31 0 21 66
31 0 22 99
31 0 23 11
31 0 24 113
31 0 25 120
31 0 26 18
31 0 27 67
31 0 28 41
31 0 29 79
31 0 30 112
31 0 31 119
31 0 32 58
31 0 33 22
31 0 34 40
31 0 35 104
31 0 36 111
31 0 37 84
31 0 38 85
31 0 39 38
31 0 40 96
31 0 41 82
31 0 42 57
31 1 0 42
31 1 1 81
31 1 2 69
31 1 3 27
31 1 4 83
31 1 5 115
31 1 6 122
31 1 7 16
31 1 8 84
31 1 9 21
31 1 10 32
31 1 11 114
31 1 12 13
31 1 13 29
31 1 14 92
31 1 15 7
31 1 16 70
31 1 17 113
31 1 18 120
31 1 19 15
31 1 20 80
31 1 21 98
31 1 22 19
31 1 23 74
31 1 24 72
31 1 25 126
31 1 26 43
31 1 27 5
31 1 28 55
31 1 29 76
31 1 30 118
31 1 31 125
31 1 32 12
31 1 33 20
31 1 34 103
31 1 35 110
31 1 36 117
31 1 37 124
31 1 38 0
31 1 39 66
31 1 40 59
31 1 41 57
31 1 42 116
31 2 0 82
31 2 1 93
31 2 2 28
31 2 3 107
31 2 4 114
31 2 5 121
31 2 6 34
31 2 7 92
31 2 8 30
31 2 9 38
31 2 10 113
31 2 11 25
31 2 12 27
31 2 13 91
31 2 14 3
31 2 15 105
31 2 16 54
31 2 17 70
31 2 18 23
31 2 19 69
31 2 20 97
31 2 21 5
31 2 22 111
31 2 23 50
31 2 24 56
31 2 25 89
31 2 26 37
31 2 27 78
31 2 28 84
31 2 29 74
31 2 30 60
31 2 31 7
31 2 32 9
31 2 33 102
31 2 34 109
31 2 35 62
31 2 36 65
31 2 37 39
31 2 38 61
31 2 39 101
31 2 40 47
31 2 41 115
31 2 42 42
31 3 0 68
31 3 1 1
31 3 2 106
31 3 3 113
31 3 4 82
31 3 5 39
31 3 6 91
31 3 7 0
31 3 8 32
31 3 9 112
31 3 10 36
31 3 11 17
31 3 12 90
31 3 13 33
31 3 14 104
31 3 15 111
31 3 16 47
31 3 17 25
31 3 18 89
31 3 19 46
31 3 20 19
31 3 21 110
31 3 22 117
31 3 23 124
31 3 24 45
31 3 25 37
31 3 26 59
31 3 27 65
31 3 28 116
31 3 29 123
31 3 30 40
31 3 31 9
31 3 32 57
31 3 33 108
31 3 34 70
31 3 35 52
31 3 36 4
31 3 37 93
31 3 38 72
31 3 39 107
31 3 40 114
31 3 41 15
31 3 42 71
31 4 0 3
31 4 1 54
31 4 2 61
31 4 3 119
31 4 4 5
31 4 5 90
31 4 6 22
31 4 7 28
31 4 8 111
31 4 9 16
31 4 10 0
31 4 11 63
31 4 12 7
31 4 13 103
31 4 14 110
31 4 15 117
31 4 16 36
31 4 17 64
31 4 18 95
31 4 19 13
31 4 20 109
31 4 21 45
31 4 22 69
31 4 23 87
31 4 24 42
31 4 25 101
31 4 26 81
31 4 27 115
31 4 28 122
31 4 29 8
31 4 30 10
31 4 31 100
31 4 32 80
31 4 33 47
31 4 34 65
31 4 35 14
31 4 36 58
31 4 37 71
31 4 38 106
31 4 39 113
31 4 40 4
31 4 41 74
31 4 42 52
31 5 0 76
31 5 1 111
31 5 2 118
31 5 3 35
31 5 4 74
31 5 5 24
31 5 6 10
31 5 7 110
31 5 8 26
31 5 9 29
31 5 10 88
31 5 11 8
31 5 12 102
31 5 13 109
31 5 14 71
31 5 15 18
31 5 16 87
31 5 17 94
31 5 18 40
31 5 19 108
31 5 20 43
31 5 21 46
31 5 22 86
31 5 23 39
31 5 24 52
31 5 25 107
31 5 26 114
31 5 27 121
31 5 28 12
31 5 29 9
31 5 30 99
31 5 31 83
31 5 32 67
31 5 33 120
31 5 34 20
31 5 35 68
31 5 36 53
31 5 37 51
31 5 38 75
31 5 39 7
31 5 40 50
31 5 41 61
31 5 42 36
31 6 0 110
31 6 1 63
31 6 2 8
31 6 3 88
31 6 4 33
31 6 5 38
31 6 6 109
31 6 7 41
31 6 8 21
31 6 9 80
31 6 10 29
31 6 11 48
31 6 12 108
31 6 13 59
31 6 14 16
31 6 15 86
31 6 16 44
31 6 17 40
31 6 18 54
31 6 19 72
31 6 20 76
31 6 21 77
31 6 22 15
31 6 23 62
31 6 24 106
31 6 25 113
31 6 26 66
31 6 27 32
31 6 28 42
31 6 29 98
31 6 30 105
31 6 31 112
31 6 32 65
31 6 33 37
31 6 34 79
31 6 35 45
31 6 36 84
31 6 37 111
31 6 38 11
31 6 39 125
31 6 40 89
31 6 41 39
31 6 42 69
31 7 0 116
31 7 1 27
31 7 2 76
31 7 3 4
31 7 4 13
31 7 5 108
31 7 6 6
31 7 7 22
31 7 8 67
31 7 9 30
31 7 10 100
31 7 11 56
31 7 12 60
31 7 13 0
31 7 14 50
31 7 15 92
31 7 16 11
31 7 17 52
31 7 18 71
31 7 19 120
31 7 20 14
31 7 21 21
31 7 22 58
31 7 23 80
31 7 24 69
31 7 25 119
31 7 26 28
31 7 27 8
31 7 28 97
31 7 29 104
31 7 30 47
31 7 31 48
31 7 32 15
31 7 33 89
31 7 34 96
31 7 35 65
31 7 36 110
31 7 37 17
31 7 38 62
31 7 39 77
31 7 40 35
31 7 41 84
31 7 42 109
31 8 0 0
31 8 1 48
31 8 2 19
31 8 3 30
31 8 4 107
31 8 5 25
31 8 6 14
31 8 7 62
31 8 8 12
31 8 9 99
31 8 10 49
31 8 11 50
31 8 12 3
31 8 13 38
31 8 14 91
31 8 15 39
31 8 16 105
31 8 17 112
31 8 18 58
31 8 19 126
31 8 20 32
31 8 21 44
31 8 22 72
31 8 23 111
31 8 24 118
31 8 25 42
31 8 26 21
31 8 27 63
31 8 28 103
31 8 29 57
31 8 30 117
31 8 31 17
31 8 32 52
31 8 33 81
31 8 34 66
31 8 35 109
31 8 36 20
31 8 37 123
31 8 38 87
31 8 39 16
31 8 40 101
31 8 41 108
31 8 42 115
31 9 0 43
31 9 1 25
31 9 2 9
31 9 3 106
31 9 4 2
31 9 5 33
31 9 6 57
31 9 7 14
31 9 8 98
31 9 9 105
31 9 10 112
31 9 11 36
31 9 12 126
31 9 13 90
31 9 14 5
31 9 15 104
31 9 16 82
31 9 17 67
31 9 18 53
31 9 19 21
31 9 20 96
31 9 21 48
31 9 22 110
31 9 23 85
31 9 24 32
31 9 25 6
31 9 26 95
31 9 27 102
31 9 28 76
31 9 29 61
31 9 30 13
31 9 31 87
31 9 32 47
31 9 33 101
31 9 34 108
31 9 35 8
31 9 36 122
31 9 37 86
31 9 38 38
31 9 39 55
31 9 40 56
31 9 41 114
31 9 42 19
31 10 0 29
31 10 1 17
31 10 2 105
31 10 3 10
31 10 4 37
31 10 5 72
31 10 6 0
31 10 7 97
31 10 8 104
31 10 9 64
31 10 10 24
31 10 11 71
31 10 12 43
31 10 13 11
31 10 14 103
31 10 15 83
31 10 16 117
31 10 17 124
31 10 18 6
31 10 19 57
31 10 20 58
31 10 21 109
31 10 22 116
31 10 23 13
31 10 24 30
31 10 25 94
31 10 26 79
31 10 27 68
31 10 28 47
31 10 29 41
31 10 30 86
31 10 31 93
31 10 32 77
31 10 33 53
31 10 34 14
31 10 35 121
31 10 36 55
31 10 37 26
31 10 38 45
31 10 39 49
31 10 40 113
31 10 41 5
31 10 42 81
31 11 0 37
31 11 1 104
31 11 2 32
31 11 3 0
31 11 4 125
31 11 5 19
31 11 6 85
31 11 7 103
31 11 8 79
31 11 9 3
31 11 10 124
31 11 11 88
31 11 12 42
31 11 13 102
31 11 14 64
31 11 15 60
31 11 16 69
31 11 17 2
31 11 18 83
31 11 19 101
31 11 20 108
31 11 21 115
31 11 22 41
31 11 23 20
31 11 24 82
31 11 25 100
31 11 26 107
31 11 27 43
31 11 28 30
31 11 29 71
31 11 30 72
31 11 31 76
31 11 32 51
31 11 33 23
31 11 34 61
31 11 35 24
31 11 36 16
31 11 37 46
31 11 38 105
31 11 39 57
31 11 40 7
31 11 41 68
31 11 42 5
31 12 0 103
31 12 1 6
31 12 2 15
31 12 3 74
31 12 4 35
31 12 5 95
31 12 6 102
31 12 7 72
31 12 8 27
31 12 9 44
31 12 10 55
31 12 11 2
31 12 12 73
31 12 13 54
31 12 14 52
31 12 15 80
31 12 16 4
31 12 17 93
31 12 18 81
31 12 19 65
31 12 20 114
31 12 21 11
31 12 22 34
31 12 23 92
31 12 24 99
31 12 25 106
31 12 26 53
31 12 27 41
31 12 28 5
31 12 29 59
31 12 30 62
31 12 31 105
31 12 32 8
31 12 33 119
31 12 34 126
31 12 35 19
31 12 36 77
31 12 37 104
31 12 38 111
31 12 39 32
31 12 40 125
31 12 41 40
31 12 42 13
31 13 0 24
31 13 1 29
31 13 2 123
31 13 3 11
31 13 4 94
31 13 5 44
31 13 6 51
31 13 7 23
31 13 8 53
31 13 9 74
31 13 10 8
31 13 11 100
31 13 12 107
31 13 13 77
31 13 14 47
31 13 15 25
31 13 16 83
31 13 17 58
31 13 18 68
31 13 19 113
31 13 20 20
31 13 21 30
31 13 22 91
31 13 23 98
31 13 24 67
31 13 25 112
31 13 26 4
31 13 27 126
31 13 28 79
31 13 29 60
31 13 30 104
31 13 31 22
31 13 32 118
31 13 33 84
31 13 34 3
31 13 35 96
31 13 36 103
31 13 37 110
31 13 38 33
31 13 39 85
31 13 40 41
31 13 41 21
31 13 42 102
31 14 0 38
31 14 1 122
31 14 2 27
31 14 3 66
31 14 4 100
31 14 5 107
31 14 6 26
31 14 7 80
31 14 8 77
31 14 9 12
31 14 10 99
31 14 11 106
31 14 12 76
31 14 13 120
31 14 14 42
31 14 15 53
31 14 16 78
31 14 17 105
31 14 18 48
31 14 19 10
31 14 20 7
31 14 21 90
31 14 22 97
31 14 23 83
31 14 24 46
31 14 25 23
31 14 26 60
31 14 27 89
31 14 28 96
31 14 29 103
31 14 30 22
31 14 31 59
31 14 32 124
31 14 33 1
31 14 34 58
31 14 35 102
31 14 36 109
31 14 37 11
31 14 38 123
31 14 39 33
31 14 40 36
31 14 41 101
31 14 42 9
31 15 0 121
31 15 1 14
31 15 2 92
31 15 3 99
31 15 4 106
31 15 5 16
31 15 6 120
31 15 7 66
31 15 8 15
31 15 9 98
31 15 10 58
31 15 11 112
31 15 12 44
31 15 13 5
31 15 14 83
31 15 15 43
31 15 16 104
31 15 17 111
31 15 18 9
31 15 19 11
31 15 20 45
31 15 21 74
31 15 22 64
31 15 23 70
31 15 24 20
31 15 25 124
31 15 26 49
31 15 27 55
31 15 28 102
31 15 29 6
31 15 30 116
31 15 31 79
31 15 32 26
31 15 33 78
31 15 34 51
31 15 35 108
31 15 36 12
31 15 37 122
31 15 38 19
31 15 39 3
31 15 40 100
31 15 41 34
31 15 42 40
31 16 0 23
31 16 1 91
31 16 2 98
31 16 3 65
31 16 4 18
31 16 5 79
31 16 6 67
31 16 7 4
31 16 8 97
31 16 9 48
31 16 10 46
31 16 11 82
31 16 12 15
31 16 13 89
31 16 14 96
31 16 15 103
31 16 16 110
31 16 17 10
31 16 18 22
31 16 19 88
31 16 20 95
31 16 21 72
31 16 22 50
31 16 23 25
31 16 24 62
31 16 25 87
31 16 26 76
31 16 27 74
31 16 28 0
31 16 29 115
31 16 30 68
31 16 31 37
31 16 32 93
31 16 33 100
31 16 34 78
31 16 35 29
31 16 36 121
31 16 37 2
31 16 38 26
31 16 39 99
31 16 40 30
31 16 41 19
31 16 42 64
31 17 0 90
31 17 1 97
31 17 2 50
31 17 3 34
31 17 4 56
31 17 5 125
31 17 6 20
31 17 7 77
31 17 8 48
31 17 9 66
31 17 10 117
31 17 11 23
31 17 12 63
31 17 13 64
31 17 14 102
31 17 15 109
31 17 16 10
31 17 17 12
31 17 18 47
31 17 19 94
31 17 20 101
31 17 21 69
31 17 22 25
31 17 23 81
31 17 24 86
31 17 25 93
31 17 26 100
31 17 27 14
31 17 28 114
31 17 29 82
31 17 30 39
31 17 31 51
31 17 32 99
31 17 33 74
31 17 34 16
31 17 35 46
31 17 36 35
31 17 37 37
31 17 38 98
31 17 39 24
31 17 40 32
31 17 41 119
31 17 42 28
31 18 0 64
31 18 1 75
31 18 2 35
31 18 3 117
31 18 4 70
31 18 5 20
31 18 6 95
31 18 7 48
31 18 8 55
31 18 9 79
31 18 10 19
31 18 11 87
31 18 12 50
31 18 13 47
31 18 14 108
31 18 15 42
31 18 16 7
31 18 17 77
31 18 18 61
31 18 19 45
31 18 20 107
31 18 21 14
31 18 22 73
31 18 23 54
31 18 24 68
31 18 25 99
31 18 26 0
31 18 27 113
31 18 28 120
31 18 29 4
31 18 30 81
31 18 31 98
31 18 32 105
31 18 33 12
31 18 34 119
31 18 35 33
31 18 36 6
31 18 37 97
31 18 38 30
31 18 39 41
31 18 40 118
31 18 41 3
31 18 42 59
31 19 0 66
31 19 1 26
31 19 2 73
31 19 3 123
31 19 4 41
31 19 5 94
31 19 6 101
31 19 7 63
31 19 8 70
31 19 9 24
31 19 10 86
31 19 11 93
31 19 12 100
31 19 13 61
31 19 14 22
31 19 15 40
31 19 16 68
31 19 17 92
31 19 18 62
31 19 19 106
31 19 20 21
31 19 21 120
31 19 22 1
31 19 23 59
31 19 24 98
31 19 25 8
31 19 26 47
31 19 27 44
31 19 28 23
31 19 29 56
31 19 30 97
31 19 31 104
31 19 32 33
31 19 33 118
31 19 34 29
31 19 35 39
31 19 36 96
31 19 37 5
31 19 38 9
31 19 39 83
31 19 40 37
31 19 41 88
31 19 42 95
31 20 0 26
31 20 1 66
31 20 2 122
31 20 3 40
31 20 4 55
31 20 5 82
31 20 6 107
31 20 7 54
31 20 8 41
31 20 9 43
31 20 10 81
31 20 11 99
31 20 12 56
31 20 13 20
31 20 14 38
31 20 15 73
31 20 16 91
31 20 17 69
31 20 18 51
31 20 19 18
31 20 20 57
31 20 21 126
31 20 22 44
31 20 23 97
31 20 24 10
31 20 25 111
31 20 26 71
31 20 27 22
31 20 28 89
31 20 29 85
31 20 30 103
31 20 31 13
31 20 32 83
31 20 33 25
31 20 34 28
31 20 35 95
31 20 36 32
31 20 37 1
31 20 38 116
31 20 39 12
31 20 40 80
31 20 41 94
31 20 42 101
31 21 0 56
31 21 1 121
31 21 2 4
31 21 3 92
31 21 4 85
31 21 5 106
31 21 6 68
31 21 7 27
31 21 8 6
31 21 9 54
31 21 10 98
31 21 11 105
31 21 12 34
31 21 13 10
31 21 14 74
31 21 15 90
31 21 16 73
31 21 17 59
31 21 18 15
31 21 19 64
31 21 20 77
31 21 21 89
31 21 22 48
31 21 23 36
31 21 24 110
31 21 25 117
31 21 26 9
31 21 27 45
31 21 28 95
31 21 29 102
31 21 30 2
31 21 31 116
31 21 32 19
31 21 33 18
31 21 34 94
31 21 35 37
31 21 36 25
31 21 37 115
31 21 38 17
31 21 39 43
31 21 40 52
31 21 41 63
31 21 42 38
31 22 0 61
31 22 1 9
31 22 2 91
31 22 3 60
31 22 4 67
31 22 5 112
31 22 6 5
31 22 7 126
31 22 8 66
31 22 9 97
31 22 10 104
31 22 11 26
31 22 12 6
31 22 13 125
31 22 14 70
31 22 15 96
31 22 16 77
31 22 17 41
31 22 18 117
31 22 19 124
31 22 20 85
31 22 21 95
31 22 22 4
31 22 23 109
31 22 24 57
31 22 25 39
31 22 26 87
31 22 27 94
31 22 28 45
31 22 29 17
31 22 30 115
31 22 31 32
31 22 32 36
31 22 33 93
31 22 34 30
31 22 35 21
31 22 36 114
31 22 37 27
31 22 38 54
31 22 39 92
31 22 40 75
31 22 41 28
31 22 42 76
31 23 0 21
31 23 1 90
31 23 2 62
31 23 3 68
31 23 4 75
31 23 5 40
31 23 6 71
31 23 7 89
31 23 8 76
31 23 9 103
31 23 10 17
31 23 11 11
31 23 12 69
31 23 13 88
31 23 14 48
31 23 15 55
31 23 16 23
31 23 17 61
31 23 18 78
31 23 19 87
31 23 20 94
31 23 21 20
31 23 22 108
31 23 23 73
31 23 24 4
31 23 25 86
31 23 26 74
31 23 27 100
31 23 28 7
31 23 29 114
31 23 30 0
31 23 31 25
31 23 32 92
31 23 33 14
31 23 34 1
31 23 35 113
31 23 36 2
31 23 37 49
31 23 38 91
31 23 39 60
31 23 40 18
31 23 41 112
31 23 42 119
31 24 0 46
31 24 1 96
31 24 2 52
31 24 3 71
31 24 4 1
31 24 5 124
31 24 6 56
31 24 7 95
31 24 8 102
31 24 9 34
31 24 10 6
31 24 11 123
31 24 12 45
31 24 13 53
31 24 14 101
31 24 15 4
31 24 16 61
31 24 17 55
31 24 18 86
31 24 19 82
31 24 20 42
31 24 21 54
31 24 22 81
31 24 23 28
31 24 24 64
31 24 25 92
31 24 26 99
31 24 27 35
31 24 28 113
31 24 29 2
31 24 30 33
31 24 31 91
31 24 32 10
31 24 33 8
31 24 34 69
31 24 35 11
31 24 36 72
31 24 37 90
31 24 38 43
31 24 39 27
31 24 40 62
31 24 41 118
31 24 42 0
31 25 0 84
31 25 1 44
31 25 2 59
31 25 3 41
31 25 4 51
31 25 5 87
31 25 6 94
31 25 7 57
31 25 8 35
31 25 9 18
31 25 10 122
31 25 11 77
31 25 12 93
31 25 13 70
31 25 14 36
31 25 15 78
31 25 16 64
31 25 17 80
31 25 18 92
31 25 19 5
31 25 20 52
31 25 21 50
31 25 22 26
31 25 23 16
31 25 24 91
31 25 25 98
31 25 26 27
31 25 27 58
31 25 28 32
31 25 29 30
31 25 30 90
31 25 31 20
31 25 32 34
31 25 33 111
31 25 34 7
31 25 35 125
31 25 36 43
31 25 37 96
31 25 38 6
31 25 39 56
31 25 40 65
31 25 41 14
31 25 42 88
31 26 0 101
31 26 1 58
31 26 2 12
31 26 3 44
31 26 4 86
31 26 5 81
31 26 6 100
31 26 7 3
31 26 8 34
31 26 9 121
31 26 10 64
31 26 11 53
31 26 12 75
31 26 13 39
31 26 14 67
31 26 15 120
31 26 16 40
31 26 17 91
31 26 18 11
31 26 19 105
31 26 20 112
31 26 21 23
31 26 22 126
31 26 23 90
31 26 24 97
31 26 25 20
31 26 26 111
31 26 27 38
31 26 28 25
31 26 29 89
31 26 30 28
31 26 31 24
31 26 32 110
31 26 33 13
31 26 34 46
31 26 35 88
31 26 36 49
31 26 37 29
31 26 38 70
31 26 39 116
31 26 40 42
31 26 41 72
31 26 42 54
31 27 0 107
31 27 1 4
31 27 2 56
31 27 3 69
31 27 4 92
31 27 5 99
31 27 6 28
31 27 7 1
31 27 8 50
31 27 9 73
31 27 10 80
31 27 11 68
31 27 12 26
31 27 13 112
31 27 14 51
31 27 15 126
31 27 16 90
31 27 17 24
31 27 18 104
31 27 19 85
31 27 20 27
31 27 21 43
31 27 22 78
31 27 23 64
31 27 24 39
31 27 25 110
31 27 26 19
31 27 27 37
31 27 28 88
31 27 29 16
31 27 30 38
31 27 31 109
31 27 32 3
31 27 33 123
31 27 34 60
31 27 35 63
31 27 36 14
31 27 37 65
31 27 38 115
31 27 39 21
31 27 40 81
31 27 41 93
31 27 42 46
31 28 0 18
31 28 1 120
31 28 2 2
31 28 3 91
31 28 4 98
31 28 5 9
31 28 6 4
31 28 7 119
31 28 8 60
31 28 9 83
31 28 10 72
31 28 11 1
31 28 12 64
31 28 13 66
31 28 14 59
31 28 15 56
31 28 16 33
31 28 17 103
31 28 18 85
31 28 19 12
31 28 20 124
31 28 21 88
31 28 22 95
31 28 23 7
31 28 24 109
31 28 25 29
31 28 26 10
31 28 27 87
31 28 28 11
31 28 29 19
31 28 30 108
31 28 31 40
31 28 32 122
31 28 33 73
31 28 34 93
31 28 35 36
31 28 36 107
31 28 37 114
31 28 38 3
31 28 39 69
31 28 40 53
31 28 41 49
31 28 42 106
31 29 0 58
31 29 1 126
31 29 2 90
31 29 3 97
31 29 4 34
31 29 5 2
31 29 6 118
31 29 7 125
31 29 8 89
31 29 9 96
31 29 10 26
31 29 11 85
31 29 12 117
31 29 13 124
31 29 14 88
31 29 15 8
31 29 16 102
31 29 17 57
31 29 18 7
31 29 19 70
31 29 20 65
31 29 21 94
31 29 22 29
31 29 23 108
31 29 24 35
31 29 25 25
31 29 26 86
31 29 27 13
31 29 28 17
31 29 29 52
31 29 30 1
31 29 31 121
31 29 32 50
31 29 33 83
31 29 34 39
31 29 35 106
31 29 36 113
31 29 37 16
31 29 38 67
31 29 39 73
31 29 40 69
31 29 41 45
31 29 42 6
31 30 0 47
31 30 1 84
31 30 2 80
31 30 3 28
31 30 4 22
31 30 5 68
31 30 6 64
31 30 7 58
31 30 8 78
31 30 9 2
31 30 10 75
31 30 11 52
31 30 12 72
31 30 13 79
31 30 14 11
31 30 15 71
31 30 16 66
31 30 17 7
31 30 18 63
31 30 19 55
31 30 20 51
31 30 21 19
31 30 22 43
31 30 23 30
31 30 24 33
31 30 25 74
31 30 26 24
31 30 27 16
31 30 28 62
31 30 29 35
31 30 30 54
31 30 31 50
31 30 32 85
31 30 33 40
31 30 34 82
31 30 35 77
31 30 36 38
31 30 37 69
31 30 38 76
31 30 39 53
31 30 40 73
31 30 41 41
31 30 42 70
31 31 0 88
31 31 1 95
31 31 2 1
31 31 3 18
31 31 4 116
31 31 5 123
31 31 6 87
31 31 7 47
31 31 8 17
31 31 9 60
31 31 10 79
31 31 11 75
31 31 12 81
31 31 13 16
31 31 14 100
31 31 15 107
31 31 16 24
31 31 17 65
31 31 18 55
31 31 19 92
31 31 20 6
31 31 21 53
31 31 22 40
31 31 23 14
31 31 24 31
31 31 25 5
31 31 26 22
31 31 27 105
31 31 28 13
31 31 29 119
31 31 30 83
31 31 31 78
31 31 32 38
31 31 33 48
31 31 34 111
31 31 35 3
31 31 36 125
31 31 37 89
31 31 38 96
31 31 39 63
31 31 40 2
31 31 41 117
31 31 42 124
31 32 0 94
31 32 1 40
31 32 2 34
31 32 3 115
31 32 4 122
31 32 5 86
31 32 6 93
31 32 7 21
31 32 8 107
31 32 9 56
31 32 10 52
31 32 11 79
31 32 12 24
31 32 13 99
31 32 14 106
31 32 15 22
31 32 16 120
31 32 17 75
31 32 18 91
31 32 19 27
31 32 20 105
31 32 21 3
31 32 22 38
31 32 23 126
31 32 24 29
31 32 25 32
31 32 26 104
31 32 27 0
31 32 28 118
31 32 29 125
31 32 30 89
31 32 31 12
31 32 32 63
31 32 33 110
31 32 34 8
31 32 35 49
31 32 36 46
31 32 37 82
31 32 38 84
31 32 39 17
31 32 40 76
31 32 41 65
31 32 42 45
31 33 0 17
31 33 1 28
31 33 2 114
31 33 3 121
31 33 4 79
31 33 5 49
31 33 6 13
31 33 7 106
31 33 8 59
31 33 9 120
31 33 10 67
31 33 11 3
31 33 12 98
31 33 13 83
31 33 14 23
31 33 15 85
31 33 16 45
31 33 17 90
31 33 18 18
31 33 19 104
31 33 20 2
31 33 21 6
31 33 22 125
31 33 23 37
31 33 24 27
31 33 25 103
31 33 26 33
31 33 27 84
31 33 28 70
31 33 29 62
31 33 30 12
31 33 31 63
31 33 32 109
31 33 33 11
31 33 34 123
31 33 35 87
31 33 36 54
31 33 37 101
31 33 38 36
31 33 39 80
31 33 40 68
31 33 41 75
31 33 42 55
31 34 0 10
31 34 1 113
31 34 2 67
31 34 3 17
31 34 4 61
31 34 5 1
31 34 6 47
31 34 7 112
31 34 8 51
31 34 9 76
31 34 10 16
31 34 11 97
31 34 12 78
31 34 13 26
31 34 14 56
31 34 15 125
31 34 16 59
31 34 17 22
31 34 18 103
31 34 19 0
31 34 20 8
31 34 21 124
31 34 22 9
31 34 23 33
31 34 24 102
31 34 25 12
31 34 26 116
31 34 27 123
31 34 28 87
31 34 29 7
31 34 30 101
31 34 31 108
31 34 32 29
31 34 33 122
31 34 34 86
31 34 35 93
31 34 36 81
31 34 37 18
31 34 38 73
31 34 39 52
31 34 40 84
31 34 41 92
31 34 42 15
31 35 0 48
31 35 1 119
31 35 2 126
31 35 3 54
31 35 4 15
31 35 5 46
31 35 6 61
31 35 7 64
31 35 8 125
31 35 9 41
31 35 10 83
31 35 11 49
31 35 12 5
31 35 13 117
31 35 14 62
31 35 15 88
31 35 16 16
31 35 17 102
31 35 18 24
31 35 19 3
31 35 20 123
31 35 21 25
31 35 22 0
31 35 23 47
31 35 24 23
31 35 25 115
31 35 26 122
31 35 27 86
31 35 28 35
31 35 29 55
31 35 30 53
31 35 31 38
31 35 32 121
31 35 33 68
31 35 34 84
31 35 35 70
31 35 36 36
31 35 37 78
31 35 38 120
31 35 39 71
31 35 40 91
31 35 41 18
31 35 42 34
31 36 0 118
31 36 1 49
31 36 2 89
31 36 3 7
31 36 4 77
31 36 5 53
31 36 6 117
31 36 7 59
31 36 8 20
31 36 9 95
31 36 10 43
31 36 11 33
31 36 12 62
31 36 13 123
31 36 14 76
31 36 15 6
31 36 16 79
31 36 17 38
31 36 18 34
31 36 19 122
31 36 20 37
31 36 21 24
31 36 22 100
31 36 23 42
31 36 24 114
31 36 25 121
31 36 26 84
31 36 27 39
31 36 28 67
31 36 29 51
31 36 30 8
31 36 31 66
31 36 32 22
31 36 33 50
31 36 34 44
31 36 35 23
31 36 36 112
31 36 37 52
31 36 38 60
31 36 39 90
31 36 40 28
31 36 41 16
31 36 42 111
31 37 0 124
31 37 1 77
31 37 2 21
31 37 3 73
31 37 4 80
31 37 5 43
31 37 6 123
31 37 7 5
31 37 8 94
31 37 9 101
31 37 10 13
31 37 11 45
31 37 12 122
31 37 13 56
31 37 14 12
31 37 15 100
31 37 16 28
31 37 17 42
31 37 18 121
31 37 19 32
31 37 20 30
31 37 21 99
31 37 22 35
31 37 23 113
31 37 24 74
31 37 25 3
31 37 26 36
31 37 27 75
31 37 28 105
31 37 29 14
31 37 30 119
31 37 31 126
31 37 32 70
31 37 33 44
31 37 34 26
31 37 35 50
31 37 36 57
31 37 37 125
31 37 38 79
31 37 39 1
31 37 40 27
31 37 41 110
31 37 42 72
31 38 0 87
31 38 1 18
31 38 2 101
31 38 3 81
31 38 4 45
31 38 5 122
31 38 6 19
31 38 7 44
31 38 8 72
31 38 9 35
31 38 10 73
31 38 11 121
31 38 12 51
31 38 13 8
31 38 14 99
31 38 15 11
31 38 16 9
31 38 17 120
31 38 18 29
31 38 19 17
31 38 20 98
31 38 21 27
31 38 22 60
31 38 23 119
31 38 24 126
31 38 25 34
31 38 26 48
31 38 27 104
31 38 28 20
31 38 29 118
31 38 30 63
31 38 31 89
31 38 32 96
31 38 33 15
31 38 34 71
31 38 35 117
31 38 36 78
31 38 37 88
31 38 38 13
31 38 39 28
31 38 40 109
31 38 41 116
31 38 42 82
31 39 0 22
31 39 1 80
31 39 2 107
31 39 3 63
31 39 4 121
31 39 5 41
31 39 6 92
31 39 7 49
31 39 8 1
31 39 9 85
31 39 10 53
31 39 11 62
31 39 12 17
31 39 13 98
31 39 14 18
31 39 15 5
31 39 16 119
31 39 17 37
31 39 18 19
31 39 19 97
31 39 20 12
31 39 21 111
31 39 22 118
31 39 23 60
31 39 24 15
31 39 25 96
31 39 26 103
31 39 27 42
31 39 28 57
31 39 29 124
31 39 30 71
31 39 31 84
31 39 32 39
31 39 33 46
31 39 34 75
31 39 35 123
31 39 36 74
31 39 37 8
31 39 38 2
31 39 39 108
31 39 40 115
31 39 41 51
31 39 42 86
31 40 0 51
31 40 1 106
31 40 2 66
31 40 3 50
31 40 4 10
31 40 5 91
31 40 6 82
31 40 7 34
31 40 8 112
31 40 9 119
31 40 10 68
31 40 11 35
31 40 12 97
31 40 13 41
31 40 14 32
31 40 15 118
31 40 16 26
31 40 17 30
31 40 18 65
31 40 19 2
31 40 20 110
31 40 21 63
31 40 22 124
31 40 23 23
31 40 24 77
31 40 25 102
31 40 26 15
31 40 27 116
31 40 28 61
31 40 29 87
31 40 30 48
31 40 31 21
31 40 32 54
31 40 33 79
31 40 34 122
31 40 35 75
31 40 36 13
31 40 37 36
31 40 38 49
31 40 39 114
31 40 40 67
31 40 41 62
31 40 42 14
31 41 0 85
31 41 1 112
31 41 2 119
31 41 3 15
31 41 4 90
31 41 5 75
31 41 6 24
31 41 7 82
31 41 8 118
31 41 9 125
31 41 10 2
31 41 11 65
31 41 12 37
31 41 13 25
31 41 14 117
31 41 15 1
31 41 16 0
31 41 17 95
31 41 18 17
31 41 19 109
31 41 20 116
31 41 21 49
31 41 22 10
31 41 23 61
31 41 24 58
31 41 25 26
31 41 26 115
31 41 27 46
31 41 28 86
31 41 29 93
31 41 30 4
31 41 31 107
31 41 32 43
31 41 33 121
31 41 34 80
31 41 35 9
31 41 36 28
31 41 37 44
31 41 38 113
31 41 39 120
31 41 40 13
31 41 41 35
31 41 42 78
31 42 0 57
31 42 1 118
31 42 2 22
31 42 3 78
31 42 4 96
31 42 5 36
31 42 6 73
31 42 7 84
31 42 8 46
31 42 9 7
31 42 10 95
31 42 11 18
31 42 12 30
31 42 13 116
31 42 14 34
31 42 15 37
31 42 16 94
31 42 17 6
31 42 18 108
31 42 19 115
31 42 20 67
31 42 21 40
31 42 22 93
31 42 23 100
31 42 24 9
31 42 25 114
31 42 26 80
31 42 27 51
31 42 28 75
31 42 29 1
31 42 30 106
31 42 31 60
31 42 32 44
31 42 33 71
31 42 34 24
31 42 35 42
31 42 36 105
31 42 37 58
31 42 38 55
31 42 39 126
31 42 40 21
31 42 41 69
31 42 42 50
32 0 0 23
32 0 1 79
32 0 2 96
32 0 3 37
32 0 4 74
32 0 5 85
32 0 6 47
32 0 7 8
32 0 8 95
32 0 9 19
32 0 10 31
32 0 11 116
32 0 12 35
32 0 13 38
32 0 14 94
32 0 15 7
32 0 16 108
32 0 17 115
32 0 18 68
32 0 19 41
32 0 20 93
32 0 21 100
32 0 22 10
32 0 23 114
32 0 24 81
32 0 25 52
32 0 26 76
32 0 27 2
32 0 28 106
32 0 29 61
32 0 30 45
32 0 31 72
32 0 32 25
32 0 33 0
32 0 34 105
32 0 35 59
32 0 36 56
32 0 37 126
32 0 38 22
32 0 39 70
32 0 40 51
32 0 41 58
32 0 42 118
32 1 0 88
32 1 1 50
32 1 2 37
32 1 3 56
32 1 4 116
32 1 5 123
32 1 6 26
32 1 7 94
32 1 8 11
32 1 9 15
32 1 10 115
32 1 11 24
32 1 12 34
32 1 13 60
32 1 14 30
32 1 15 75
32 1 16 114
32 1 17 55
32 1 18 40
32 1 19 67
32 1 20 99
32 1 21 12
32 1 22 113
32 1 23 120
32 1 24 19
32 1 25 68
32 1 26 42
32 1 27 80
32 1 28 112
32 1 29 119
32 1 30 59
32 1 31 23
32 1 32 41
32 1 33 104
32 1 34 111
32 1 35 85
32 1 36 43
32 1 37 39
32 1 38 96
32 1 39 83
32 1 40 58
32 1 41 72
32 1 42 22
32 2 0 70
32 2 1 28
32 2 2 84
32 2 3 115
32 2 4 122
32 2 5 17
32 2 6 85
32 2 7 22
32 2 8 33
32 2 9 114
32 2 10 14
32 2 11 30
32 2 12 92
32 2 13 8
32 2 14 71
32 2 15 113
32 2 16 120
32 2 17 16
32 2 18 81
32 2 19 98
32 2 20 20
32 2 21 75
32 2 22 73
32 2 23 126
32 2 24 44
32 2 25 6
32 2 26 56
32 2 27 77
32 2 28 118
32 2 29 125
32 2 30 13
32 2 31 21
32 2 32 103
32 2 33 110
32 2 34 117
32 2 35 124
32 2 36 1
32 2 37 67
32 2 38 60
32 2 39 58
32 2 40 116
32 2 41 0
32 2 42 82
32 3 0 29
32 3 1 107
32 3 2 114
32 3 3 121
32 3 4 35
32 3 5 92
32 3 6 31
32 3 7 39
32 3 8 113
32 3 9 26
32 3 10 28
32 3 11 91
32 3 12 4
32 3 13 105
32 3 14 55
32 3 15 71
32 3 16 24
32 3 17 70
32 3 18 97
32 3 19 6
32 3 20 111
32 3 21 51
32 3 22 57
32 3 23 89
32 3 24 38
32 3 25 79
32 3 26 85
32 3 27 75
32 3 28 61
32 3 29 8
32 3 30 10
32 3 31 102
32 3 32 109
32 3 33 63
32 3 34 66
32 3 35 40
32 3 36 62
32 3 37 101
32 3 38 48
32 3 39 115
32 3 40 0
32 3 41 83
32 3 42 93
32 4 0 106
32 4 1 113
32 4 2 83
32 4 3 40
32 4 4 91
32 4 5 1
32 4 6 33
32 4 7 112
32 4 8 37
32 4 9 18
32 4 10 90
32 4 11 34
32 4 12 104
32 4 13 111
32 4 14 48
32 4 15 26
32 4 16 89
32 4 17 47
32 4 18 20
32 4 19 110
32 4 20 117
32 4 21 124
32 4 22 46
32 4 23 38
32 4 24 60
32 4 25 66
32 4 26 116
32 4 27 123
32 4 28 41
32 4 29 10
32 4 30 58
32 4 31 108
32 4 32 71
32 4 33 53
32 4 34 5
32 4 35 93
32 4 36 73
32 4 37 107
32 4 38 114
32 4 39 16
32 4 40 72
32 4 41 69
32 4 42 2
32 5 0 62
32 5 1 119
32 5 2 6
32 5 3 90
32 5 4 23
32 5 5 29
32 5 6 111
32 5 7 17
32 5 8 1
32 5 9 64
32 5 10 8
32 5 11 103
32 5 12 110
32 5 13 117
32 5 14 37
32 5 15 65
32 5 16 95
32 5 17 14
32 5 18 109
32 5 19 46
32 5 20 70
32 5 21 87
32 5 22 0
32 5 23 101
32 5 24 82
32 5 25 115
32 5 26 122
32 5 27 9
32 5 28 11
32 5 29 100
32 5 30 81
32 5 31 48
32 5 32 66
32 5 33 15
32 5 34 59
32 5 35 72
32 5 36 106
32 5 37 113
32 5 38 5
32 5 39 75
32 5 40 53
32 5 41 4
32 5 42 55
32 6 0 118
32 6 1 36
32 6 2 75
32 6 3 25
32 6 4 11
32 6 5 110
32 6 6 27
32 6 7 30
32 6 8 88
32 6 9 9
32 6 10 102
32 6 11 109
32 6 12 72
32 6 13 19
32 6 14 87
32 6 15 94
32 6 16 41
32 6 17 108
32 6 18 44
32 6 19 47
32 6 20 86
32 6 21 40
32 6 22 53
32 6 23 107
32 6 24 114
32 6 25 121
32 6 26 13
32 6 27 10
32 6 28 99
32 6 29 84
32 6 30 68
32 6 31 120
32 6 32 21
32 6 33 69
32 6 34 54
32 6 35 52
32 6 36 76
32 6 37 8
32 6 38 51
32 6 39 62
32 6 40 37
32 6 41 77
32 6 42 111
32 7 0 9
32 7 1 88
32 7 2 34
32 7 3 39
32 7 4 109
32 7 5 42
32 7 6 22
32 7 7 81
32 7 8 30
32 7 9 49
32 7 10 108
32 7 11 60
32 7 12 17
32 7 13 86
32 7 14 45
32 7 15 41
32 7 16 55
32 7 17 73
32 7 18 77
32 7 19 78
32 7 20 16
32 7 21 63
32 7 22 106
32 7 23 113
32 7 24 67
32 7 25 33
32 7 26 0
32 7 27 98
32 7 28 105
32 7 29 112
32 7 30 66
32 7 31 38
32 7 32 80
32 7 33 46
32 7 34 85
32 7 35 111
32 7 36 12
32 7 37 125
32 7 38 89
32 7 39 40
32 7 40 70
32 7 41 110
32 7 42 64
32 8 0 77
32 8 1 5
32 8 2 14
32 8 3 108
32 8 4 7
32 8 5 23
32 8 6 68
32 8 7 31
32 8 8 100
32 8 9 57
32 8 10 61
32 8 11 1
32 8 12 51
32 8 13 92
32 8 14 12
32 8 15 53
32 8 16 72
32 8 17 120
32 8 18 15
32 8 19 22
32 8 20 59
32 8 21 81
32 8 22 70
32 8 23 119
32 8 24 29
32 8 25 9
32 8 26 97
32 8 27 104
32 8 28 48
32 8 29 49
32 8 30 16
32 8 31 89
32 8 32 96
32 8 33 66
32 8 34 110
32 8 35 18
32 8 36 63
32 8 37 78
32 8 38 36
32 8 39 85
32 8 40 109
32 8 41 116
32 8 42 28
32 9 0 20
32 9 1 31
32 9 2 107
32 9 3 26
32 9 4 15
32 9 5 63
32 9 6 13
32 9 7 99
32 9 8 50
32 9 9 51
32 9 10 4
32 9 11 39
32 9 12 91
32 9 13 40
32 9 14 105
32 9 15 112
32 9 16 59
32 9 17 126
32 9 18 33
32 9 19 45
32 9 20 73
32 9 21 111
32 9 22 118
32 9 23 0
32 9 24 22
32 9 25 64
32 9 26 103
32 9 27 58
32 9 28 117
32 9 29 18
32 9 30 53
32 9 31 82
32 9 32 67
32 9 33 109
32 9 34 21
32 9 35 123
32 9 36 87
32 9 37 17
32 9 38 101
32 9 39 108
32 9 40 115
32 9 41 1
32 9 42 49
32 10 0 10
32 10 1 106
32 10 2 3
32 10 3 34
32 10 4 58
32 10 5 15
32 10 6 98
32 10 7 105
32 10 8 112
32 10 9 37
32 10 10 126
32 10 11 90
32 10 12 6
32 10 13 104
32 10 14 83
32 10 15 68
32 10 16 54
32 10 17 22
32 10 18 96
32 10 19 49
32 10 20 110
32 10 21 43
32 10 22 33
32 10 23 7
32 10 24 95
32 10 25 102
32 10 26 77
32 10 27 62
32 10 28 14
32 10 29 87
32 10 30 48
32 10 31 101
32 10 32 108
32 10 33 9
32 10 34 122
32 10 35 86
32 10 36 39
32 10 37 56
32 10 38 57
32 10 39 114
32 10 40 20
32 10 41 44
32 10 42 26
32 11 0 105
32 11 1 11
32 11 2 38
32 11 3 73
32 11 4 1
32 11 5 97
32 11 6 104
32 11 7 65
32 11 8 25
32 11 9 72
32 11 10 44
32 11 11 12
32 11 12 103
32 11 13 84
32 11 14 117
32 11 15 124
32 11 16 7
32 11 17 58
32 11 18 59
32 11 19 109
32 11 20 116
32 11 21 14
32 11 22 31
32 11 23 94
32 11 24 80
32 11 25 69
32 11 26 48
32 11 27 42
32 11 28 86
32 11 29 93
32 11 30 78
32 11 31 54
32 11 32 15
32 11 33 121
32 11 34 56
32 11 35 27
32 11 36 46
32 11 37 50
32 11 38 113
32 11 39 6
32 11 40 82
32 11 41 30
32 11 42 18
32 12 0 33
32 12 1 1
32 12 2 125
32 12 3 20
32 12 4 43
32 12 5 103
32 12 6 80
32 12 7 4
32 12 8 124
32 12 9 88
32 12 10 0
32 12 11 102
32 12 12 65
32 12 13 61
32 12 14 70
32 12 15 3
32 12 16 84
32 12 17 101
32 12 18 108
32 12 19 115
32 12 20 42
32 12 21 21
32 12 22 83
32 12 23 100
32 12 24 107
32 12 25 44
32 12 26 31
32 12 27 72
32 12 28 73
32 12 29 77
32 12 30 52
32 12 31 24
32 12 32 62
32 12 33 25
32 12 34 17
32 12 35 47
32 12 36 105
32 12 37 58
32 12 38 8
32 12 39 69
32 12 40 6
32 12 41 38
32 12 42 104
32 13 0 16
32 13 1 75
32 13 2 36
32 13 3 95
32 13 4 102
32 13 5 73
32 13 6 28
32 13 7 45
32 13 8 56
32 13 9 3
32 13 10 74
32 13 11 55
32 13 12 53
32 13 13 81
32 13 14 5
32 13 15 93
32 13 16 82
32 13 17 66
32 13 18 114
32 13 19 12
32 13 20 35
32 13 21 92
32 13 22 99
32 13 23 106
32 13 24 54
32 13 25 42
32 13 26 6
32 13 27 60
32 13 28 63
32 13 29 105
32 13 30 9
32 13 31 119
32 13 32 126
32 13 33 20
32 13 34 78
32 13 35 104
32 13 36 111
32 13 37 33
32 13 38 125
32 13 39 41
32 13 40 14
32 13 41 103
32 13 42 7
32 14 0 123
32 14 1 12
32 14 2 94
32 14 3 45
32 14 4 52
32 14 5 24
32 14 6 54
32 14 7 75
32 14 8 9
32 14 9 100
32 14 10 107
32 14 11 78
32 14 12 48
32 14 13 26
32 14 14 84
32 14 15 59
32 14 16 69
32 14 17 113
32 14 18 21
32 14 19 31
32 14 20 91
32 14 21 98
32 14 22 68
32 14 23 112
32 14 24 5
32 14 25 126
32 14 26 80
32 14 27 61
32 14 28 104
32 14 29 23
32 14 30 118
32 14 31 85
32 14 32 4
32 14 33 96
32 14 34 103
32 14 35 110
32 14 36 34
32 14 37 43
32 14 38 42
32 14 39 22
32 14 40 102
32 14 41 25
32 14 42 30
32 15 0 28
32 15 1 67
32 15 2 100
32 15 3 107
32 15 4 27
32 15 5 81
32 15 6 78
32 15 7 13
32 15 8 99
32 15 9 106
32 15 10 77
32 15 11 120
32 15 12 0
32 15 13 54
32 15 14 79
32 15 15 105
32 15 16 49
32 15 17 11
32 15 18 8
32 15 19 90
32 15 20 97
32 15 21 84
32 15 22 47
32 15 23 24
32 15 24 61
32 15 25 89
32 15 26 96
32 15 27 103
32 15 28 23
32 15 29 60
32 15 30 124
32 15 31 2
32 15 32 59
32 15 33 102
32 15 34 109
32 15 35 12
32 15 36 123
32 15 37 34
32 15 38 37
32 15 39 101
32 15 40 10
32 15 41 39
32 15 42 122
32 16 0 92
32 16 1 99
32 16 2 106
32 16 3 17
32 16 4 120
32 16 5 67
32 16 6 16
32 16 7 98
32 16 8 59
32 16 9 112
32 16 10 45
32 16 11 6
32 16 12 84
32 16 13 44
32 16 14 104
32 16 15 111
32 16 16 10
32 16 17 12
32 16 18 46
32 16 19 75
32 16 20 65
32 16 21 71
32 16 22 21
32 16 23 124
32 16 24 50
32 16 25 56
32 16 26 102
32 16 27 7
32 16 28 116
32 16 29 80
32 16 30 27
32 16 31 79
32 16 32 52
32 16 33 108
32 16 34 13
32 16 35 122
32 16 36 20
32 16 37 4
32 16 38 100
32 16 39 35
32 16 40 41
32 16 41 121
32 16 42 15
32 17 0 98
32 17 1 66
32 17 2 19
32 17 3 80
32 17 4 68
32 17 5 5
32 17 6 97
32 17 7 49
32 17 8 47
32 17 9 83
32 17 10 16
32 17 11 89
32 17 12 96
32 17 13 103
32 17 14 110
32 17 15 11
32 17 16 23
32 17 17 88
32 17 18 95
32 17 19 73
32 17 20 51
32 17 21 26
32 17 22 63
32 17 23 87
32 17 24 77
32 17 25 75
32 17 26 1
32 17 27 115
32 17 28 69
32 17 29 38
32 17 30 93
32 17 31 100
32 17 32 79
32 17 33 30
32 17 34 121
32 17 35 3
32 17 36 27
32 17 37 99
32 17 38 31
32 17 39 20
32 17 40 65
32 17 41 24
32 17 42 91
32 18 0 51
32 18 1 35
32 18 2 57
32 18 3 125
32 18 4 21
32 18 5 78
32 18 6 49
32 18 7 67
32 18 8 117
32 18 9 24
32 18 10 64
32 18 11 65
32 18 12 102
32 18 13 109
32 18 14 11
32 18 15 13
32 18 16 48
32 18 17 94
32 18 18 101
32 18 19 70
32 18 20 26
32 18 21 82
32 18 22 86
32 18 23 93
32 18 24 100
32 18 25 15
32 18 26 114
32 18 27 83
32 18 28 40
32 18 29 52
32 18 30 99
32 18 31 75
32 18 32 17
32 18 33 47
32 18 34 36
32 18 35 38
32 18 36 98
32 18 37 25
32 18 38 33
32 18 39 119
32 18 40 29
32 18 41 90
32 18 42 97
32 19 0 36
32 19 1 117
32 19 2 71
32 19 3 21
32 19 4 95
32 19 5 49
32 19 6 56
32 19 7 80
32 19 8 20
32 19 9 87
32 19 10 51
32 19 11 48
32 19 12 108
32 19 13 0
32 19 14 8
32 19 15 78
32 19 16 62
32 19 17 46
32 19 18 107
32 19 19 15
32 19 20 74
32 19 21 55
32 19 22 69
32 19 23 99
32 19 24 1
32 19 25 113
32 19 26 120
32 19 27 5
32 19 28 82
32 19 29 98
32 19 30 105
32 19 31 13
32 19 32 119
32 19 33 34
32 19 34 7
32 19 35 97
32 19 36 31
32 19 37 42
32 19 38 118
32 19 39 4
32 19 40 60
32 19 41 65
32 19 42 76
32 20 0 74
32 20 1 123
32 20 2 42
32 20 3 94
32 20 4 101
32 20 5 64
32 20 6 71
32 20 7 25
32 20 8 86
32 20 9 93
32 20 10 100
32 20 11 62
32 20 12 23
32 20 13 41
32 20 14 69
32 20 15 92
32 20 16 63
32 20 17 106
32 20 18 22
32 20 19 120
32 20 20 2
32 20 21 60
32 20 22 98
32 20 23 9
32 20 24 48
32 20 25 45
32 20 26 24
32 20 27 57
32 20 28 97
32 20 29 104
32 20 30 34
32 20 31 118
32 20 32 30
32 20 33 40
32 20 34 96
32 20 35 6
32 20 36 10
32 20 37 84
32 20 38 38
32 20 39 88
32 20 40 95
32 20 41 67
32 20 42 27
32 21 0 122
32 21 1 41
32 21 2 56
32 21 3 83
32 21 4 107
32 21 5 55
32 21 6 42
32 21 7 44
32 21 8 82
32 21 9 99
32 21 10 57
32 21 11 21
32 21 12 39
32 21 13 74
32 21 14 91
32 21 15 70
32 21 16 52
32 21 17 19
32 21 18 58
32 21 19 126
32 21 20 45
32 21 21 97
32 21 22 11
32 21 23 111
32 21 24 72
32 21 25 23
32 21 26 89
32 21 27 43
32 21 28 103
32 21 29 14
32 21 30 84
32 21 31 26
32 21 32 29
32 21 33 95
32 21 34 33
32 21 35 2
32 21 36 116
32 21 37 13
32 21 38 81
32 21 39 94
32 21 40 101
32 21 41 27
32 21 42 67
32 22 0 5
32 22 1 92
32 22 2 43
32 22 3 106
32 22 4 69
32 22 5 28
32 22 6 7
32 22 7 55
32 22 8 98
32 22 9 105
32 22 10 35
32 22 11 11
32 22 12 75
32 22 13 90
32 22 14 74
32 22 15 60
32 22 16 16
32 22 17 65
32 22 18 78
32 22 19 89
32 22 20 49
32 22 21 37
32 22 22 110
32 22 23 117
32 22 24 10
32 22 25 46
32 22 26 95
32 22 27 102
32 22 28 3
32 22 29 116
32 22 30 20
32 22 31 19
32 22 32 94
32 22 33 38
32 22 34 26
32 22 35 115
32 22 36 18
32 22 37 44
32 22 38 53
32 22 39 64
32 22 40 39
32 22 41 57
32 22 42 121
32 23 0 91
32 23 1 61
32 23 2 68
32 23 3 112
32 23 4 6
32 23 5 126
32 23 6 67
32 23 7 97
32 23 8 104
32 23 9 27
32 23 10 7
32 23 11 125
32 23 12 71
32 23 13 96
32 23 14 78
32 23 15 42
32 23 16 117
32 23 17 124
32 23 18 43
32 23 19 95
32 23 20 5
32 23 21 109
32 23 22 58
32 23 23 40
32 23 24 87
32 23 25 94
32 23 26 46
32 23 27 18
32 23 28 115
32 23 29 33
32 23 30 37
32 23 31 93
32 23 32 31
32 23 33 22
32 23 34 114
32 23 35 28
32 23 36 55
32 23 37 92
32 23 38 76
32 23 39 29
32 23 40 77
32 23 41 62
32 23 42 10
32 24 0 63
32 24 1 69
32 24 2 76
32 24 3 41
32 24 4 72
32 24 5 89
32 24 6 77
32 24 7 103
32 24 8 18
32 24 9 12
32 24 10 70
32 24 11 88
32 24 12 49
32 24 13 56
32 24 14 24
32 24 15 62
32 24 16 79
32 24 17 87
32 24 18 94
32 24 19 21
32 24 20 108
32 24 21 74
32 24 22 5
32 24 23 86
32 24 24 75
32 24 25 100
32 24 26 8
32 24 27 114
32 24 28 1
32 24 29 26
32 24 30 92
32 24 31 15
32 24 32 2
32 24 33 113
32 24 34 3
32 24 35 50
32 24 36 91
32 24 37 61
32 24 38 19
32 24 39 112
32 24 40 119
32 24 41 22
32 24 42 90
32 25 0 53
32 25 1 72
32 25 2 2
32 25 3 124
32 25 4 57
32 25 5 95
32 25 6 102
32 25 7 35
32 25 8 7
32 25 9 123
32 25 10 46
32 25 11 54
32 25 12 101
32 25 13 5
32 25 14 62
32 25 15 56
32 25 16 86
32 25 17 83
32 25 18 0
32 25 19 55
32 25 20 82
32 25 21 29
32 25 22 65
32 25 23 92
32 25 24 99
32 25 25 36
32 25 26 113
32 25 27 3
32 25 28 34
32 25 29 91
32 25 30 11
32 25 31 9
32 25 32 70
32 25 33 12
32 25 34 73
32 25 35 90
32 25 36 44
32 25 37 28
32 25 38 63
32 25 39 118
32 25 40 1
32 25 41 47
32 25 42 96
32 26 0 60
32 26 1 42
32 26 2 52
32 26 3 87
32 26 4 94
32 26 5 58
32 26 6 36
32 26 7 19
32 26 8 122
32 26 9 78
32 26 10 93
32 26 11 71
32 26 12 37
32 26 13 79
32 26 14 65
32 26 15 81
32 26 16 92
32 26 17 6
32 26 18 53
32 26 19 51
32 26 20 27
32 26 21 17
32 26 22 91
32 26 23 98
32 26 24 28
32 26 25 59
32 26 26 33
32 26 27 31
32 26 28 90
32 26 29 21
32 26 30 35
32 26 31 111
32 26 32 8
32 26 33 125
32 26 34 44
32 26 35 96
32 26 36 7
32 26 37 57
32 26 38 66
32 26 39 15
32 26 40 88
32 26 41 85
32 26 42 45
32 27 0 13
32 27 1 45
32 27 2 86
32 27 3 82
32 27 4 100
32 27 5 4
32 27 6 35
32 27 7 121
32 27 8 65
32 27 9 54
32 27 10 76
32 27 11 40
32 27 12 68
32 27 13 120
32 27 14 41
32 27 15 91
32 27 16 12
32 27 17 105
32 27 18 112
32 27 19 24
32 27 20 126
32 27 21 90
32 27 22 97
32 27 23 21
32 27 24 111
32 27 25 39
32 27 26 26
32 27 27 89
32 27 28 29
32 27 29 25
32 27 30 110
32 27 31 14
32 27 32 47
32 27 33 88
32 27 34 50
32 27 35 30
32 27 36 71
32 27 37 116
32 27 38 0
32 27 39 73
32 27 40 55
32 27 41 101
32 27 42 59
32 28 0 57
32 28 1 70
32 28 2 92
32 28 3 99
32 28 4 29
32 28 5 2
32 28 6 51
32 28 7 74
32 28 8 81
32 28 9 69
32 28 10 27
32 28 11 112
32 28 12 52
32 28 13 126
32 28 14 90
32 28 15 25
32 28 16 104
32 28 17 43
32 28 18 28
32 28 19 44
32 28 20 79
32 28 21 65
32 28 22 40
32 28 23 110
32 28 24 20
32 28 25 38
32 28 26 88
32 28 27 17
32 28 28 39
32 28 29 109
32 28 30 4
32 28 31 123
32 28 32 61
32 28 33 64
32 28 34 15
32 28 35 66
32 28 36 115
32 28 37 22
32 28 38 82
32 28 39 93
32 28 40 47
32 28 41 107
32 28 42 5
32 29 0 3
32 29 1 91
32 29 2 98
32 29 3 10
32 29 4 5
32 29 5 119
32 29 6 61
32 29 7 84
32 29 8 73
32 29 9 2
32 29 10 65
32 29 11 67
32 29 12 60
32 29 13 57
32 29 14 34
32 29 15 103
32 29 16 43
32 29 17 13
32 29 18 124
32 29 19 88
32 29 20 95
32 29 21 8
32 29 22 109
32 29 23 30
32 29 24 11
32 29 25 87
32 29 26 12
32 29 27 20
32 29 28 108
32 29 29 41
32 29 30 122
32 29 31 74
32 29 32 93
32 29 33 37
32 29 34 107
32 29 35 114
32 29 36 4
32 29 37 70
32 29 38 54
32 29 39 50
32 29 40 106
32 29 41 19
32 29 42 120
32 30 0 90
32 30 1 97
32 30 2 35
32 30 3 3
32 30 4 118
32 30 5 125
32 30 6 89
32 30 7 96
32 30 8 27
32 30 9 43
32 30 10 117
32 30 11 124
32 30 12 88
32 30 13 9
32 30 14 102
32 30 15 58
32 30 16 8
32 30 17 71
32 30 18 66
32 30 19 94
32 30 20 30
32 30 21 108
32 30 22 36
32 30 23 26
32 30 24 86
32 30 25 14
32 30 26 18
32 30 27 53
32 30 28 2
32 30 29 121
32 30 30 51
32 30 31 84
32 30 32 40
32 30 33 106
32 30 34 113
32 30 35 17
32 30 36 68
32 30 37 74
32 30 38 70
32 30 39 46
32 30 40 7
32 30 41 59
32 30 42 126
32 31 0 81
32 31 1 29
32 31 2 23
32 31 3 69
32 31 4 65
32 31 5 59
32 31 6 79
32 31 7 3
32 31 8 76
32 31 9 53
32 31 10 73
32 31 11 80
32 31 12 12
32 31 13 72
32 31 14 67
32 31 15 8
32 31 16 64
32 31 17 56
32 31 18 52
32 31 19 20
32 31 20 44
32 31 21 31
32 31 22 34
32 31 23 75
32 31 24 25
32 31 25 17
32 31 26 63
32 31 27 36
32 31 28 55
32 31 29 51
32 31 30 43
32 31 31 41
32 31 32 83
32 31 33 78
32 31 34 39
32 31 35 70
32 31 36 77
32 31 37 54
32 31 38 74
32 31 39 42
32 31 40 71
32 31 41 48
32 31 42 85
32 32 0 2
32 32 1 19
32 32 2 116
32 32 3 123
32 32 4 87
32 32 5 48
32 32 6 18
32 32 7 61
32 32 8 80
32 32 9 76
32 32 10 82
32 32 11 17
32 32 12 100
32 32 13 107
32 32 14 25
32 32 15 66
32 32 16 56
32 32 17 92
32 32 18 7
32 32 19 54
32 32 20 41
32 32 21 15
32 32 22 32
32 32 23 6
32 32 24 23
32 32 25 105
32 32 26 14
32 32 27 119
32 32 28 84
32 32 29 79
32 32 30 39
32 32 31 49
32 32 32 111
32 32 33 4
32 32 34 125
32 32 35 89
32 32 36 96
32 32 37 64
32 32 38 3
32 32 39 117
32 32 40 124
32 32 41 88
32 32 42 95
32 33 0 35
32 33 1 115
32 33 2 122
32 33 3 86
32 33 4 93
32 33 5 22
32 33 6 107
32 33 7 57
32 33 8 53
32 33 9 80
32 33 10 25
32 33 11 99
32 33 12 106
32 33 13 23
32 33 14 120
32 33 15 76
32 33 16 91
32 33 17 28
32 33 18 105
32 33 19 4
32 33 20 39
32 33 21 126
32 33 22 30
32 33 23 33
32 33 24 104
32 33 25 1
32 33 26 118
32 33 27 125
32 33 28 89
32 33 29 13
32 33 30 64
32 33 31 110
32 33 32 9
32 33 33 50
32 33 34 47
32 33 35 83
32 33 36 85
32 33 37 18
32 33 38 77
32 33 39 66
32 33 40 46
32 33 41 94
32 33 42 41
32 34 0 114
32 34 1 121
32 34 2 80
32 34 3 50
32 34 4 14
32 34 5 106
32 34 6 60
32 34 7 120
32 34 8 68
32 34 9 4
32 34 10 98
32 34 11 84
32 34 12 24
32 34 13 43
32 34 14 46
32 34 15 90
32 34 16 19
32 34 17 104
32 34 18 3
32 34 19 7
32 34 20 125
32 34 21 38
32 34 22 28
32 34 23 103
32 34 24 34
32 34 25 85
32 34 26 71
32 34 27 63
32 34 28 13
32 34 29 64
32 34 30 109
32 34 31 12
32 34 32 123
32 34 33 87
32 34 34 55
32 34 35 101
32 34 36 37
32 34 37 81
32 34 38 69
32 34 39 76
32 34 40 56
32 34 41 18
32 34 42 29
32 35 0 68
32 35 1 18
32 35 2 62
32 35 3 2
32 35 4 48
32 35 5 112
32 35 6 52
32 35 7 77
32 35 8 17
32 35 9 97
32 35 10 79
32 35 11 27
32 35 12 57
32 35 13 125
32 35 14 60
32 35 15 23
32 35 16 103
32 35 17 1
32 35 18 9
32 35 19 124
32 35 20 10
32 35 21 34
32 35 22 102
32 35 23 13
32 35 24 116
32 35 25 123
32 35 26 87
32 35 27 8
32 35 28 101
32 35 29 108
32 35 30 30
32 35 31 122
32 35 32 86
32 35 33 93
32 35 34 82
32 35 35 19
32 35 36 74
32 35 37 53
32 35 38 85
32 35 39 92
32 35 40 16
32 35 41 11
32 35 42 113
32 36 0 126
32 36 1 55
32 36 2 16
32 36 3 47
32 36 4 62
32 36 5 65
32 36 6 125
32 36 7 42
32 36 8 84
32 36 9 50
32 36 10 6
32 36 11 117
32 36 12 63
32 36 13 88
32 36 14 17
32 36 15 102
32 36 16 25
32 36 17 4
32 36 18 123
32 36 19 26
32 36 20 1
32 36 21 48
32 36 22 24
32 36 23 115
32 36 24 122
32 36 25 86
32 36 26 36
32 36 27 56
32 36 28 54
32 36 29 39
32 36 30 121
32 36 31 69
32 36 32 85
32 36 33 71
32 36 34 37
32 36 35 79
32 36 36 120
32 36 37 72
32 36 38 91
32 36 39 19
32 36 40 35
32 36 41 49
32 36 42 119
32 37 0 89
32 37 1 8
32 37 2 78
32 37 3 54
32 37 4 117
32 37 5 60
32 37 6 21
32 37 7 95
32 37 8 44
32 37 9 34
32 37 10 63
32 37 11 123
32 37 12 77
32 37 13 7
32 37 14 80
32 37 15 39
32 37 16 35
32 37 17 122
32 37 18 38
32 37 19 25
32 37 20 100
32 37 21 0
32 37 22 114
32 37 23 121
32 37 24 85
32 37 25 40
32 37 26 68
32 37 27 52
32 37 28 9
32 37 29 67
32 37 30 23
32 37 31 51
32 37 32 45
32 37 33 24
32 37 34 112
32 37 35 53
32 37 36 61
32 37 37 90
32 37 38 29
32 37 39 17
32 37 40 111
32 37 41 118
32 37 42 50
32 38 0 22
32 38 1 74
32 38 2 81
32 38 3 44
32 38 4 123
32 38 5 6
32 38 6 94
32 38 7 101
32 38 8 14
32 38 9 46
32 38 10 122
32 38 11 57
32 38 12 13
32 38 13 100
32 38 14 29
32 38 15 0
32 38 16 121
32 38 17 33
32 38 18 31
32 38 19 99
32 38 20 36
32 38 21 113
32 38 22 75
32 38 23 4
32 38 24 37
32 38 25 76
32 38 26 105
32 38 27 15
32 38 28 119
32 38 29 126
32 38 30 71
32 38 31 45
32 38 32 27
32 38 33 51
32 38 34 58
32 38 35 125
32 38 36 80
32 38 37 2
32 38 38 28
32 38 39 110
32 38 40 73
32 38 41 124
32 38 42 78
32 39 0 101
32 39 1 82
32 39 2 46
32 39 3 122
32 39 4 20
32 39 5 45
32 39 6 73
32 39 7 36
32 39 8 74
32 39 9 121
32 39 10 52
32 39 11 9
32 39 12 99
32 39 13 12
32 39 14 10
32 39 15 120
32 39 16 30
32 39 17 18
32 39 18 98
32 39 19 28
32 39 20 61
32 39 21 119
32 39 22 126
32 39 23 35
32 39 24 49
32 39 25 104
32 39 26 21
32 39 27 118
32 39 28 64
32 39 29 89
32 39 30 96
32 39 31 16
32 39 32 72
32 39 33 117
32 39 34 79
32 39 35 88
32 39 36 14
32 39 37 29
32 39 38 109
32 39 39 116
32 39 40 83
32 39 41 87
32 39 42 19
32 40 0 107
32 40 1 64
32 40 2 121
32 40 3 42
32 40 4 92
32 40 5 50
32 40 6 2
32 40 7 43
32 40 8 54
32 40 9 63
32 40 10 18
32 40 11 98
32 40 12 19
32 40 13 6
32 40 14 119
32 40 15 38
32 40 16 20
32 40 17 97
32 40 18 13
32 40 19 111
32 40 20 118
32 40 21 61
32 40 22 16
32 40 23 96
32 40 24 103
32 40 25 0
32 40 26 58
32 40 27 124
32 40 28 72
32 40 29 85
32 40 30 40
32 40 31 47
32 40 32 76
32 40 33 123
32 40 34 75
32 40 35 9
32 40 36 3
32 40 37 108
32 40 38 115
32 40 39 52
32 40 40 86
32 40 41 23
32 40 42 81
32 41 0 67
32 41 1 51
32 41 2 11
32 41 3 91
32 41 4 83
32 41 5 35
32 41 6 112
32 41 7 119
32 41 8 69
32 41 9 36
32 41 10 97
32 41 11 42
32 41 12 33
32 41 13 118
32 41 14 27
32 41 15 31
32 41 16 66
32 41 17 3
32 41 18 110
32 41 19 64
32 41 20 124
32 41 21 24
32 41 22 78
32 41 23 102
32 41 24 16
32 41 25 116
32 41 26 62
32 41 27 87
32 41 28 49
32 41 29 22
32 41 30 55
32 41 31 80
32 41 32 122
32 41 33 76
32 41 34 14
32 41 35 37
32 41 36 50
32 41 37 114
32 41 38 68
32 41 39 63
32 41 40 15
32 41 41 52
32 41 42 106
32 42 0 119
32 42 1 16
32 42 2 90
32 42 3 76
32 42 4 25
32 42 5 83
32 42 6 118
32 42 7 125
32 42 8 3
32 42 9 66
32 42 10 38
32 42 11 26
32 42 12 117
32 42 13 2
32 42 14 1
32 42 15 95
32 42 16 18
32 42 17 109
32 42 18 116
32 42 19 50
32 42 20 11
32 42 21 62
32 42 22 59
32 42 23 27
32 42 24 115
32 42 25 47
32 42 26 86
32 42 27 93
32 42 28 5
32 42 29 107
32 42 30 44
32 42 31 121
32 42 32 81
32 42 33 10
32 42 34 29
32 42 35 45
32 42 36 113
32 42 37 120
32 42 38 14
32 42 39 36
32 42 40 79
32 42 41 43
32 42 42 112
33 0 0 90
33 0 1 77
33 0 2 26
33 0 3 84
33 0 4 118
33 0 5 125
33 0 6 4
33 0 7 67
33 0 8 39
33 0 9 27
33 0 10 117
33 0 11 3
33 0 12 2
33 0 13 95
33 0 14 19
33 0 15 109
33 0 16 116
33 0 17 51
33 0 18 12
33 0 19 63
33 0 20 60
33 0 21 28
33 0 22 115
33 0 23 48
33 0 24 86
33 0 25 93
33 0 26 6
33 0 27 107
33 0 28 45
33 0 29 121
33 0 30 82
33 0 31 11
33 0 32 30
33 0 33 46
33 0 34 113
33 0 35 120
33 0 36 15
33 0 37 37
33 0 38 80
33 0 39 44
33 0 40 112
33 0 41 119
33 0 42 17
33 1 0 96
33 1 1 38
33 1 2 75
33 1 3 43
33 1 4 48
33 1 5 9
33 1 6 95
33 1 7 20
33 1 8 32
33 1 9 116
33 1 10 36
33 1 11 39
33 1 12 94
33 1 13 8
33 1 14 108
33 1 15 115
33 1 16 69
33 1 17 42
33 1 18 93
33 1 19 100
33 1 20 11
33 1 21 114
33 1 22 82
33 1 23 53
33 1 24 77
33 1 25 3
33 1 26 106
33 1 27 62
33 1 28 46
33 1 29 73
33 1 30 26
33 1 31 1
33 1 32 105
33 1 33 60
33 1 34 57
33 1 35 126
33 1 36 23
33 1 37 71
33 1 38 52
33 1 39 59
33 1 40 118
33 1 41 24
33 1 42 80
33 2 0 38
33 2 1 57
33 2 2 116
33 2 3 123
33 2 4 27
33 2 5 94
33 2 6 12
33 2 7 16
33 2 8 115
33 2 9 25
33 2 10 35
33 2 11 61
33 2 12 31
33 2 13 76
33 2 14 114
33 2 15 56
33 2 16 41
33 2 17 68
33 2 18 99
33 2 19 13
33 2 20 113
33 2 21 120
33 2 22 20
33 2 23 69
33 2 24 0
33 2 25 81
33 2 26 112
33 2 27 119
33 2 28 60
33 2 29 24
33 2 30 42
33 2 31 104
33 2 32 111
33 2 33 43
33 2 34 44
33 2 35 40
33 2 36 96
33 2 37 84
33 2 38 59
33 2 39 73
33 2 40 23
33 2 41 88
33 2 42 51
33 3 0 85
33 3 1 115
33 3 2 122
33 3 3 18
33 3 4 43
33 3 5 23
33 3 6 34
33 3 7 114
33 3 8 15
33 3 9 31
33 3 10 92
33 3 11 9
33 3 12 72
33 3 13 113
33 3 14 120
33 3 15 17
33 3 16 82
33 3 17 98
33 3 18 21
33 3 19 76
33 3 20 74
33 3 21 126
33 3 22 45
33 3 23 7
33 3 24 57
33 3 25 78
33 3 26 118
33 3 27 125
33 3 28 14
33 3 29 22
33 3 30 103
33 3 31 110
33 3 32 117
33 3 33 124
33 3 34 2
33 3 35 68
33 3 36 61
33 3 37 59
33 3 38 116
33 3 39 1
33 3 40 83
33 3 41 71
33 3 42 29
33 4 0 114
33 4 1 121
33 4 2 36
33 4 3 92
33 4 4 32
33 4 5 40
33 4 6 113
33 4 7 27
33 4 8 29
33 4 9 91
33 4 10 5
33 4 11 105
33 4 12 56
33 4 13 72
33 4 14 25
33 4 15 71
33 4 16 97
33 4 17 7
33 4 18 111
33 4 19 52
33 4 20 58
33 4 21 89
33 4 22 39
33 4 23 80
33 4 24 43
33 4 25 76
33 4 26 62
33 4 27 9
33 4 28 11
33 4 29 102
33 4 30 109
33 4 31 64
33 4 32 67
33 4 33 41
33 4 34 63
33 4 35 101
33 4 36 49
33 4 37 115
33 4 38 1
33 4 39 84
33 4 40 93
33 4 41 30
33 4 42 107
33 5 0 84
33 5 1 41
33 5 2 91
33 5 3 2
33 5 4 34
33 5 5 112
33 5 6 38
33 5 7 19
33 5 8 90
33 5 9 35
33 5 10 104
33 5 11 111
33 5 12 49
33 5 13 27
33 5 14 89
33 5 15 48
33 5 16 21
33 5 17 110
33 5 18 117
33 5 19 124
33 5 20 47
33 5 21 39
33 5 22 61
33 5 23 67
33 5 24 116
33 5 25 123
33 5 26 42
33 5 27 11
33 5 28 59
33 5 29 108
33 5 30 72
33 5 31 54
33 5 32 6
33 5 33 93
33 5 34 74
33 5 35 107
33 5 36 114
33 5 37 17
33 5 38 73
33 5 39 70
33 5 40 3
33 5 41 106
33 5 42 113
33 6 0 7
33 6 1 90
33 6 2 24
33 6 3 30
33 6 4 111
33 6 5 18
33 6 6 2
33 6 7 65
33 6 8 9
33 6 9 103
33 6 10 110
33 6 11 117
33 6 12 38
33 6 13 66
33 6 14 95
33 6 15 15
33 6 16 109
33 6 17 47
33 6 18 71
33 6 19 87
33 6 20 1
33 6 21 101
33 6 22 83
33 6 23 115
33 6 24 122
33 6 25 10
33 6 26 12
33 6 27 100
33 6 28 82
33 6 29 49
33 6 30 67
33 6 31 16
33 6 32 60
33 6 33 73
33 6 34 106
33 6 35 113
33 6 36 6
33 6 37 76
33 6 38 54
33 6 39 5
33 6 40 56
33 6 41 63
33 6 42 119
33 7 0 76
33 7 1 26
33 7 2 12
33 7 3 110
33 7 4 28
33 7 5 31
33 7 6 88
33 7 7 10
33 7 8 102
33 7 9 109
33 7 10 73
33 7 11 20
33 7 12 87
33 7 13 94
33 7 14 42
33 7 15 108
33 7 16 45
33 7 17 48
33 7 18 86
33 7 19 41
33 7 20 54
33 7 21 107
33 7 22 114
33 7 23 121
33 7 24 14
33 7 25 11
33 7 26 99
33 7 27 85
33 7 28 69
33 7 29 120
33 7 30 22
33 7 31 70
33 7 32 55
33 7 33 53
33 7 34 77
33 7 35 9
33 7 36 52
33 7 37 63
33 7 38 38
33 7 39 78
33 7 40 111
33 7 41 118
33 7 42 37
33 8 0 35
33 8 1 40
33 8 2 109
33 8 3 0
33 8 4 23
33 8 5 82
33 8 6 31
33 8 7 50
33 8 8 108
33 8 9 61
33 8 10 18
33 8 11 86
33 8 12 46
33 8 13 42
33 8 14 56
33 8 15 74
33 8 16 78
33 8 17 79
33 8 18 17
33 8 19 64
33 8 20 106
33 8 21 113
33 8 22 68
33 8 23 34
33 8 24 1
33 8 25 98
33 8 26 105
33 8 27 112
33 8 28 67
33 8 29 39
33 8 30 81
33 8 31 47
33 8 32 43
33 8 33 111
33 8 34 13
33 8 35 125
33 8 36 89
33 8 37 41
33 8 38 71
33 8 39 110
33 8 40 65
33 8 41 10
33 8 42 88
33 9 0 15
33 9 1 108
33 9 2 8
33 9 3 24
33 9 4 69
33 9 5 32
33 9 6 100
33 9 7 58
33 9 8 62
33 9 9 2
33 9 10 52
33 9 11 92
33 9 12 13
33 9 13 54
33 9 14 73
33 9 15 120
33 9 16 16
33 9 17 23
33 9 18 60
33 9 19 82
33 9 20 71
33 9 21 119
33 9 22 30
33 9 23 10
33 9 24 97
33 9 25 104
33 9 26 49
33 9 27 50
33 9 28 17
33 9 29 89
33 9 30 96
33 9 31 67
33 9 32 110
33 9 33 19
33 9 34 64
33 9 35 79
33 9 36 37
33 9 37 43
33 9 38 109
33 9 39 116
33 9 40 29
33 9 41 78
33 9 42 6
33 10 0 107
33 10 1 27
33 10 2 16
33 10 3 64
33 10 4 14
33 10 5 99
33 10 6 51
33 10 7 52
33 10 8 5
33 10 9 40
33 10 10 91
33 10 11 41
33 10 12 105
33 10 13 112
33 10 14 60
33 10 15 126
33 10 16 34
33 10 17 46
33 10 18 74
33 10 19 111
33 10 20 118
33 10 21 1
33 10 22 23
33 10 23 65
33 10 24 103
33 10 25 59
33 10 26 117
33 10 27 19
33 10 28 54
33 10 29 83
33 10 30 68
33 10 31 109
33 10 32 22
33 10 33 123
33 10 34 87
33 10 35 18
33 10 36 101
33 10 37 108
33 10 38 115
33 10 39 2
33 10 40 50
33 10 41 21
33 10 42 32
33 11 0 4
33 11 1 35
33 11 2 59
33 11 3 16
33 11 4 98
33 11 5 105
33 11 6 112
33 11 7 38
33 11 8 126
33 11 9 90
33 11 10 7
33 11 11 104
33 11 12 84
33 11 13 69
33 11 14 55
33 11 15 23
33 11 16 96
33 11 17 50
33 11 18 110
33 11 19 44
33 11 20 34
33 11 21 8
33 11 22 95
33 11 23 102
33 11 24 78
33 11 25 63
33 11 26 15
33 11 27 87
33 11 28 49
33 11 29 101
33 11 30 108
33 11 31 10
33 11 32 122
33 11 33 86
33 11 34 40
33 11 35 57
33 11 36 58
33 11 37 114
33 11 38 21
33 11 39 45
33 11 40 27
33 11 41 11
33 11 42 106
33 12 0 39
33 12 1 74
33 12 2 2
33 12 3 97
33 12 4 104
33 12 5 66
33 12 6 26
33 12 7 73
33 12 8 45
33 12 9 13
33 12 10 103
33 12 11 85
33 12 12 117
33 12 13 124
33 12 14 8
33 12 15 59
33 12 16 60
33 12 17 109
33 12 18 116
33 12 19 15
33 12 20 32
33 12 21 94
33 12 22 81
33 12 23 70
33 12 24 49
33 12 25 0
33 12 26 86
33 12 27 93
33 12 28 79
33 12 29 55
33 12 30 16
33 12 31 121
33 12 32 57
33 12 33 28
33 12 34 47
33 12 35 51
33 12 36 113
33 12 37 7
33 12 38 83
33 12 39 31
33 12 40 19
33 12 41 105
33 12 42 12
33 13 0 125
33 13 1 21
33 13 2 44
33 13 3 103
33 13 4 81
33 13 5 5
33 13 6 124
33 13 7 88
33 13 8 1
33 13 9 102
33 13 10 66
33 13 11 62
33 13 12 71
33 13 13 4
33 13 14 85
33 13 15 101
33 13 16 108
33 13 17 115
33 13 18 0
33 13 19 22
33 13 20 84
33 13 21 100
33 13 22 107
33 13 23 45
33 13 24 32
33 13 25 73
33 13 26 74
33 13 27 78
33 13 28 53
33 13 29 25
33 13 30 63
33 13 31 26
33 13 32 18
33 13 33 48
33 13 34 105
33 13 35 59
33 13 36 9
33 13 37 70
33 13 38 7
33 13 39 39
33 13 40 104
33 13 41 34
33 13 42 2
33 14 0 37
33 14 1 95
33 14 2 102
33 14 3 74
33 14 4 29
33 14 5 46
33 14 6 57
33 14 7 4
33 14 8 75
33 14 9 56
33 14 10 54
33 14 11 82
33 14 12 6
33 14 13 93
33 14 14 83
33 14 15 67
33 14 16 114
33 14 17 13
33 14 18 36
33 14 19 92
33 14 20 99
33 14 21 106
33 14 22 55
33 14 23 0
33 14 24 7
33 14 25 61
33 14 26 64
33 14 27 105
33 14 28 10
33 14 29 119
33 14 30 126
33 14 31 21
33 14 32 79
33 14 33 104
33 14 34 111
33 14 35 34
33 14 36 125
33 14 37 42
33 14 38 15
33 14 39 103
33 14 40 8
33 14 41 17
33 14 42 76
33 15 0 94
33 15 1 46
33 15 2 53
33 15 3 25
33 15 4 55
33 15 5 76
33 15 6 10
33 15 7 100
33 15 8 107
33 15 9 79
33 15 10 49
33 15 11 27
33 15 12 85
33 15 13 60
33 15 14 70
33 15 15 113
33 15 16 22
33 15 17 32
33 15 18 91
33 15 19 98
33 15 20 69
33 15 21 112
33 15 22 6
33 15 23 126
33 15 24 81
33 15 25 62
33 15 26 104
33 15 27 24
33 15 28 118
33 15 29 43
33 15 30 5
33 15 31 96
33 15 32 103
33 15 33 110
33 15 34 35
33 15 35 44
33 15 36 0
33 15 37 23
33 15 38 102
33 15 39 26
33 15 40 31
33 15 41 123
33 15 42 13
33 16 0 100
33 16 1 107
33 16 2 28
33 16 3 82
33 16 4 79
33 16 5 14
33 16 6 99
33 16 7 106
33 16 8 78
33 16 9 120
33 16 10 1
33 16 11 55
33 16 12 80
33 16 13 105
33 16 14 50
33 16 15 12
33 16 16 9
33 16 17 90
33 16 18 97
33 16 19 85
33 16 20 48
33 16 21 25
33 16 22 62
33 16 23 89
33 16 24 96
33 16 25 103
33 16 26 24
33 16 27 61
33 16 28 124
33 16 29 3
33 16 30 60
33 16 31 102
33 16 32 109
33 16 33 13
33 16 34 123
33 16 35 35
33 16 36 38
33 16 37 101
33 16 38 11
33 16 39 40
33 16 40 122
33 16 41 29
33 16 42 68
33 17 0 106
33 17 1 18
33 17 2 120
33 17 3 68
33 17 4 17
33 17 5 98
33 17 6 60
33 17 7 112
33 17 8 46
33 17 9 7
33 17 10 85
33 17 11 45
33 17 12 104
33 17 13 111
33 17 14 11
33 17 15 13
33 17 16 47
33 17 17 76
33 17 18 66
33 17 19 72
33 17 20 22
33 17 21 124
33 17 22 51
33 17 23 57
33 17 24 102
33 17 25 8
33 17 26 116
33 17 27 81
33 17 28 28
33 17 29 80
33 17 30 53
33 17 31 108
33 17 32 14
33 17 33 122
33 17 34 21
33 17 35 5
33 17 36 100
33 17 37 36
33 17 38 42
33 17 39 121
33 17 40 16
33 17 41 92
33 17 42 99
33 18 0 20
33 18 1 81
33 18 2 69
33 18 3 6
33 18 4 97
33 18 5 50
33 18 6 48
33 18 7 84
33 18 8 17
33 18 9 89
33 18 10 96
33 18 11 103
33 18 12 110
33 18 13 12
33 18 14 24
33 18 15 88
33 18 16 95
33 18 17 74
33 18 18 52
33 18 19 27
33 18 20 64
33 18 21 87
33 18 22 78
33 18 23 76
33 18 24 2
33 18 25 115
33 18 26 70
33 18 27 39
33 18 28 93
33 18 29 100
33 18 30 80
33 18 31 31
33 18 32 121
33 18 33 4
33 18 34 28
33 18 35 99
33 18 36 32
33 18 37 21
33 18 38 66
33 18 39 25
33 18 40 91
33 18 41 98
33 18 42 67
33 19 0 58
33 19 1 125
33 19 2 22
33 19 3 79
33 19 4 50
33 19 5 68
33 19 6 117
33 19 7 25
33 19 8 65
33 19 9 66
33 19 10 102
33 19 11 109
33 19 12 12
33 19 13 14
33 19 14 49
33 19 15 94
33 19 16 101
33 19 17 71
33 19 18 27
33 19 19 83
33 19 20 86
33 19 21 93
33 19 22 100
33 19 23 16
33 19 24 114
33 19 25 84
33 19 26 41
33 19 27 53
33 19 28 99
33 19 29 76
33 19 30 18
33 19 31 48
33 19 32 37
33 19 33 39
33 19 34 98
33 19 35 26
33 19 36 34
33 19 37 119
33 19 38 30
33 19 39 90
33 19 40 97
33 19 41 52
33 19 42 36
33 20 0 72
33 20 1 22
33 20 2 95
33 20 3 50
33 20 4 57
33 20 5 81
33 20 6 21
33 20 7 87
33 20 8 52
33 20 9 49
33 20 10 108
33 20 11 1
33 20 12 9
33 20 13 79
33 20 14 63
33 20 15 47
33 20 16 107
33 20 17 16
33 20 18 75
33 20 19 56
33 20 20 70
33 20 21 99
33 20 22 2
33 20 23 113
33 20 24 120
33 20 25 6
33 20 26 83
33 20 27 98
33 20 28 105
33 20 29 14
33 20 30 119
33 20 31 35
33 20 32 8
33 20 33 97
33 20 34 32
33 20 35 0
33 20 36 118
33 20 37 5
33 20 38 61
33 20 39 66
33 20 40 77
33 20 41 37
33 20 42 117
33 21 0 0
33 21 1 94
33 21 2 101
33 21 3 65
33 21 4 72
33 21 5 26
33 21 6 86
33 21 7 93
33 21 8 100
33 21 9 63
33 21 10 24
33 21 11 42
33 21 12 70
33 21 13 92
33 21 14 64
33 21 15 106
33 21 16 23
33 21 17 120
33 21 18 3
33 21 19 61
33 21 20 98
33 21 21 10
33 21 22 49
33 21 23 46
33 21 24 25
33 21 25 58
33 21 26 97
33 21 27 104
33 21 28 35
33 21 29 118
33 21 30 31
33 21 31 41
33 21 32 96
33 21 33 7
33 21 34 11
33 21 35 85
33 21 36 39
33 21 37 88
33 21 38 95
33 21 39 68
33 21 40 28
33 21 41 75
33 21 42 123
33 22 0 57
33 22 1 84
33 22 2 107
33 22 3 56
33 22 4 0
33 22 5 45
33 22 6 83
33 22 7 99
33 22 8 58
33 22 9 22
33 22 10 40
33 22 11 75
33 22 12 91
33 22 13 71
33 22 14 53
33 22 15 20
33 22 16 59
33 22 17 126
33 22 18 46
33 22 19 97
33 22 20 12
33 22 21 111
33 22 22 73
33 22 23 24
33 22 24 89
33 22 25 44
33 22 26 103
33 22 27 15
33 22 28 85
33 22 29 27
33 22 30 30
33 22 31 95
33 22 32 34
33 22 33 3
33 22 34 116
33 22 35 14
33 22 36 82
33 22 37 94
33 22 38 101
33 22 39 28
33 22 40 68
33 22 41 122
33 22 42 42
33 23 0 44
33 23 1 106
33 23 2 70
33 23 3 29
33 23 4 8
33 23 5 56
33 23 6 98
33 23 7 105
33 23 8 36
33 23 9 12
33 23 10 76
33 23 11 90
33 23 12 75
33 23 13 61
33 23 14 17
33 23 15 66
33 23 16 79
33 23 17 89
33 23 18 50
33 23 19 38
33 23 20 110
33 23 21 117
33 23 22 11
33 23 23 47
33 23 24 95
33 23 25 102
33 23 26 4
33 23 27 116
33 23 28 21
33 23 29 20
33 23 30 94
33 23 31 39
33 23 32 27
33 23 33 115
33 23 34 19
33 23 35 45
33 23 36 54
33 23 37 65
33 23 38 40
33 23 39 58
33 23 40 121
33 23 41 6
33 23 42 92
33 24 0 69
33 24 1 112
33 24 2 7
33 24 3 126
33 24 4 68
33 24 5 97
33 24 6 104
33 24 7 28
33 24 8 8
33 24 9 125
33 24 10 72
33 24 11 96
33 24 12 79
33 24 13 0
33 24 14 117
33 24 15 124
33 24 16 44
33 24 17 95
33 24 18 6
33 24 19 109
33 24 20 59
33 24 21 41
33 24 22 87
33 24 23 94
33 24 24 47
33 24 25 19
33 24 26 115
33 24 27 34
33 24 28 38
33 24 29 93
33 24 30 32
33 24 31 23
33 24 32 114
33 24 33 29
33 24 34 56
33 24 35 92
33 24 36 77
33 24 37 30
33 24 38 78
33 24 39 63
33 24 40 11
33 24 41 91
33 24 42 62
33 25 0 77
33 25 1 42
33 25 2 73
33 25 3 89
33 25 4 78
33 25 5 103
33 25 6 19
33 25 7 13
33 25 8 71
33 25 9 88
33 25 10 50
33 25 11 57
33 25 12 25
33 25 13 63
33 25 14 80
33 25 15 87
33 25 16 94
33 25 17 22
33 25 18 108
33 25 19 75
33 25 20 6
33 25 21 86
33 25 22 76
33 25 23 100
33 25 24 9
33 25 25 114
33 25 26 2
33 25 27 27
33 25 28 92
33 25 29 16
33 25 30 3
33 25 31 113
33 25 32 4
33 25 33 51
33 25 34 91
33 25 35 62
33 25 36 20
33 25 37 112
33 25 38 119
33 25 39 23
33 25 40 90
33 25 41 64
33 25 42 70
33 26 0 3
33 26 1 124
33 26 2 58
33 26 3 95
33 26 4 102
33 26 5 36
33 26 6 8
33 26 7 123
33 26 8 47
33 26 9 55
33 26 10 101
33 26 11 6
33 26 12 63
33 26 13 57
33 26 14 86
33 26 15 84
33 26 16 1
33 26 17 56
33 26 18 83
33 26 19 30
33 26 20 66
33 26 21 92
33 26 22 99
33 26 23 37
33 26 24 113
33 26 25 4
33 26 26 35
33 26 27 91
33 26 28 12
33 26 29 10
33 26 30 71
33 26 31 13
33 26 32 74
33 26 33 90
33 26 34 45
33 26 35 29
33 26 36 64
33 26 37 118
33 26 38 2
33 26 39 48
33 26 40 96
33 26 41 54
33 26 42 73
33 27 0 53
33 27 1 87
33 27 2 94
33 27 3 59
33 27 4 37
33 27 5 20
33 27 6 122
33 27 7 79
33 27 8 93
33 27 9 72
33 27 10 38
33 27 11 80
33 27 12 66
33 27 13 82
33 27 14 92
33 27 15 7
33 27 16 54
33 27 17 52
33 27 18 28
33 27 19 18
33 27 20 91
33 27 21 98
33 27 22 29
33 27 23 60
33 27 24 34
33 27 25 32
33 27 26 90
33 27 27 22
33 27 28 36
33 27 29 111
33 27 30 9
33 27 31 125
33 27 32 45
33 27 33 96
33 27 34 8
33 27 35 58
33 27 36 67
33 27 37 16
33 27 38 88
33 27 39 43
33 27 40 46
33 27 41 61
33 27 42 0
33 28 0 86
33 28 1 83
33 28 2 100
33 28 3 5
33 28 4 36
33 28 5 121
33 28 6 66
33 28 7 55
33 28 8 77
33 28 9 41
33 28 10 69
33 28 11 120
33 28 12 42
33 28 13 91
33 28 14 13
33 28 15 105
33 28 16 112
33 28 17 25
33 28 18 126
33 28 19 90
33 28 20 97
33 28 21 22
33 28 22 111
33 28 23 40
33 28 24 27
33 28 25 89
33 28 26 30
33 28 27 26
33 28 28 110
33 28 29 15
33 28 30 48
33 28 31 88
33 28 32 51
33 28 33 31
33 28 34 72
33 28 35 116
33 28 36 1
33 28 37 74
33 28 38 56
33 28 39 101
33 28 40 60
33 28 41 14
33 28 42 46
33 29 0 92
33 29 1 99
33 29 2 30
33 29 3 3
33 29 4 52
33 29 5 75
33 29 6 82
33 29 7 70
33 29 8 28
33 29 9 112
33 29 10 53
33 29 11 126
33 29 12 90
33 29 13 26
33 29 14 104
33 29 15 44
33 29 16 29
33 29 17 45
33 29 18 80
33 29 19 66
33 29 20 41
33 29 21 110
33 29 22 21
33 29 23 39
33 29 24 88
33 29 25 18
33 29 26 40
33 29 27 109
33 29 28 5
33 29 29 123
33 29 30 62
33 29 31 65
33 29 32 16
33 29 33 67
33 29 34 115
33 29 35 23
33 29 36 83
33 29 37 93
33 29 38 48
33 29 39 107
33 29 40 6
33 29 41 58
33 29 42 71
33 30 0 98
33 30 1 11
33 30 2 6
33 30 3 119
33 30 4 62
33 30 5 85
33 30 6 74
33 30 7 3
33 30 8 66
33 30 9 68
33 30 10 61
33 30 11 58
33 30 12 35
33 30 13 103
33 30 14 44
33 30 15 14
33 30 16 124
33 30 17 88
33 30 18 95
33 30 19 9
33 30 20 109
33 30 21 31
33 30 22 12
33 30 23 87
33 30 24 13
33 30 25 21
33 30 26 108
33 30 27 42
33 30 28 122
33 30 29 75
33 30 30 93
33 30 31 38
33 30 32 107
33 30 33 114
33 30 34 5
33 30 35 71
33 30 36 55
33 30 37 51
33 30 38 106
33 30 39 20
33 30 40 120
33 30 41 4
33 30 42 91
33 31 0 36
33 31 1 4
33 31 2 118
33 31 3 125
33 31 4 89
33 31 5 96
33 31 6 28
33 31 7 44
33 31 8 117
33 31 9 124
33 31 10 88
33 31 11 10
33 31 12 102
33 31 13 59
33 31 14 9
33 31 15 72
33 31 16 67
33 31 17 94
33 31 18 31
33 31 19 108
33 31 20 37
33 31 21 27
33 31 22 86
33 31 23 15
33 31 24 19
33 31 25 54
33 31 26 3
33 31 27 121
33 31 28 52
33 31 29 85
33 31 30 41
33 31 31 106
33 31 32 113
33 31 33 18
33 31 34 69
33 31 35 75
33 31 36 71
33 31 37 47
33 31 38 8
33 31 39 60
33 31 40 126
33 31 41 90
33 31 42 97
33 32 0 24
33 32 1 70
33 32 2 66
33 32 3 60
33 32 4 80
33 32 5 4
33 32 6 77
33 32 7 54
33 32 8 74
33 32 9 81
33 32 10 13
33 32 11 73
33 32 12 68
33 32 13 9
33 32 14 65
33 32 15 57
33 32 16 53
33 32 17 21
33 32 18 45
33 32 19 32
33 32 20 35
33 32 21 76
33 32 22 26
33 32 23 18
33 32 24 64
33 32 25 37
33 32 26 56
33 32 27 52
33 32 28 44
33 32 29 42
33 32 30 84
33 32 31 79
33 32 32 40
33 32 33 71
33 32 34 78
33 32 35 55
33 32 36 75
33 32 37 0
33 32 38 72
33 32 39 49
33 32 40 43
33 32 41 82
33 32 42 30
33 33 0 116
33 33 1 123
33 33 2 87
33 33 3 49
33 33 4 19
33 33 5 62
33 33 6 81
33 33 7 77
33 33 8 83
33 33 9 18
33 33 10 100
33 33 11 107
33 33 12 26
33 33 13 67
33 33 14 57
33 33 15 92
33 33 16 8
33 33 17 55
33 33 18 42
33 33 19 16
33 33 20 33
33 33 21 7
33 33 22 24
33 33 23 105
33 33 24 15
33 33 25 119
33 33 26 85
33 33 27 80
33 33 28 40
33 33 29 50
33 33 30 111
33 33 31 5
33 33 32 125
33 33 33 89
33 33 34 96
33 33 35 65
33 33 36 4
33 33 37 117
33 33 38 124
33 33 39 88
33 33 40 95
33 33 41 3
33 33 42 20
33 34 0 122
33 34 1 86
33 34 2 93
33 34 3 23
33 34 4 107
33 34 5 58
33 34 6 54
33 34 7 81
33 34 8 26
33 34 9 99
33 34 10 106
33 34 11 24
33 34 12 120
33 34 13 77
33 34 14 91
33 34 15 29
33 34 16 105
33 34 17 5
33 34 18 40
33 34 19 126
33 34 20 31
33 34 21 34
33 34 22 104
33 34 23 2
33 34 24 118
33 34 25 125
33 34 26 89
33 34 27 14
33 34 28 65
33 34 29 110
33 34 30 10
33 34 31 51
33 34 32 48
33 34 33 84
33 34 34 43
33 34 35 19
33 34 36 78
33 34 37 67
33 34 38 47
33 34 39 94
33 34 40 42
33 34 41 36
33 34 42 115
33 35 0 81
33 35 1 51
33 35 2 15
33 35 3 106
33 35 4 61
33 35 5 120
33 35 6 69
33 35 7 5
33 35 8 98
33 35 9 85
33 35 10 25
33 35 11 44
33 35 12 47
33 35 13 90
33 35 14 20
33 35 15 104
33 35 16 4
33 35 17 8
33 35 18 125
33 35 19 39
33 35 20 29
33 35 21 103
33 35 22 35
33 35 23 43
33 35 24 72
33 35 25 64
33 35 26 14
33 35 27 65
33 35 28 109
33 35 29 13
33 35 30 123
33 35 31 87
33 35 32 56
33 35 33 101
33 35 34 38
33 35 35 82
33 35 36 70
33 35 37 77
33 35 38 57
33 35 39 19
33 35 40 30
33 35 41 114
33 35 42 121
33 36 0 63
33 36 1 3
33 36 2 49
33 36 3 112
33 36 4 53
33 36 5 78
33 36 6 18
33 36 7 97
33 36 8 80
33 36 9 28
33 36 10 58
33 36 11 125
33 36 12 61
33 36 13 24
33 36 14 103
33 36 15 2
33 36 16 10
33 36 17 124
33 36 18 11
33 36 19 35
33 36 20 102
33 36 21 14
33 36 22 116
33 36 23 123
33 36 24 87
33 36 25 9
33 36 26 101
33 36 27 108
33 36 28 31
33 36 29 122
33 36 30 86
33 36 31 93
33 36 32 83
33 36 33 20
33 36 34 75
33 36 35 54
33 36 36 43
33 36 37 92
33 36 38 17
33 36 39 12
33 36 40 113
33 36 41 69
33 36 42 19
33 37 0 17
33 37 1 48
33 37 2 63
33 37 3 66
33 37 4 125
33 37 5 0
33 37 6 85
33 37 7 51
33 37 8 7
33 37 9 117
33 37 10 64
33 37 11 88
33 37 12 18
33 37 13 102
33 37 14 26
33 37 15 5
33 37 16 123
33 37 17 27
33 37 18 2
33 37 19 49
33 37 20 25
33 37 21 115
33 37 22 122
33 37 23 86
33 37 24 37
33 37 25 57
33 37 26 55
33 37 27 40
33 37 28 121
33 37 29 70
33 37 30 43
33 37 31 72
33 37 32 38
33 37 33 80
33 37 34 120
33 37 35 73
33 37 36 91
33 37 37 20
33 37 38 36
33 37 39 50
33 37 40 119
33 37 41 126
33 37 42 56
33 38 0 79
33 38 1 55
33 38 2 117
33 38 3 61
33 38 4 22
33 38 5 95
33 38 6 45
33 38 7 35
33 38 8 64
33 38 9 123
33 38 10 78
33 38 11 8
33 38 12 81
33 38 13 40
33 38 14 36
33 38 15 122
33 38 16 39
33 38 17 26
33 38 18 100
33 38 19 1
33 38 20 114
33 38 21 121
33 38 22 43
33 38 23 41
33 38 24 69
33 38 25 53
33 38 26 10
33 38 27 68
33 38 28 24
33 38 29 52
33 38 30 46
33 38 31 25
33 38 32 112
33 38 33 54
33 38 34 62
33 38 35 90
33 38 36 30
33 38 37 18
33 38 38 111
33 38 39 118
33 38 40 51
33 38 41 89
33 38 42 9
33 39 0 82
33 39 1 45
33 39 2 123
33 39 3 7
33 39 4 94
33 39 5 101
33 39 6 15
33 39 7 47
33 39 8 122
33 39 9 58
33 39 10 14
33 39 11 100
33 39 12 30
33 39 13 1
33 39 14 121
33 39 15 34
33 39 16 32
33 39 17 99
33 39 18 37
33 39 19 113
33 39 20 76
33 39 21 5
33 39 22 38
33 39 23 77
33 39 24 105
33 39 25 16
33 39 26 119
33 39 27 126
33 39 28 72
33 39 29 46
33 39 30 28
33 39 31 52
33 39 32 59
33 39 33 125
33 39 34 81
33 39 35 3
33 39 36 29
33 39 37 110
33 39 38 74
33 39 39 124
33 39 40 79
33 39 41 23
33 39 42 75
33 40 0 47
33 40 1 122
33 40 2 21
33 40 3 46
33 40 4 74
33 40 5 37
33 40 6 75
33 40 7 121
33 40 8 53
33 40 9 10
33 40 10 99
33 40 11 13
33 40 12 11
33 40 13 120
33 40 14 31
33 40 15 19
33 40 16 98
33 40 17 29
33 40 18 62
33 40 19 119
33 40 20 126
33 40 21 36
33 40 22 50
33 40 23 104
33 40 24 22
33 40 25 118
33 40 26 65
33 40 27 89
33 40 28 96
33 40 29 17
33 40 30 73
33 40 31 117
33 40 32 80
33 40 33 88
33 40 34 15
33 40 35 30
33 40 36 109
33 40 37 116
33 40 38 84
33 40 39 87
33 40 40 20
33 40 41 101
33 40 42 83
33 41 0 121
33 41 1 0
33 41 2 92
33 41 3 51
33 41 4 3
33 41 5 44
33 41 6 55
33 41 7 64
33 41 8 19
33 41 9 98
33 41 10 20
33 41 11 7
33 41 12 119
33 41 13 39
33 41 14 21
33 41 15 97
33 41 16 14
33 41 17 111
33 41 18 118
33 41 19 62
33 41 20 17
33 41 21 96
33 41 22 103
33 41 23 1
33 41 24 59
33 41 25 124
33 41 26 73
33 41 27 43
33 41 28 41
33 41 29 48
33 41 30 77
33 41 31 123
33 41 32 76
33 41 33 10
33 41 34 4
33 41 35 108
33 41 36 115
33 41 37 53
33 41 38 86
33 41 39 24
33 41 40 82
33 41 41 107
33 41 42 65
33 42 0 12
33 42 1 91
33 42 2 84
33 42 3 36
33 42 4 112
33 42 5 119
33 42 6 70
33 42 7 37
33 42 8 97
33 42 9 0
33 42 10 34
33 42 11 118
33 42 12 28
33 42 13 32
33 42 14 67
33 42 15 4
33 42 16 110
33 42 17 65
33 42 18 124
33 42 19 25
33 42 20 79
33 42 21 102
33 42 22 17
33 42 23 116
33 42 24 63
33 42 25 87
33 42 26 50
33 42 27 23
33 42 28 56
33 42 29 81
33 42 30 122
33 42 31 77
33 42 32 15
33 42 33 38
33 42 34 51
33 42 35 114
33 42 36 69
33 42 37 64
33 42 38 16
33 42 39 53
33 42 40 106
33 42 41 68
33 42 42 52
34 0 0 85
34 0 1 37
34 0 2 112
34 0 3 119
34 0 4 71
34 0 5 38
34 0 6 97
34 0 7 1
34 0 8 35
34 0 9 118
34 0 10 29
34 0 11 33
34 0 12 68
34 0 13 5
34 0 14 110
34 0 15 66
34 0 16 124
34 0 17 26
34 0 18 80
34 0 19 102
34 0 20 18
34 0 21 116
34 0 22 64
34 0 23 87
34 0 24 51
34 0 25 24
34 0 26 57
34 0 27 82
34 0 28 122
34 0 29 78
34 0 30 16
34 0 31 39
34 0 32 52
34 0 33 114
34 0 34 70
34 0 35 65
34 0 36 17
34 0 37 54
34 0 38 106
34 0 39 69
34 0 40 53
34 0 41 13
34 0 42 91
34 1 0 27
34 1 1 85
34 1 2 118
34 1 3 125
34 1 4 5
34 1 5 68
34 1 6 40
34 1 7 28
34 1 8 117
34 1 9 4
34 1 10 3
34 1 11 95
34 1 12 20
34 1 13 109
34 1 14 116
34 1 15 52
34 1 16 13
34 1 17 64
34 1 18 61
34 1 19 29
34 1 20 115
34 1 21 49
34 1 22 86
34 1 23 93
34 1 24 7
34 1 25 107
34 1 26 46
34 1 27 121
34 1 28 83
34 1 29 12
34 1 30 31
34 1 31 47
34 1 32 113
34 1 33 120
34 1 34 16
34 1 35 38
34 1 36 81
34 1 37 45
34 1 38 112
34 1 39 119
34 1 40 18
34 1 41 90
34 1 42 78
34 2 0 76
34 2 1 44
34 2 2 49
34 2 3 10
34 2 4 95
34 2 5 21
34 2 6 33
34 2 7 116
34 2 8 37
34 2 9 40
34 2 10 94
34 2 11 9
34 2 12 108
34 2 13 115
34 2 14 70
34 2 15 0
34 2 16 93
34 2 17 100
34 2 18 12
34 2 19 114
34 2 20 83
34 2 21 54
34 2 22 78
34 2 23 4
34 2 24 106
34 2 25 63
34 2 26 47
34 2 27 74
34 2 28 27
34 2 29 2
34 2 30 105
34 2 31 61
34 2 32 58
34 2 33 126
34 2 34 24
34 2 35 72
34 2 36 53
34 2 37 60
34 2 38 118
34 2 39 25
34 2 40 81
34 2 41 96
34 2 42 39
34 3 0 116
34 3 1 123
34 3 2 28
34 3 3 94
34 3 4 13
34 3 5 17
34 3 6 115
34 3 7 26
34 3 8 36
34 3 9 62
34 3 10 32
34 3 11 77
34 3 12 114
34 3 13 57
34 3 14 42
34 3 15 69
34 3 16 99
34 3 17 14
34 3 18 113
34 3 19 120
34 3 20 21
34 3 21 70
34 3 22 1
34 3 23 82
34 3 24 112
34 3 25 119
34 3 26 61
34 3 27 25
34 3 28 0
34 3 29 104
34 3 30 111
34 3 31 44
34 3 32 45
34 3 33 41
34 3 34 96
34 3 35 85
34 3 36 60
34 3 37 74
34 3 38 24
34 3 39 88
34 3 40 52
34 3 41 39
34 3 42 58
34 4 0 122
34 4 1 19
34 4 2 44
34 4 3 24
34 4 4 35
34 4 5 114
34 4 6 16
34 4 7 32
34 4 8 92
34 4 9 10
34 4 10 73
34 4 11 113
34 4 12 120
34 4 13 18
34 4 14 83
34 4 15 98
34 4 16 22
34 4 17 77
34 4 18 75
34 4 19 126
34 4 20 46
34 4 21 8
34 4 22 58
34 4 23 79
34 4 24 118
34 4 25 125
34 4 26 15
34 4 27 23
34 4 28 103
34 4 29 110
34 4 30 117
34 4 31 124
34 4 32 3
34 4 33 69
34 4 34 62
34 4 35 60
34 4 36 116
34 4 37 2
34 4 38 84
34 4 39 72
34 4 40 30
34 4 41 43
34 4 42 115
34 5 0 37
34 5 1 92
34 5 2 33
34 5 3 41
34 5 4 113
34 5 5 28
34 5 6 30
34 5 7 91
34 5 8 6
34 5 9 105
34 5 10 57
34 5 11 73
34 5 12 26
34 5 13 72
34 5 14 97
34 5 15 8
34 5 16 111
34 5 17 53
34 5 18 59
34 5 19 89
34 5 20 40
34 5 21 81
34 5 22 44
34 5 23 77
34 5 24 63
34 5 25 10
34 5 26 12
34 5 27 102
34 5 28 109
34 5 29 65
34 5 30 68
34 5 31 42
34 5 32 64
34 5 33 101
34 5 34 50
34 5 35 115
34 5 36 2
34 5 37 85
34 5 38 93
34 5 39 31
34 5 40 107
34 5 41 114
34 5 42 121
34 6 0 91
34 6 1 3
34 6 2 35
34 6 3 112
34 6 4 39
34 6 5 20
34 6 6 90
34 6 7 36
34 6 8 104
34 6 9 111
34 6 10 50
34 6 11 28
34 6 12 89
34 6 13 49
34 6 14 22
34 6 15 110
34 6 16 117
34 6 17 124
34 6 18 48
34 6 19 40
34 6 20 62
34 6 21 68
34 6 22 116
34 6 23 123
34 6 24 0
34 6 25 12
34 6 26 60
34 6 27 108
34 6 28 73
34 6 29 55
34 6 30 7
34 6 31 93
34 6 32 75
34 6 33 107
34 6 34 114
34 6 35 18
34 6 36 74
34 6 37 71
34 6 38 4
34 6 39 106
34 6 40 113
34 6 41 85
34 6 42 42
34 7 0 25
34 7 1 31
34 7 2 111
34 7 3 19
34 7 4 3
34 7 5 66
34 7 6 10
34 7 7 103
34 7 8 110
34 7 9 117
34 7 10 39
34 7 11 67
34 7 12 95
34 7 13 16
34 7 14 109
34 7 15 48
34 7 16 72
34 7 17 87
34 7 18 2
34 7 19 101
34 7 20 84
34 7 21 115
34 7 22 122
34 7 23 11
34 7 24 13
34 7 25 100
34 7 26 83
34 7 27 50
34 7 28 68
34 7 29 17
34 7 30 61
34 7 31 74
34 7 32 106
34 7 33 113
34 7 34 7
34 7 35 77
34 7 36 55
34 7 37 6
34 7 38 57
34 7 39 64
34 7 40 119
34 7 41 8
34 7 42 90
34 8 0 13
34 8 1 110
34 8 2 29
34 8 3 32
34 8 4 88
34 8 5 11
34 8 6 102
34 8 7 109
34 8 8 74
34 8 9 21
34 8 10 87
34 8 11 94
34 8 12 0
34 8 13 108
34 8 14 46
34 8 15 49
34 8 16 86
34 8 17 42
34 8 18 55
34 8 19 107
34 8 20 114
34 8 21 121
34 8 22 15
34 8 23 12
34 8 24 99
34 8 25 43
34 8 26 70
34 8 27 120
34 8 28 23
34 8 29 71
34 8 30 56
34 8 31 54
34 8 32 78
34 8 33 10
34 8 34 53
34 8 35 64
34 8 36 39
34 8 37 79
34 8 38 111
34 8 39 118
34 8 40 38
34 8 41 77
34 8 42 27
34 9 0 109
34 9 1 1
34 9 2 24
34 9 3 83
34 9 4 32
34 9 5 51
34 9 6 108
34 9 7 62
34 9 8 19
34 9 9 86
34 9 10 47
34 9 11 0
34 9 12 57
34 9 13 75
34 9 14 79
34 9 15 80
34 9 16 18
34 9 17 65
34 9 18 106
34 9 19 113
34 9 20 69
34 9 21 35
34 9 22 2
34 9 23 98
34 9 24 105
34 9 25 112
34 9 26 68
34 9 27 40
34 9 28 82
34 9 29 48
34 9 30 44
34 9 31 111
34 9 32 14
34 9 33 125
34 9 34 89
34 9 35 42
34 9 36 72
34 9 37 110
34 9 38 66
34 9 39 11
34 9 40 88
34 9 41 36
34 9 42 41
34 10 0 9
34 10 1 25
34 10 2 70
34 10 3 33
34 10 4 100
34 10 5 59
34 10 6 63
34 10 7 3
34 10 8 53
34 10 9 92
34 10 10 14
34 10 11 55
34 10 12 74
34 10 13 120
34 10 14 17
34 10 15 24
34 10 16 61
34 10 17 83
34 10 18 72
34 10 19 119
34 10 20 31
34 10 21 11
34 10 22 97
34 10 23 104
34 10 24 50
34 10 25 51
34 10 26 18
34 10 27 89
34 10 28 96
34 10 29 68
34 10 30 110
34 10 31 20
34 10 32 65
34 10 33 80
34 10 34 38
34 10 35 44
34 10 36 109
34 10 37 116
34 10 38 30
34 10 39 79
34 10 40 7
34 10 41 16
34 10 42 108
34 11 0 17
34 11 1 65
34 11 2 15
34 11 3 99
34 11 4 52
34 11 5 53
34 11 6 6
34 11 7 41
34 11 8 91
34 11 9 42
34 11 10 105
34 11 11 112
34 11 12 61
34 11 13 126
34 11 14 35
34 11 15 47
34 11 16 75
34 11 17 111
34 11 18 118
34 11 19 2
34 11 20 24
34 11 21 66
34 11 22 103
34 11 23 60
34 11 24 117
34 11 25 20
34 11 26 55
34 11 27 84
34 11 28 69
34 11 29 109
34 11 30 23
34 11 31 123
34 11 32 87
34 11 33 19
34 11 34 101
34 11 35 108
34 11 36 115
34 11 37 3
34 11 38 51
34 11 39 22
34 11 40 33
34 11 41 107
34 11 42 28
34 12 0 60
34 12 1 17
34 12 2 98
34 12 3 105
34 12 4 112
34 12 5 39
34 12 6 126
34 12 7 90
34 12 8 8
34 12 9 104
34 12 10 85
34 12 11 70
34 12 12 56
34 12 13 24
34 12 14 96
34 12 15 51
34 12 16 110
34 12 17 45
34 12 18 35
34 12 19 9
34 12 20 95
34 12 21 102
34 12 22 79
34 12 23 64
34 12 24 16
34 12 25 87
34 12 26 50
34 12 27 101
34 12 28 108
34 12 29 11
34 12 30 122
34 12 31 86
34 12 32 41
34 12 33 58
34 12 34 59
34 12 35 114
34 12 36 22
34 12 37 46
34 12 38 28
34 12 39 12
34 12 40 106
34 12 41 5
34 12 42 36
34 13 0 3
34 13 1 97
34 13 2 104
34 13 3 67
34 13 4 27
34 13 5 74
34 13 6 46
34 13 7 14
34 13 8 103
34 13 9 43
34 13 10 117
34 13 11 124
34 13 12 9
34 13 13 60
34 13 14 61
34 13 15 109
34 13 16 116
34 13 17 16
34 13 18 33
34 13 19 94
34 13 20 82
34 13 21 71
34 13 22 50
34 13 23 1
34 13 24 86
34 13 25 93
34 13 26 80
34 13 27 56
34 13 28 17
34 13 29 121
34 13 30 58
34 13 31 29
34 13 32 48
34 13 33 52
34 13 34 113
34 13 35 8
34 13 36 84
34 13 37 32
34 13 38 20
34 13 39 105
34 13 40 13
34 13 41 40
34 13 42 75
34 14 0 45
34 14 1 103
34 14 2 82
34 14 3 6
34 14 4 124
34 14 5 88
34 14 6 2
34 14 7 102
34 14 8 67
34 14 9 63
34 14 10 72
34 14 11 5
34 14 12 43
34 14 13 101
34 14 14 108
34 14 15 115
34 14 16 1
34 14 17 23
34 14 18 85
34 14 19 100
34 14 20 107
34 14 21 46
34 14 22 33
34 14 23 74
34 14 24 75
34 14 25 79
34 14 26 54
34 14 27 26
34 14 28 64
34 14 29 27
34 14 30 19
34 14 31 49
34 14 32 105
34 14 33 60
34 14 34 10
34 14 35 71
34 14 36 8
34 14 37 40
34 14 38 104
34 14 39 35
34 14 40 3
34 14 41 125
34 14 42 22
34 15 0 102
34 15 1 75
34 15 2 30
34 15 3 47
34 15 4 58
34 15 5 5
34 15 6 76
34 15 7 57
34 15 8 55
34 15 9 83
34 15 10 7
34 15 11 93
34 15 12 84
34 15 13 68
34 15 14 114
34 15 15 14
34 15 16 37
34 15 17 92
34 15 18 99
34 15 19 106
34 15 20 56
34 15 21 1
34 15 22 8
34 15 23 62
34 15 24 65
34 15 25 105
34 15 26 11
34 15 27 119
34 15 28 126
34 15 29 22
34 15 30 80
34 15 31 104
34 15 32 111
34 15 33 35
34 15 34 125
34 15 35 0
34 15 36 16
34 15 37 103
34 15 38 9
34 15 39 18
34 15 40 77
34 15 41 38
34 15 42 95
34 16 0 54
34 16 1 26
34 16 2 56
34 16 3 77
34 16 4 11
34 16 5 100
34 16 6 107
34 16 7 80
34 16 8 50
34 16 9 28
34 16 10 43
34 16 11 61
34 16 12 71
34 16 13 113
34 16 14 23
34 16 15 33
34 16 16 91
34 16 17 98
34 16 18 70
34 16 19 112
34 16 20 7
34 16 21 126
34 16 22 82
34 16 23 63
34 16 24 104
34 16 25 25
34 16 26 118
34 16 27 44
34 16 28 6
34 16 29 96
34 16 30 103
34 16 31 110
34 16 32 36
34 16 33 45
34 16 34 1
34 16 35 24
34 16 36 102
34 16 37 27
34 16 38 32
34 16 39 123
34 16 40 14
34 16 41 94
34 16 42 47
34 17 0 29
34 17 1 83
34 17 2 80
34 17 3 15
34 17 4 99
34 17 5 106
34 17 6 79
34 17 7 120
34 17 8 2
34 17 9 56
34 17 10 81
34 17 11 105
34 17 12 51
34 17 13 13
34 17 14 10
34 17 15 90
34 17 16 97
34 17 17 43
34 17 18 49
34 17 19 26
34 17 20 63
34 17 21 89
34 17 22 96
34 17 23 103
34 17 24 25
34 17 25 62
34 17 26 124
34 17 27 4
34 17 28 61
34 17 29 102
34 17 30 109
34 17 31 14
34 17 32 123
34 17 33 36
34 17 34 39
34 17 35 101
34 17 36 12
34 17 37 41
34 17 38 122
34 17 39 30
34 17 40 69
34 17 41 100
34 17 42 107
34 18 0 120
34 18 1 69
34 18 2 18
34 18 3 98
34 18 4 61
34 18 5 112
34 18 6 47
34 18 7 8
34 18 8 43
34 18 9 46
34 18 10 104
34 18 11 111
34 18 12 12
34 18 13 14
34 18 14 48
34 18 15 77
34 18 16 67
34 18 17 73
34 18 18 23
34 18 19 124
34 18 20 52
34 18 21 58
34 18 22 102
34 18 23 9
34 18 24 116
34 18 25 82
34 18 26 29
34 18 27 81
34 18 28 54
34 18 29 108
34 18 30 15
34 18 31 122
34 18 32 22
34 18 33 6
34 18 34 100
34 18 35 37
34 18 36 0
34 18 37 121
34 18 38 17
34 18 39 92
34 18 40 99
34 18 41 106
34 18 42 19
34 19 0 70
34 19 1 7
34 19 2 97
34 19 3 51
34 19 4 49
34 19 5 85
34 19 6 18
34 19 7 89
34 19 8 96
34 19 9 103
34 19 10 110
34 19 11 13
34 19 12 25
34 19 13 88
34 19 14 95
34 19 15 75
34 19 16 53
34 19 17 28
34 19 18 65
34 19 19 87
34 19 20 79
34 19 21 77
34 19 22 3
34 19 23 115
34 19 24 71
34 19 25 40
34 19 26 93
34 19 27 100
34 19 28 81
34 19 29 32
34 19 30 121
34 19 31 5
34 19 32 29
34 19 33 99
34 19 34 33
34 19 35 22
34 19 36 67
34 19 37 26
34 19 38 91
34 19 39 98
34 19 40 68
34 19 41 21
34 19 42 82
34 20 0 23
34 20 1 80
34 20 2 51
34 20 3 69
34 20 4 117
34 20 5 26
34 20 6 66
34 20 7 67
34 20 8 102
34 20 9 109
34 20 10 13
34 20 11 15
34 20 12 50
34 20 13 94
34 20 14 101
34 20 15 72
34 20 16 28
34 20 17 84
34 20 18 86
34 20 19 93
34 20 20 100
34 20 21 17
34 20 22 114
34 20 23 85
34 20 24 42
34 20 25 54
34 20 26 99
34 20 27 77
34 20 28 19
34 20 29 49
34 20 30 38
34 20 31 40
34 20 32 98
34 20 33 27
34 20 34 35
34 20 35 119
34 20 36 31
34 20 37 90
34 20 38 97
34 20 39 53
34 20 40 37
34 20 41 59
34 20 42 125
34 21 0 95
34 21 1 51
34 21 2 58
34 21 3 82
34 21 4 22
34 21 5 87
34 21 6 53
34 21 7 50
34 21 8 108
34 21 9 2
34 21 10 10
34 21 11 80
34 21 12 64
34 21 13 48
34 21 14 107
34 21 15 17
34 21 16 76
34 21 17 57
34 21 18 71
34 21 19 99
34 21 20 3
34 21 21 113
34 21 22 120
34 21 23 7
34 21 24 84
34 21 25 98
34 21 26 105
34 21 27 15
34 21 28 119
34 21 29 36
34 21 30 9
34 21 31 97
34 21 32 33
34 21 33 1
34 21 34 118
34 21 35 6
34 21 36 62
34 21 37 67
34 21 38 78
34 21 39 38
34 21 40 117
34 21 41 73
34 21 42 23
34 22 0 101
34 22 1 66
34 22 2 73
34 22 3 27
34 22 4 86
34 22 5 93
34 22 6 100
34 22 7 64
34 22 8 25
34 22 9 0
34 22 10 71
34 22 11 92
34 22 12 65
34 22 13 106
34 22 14 24
34 22 15 120
34 22 16 4
34 22 17 62
34 22 18 98
34 22 19 11
34 22 20 50
34 22 21 47
34 22 22 26
34 22 23 59
34 22 24 97
34 22 25 104
34 22 26 36
34 22 27 118
34 22 28 32
34 22 29 42
34 22 30 96
34 22 31 8
34 22 32 12
34 22 33 43
34 22 34 40
34 22 35 88
34 22 36 95
34 22 37 69
34 22 38 29
34 22 39 76
34 22 40 123
34 22 41 1
34 22 42 94
34 23 0 107
34 23 1 57
34 23 2 1
34 23 3 46
34 23 4 84
34 23 5 99
34 23 6 59
34 23 7 23
34 23 8 41
34 23 9 76
34 23 10 91
34 23 11 72
34 23 12 54
34 23 13 21
34 23 14 60
34 23 15 126
34 23 16 47
34 23 17 97
34 23 18 13
34 23 19 111
34 23 20 74
34 23 21 25
34 23 22 89
34 23 23 45
34 23 24 103
34 23 25 16
34 23 26 43
34 23 27 28
34 23 28 31
34 23 29 95
34 23 30 35
34 23 31 4
34 23 32 116
34 23 33 15
34 23 34 83
34 23 35 94
34 23 36 101
34 23 37 29
34 23 38 69
34 23 39 122
34 23 40 0
34 23 41 58
34 23 42 85
34 24 0 71
34 24 1 30
34 24 2 9
34 24 3 57
34 24 4 98
34 24 5 105
34 24 6 37
34 24 7 13
34 24 8 77
34 24 9 90
34 24 10 76
34 24 11 62
34 24 12 18
34 24 13 67
34 24 14 80
34 24 15 89
34 24 16 51
34 24 17 39
34 24 18 110
34 24 19 117
34 24 20 12
34 24 21 48
34 24 22 95
34 24 23 102
34 24 24 5
34 24 25 116
34 24 26 22
34 24 27 21
34 24 28 94
34 24 29 40
34 24 30 28
34 24 31 115
34 24 32 20
34 24 33 46
34 24 34 55
34 24 35 66
34 24 36 41
34 24 37 59
34 24 38 121
34 24 39 7
34 24 40 92
34 24 41 45
34 24 42 106
34 25 0 8
34 25 1 126
34 25 2 69
34 25 3 97
34 25 4 104
34 25 5 29
34 25 6 9
34 25 7 125
34 25 8 73
34 25 9 96
34 25 10 80
34 25 11 1
34 25 12 117
34 25 13 124
34 25 14 45
34 25 15 95
34 25 16 7
34 25 17 109
34 25 18 60
34 25 19 42
34 25 20 87
34 25 21 94
34 25 22 48
34 25 23 20
34 25 24 115
34 25 25 35
34 25 26 39
34 25 27 93
34 25 28 33
34 25 29 24
34 25 30 114
34 25 31 30
34 25 32 57
34 25 33 92
34 25 34 78
34 25 35 31
34 25 36 79
34 25 37 64
34 25 38 12
34 25 39 91
34 25 40 63
34 25 41 70
34 25 42 112
34 26 0 74
34 26 1 89
34 26 2 79
34 26 3 103
34 26 4 20
34 26 5 14
34 26 6 72
34 26 7 88
34 26 8 51
34 26 9 58
34 26 10 26
34 26 11 64
34 26 12 81
34 26 13 87
34 26 14 94
34 26 15 23
34 26 16 108
34 26 17 76
34 26 18 7
34 26 19 86
34 26 20 77
34 26 21 100
34 26 22 10
34 26 23 114
34 26 24 3
34 26 25 28
34 26 26 92
34 26 27 17
34 26 28 4
34 26 29 113
34 26 30 5
34 26 31 52
34 26 32 91
34 26 33 63
34 26 34 21
34 26 35 112
34 26 36 119
34 26 37 24
34 26 38 90
34 26 39 65
34 26 40 71
34 26 41 78
34 26 42 0
34 27 0 59
34 27 1 95
34 27 2 102
34 27 3 37
34 27 4 9
34 27 5 123
34 27 6 48
34 27 7 56
34 27 8 101
34 27 9 7
34 27 10 64
34 27 11 58
34 27 12 86
34 27 13 85
34 27 14 2
34 27 15 57
34 27 16 84
34 27 17 31
34 27 18 67
34 27 19 92
34 27 20 99
34 27 21 38
34 27 22 113
34 27 23 5
34 27 24 36
34 27 25 91
34 27 26 13
34 27 27 11
34 27 28 72
34 27 29 14
34 27 30 75
34 27 31 90
34 27 32 46
34 27 33 30
34 27 34 65
34 27 35 118
34 27 36 3
34 27 37 49
34 27 38 96
34 27 39 55
34 27 40 74
34 27 41 4
34 27 42 124
34 28 0 94
34 28 1 60
34 28 2 38
34 28 3 21
34 28 4 122
34 28 5 80
34 28 6 93
34 28 7 73
34 28 8 39
34 28 9 81
34 28 10 67
34 28 11 83
34 28 12 92
34 28 13 8
34 28 14 55
34 28 15 53
34 28 16 29
34 28 17 19
34 28 18 91
34 28 19 98
34 28 20 30
34 28 21 61
34 28 22 35
34 28 23 33
34 28 24 90
34 28 25 23
34 28 26 37
34 28 27 111
34 28 28 10
34 28 29 125
34 28 30 46
34 28 31 96
34 28 32 9
34 28 33 59
34 28 34 68
34 28 35 17
34 28 36 88
34 28 37 44
34 28 38 47
34 28 39 62
34 28 40 1
34 28 41 54
34 28 42 87
34 29 0 100
34 29 1 6
34 29 2 37
34 29 3 121
34 29 4 67
34 29 5 56
34 29 6 78
34 29 7 42
34 29 8 70
34 29 9 120
34 29 10 0
34 29 11 91
34 29 12 14
34 29 13 105
34 29 14 112
34 29 15 26
34 29 16 126
34 29 17 90
34 29 18 97
34 29 19 23
34 29 20 111
34 29 21 41
34 29 22 28
34 29 23 89
34 29 24 31
34 29 25 27
34 29 26 110
34 29 27 16
34 29 28 49
34 29 29 88
34 29 30 52
34 29 31 32
34 29 32 73
34 29 33 116
34 29 34 2
34 29 35 75
34 29 36 57
34 29 37 101
34 29 38 61
34 29 39 15
34 29 40 47
34 29 41 86
34 29 42 84
34 30 0 31
34 30 1 4
34 30 2 53
34 30 3 76
34 30 4 83
34 30 5 71
34 30 6 29
34 30 7 112
34 30 8 54
34 30 9 126
34 30 10 90
34 30 11 27
34 30 12 104
34 30 13 45
34 30 14 30
34 30 15 46
34 30 16 81
34 30 17 67
34 30 18 42
34 30 19 110
34 30 20 22
34 30 21 40
34 30 22 88
34 30 23 19
34 30 24 41
34 30 25 109
34 30 26 6
34 30 27 123
34 30 28 63
34 30 29 66
34 30 30 17
34 30 31 68
34 30 32 115
34 30 33 24
34 30 34 84
34 30 35 93
34 30 36 49
34 30 37 107
34 30 38 7
34 30 39 59
34 30 40 72
34 30 41 92
34 30 42 99
34 31 0 7
34 31 1 119
34 31 2 63
34 31 3 43
34 31 4 75
34 31 5 4
34 31 6 67
34 31 7 69
34 31 8 62
34 31 9 59
34 31 10 36
34 31 11 103
34 31 12 45
34 31 13 15
34 31 14 124
34 31 15 88
34 31 16 95
34 31 17 10
34 31 18 109
34 31 19 32
34 31 20 13
34 31 21 87
34 31 22 14
34 31 23 22
34 31 24 108
34 31 25 0
34 31 26 122
34 31 27 76
34 31 28 93
34 31 29 39
34 31 30 107
34 31 31 114
34 31 32 6
34 31 33 72
34 31 34 56
34 31 35 52
34 31 36 106
34 31 37 21
34 31 38 120
34 31 39 5
34 31 40 91
34 31 41 98
34 31 42 12
34 32 0 118
34 32 1 125
34 32 2 89
34 32 3 96
34 32 4 29
34 32 5 45
34 32 6 117
34 32 7 124
34 32 8 88
34 32 9 11
34 32 10 102
34 32 11 60
34 32 12 10
34 32 13 73
34 32 14 68
34 32 15 94
34 32 16 32
34 32 17 108
34 32 18 38
34 32 19 28
34 32 20 86
34 32 21 16
34 32 22 20
34 32 23 55
34 32 24 4
34 32 25 121
34 32 26 53
34 32 27 43
34 32 28 42
34 32 29 106
34 32 30 113
34 32 31 19
34 32 32 70
34 32 33 76
34 32 34 72
34 32 35 48
34 32 36 9
34 32 37 61
34 32 38 126
34 32 39 90
34 32 40 97
34 32 41 37
34 32 42 5
34 33 0 67
34 33 1 61
34 33 2 81
34 33 3 5
34 33 4 78
34 33 5 55
34 33 6 75
34 33 7 82
34 33 8 14
34 33 9 74
34 33 10 69
34 33 11 10
34 33 12 66
34 33 13 58
34 33 14 54
34 33 15 22
34 33 16 46
34 33 17 33
34 33 18 36
34 33 19 77
34 33 20 27
34 33 21 19
34 33 22 65
34 33 23 38
34 33 24 57
34 33 25 53
34 33 26 45
34 33 27 0
34 33 28 85
34 33 29 80
34 33 30 41
34 33 31 72
34 33 32 79
34 33 33 56
34 33 34 76
34 33 35 1
34 33 36 73
34 33 37 50
34 33 38 44
34 33 39 83
34 33 40 31
34 33 41 25
34 33 42 71
34 34 0 87
34 34 1 50
34 34 2 20
34 34 3 63
34 34 4 82
34 34 5 78
34 34 6 84
34 34 7 19
34 34 8 100
34 34 9 107
34 34 10 27
34 34 11 68
34 34 12 58
34 34 13 92
34 34 14 9
34 34 15 56
34 34 16 0
34 34 17 17
34 34 18 34
34 34 19 8
34 34 20 25
34 34 21 105
34 34 22 16
34 34 23 119
34 34 24 43
34 34 25 81
34 34 26 41
34 34 27 51
34 34 28 111
34 34 29 6
34 34 30 125
34 34 31 89
34 34 32 96
34 34 33 66
34 34 34 5
34 34 35 117
34 34 36 124
34 34 37 88
34 34 38 95
34 34 39 4
34 34 40 21
34 34 41 116
34 34 42 123
34 35 0 93
34 35 1 24
34 35 2 107
34 35 3 59
34 35 4 55
34 35 5 82
34 35 6 27
34 35 7 99
34 35 8 106
34 35 9 25
34 35 10 120
34 35 11 78
34 35 12 91
34 35 13 30
34 35 14 105
34 35 15 6
34 35 16 41
34 35 17 126
34 35 18 32
34 35 19 35
34 35 20 104
34 35 21 3
34 35 22 118
34 35 23 125
34 35 24 89
34 35 25 15
34 35 26 66
34 35 27 110
34 35 28 11
34 35 29 52
34 35 30 49
34 35 31 85
34 35 32 44
34 35 33 20
34 35 34 79
34 35 35 68
34 35 36 48
34 35 37 94
34 35 38 0
34 35 39 37
34 35 40 115
34 35 41 122
34 35 42 86
34 36 0 16
34 36 1 106
34 36 2 62
34 36 3 120
34 36 4 70
34 36 5 6
34 36 6 98
34 36 7 43
34 36 8 26
34 36 9 45
34 36 10 48
34 36 11 90
34 36 12 21
34 36 13 104
34 36 14 5
34 36 15 9
34 36 16 125
34 36 17 40
34 36 18 30
34 36 19 103
34 36 20 36
34 36 21 44
34 36 22 73
34 36 23 65
34 36 24 15
34 36 25 66
34 36 26 109
34 36 27 14
34 36 28 123
34 36 29 87
34 36 30 57
34 36 31 101
34 36 32 39
34 36 33 83
34 36 34 71
34 36 35 78
34 36 36 58
34 36 37 20
34 36 38 31
34 36 39 114
34 36 40 121
34 36 41 82
34 36 42 52
34 37 0 50
34 37 1 112
34 37 2 54
34 37 3 79
34 37 4 19
34 37 5 97
34 37 6 81
34 37 7 29
34 37 8 59
34 37 9 125
34 37 10 62
34 37 11 25
34 37 12 103
34 37 13 3
34 37 14 11
34 37 15 124
34 37 16 12
34 37 17 36
34 37 18 102
34 37 19 15
34 37 20 116
34 37 21 123
34 37 22 87
34 37 23 10
34 37 24 101
34 37 25 108
34 37 26 32
34 37 27 122
34 37 28 86
34 37 29 93
34 37 30 84
34 37 31 21
34 37 32 76
34 37 33 55
34 37 34 44
34 37 35 92
34 37 36 18
34 37 37 13
34 37 38 113
34 37 39 70
34 37 40 20
34 37 41 64
34 37 42 4
34 38 0 64
34 38 1 67
34 38 2 125
34 38 3 1
34 38 4 43
34 38 5 52
34 38 6 8
34 38 7 117
34 38 8 65
34 38 9 88
34 38 10 19
34 38 11 102
34 38 12 27
34 38 13 6
34 38 14 123
34 38 15 28
34 38 16 3
34 38 17 50
34 38 18 26
34 38 19 115
34 38 20 122
34 38 21 86
34 38 22 38
34 38 23 58
34 38 24 56
34 38 25 41
34 38 26 121
34 38 27 71
34 38 28 44
34 38 29 73
34 38 30 39
34 38 31 81
34 38 32 120
34 38 33 74
34 38 34 91
34 38 35 21
34 38 36 37
34 38 37 51
34 38 38 119
34 38 39 126
34 38 40 57
34 38 41 18
34 38 42 49
34 39 0 117
34 39 1 62
34 39 2 23
34 39 3 95
34 39 4 46
34 39 5 36
34 39 6 65
34 39 7 123
34 39 8 79
34 39 9 9
34 39 10 82
34 39 11 41
34 39 12 37
34 39 13 122
34 39 14 40
34 39 15 27
34 39 16 100
34 39 17 2
34 39 18 114
34 39 19 121
34 39 20 44
34 39 21 42
34 39 22 70
34 39 23 54
34 39 24 11
34 39 25 69
34 39 26 25
34 39 27 53
34 39 28 47
34 39 29 26
34 39 30 112
34 39 31 55
34 39 32 63
34 39 33 90
34 39 34 31
34 39 35 19
34 39 36 111
34 39 37 118
34 39 38 52
34 39 39 89
34 39 40 10
34 39 41 80
34 39 42 56
34 40 0 123
34 40 1 8
34 40 2 94
34 40 3 101
34 40 4 16
34 40 5 48
34 40 6 122
34 40 7 59
34 40 8 15
34 40 9 100
34 40 10 31
34 40 11 2
34 40 12 121
34 40 13 35
34 40 14 33
34 40 15 99
34 40 16 38
34 40 17 113
34 40 18 77
34 40 19 6
34 40 20 39
34 40 21 78
34 40 22 105
34 40 23 17
34 40 24 119
34 40 25 126
34 40 26 73
34 40 27 47
34 40 28 29
34 40 29 53
34 40 30 60
34 40 31 125
34 40 32 82
34 40 33 4
34 40 34 30
34 40 35 110
34 40 36 75
34 40 37 124
34 40 38 80
34 40 39 24
34 40 40 76
34 40 41 83
34 40 42 46
34 41 0 22
34 41 1 47
34 41 2 75
34 41 3 38
34 41 4 76
34 41 5 121
34 41 6 54
34 41 7 11
34 41 8 99
34 41 9 14
34 41 10 12
34 41 11 120
34 41 12 32
34 41 13 20
34 41 14 98
34 41 15 30
34 41 16 63
34 41 17 119
34 41 18 126
34 41 19 37
34 41 20 51
34 41 21 104
34 41 22 23
34 41 23 118
34 41 24 66
34 41 25 89
34 41 26 96
34 41 27 18
34 41 28 74
34 41 29 117
34 41 30 81
34 41 31 88
34 41 32 16
34 41 33 31
34 41 34 109
34 41 35 116
34 41 36 85
34 41 37 87
34 41 38 21
34 41 39 101
34 41 40 84
34 41 41 48
34 41 42 122
34 42 0 92
34 42 1 52
34 42 2 4
34 42 3 45
34 42 4 56
34 42 5 65
34 42 6 20
34 42 7 98
34 42 8 21
34 42 9 8
34 42 10 119
34 42 11 40
34 42 12 22
34 42 13 97
34 42 14 15
34 42 15 111
34 42 16 118
34 42 17 63
34 42 18 18
34 42 19 96
34 42 20 103
34 42 21 2
34 42 22 60
34 42 23 124
34 42 24 74
34 42 25 44
34 42 26 42
34 42 27 49
34 42 28 78
34 42 29 123
34 42 30 77
34 42 31 11
34 42 32 5
34 42 33 108
34 42 34 115
34 42 35 54
34 42 36 86
34 42 37 25
34 42 38 83
34 42 39 107
34 42 40 66
34 42 41 121
34 42 42 1
35 0 0 5
35 0 1 46
35 0 2 57
35 0 3 66
35 0 4 21
35 0 5 98
35 0 6 22
35 0 7 9
35 0 8 119
35 0 9 41
35 0 10 23
35 0 11 97
35 0 12 16
35 0 13 111
35 0 14 118
35 0 15 64
35 0 16 19
35 0 17 96
35 0 18 103
35 0 19 3
35 0 20 61
35 0 21 124
35 0 22 75
35 0 23 45
35 0 24 0
35 0 25 50
35 0 26 79
35 0 27 123
35 0 28 78
35 0 29 12
35 0 30 6
35 0 31 108
35 0 32 115
35 0 33 55
35 0 34 86
35 0 35 26
35 0 36 84
35 0 37 107
35 0 38 67
35 0 39 121
35 0 40 2
35 0 41 92
35 0 42 53
35 1 0 112
35 1 1 119
35 1 2 72
35 1 3 39
35 1 4 97
35 1 5 2
35 1 6 36
35 1 7 118
35 1 8 30
35 1 9 34
35 1 10 69
35 1 11 6
35 1 12 110
35 1 13 67
35 1 14 124
35 1 15 27
35 1 16 81
35 1 17 102
35 1 18 19
35 1 19 116
35 1 20 65
35 1 21 87
35 1 22 52
35 1 23 25
35 1 24 58
35 1 25 83
35 1 26 122
35 1 27 79
35 1 28 17
35 1 29 40
35 1 30 53
35 1 31 114
35 1 32 71
35 1 33 66
35 1 34 18
35 1 35 55
35 1 36 106
35 1 37 70
35 1 38 54
35 1 39 14
35 1 40 91
35 1 41 43
35 1 42 38
35 2 0 118
35 2 1 125
35 2 2 6
35 2 3 69
35 2 4 41
35 2 5 29
35 2 6 117
35 2 7 5
35 2 8 4
35 2 9 95
35 2 10 21
35 2 11 109
35 2 12 116
35 2 13 53
35 2 14 14
35 2 15 65
35 2 16 62
35 2 17 30
35 2 18 115
35 2 19 50
35 2 20 86
35 2 21 93
35 2 22 8
35 2 23 107
35 2 24 47
35 2 25 121
35 2 26 84
35 2 27 13
35 2 28 32
35 2 29 48
35 2 30 113
35 2 31 120
35 2 32 17
35 2 33 39
35 2 34 82
35 2 35 46
35 2 36 112
35 2 37 119
35 2 38 19
35 2 39 90
35 2 40 79
35 2 41 28
35 2 42 43
35 3 0 50
35 3 1 11
35 3 2 95
35 3 3 22
35 3 4 34
35 3 5 116
35 3 6 38
35 3 7 41
35 3 8 94
35 3 9 10
35 3 10 108
35 3 11 115
35 3 12 71
35 3 13 1
35 3 14 93
35 3 15 100
35 3 16 13
35 3 17 114
35 3 18 84
35 3 19 55
35 3 20 79
35 3 21 5
35 3 22 106
35 3 23 64
35 3 24 48
35 3 25 75
35 3 26 28
35 3 27 3
35 3 28 105
35 3 29 62
35 3 30 59
35 3 31 126
35 3 32 25
35 3 33 73
35 3 34 54
35 3 35 61
35 3 36 118
35 3 37 26
35 3 38 82
35 3 39 96
35 3 40 40
35 3 41 77
35 3 42 45
35 4 0 29
35 4 1 94
35 4 2 14
35 4 3 18
35 4 4 115
35 4 5 27
35 4 6 37
35 4 7 63
35 4 8 33
35 4 9 78
35 4 10 114
35 4 11 58
35 4 12 0
35 4 13 70
35 4 14 99
35 4 15 15
35 4 16 113
35 4 17 120
35 4 18 22
35 4 19 71
35 4 20 2
35 4 21 83
35 4 22 112
35 4 23 119
35 4 24 62
35 4 25 26
35 4 26 1
35 4 27 104
35 4 28 111
35 4 29 45
35 4 30 46
35 4 31 42
35 4 32 96
35 4 33 43
35 4 34 61
35 4 35 75
35 4 36 25
35 4 37 88
35 4 38 53
35 4 39 40
35 4 40 59
35 4 41 116
35 4 42 123
35 5 0 45
35 5 1 25
35 5 2 36
35 5 3 114
35 5 4 17
35 5 5 33
35 5 6 92
35 5 7 11
35 5 8 74
35 5 9 113
35 5 10 120
35 5 11 19
35 5 12 84
35 5 13 98
35 5 14 23
35 5 15 78
35 5 16 76
35 5 17 126
35 5 18 47
35 5 19 9
35 5 20 59
35 5 21 80
35 5 22 118
35 5 23 125
35 5 24 16
35 5 25 24
35 5 26 103
35 5 27 110
35 5 28 117
35 5 29 124
35 5 30 4
35 5 31 70
35 5 32 63
35 5 33 61
35 5 34 116
35 5 35 3
35 5 36 85
35 5 37 73
35 5 38 31
35 5 39 44
35 5 40 115
35 5 41 122
35 5 42 20
35 6 0 34
35 6 1 42
35 6 2 113
35 6 3 29
35 6 4 31
35 6 5 91
35 6 6 7
35 6 7 105
35 6 8 58
35 6 9 74
35 6 10 27
35 6 11 73
35 6 12 97
35 6 13 9
35 6 14 111
35 6 15 54
35 6 16 60
35 6 17 89
35 6 18 41
35 6 19 82
35 6 20 45
35 6 21 78
35 6 22 64
35 6 23 11
35 6 24 13
35 6 25 102
35 6 26 109
35 6 27 66
35 6 28 69
35 6 29 0
35 6 30 65
35 6 31 101
35 6 32 51
35 6 33 115
35 6 34 3
35 6 35 43
35 6 36 93
35 6 37 32
35 6 38 107
35 6 39 114
35 6 40 121
35 6 41 38
35 6 42 92
35 7 0 36
35 7 1 112
35 7 2 40
35 7 3 21
35 7 4 90
35 7 5 37
35 7 6 104
35 7 7 111
35 7 8 51
35 7 9 29
35 7 10 89
35 7 11 50
35 7 12 23
35 7 13 110
35 7 14 117
35 7 15 124
35 7 16 49
35 7 17 41
35 7 18 63
35 7 19 69
35 7 20 116
35 7 21 123
35 7 22 1
35 7 23 13
35 7 24 61
35 7 25 108
35 7 26 74
35 7 27 56
35 7 28 8
35 7 29 93
35 7 30 76
35 7 31 107
35 7 32 114
35 7 33 19
35 7 34 75
35 7 35 72
35 7 36 5
35 7 37 106
35 7 38 113
35 7 39 43
35 7 40 0
35 7 41 91
35 7 42 4
35 8 0 111
35 8 1 20
35 8 2 4
35 8 3 67
35 8 4 11
35 8 5 103
35 8 6 110
35 8 7 117
35 8 8 40
35 8 9 68
35 8 10 95
35 8 11 17
35 8 12 109
35 8 13 49
35 8 14 73
35 8 15 87
35 8 16 3
35 8 17 101
35 8 18 85
35 8 19 115
35 8 20 122
35 8 21 12
35 8 22 14
35 8 23 100
35 8 24 84
35 8 25 51
35 8 26 69
35 8 27 18
35 8 28 62
35 8 29 75
35 8 30 106
35 8 31 113
35 8 32 8
35 8 33 78
35 8 34 56
35 8 35 7
35 8 36 58
35 8 37 65
35 8 38 119
35 8 39 9
35 8 40 90
35 8 41 26
35 8 42 32
35 9 0 30
35 9 1 33
35 9 2 88
35 9 3 12
35 9 4 102
35 9 5 109
35 9 6 75
35 9 7 22
35 9 8 87
35 9 9 94
35 9 10 1
35 9 11 108
35 9 12 47
35 9 13 50
35 9 14 86
35 9 15 0
35 9 16 56
35 9 17 107
35 9 18 114
35 9 19 121
35 9 20 16
35 9 21 13
35 9 22 99
35 9 23 44
35 9 24 71
35 9 25 120
35 9 26 24
35 9 27 72
35 9 28 57
35 9 29 55
35 9 30 79
35 9 31 11
35 9 32 54
35 9 33 65
35 9 34 40
35 9 35 80
35 9 36 111
35 9 37 118
35 9 38 39
35 9 39 78
35 9 40 28
35 9 41 14
35 9 42 110
35 10 0 25
35 10 1 84
35 10 2 33
35 10 3 52
35 10 4 108
35 10 5 63
35 10 6 20
35 10 7 86
35 10 8 48
35 10 9 1
35 10 10 58
35 10 11 76
35 10 12 80
35 10 13 81
35 10 14 19
35 10 15 66
35 10 16 106
35 10 17 113
35 10 18 70
35 10 19 36
35 10 20 3
35 10 21 98
35 10 22 105
35 10 23 112
35 10 24 69
35 10 25 41
35 10 26 83
35 10 27 49
35 10 28 45
35 10 29 111
35 10 30 15
35 10 31 125
35 10 32 89
35 10 33 0
35 10 34 73
35 10 35 110
35 10 36 67
35 10 37 12
35 10 38 88
35 10 39 37
35 10 40 42
35 10 41 109
35 10 42 2
35 11 0 71
35 11 1 34
35 11 2 100
35 11 3 60
35 11 4 64
35 11 5 4
35 11 6 54
35 11 7 92
35 11 8 15
35 11 9 56
35 11 10 75
35 11 11 120
35 11 12 18
35 11 13 25
35 11 14 62
35 11 15 84
35 11 16 73
35 11 17 119
35 11 18 32
35 11 19 12
35 11 20 97
35 11 21 104
35 11 22 51
35 11 23 52
35 11 24 19
35 11 25 89
35 11 26 96
35 11 27 69
35 11 28 110
35 11 29 21
35 11 30 66
35 11 31 81
35 11 32 39
35 11 33 45
35 11 34 109
35 11 35 116
35 11 36 31
35 11 37 80
35 11 38 8
35 11 39 17
35 11 40 108
35 11 41 10
35 11 42 26
35 12 0 16
35 12 1 99
35 12 2 53
35 12 3 54
35 12 4 7
35 12 5 42
35 12 6 91
35 12 7 0
35 12 8 105
35 12 9 112
35 12 10 62
35 12 11 126
35 12 12 36
35 12 13 48
35 12 14 76
35 12 15 111
35 12 16 118
35 12 17 3
35 12 18 25
35 12 19 67
35 12 20 103
35 12 21 61
35 12 22 117
35 12 23 21
35 12 24 56
35 12 25 85
35 12 26 70
35 12 27 109
35 12 28 24
35 12 29 123
35 12 30 87
35 12 31 20
35 12 32 101
35 12 33 108
35 12 34 115
35 12 35 4
35 12 36 52
35 12 37 23
35 12 38 34
35 12 39 107
35 12 40 29
35 12 41 18
35 12 42 66
35 13 0 98
35 13 1 105
35 13 2 112
35 13 3 40
35 13 4 126
35 13 5 90
35 13 6 9
35 13 7 104
35 13 8 43
35 13 9 71
35 13 10 57
35 13 11 25
35 13 12 96
35 13 13 52
35 13 14 110
35 13 15 46
35 13 16 36
35 13 17 10
35 13 18 95
35 13 19 102
35 13 20 80
35 13 21 65
35 13 22 17
35 13 23 87
35 13 24 51
35 13 25 101
35 13 26 108
35 13 27 12
35 13 28 122
35 13 29 86
35 13 30 42
35 13 31 59
35 13 32 60
35 13 33 114
35 13 34 23
35 13 35 47
35 13 36 29
35 13 37 13
35 13 38 106
35 13 39 6
35 13 40 37
35 13 41 61
35 13 42 18
35 14 0 104
35 14 1 68
35 14 2 28
35 14 3 75
35 14 4 47
35 14 5 15
35 14 6 103
35 14 7 44
35 14 8 117
35 14 9 124
35 14 10 10
35 14 11 61
35 14 12 62
35 14 13 109
35 14 14 116
35 14 15 17
35 14 16 34
35 14 17 94
35 14 18 83
35 14 19 72
35 14 20 51
35 14 21 2
35 14 22 86
35 14 23 93
35 14 24 81
35 14 25 57
35 14 26 18
35 14 27 121
35 14 28 59
35 14 29 30
35 14 30 49
35 14 31 53
35 14 32 113
35 14 33 9
35 14 34 85
35 14 35 33
35 14 36 21
35 14 37 105
35 14 38 14
35 14 39 41
35 14 40 76
35 14 41 4
35 14 42 97
35 15 0 83
35 15 1 7
35 15 2 124
35 15 3 88
35 15 4 3
35 15 5 102
35 15 6 68
35 15 7 64
35 15 8 73
35 15 9 6
35 15 10 44
35 15 11 101
35 15 12 108
35 15 13 115
35 15 14 2
35 15 15 24
35 15 16 43
35 15 17 100
35 15 18 107
35 15 19 47
35 15 20 34
35 15 21 75
35 15 22 76
35 15 23 80
35 15 24 55
35 15 25 27
35 15 26 65
35 15 27 28
35 15 28 20
35 15 29 50
35 15 30 105
35 15 31 61
35 15 32 11
35 15 33 72
35 15 34 9
35 15 35 41
35 15 36 104
35 15 37 36
35 15 38 4
35 15 39 125
35 15 40 23
35 15 41 46
35 15 42 103
35 16 0 31
35 16 1 48
35 16 2 59
35 16 3 6
35 16 4 77
35 16 5 58
35 16 6 56
35 16 7 84
35 16 8 8
35 16 9 93
35 16 10 85
35 16 11 69
35 16 12 114
35 16 13 15
35 16 14 38
35 16 15 92
35 16 16 99
35 16 17 106
35 16 18 57
35 16 19 2
35 16 20 9
35 16 21 63
35 16 22 66
35 16 23 105
35 16 24 12
35 16 25 119
35 16 26 126
35 16 27 23
35 16 28 81
35 16 29 104
35 16 30 111
35 16 31 36
35 16 32 125
35 16 33 1
35 16 34 17
35 16 35 103
35 16 36 10
35 16 37 19
35 16 38 78
35 16 39 39
35 16 40 95
35 16 41 102
35 16 42 76
35 17 0 57
35 17 1 78
35 17 2 12
35 17 3 100
35 17 4 107
35 17 5 81
35 17 6 51
35 17 7 29
35 17 8 44
35 17 9 62
35 17 10 72
35 17 11 113
35 17 12 24
35 17 13 34
35 17 14 91
35 17 15 98
35 17 16 71
35 17 17 112
35 17 18 8
35 17 19 126
35 17 20 83
35 17 21 64
35 17 22 104
35 17 23 26
35 17 24 118
35 17 25 45
35 17 26 7
35 17 27 96
35 17 28 103
35 17 29 110
35 17 30 37
35 17 31 46
35 17 32 2
35 17 33 25
35 17 34 102
35 17 35 28
35 17 36 33
35 17 37 123
35 17 38 15
35 17 39 94
35 17 40 48
35 17 41 55
35 17 42 27
35 18 0 81
35 18 1 16
35 18 2 99
35 18 3 106
35 18 4 80
35 18 5 120
35 18 6 3
35 18 7 57
35 18 8 82
35 18 9 105
35 18 10 52
35 18 11 14
35 18 12 11
35 18 13 90
35 18 14 97
35 18 15 44
35 18 16 50
35 18 17 27
35 18 18 64
35 18 19 89
35 18 20 96
35 18 21 103
35 18 22 26
35 18 23 63
35 18 24 124
35 18 25 5
35 18 26 62
35 18 27 102
35 18 28 109
35 18 29 15
35 18 30 123
35 18 31 37
35 18 32 40
35 18 33 101
35 18 34 13
35 18 35 42
35 18 36 122
35 18 37 31
35 18 38 70
35 18 39 100
35 18 40 107
35 18 41 30
35 18 42 84
35 19 0 19
35 19 1 98
35 19 2 62
35 19 3 112
35 19 4 48
35 19 5 9
35 19 6 44
35 19 7 47
35 19 8 104
35 19 9 111
35 19 10 13
35 19 11 15
35 19 12 49
35 19 13 78
35 19 14 68
35 19 15 74
35 19 16 24
35 19 17 124
35 19 18 53
35 19 19 59
35 19 20 102
35 19 21 10
35 19 22 116
35 19 23 83
35 19 24 30
35 19 25 82
35 19 26 55
35 19 27 108
35 19 28 16
35 19 29 122
35 19 30 23
35 19 31 7
35 19 32 100
35 19 33 38
35 19 34 1
35 19 35 121
35 19 36 18
35 19 37 92
35 19 38 99
35 19 39 106
35 19 40 20
35 19 41 120
35 19 42 70
35 20 0 97
35 20 1 52
35 20 2 50
35 20 3 43
35 20 4 19
35 20 5 89
35 20 6 96
35 20 7 103
35 20 8 110
35 20 9 14
35 20 10 26
35 20 11 88
35 20 12 95
35 20 13 76
35 20 14 54
35 20 15 29
35 20 16 66
35 20 17 87
35 20 18 80
35 20 19 78
35 20 20 4
35 20 21 115
35 20 22 72
35 20 23 41
35 20 24 93
35 20 25 100
35 20 26 82
35 20 27 33
35 20 28 121
35 20 29 6
35 20 30 30
35 20 31 99
35 20 32 34
35 20 33 23
35 20 34 68
35 20 35 27
35 20 36 91
35 20 37 98
35 20 38 69
35 20 39 22
35 20 40 83
35 20 41 71
35 20 42 8
35 21 0 52
35 21 1 70
35 21 2 117
35 21 3 27
35 21 4 67
35 21 5 68
35 21 6 102
35 21 7 109
35 21 8 14
35 21 9 16
35 21 10 51
35 21 11 94
35 21 12 101
35 21 13 73
35 21 14 29
35 21 15 85
35 21 16 86
35 21 17 93
35 21 18 100
35 21 19 18
35 21 20 114
35 21 21 43
35 21 22 0
35 21 23 55
35 21 24 99
35 21 25 78
35 21 26 20
35 21 27 50
35 21 28 39
35 21 29 41
35 21 30 98
35 21 31 28
35 21 32 36
35 21 33 119
35 21 34 32
35 21 35 90
35 21 36 97
35 21 37 54
35 21 38 38
35 21 39 60
35 21 40 125
35 21 41 24
35 21 42 81
35 22 0 59
35 22 1 83
35 22 2 23
35 22 3 87
35 22 4 54
35 22 5 51
35 22 6 108
35 22 7 3
35 22 8 11
35 22 9 81
35 22 10 65
35 22 11 49
35 22 12 107
35 22 13 18
35 22 14 77
35 22 15 58
35 22 16 72
35 22 17 99
35 22 18 4
35 22 19 113
35 22 20 120
35 22 21 8
35 22 22 85
35 22 23 98
35 22 24 105
35 22 25 16
35 22 26 119
35 22 27 37
35 22 28 10
35 22 29 97
35 22 30 34
35 22 31 2
35 22 32 118
35 22 33 7
35 22 34 63
35 22 35 68
35 22 36 79
35 22 37 39
35 22 38 117
35 22 39 74
35 22 40 24
35 22 41 95
35 22 42 52
35 23 0 74
35 23 1 28
35 23 2 86
35 23 3 93
35 23 4 100
35 23 5 65
35 23 6 26
35 23 7 1
35 23 8 72
35 23 9 92
35 23 10 66
35 23 11 106
35 23 12 25
35 23 13 120
35 23 14 5
35 23 15 63
35 23 16 98
35 23 17 12
35 23 18 51
35 23 19 48
35 23 20 27
35 23 21 60
35 23 22 97
35 23 23 104
35 23 24 37
35 23 25 118
35 23 26 33
35 23 27 0
35 23 28 96
35 23 29 9
35 23 30 13
35 23 31 44
35 23 32 41
35 23 33 88
35 23 34 95
35 23 35 70
35 23 36 30
35 23 37 77
35 23 38 123
35 23 39 2
35 23 40 94
35 23 41 101
35 23 42 67
35 24 0 2
35 24 1 47
35 24 2 85
35 24 3 99
35 24 4 60
35 24 5 24
35 24 6 42
35 24 7 77
35 24 8 91
35 24 9 73
35 24 10 55
35 24 11 22
35 24 12 61
35 24 13 126
35 24 14 48
35 24 15 97
35 24 16 14
35 24 17 111
35 24 18 75
35 24 19 26
35 24 20 89
35 24 21 46
35 24 22 103
35 24 23 17
35 24 24 44
35 24 25 29
35 24 26 32
35 24 27 95
35 24 28 36
35 24 29 5
35 24 30 116
35 24 31 16
35 24 32 84
35 24 33 94
35 24 34 101
35 24 35 30
35 24 36 70
35 24 37 122
35 24 38 1
35 24 39 59
35 24 40 43
35 24 41 107
35 24 42 58
35 25 0 10
35 25 1 58
35 25 2 98
35 25 3 105
35 25 4 38
35 25 5 14
35 25 6 78
35 25 7 90
35 25 8 77
35 25 9 63
35 25 10 19
35 25 11 68
35 25 12 81
35 25 13 89
35 25 14 52
35 25 15 40
35 25 16 110
35 25 17 117
35 25 18 13
35 25 19 49
35 25 20 95
35 25 21 102
35 25 22 6
35 25 23 116
35 25 24 23
35 25 25 22
35 25 26 94
35 25 27 41
35 25 28 29
35 25 29 115
35 25 30 21
35 25 31 47
35 25 32 56
35 25 33 67
35 25 34 42
35 25 35 60
35 25 36 121
35 25 37 8
35 25 38 92
35 25 39 46
35 25 40 106
35 25 41 72
35 25 42 31
35 26 0 70
35 26 1 97
35 26 2 104
35 26 3 30
35 26 4 10
35 26 5 125
35 26 6 74
35 26 7 96
35 26 8 81
35 26 9 2
35 26 10 117
35 26 11 124
35 26 12 46
35 26 13 95
35 26 14 8
35 26 15 109
35 26 16 61
35 26 17 0
35 26 18 87
35 26 19 94
35 26 20 49
35 26 21 21
35 26 22 115
35 26 23 36
35 26 24 40
35 26 25 93
35 26 26 34
35 26 27 25
35 26 28 114
35 26 29 31
35 26 30 58
35 26 31 92
35 26 32 79
35 26 33 32
35 26 34 80
35 26 35 65
35 26 36 13
35 26 37 91
35 26 38 64
35 26 39 71
35 26 40 112
35 26 41 9
35 26 42 126
35 27 0 80
35 27 1 103
35 27 2 21
35 27 3 15
35 27 4 73
35 27 5 88
35 27 6 52
35 27 7 59
35 27 8 27
35 27 9 65
35 27 10 82
35 27 11 87
35 27 12 94
35 27 13 24
35 27 14 108
35 27 15 77
35 27 16 8
35 27 17 86
35 27 18 78
35 27 19 100
35 27 20 11
35 27 21 114
35 27 22 4
35 27 23 29
35 27 24 92
35 27 25 18
35 27 26 5
35 27 27 113
35 27 28 6
35 27 29 53
35 27 30 91
35 27 31 64
35 27 32 22
35 27 33 112
35 27 34 119
35 27 35 25
35 27 36 90
35 27 37 66
35 27 38 72
35 27 39 79
35 27 40 1
35 27 41 75
35 27 42 89
35 28 0 102
35 28 1 38
35 28 2 10
35 28 3 123
35 28 4 49
35 28 5 57
35 28 6 101
35 28 7 8
35 28 8 65
35 28 9 59
35 28 10 86
35 28 11 43
35 28 12 3
35 28 13 58
35 28 14 85
35 28 15 32
35 28 16 68
35 28 17 92
35 28 18 99
35 28 19 39
35 28 20 113
35 28 21 6
35 28 22 37
35 28 23 91
35 28 24 14
35 28 25 12
35 28 26 73
35 28 27 15
35 28 28 76
35 28 29 90
35 28 30 47
35 28 31 31
35 28 32 66
35 28 33 118
35 28 34 4
35 28 35 50
35 28 36 96
35 28 37 56
35 28 38 75
35 28 39 5
35 28 40 124
35 28 41 60
35 28 42 95
35 29 0 39
35 29 1 22
35 29 2 122
35 29 3 81
35 29 4 93
35 29 5 74
35 29 6 40
35 29 7 82
35 29 8 68
35 29 9 84
35 29 10 92
35 29 11 9
35 29 12 56
35 29 13 54
35 29 14 30
35 29 15 20
35 29 16 91
35 29 17 98
35 29 18 31
35 29 19 62
35 29 20 36
35 29 21 34
35 29 22 90
35 29 23 24
35 29 24 38
35 29 25 111
35 29 26 11
35 29 27 125
35 29 28 47
35 29 29 96
35 29 30 10
35 29 31 60
35 29 32 69
35 29 33 18
35 29 34 88
35 29 35 45
35 29 36 48
35 29 37 63
35 29 38 2
35 29 39 55
35 29 40 87
35 29 41 94
35 29 42 61
35 30 0 38
35 30 1 121
35 30 2 68
35 30 3 57
35 30 4 79
35 30 5 0
35 30 6 71
35 30 7 120
35 30 8 1
35 30 9 91
35 30 10 15
35 30 11 105
35 30 12 112
35 30 13 27
35 30 14 126
35 30 15 90
35 30 16 97
35 30 17 24
35 30 18 111
35 30 19 42
35 30 20 29
35 30 21 89
35 30 22 32
35 30 23 28
35 30 24 110
35 30 25 17
35 30 26 50
35 30 27 88
35 30 28 53
35 30 29 33
35 30 30 74
35 30 31 116
35 30 32 3
35 30 33 76
35 30 34 58
35 30 35 101
35 30 36 62
35 30 37 16
35 30 38 48
35 30 39 86
35 30 40 85
35 30 41 100
35 30 42 7
35 31 0 54
35 31 1 77
35 31 2 84
35 31 3 72
35 31 4 30
35 31 5 112
35 31 6 55
35 31 7 126
35 31 8 90
35 31 9 28
35 31 10 104
35 31 11 46
35 31 12 31
35 31 13 47
35 31 14 82
35 31 15 68
35 31 16 0
35 31 17 110
35 31 18 23
35 31 19 41
35 31 20 88
35 31 21 20
35 31 22 42
35 31 23 109
35 31 24 7
35 31 25 123
35 31 26 64
35 31 27 67
35 31 28 18
35 31 29 69
35 31 30 115
35 31 31 25
35 31 32 85
35 31 33 93
35 31 34 50
35 31 35 107
35 31 36 8
35 31 37 60
35 31 38 73
35 31 39 92
35 31 40 99
35 31 41 32
35 31 42 5
35 32 0 64
35 32 1 44
35 32 2 76
35 32 3 5
35 32 4 68
35 32 5 70
35 32 6 63
35 32 7 60
35 32 8 37
35 32 9 103
35 32 10 46
35 32 11 16
35 32 12 124
35 32 13 88
35 32 14 95
35 32 15 11
35 32 16 109
35 32 17 33
35 32 18 14
35 32 19 87
35 32 20 15
35 32 21 23
35 32 22 108
35 32 23 1
35 32 24 122
35 32 25 77
35 32 26 93
35 32 27 40
35 32 28 107
35 32 29 114
35 32 30 7
35 32 31 73
35 32 32 57
35 32 33 53
35 32 34 106
35 32 35 22
35 32 36 120
35 32 37 6
35 32 38 91
35 32 39 98
35 32 40 13
35 32 41 8
35 32 42 119
35 33 0 89
35 33 1 96
35 33 2 30
35 33 3 46
35 33 4 117
35 33 5 124
35 33 6 88
35 33 7 12
35 33 8 102
35 33 9 61
35 33 10 11
35 33 11 74
35 33 12 69
35 33 13 94
35 33 14 33
35 33 15 108
35 33 16 39
35 33 17 29
35 33 18 86
35 33 19 17
35 33 20 21
35 33 21 56
35 33 22 5
35 33 23 121
35 33 24 54
35 33 25 44
35 33 26 0
35 33 27 106
35 33 28 113
35 33 29 20
35 33 30 71
35 33 31 77
35 33 32 73
35 33 33 49
35 33 34 10
35 33 35 62
35 33 36 126
35 33 37 90
35 33 38 97
35 33 39 38
35 33 40 6
35 33 41 118
35 33 42 125
35 34 0 82
35 34 1 6
35 34 2 79
35 34 3 56
35 34 4 76
35 34 5 83
35 34 6 15
35 34 7 75
35 34 8 70
35 34 9 11
35 34 10 67
35 34 11 59
35 34 12 55
35 34 13 23
35 34 14 47
35 34 15 34
35 34 16 37
35 34 17 78
35 34 18 28
35 34 19 20
35 34 20 66
35 34 21 39
35 34 22 58
35 34 23 54
35 34 24 46
35 34 25 1
35 34 26 43
35 34 27 81
35 34 28 42
35 34 29 73
35 34 30 80
35 34 31 57
35 34 32 77
35 34 33 2
35 34 34 74
35 34 35 51
35 34 36 45
35 34 37 84
35 34 38 32
35 34 39 26
35 34 40 72
35 34 41 68
35 34 42 62
35 35 0 21
35 35 1 64
35 35 2 83
35 35 3 79
35 35 4 85
35 35 5 20
35 35 6 100
35 35 7 107
35 35 8 28
35 35 9 69
35 35 10 59
35 35 11 92
35 35 12 10
35 35 13 57
35 35 14 1
35 35 15 18
35 35 16 35
35 35 17 9
35 35 18 26
35 35 19 105
35 35 20 17
35 35 21 119
35 35 22 44
35 35 23 82
35 35 24 42
35 35 25 52
35 35 26 111
35 35 27 7
35 35 28 125
35 35 29 89
35 35 30 96
35 35 31 67
35 35 32 6
35 35 33 117
35 35 34 124
35 35 35 88
35 35 36 95
35 35 37 5
35 35 38 22
35 35 39 116
35 35 40 123
35 35 41 87
35 35 42 51
35 36 0 107
35 36 1 60
35 36 2 56
35 36 3 83
35 36 4 28
35 36 5 99
35 36 6 106
35 36 7 26
35 36 8 120
35 36 9 79
35 36 10 91
35 36 11 31
35 36 12 105
35 36 13 7
35 36 14 42
35 36 15 126
35 36 16 33
35 36 17 36
35 36 18 104
35 36 19 4
35 36 20 118
35 36 21 125
35 36 22 89
35 36 23 16
35 36 24 67
35 36 25 110
35 36 26 12
35 36 27 53
35 36 28 50
35 36 29 43
35 36 30 45
35 36 31 21
35 36 32 80
35 36 33 69
35 36 34 49
35 36 35 94
35 36 36 1
35 36 37 38
35 36 38 115
35 36 39 122
35 36 40 86
35 36 41 93
35 36 42 25
35 37 0 63
35 37 1 120
35 37 2 71
35 37 3 7
35 37 4 98
35 37 5 44
35 37 6 27
35 37 7 46
35 37 8 49
35 37 9 90
35 37 10 22
35 37 11 104
35 37 12 6
35 37 13 10
35 37 14 125
35 37 15 41
35 37 16 31
35 37 17 103
35 37 18 37
35 37 19 45
35 37 20 74
35 37 21 66
35 37 22 16
35 37 23 67
35 37 24 109
35 37 25 15
35 37 26 123
35 37 27 87
35 37 28 58
35 37 29 101
35 37 30 40
35 37 31 84
35 37 32 72
35 37 33 79
35 37 34 59
35 37 35 21
35 37 36 32
35 37 37 114
35 37 38 121
35 37 39 83
35 37 40 53
35 37 41 17
35 37 42 106
35 38 0 55
35 38 1 80
35 38 2 20
35 38 3 97
35 38 4 82
35 38 5 30
35 38 6 60
35 38 7 125
35 38 8 63
35 38 9 26
35 38 10 103
35 38 11 4
35 38 12 12
35 38 13 124
35 38 14 13
35 38 15 37
35 38 16 102
35 38 17 16
35 38 18 116
35 38 19 123
35 38 20 87
35 38 21 11
35 38 22 101
35 38 23 108
35 38 24 33
35 38 25 122
35 38 26 86
35 38 27 93
35 38 28 85
35 38 29 22
35 38 30 77
35 38 31 56
35 38 32 45
35 38 33 92
35 38 34 19
35 38 35 14
35 38 36 113
35 38 37 71
35 38 38 21
35 38 39 65
35 38 40 5
35 38 41 51
35 38 42 112
35 39 0 125
35 39 1 2
35 39 2 44
35 39 3 53
35 39 4 9
35 39 5 117
35 39 6 66
35 39 7 88
35 39 8 20
35 39 9 102
35 39 10 28
35 39 11 7
35 39 12 123
35 39 13 29
35 39 14 4
35 39 15 51
35 39 16 27
35 39 17 115
35 39 18 122
35 39 19 86
35 39 20 39
35 39 21 59
35 39 22 57
35 39 23 42
35 39 24 121
35 39 25 72
35 39 26 45
35 39 27 74
35 39 28 40
35 39 29 82
35 39 30 120
35 39 31 75
35 39 32 91
35 39 33 22
35 39 34 38
35 39 35 52
35 39 36 119
35 39 37 126
35 39 38 58
35 39 39 19
35 39 40 50
35 39 41 65
35 39 42 68
35 40 0 24
35 40 1 95
35 40 2 47
35 40 3 37
35 40 4 66
35 40 5 123
35 40 6 80
35 40 7 10
35 40 8 83
35 40 9 42
35 40 10 38
35 40 11 122
35 40 12 41
35 40 13 28
35 40 14 100
35 40 15 3
35 40 16 114
35 40 17 121
35 40 18 45
35 40 19 0
35 40 20 71
35 40 21 55
35 40 22 12
35 40 23 70
35 40 24 26
35 40 25 54
35 40 26 48
35 40 27 27
35 40 28 112
35 40 29 56
35 40 30 64
35 40 31 90
35 40 32 32
35 40 33 20
35 40 34 111
35 40 35 118
35 40 36 53
35 40 37 89
35 40 38 11
35 40 39 81
35 40 40 57
35 40 41 117
35 40 42 63
35 41 0 94
35 41 1 101
35 41 2 17
35 41 3 49
35 41 4 122
35 41 5 60
35 41 6 16
35 41 7 100
35 41 8 32
35 41 9 3
35 41 10 121
35 41 11 36
35 41 12 34
35 41 13 99
35 41 14 39
35 41 15 113
35 41 16 78
35 41 17 7
35 41 18 40
35 41 19 79
35 41 20 105
35 41 21 18
35 41 22 119
35 41 23 126
35 41 24 74
35 41 25 48
35 41 26 30
35 41 27 54
35 41 28 61
35 41 29 125
35 41 30 83
35 41 31 5
35 41 32 31
35 41 33 110
35 41 34 76
35 41 35 124
35 41 36 81
35 41 37 25
35 41 38 77
35 41 39 84
35 41 40 47
35 41 41 123
35 41 42 9
35 42 0 76
35 42 1 39
35 42 2 77
35 42 3 121
35 42 4 55
35 42 5 12
35 42 6 99
35 42 7 15
35 42 8 13
35 42 9 120
35 42 10 33
35 42 11 21
35 42 12 98
35 42 13 31
35 42 14 64
35 42 15 119
35 42 16 126
35 42 17 38
35 42 18 52
35 42 19 104
35 42 20 24
35 42 21 118
35 42 22 67
35 42 23 89
35 42 24 96
35 42 25 19
35 42 26 75
35 42 27 117
35 42 28 82
35 42 29 88
35 42 30 17
35 42 31 32
35 42 32 109
35 42 33 116
35 42 34 43
35 42 35 87
35 42 36 22
35 42 37 101
35 42 38 85
35 42 39 49
35 42 40 122
35 42 41 23
35 42 42 48
36 0 0 78
36 0 1 121
36 0 2 56
36 0 3 13
36 0 4 99
36 0 5 16
36 0 6 14
36 0 7 120
36 0 8 34
36 0 9 22
36 0 10 98
36 0 11 32
36 0 12 65
36 0 13 119
36 0 14 126
36 0 15 39
36 0 16 53
36 0 17 104
36 0 18 25
36 0 19 118
36 0 20 68
36 0 21 89
36 0 22 96
36 0 23 20
36 0 24 76
36 0 25 117
36 0 26 83
36 0 27 88
36 0 28 18
36 0 29 33
36 0 30 109
36 0 31 116
36 0 32 44
36 0 33 87
36 0 34 23
36 0 35 101
36 0 36 43
36 0 37 50
36 0 38 122
36 0 39 24
36 0 40 49
36 0 41 77
36 0 42 40
36 1 0 58
36 1 1 67
36 1 2 22
36 1 3 98
36 1 4 23
36 1 5 10
36 1 6 119
36 1 7 42
36 1 8 24
36 1 9 97
36 1 10 17
36 1 11 111
36 1 12 118
36 1 13 65
36 1 14 20
36 1 15 96
36 1 16 103
36 1 17 4
36 1 18 62
36 1 19 124
36 1 20 76
36 1 21 46
36 1 22 1
36 1 23 51
36 1 24 80
36 1 25 123
36 1 26 79
36 1 27 13
36 1 28 7
36 1 29 108
36 1 30 115
36 1 31 56
36 1 32 86
36 1 33 27
36 1 34 85
36 1 35 107
36 1 36 68
36 1 37 121
36 1 38 3
36 1 39 92
36 1 40 54
36 1 41 6
36 1 42 47
36 2 0 73
36 2 1 40
36 2 2 97
36 2 3 3
36 2 4 37
36 2 5 118
36 2 6 31
36 2 7 35
36 2 8 70
36 2 9 7
36 2 10 110
36 2 11 68
36 2 12 124
36 2 13 28
36 2 14 82
36 2 15 102
36 2 16 20
36 2 17 116
36 2 18 66
36 2 19 87
36 2 20 53
36 2 21 26
36 2 22 59
36 2 23 84
36 2 24 122
36 2 25 80
36 2 26 18
36 2 27 41
36 2 28 54
36 2 29 114
36 2 30 72
36 2 31 67
36 2 32 19
36 2 33 56
36 2 34 106
36 2 35 71
36 2 36 55
36 2 37 15
36 2 38 91
36 2 39 44
36 2 40 39
36 2 41 112
36 2 42 119
36 3 0 7
36 3 1 70
36 3 2 42
36 3 3 30
36 3 4 117
36 3 5 6
36 3 6 5
36 3 7 95
36 3 8 22
36 3 9 109
36 3 10 116
36 3 11 54
36 3 12 15
36 3 13 66
36 3 14 63
36 3 15 31
36 3 16 115
36 3 17 51
36 3 18 86
36 3 19 93
36 3 20 9
36 3 21 107
36 3 22 48
36 3 23 121
36 3 24 85
36 3 25 14
36 3 26 33
36 3 27 49
36 3 28 113
36 3 29 120
36 3 30 18
36 3 31 40
36 3 32 83
36 3 33 47
36 3 34 112
36 3 35 119
36 3 36 20
36 3 37 90
36 3 38 80
36 3 39 29
36 3 40 44
36 3 41 118
36 3 42 125
36 4 0 95
36 4 1 23
36 4 2 35
36 4 3 116
36 4 4 39
36 4 5 42
36 4 6 94
36 4 7 11
36 4 8 108
36 4 9 115
36 4 10 72
36 4 11 2
36 4 12 93
36 4 13 100
36 4 14 14
36 4 15 114
36 4 16 85
36 4 17 56
36 4 18 80
36 4 19 6
36 4 20 106
36 4 21 65
36 4 22 49
36 4 23 76
36 4 24 29
36 4 25 4
36 4 26 105
36 4 27 63
36 4 28 60
36 4 29 126
36 4 30 26
36 4 31 74
36 4 32 55
36 4 33 62
36 4 34 118
36 4 35 27
36 4 36 83
36 4 37 96
36 4 38 41
36 4 39 78
36 4 40 46
36 4 41 51
36 4 42 12
36 5 0 15
36 5 1 19
36 5 2 115
36 5 3 28
36 5 4 38
36 5 5 64
36 5 6 34
36 5 7 79
36 5 8 114
36 5 9 59
36 5 10 1
36 5 11 71
36 5 12 99
36 5 13 16
36 5 14 113
36 5 15 120
36 5 16 23
36 5 17 72
36 5 18 3
36 5 19 84
36 5 20 112
36 5 21 119
36 5 22 63
36 5 23 27
36 5 24 2
36 5 25 104
36 5 26 111
36 5 27 46
36 5 28 47
36 5 29 0
36 5 30 96
36 5 31 44
36 5 32 62
36 5 33 76
36 5 34 26
36 5 35 88
36 5 36 54
36 5 37 41
36 5 38 60
36 5 39 116
36 5 40 123
36 5 41 30
36 5 42 94
36 6 0 37
36 6 1 114
36 6 2 18
36 6 3 34
36 6 4 92
36 6 5 12
36 6 6 75
36 6 7 113
36 6 8 120
36 6 9 20
36 6 10 85
36 6 11 98
36 6 12 24
36 6 13 79
36 6 14 77
36 6 15 126
36 6 16 48
36 6 17 10
36 6 18 60
36 6 19 81
36 6 20 118
36 6 21 125
36 6 22 17
36 6 23 25
36 6 24 103
36 6 25 110
36 6 26 117
36 6 27 124
36 6 28 5
36 6 29 71
36 6 30 64
36 6 31 62
36 6 32 116
36 6 33 4
36 6 34 43
36 6 35 74
36 6 36 32
36 6 37 45
36 6 38 115
36 6 39 122
36 6 40 21
36 6 41 46
36 6 42 26
36 7 0 113
36 7 1 30
36 7 2 32
36 7 3 91
36 7 4 8
36 7 5 105
36 7 6 59
36 7 7 75
36 7 8 28
36 7 9 74
36 7 10 97
36 7 11 10
36 7 12 111
36 7 13 55
36 7 14 61
36 7 15 89
36 7 16 42
36 7 17 83
36 7 18 46
36 7 19 79
36 7 20 65
36 7 21 12
36 7 22 14
36 7 23 102
36 7 24 109
36 7 25 67
36 7 26 70
36 7 27 1
36 7 28 66
36 7 29 101
36 7 30 52
36 7 31 115
36 7 32 4
36 7 33 44
36 7 34 93
36 7 35 33
36 7 36 107
36 7 37 114
36 7 38 121
36 7 39 39
36 7 40 92
36 7 41 35
36 7 42 0
36 8 0 41
36 8 1 22
36 8 2 90
36 8 3 38
36 8 4 104
36 8 5 111
36 8 6 52
36 8 7 30
36 8 8 89
36 8 9 51
36 8 10 24
36 8 11 110
36 8 12 117
36 8 13 124
36 8 14 50
36 8 15 42
36 8 16 64
36 8 17 70
36 8 18 116
36 8 19 123
36 8 20 2
36 8 21 14
36 8 22 62
36 8 23 108
36 8 24 75
36 8 25 57
36 8 26 9
36 8 27 93
36 8 28 77
36 8 29 107
36 8 30 114
36 8 31 20
36 8 32 76
36 8 33 73
36 8 34 6
36 8 35 106
36 8 36 113
36 8 37 44
36 8 38 1
36 8 39 91
36 8 40 5
36 8 41 37
36 8 42 112
36 9 0 5
36 9 1 68
36 9 2 12
36 9 3 103
36 9 4 110
36 9 5 117
36 9 6 41
36 9 7 69
36 9 8 95
36 9 9 18
36 9 10 109
36 9 11 50
36 9 12 74
36 9 13 87
36 9 14 4
36 9 15 101
36 9 16 43
36 9 17 115
36 9 18 122
36 9 19 13
36 9 20 15
36 9 21 100
36 9 22 85
36 9 23 52
36 9 24 70
36 9 25 19
36 9 26 63
36 9 27 76
36 9 28 106
36 9 29 113
36 9 30 9
36 9 31 79
36 9 32 57
36 9 33 8
36 9 34 59
36 9 35 66
36 9 36 119
36 9 37 10
36 9 38 90
36 9 39 27
36 9 40 33
36 9 41 111
36 9 42 21
36 10 0 88
36 10 1 13
36 10 2 102
36 10 3 109
36 10 4 76
36 10 5 23
36 10 6 87
36 10 7 94
36 10 8 2
36 10 9 108
36 10 10 48
36 10 11 51
36 10 12 86
36 10 13 1
36 10 14 57
36 10 15 107
36 10 16 114
36 10 17 121
36 10 18 17
36 10 19 14
36 10 20 99
36 10 21 45
36 10 22 72
36 10 23 120
36 10 24 25
36 10 25 73
36 10 26 58
36 10 27 56
36 10 28 80
36 10 29 12
36 10 30 55
36 10 31 66
36 10 32 41
36 10 33 81
36 10 34 111
36 10 35 118
36 10 36 40
36 10 37 79
36 10 38 29
36 10 39 15
36 10 40 110
36 10 41 31
36 10 42 34
36 11 0 34
36 11 1 53
36 11 2 108
36 11 3 64
36 11 4 21
36 11 5 86
36 11 6 49
36 11 7 2
36 11 8 59
36 11 9 77
36 11 10 81
36 11 11 82
36 11 12 20
36 11 13 67
36 11 14 106
36 11 15 113
36 11 16 71
36 11 17 37
36 11 18 4
36 11 19 98
36 11 20 105
36 11 21 112
36 11 22 70
36 11 23 42
36 11 24 84
36 11 25 50
36 11 26 46
36 11 27 111
36 11 28 16
36 11 29 125
36 11 30 89
36 11 31 1
36 11 32 74
36 11 33 110
36 11 34 68
36 11 35 13
36 11 36 88
36 11 37 38
36 11 38 0
36 11 39 109
36 11 40 3
36 11 41 26
36 11 42 85
36 12 0 100
36 12 1 61
36 12 2 65
36 12 3 5
36 12 4 55
36 12 5 92
36 12 6 16
36 12 7 57
36 12 8 76
36 12 9 120
36 12 10 19
36 12 11 26
36 12 12 63
36 12 13 85
36 12 14 74
36 12 15 119
36 12 16 33
36 12 17 13
36 12 18 97
36 12 19 104
36 12 20 52
36 12 21 53
36 12 22 20
36 12 23 89
36 12 24 96
36 12 25 70
36 12 26 110
36 12 27 22
36 12 28 67
36 12 29 82
36 12 30 40
36 12 31 46
36 12 32 109
36 12 33 116
36 12 34 32
36 12 35 81
36 12 36 9
36 12 37 18
36 12 38 108
36 12 39 11
36 12 40 27
36 12 41 72
36 12 42 35
36 13 0 54
36 13 1 55
36 13 2 8
36 13 3 0
36 13 4 91
36 13 5 1
36 13 6 105
36 13 7 112
36 13 8 63
36 13 9 126
36 13 10 37
36 13 11 49
36 13 12 77
36 13 13 111
36 13 14 118
36 13 15 4
36 13 16 26
36 13 17 68
36 13 18 103
36 13 19 62
36 13 20 117
36 13 21 22
36 13 22 57
36 13 23 43
36 13 24 71
36 13 25 109
36 13 26 25
36 13 27 123
36 13 28 87
36 13 29 21
36 13 30 101
36 13 31 108
36 13 32 115
36 13 33 5
36 13 34 53
36 13 35 24
36 13 36 35
36 13 37 107
36 13 38 30
36 13 39 19
36 13 40 67
36 13 41 17
36 13 42 99
36 14 0 112
36 14 1 41
36 14 2 126
36 14 3 90
36 14 4 10
36 14 5 104
36 14 6 44
36 14 7 72
36 14 8 58
36 14 9 26
36 14 10 96
36 14 11 53
36 14 12 110
36 14 13 47
36 14 14 37
36 14 15 11
36 14 16 95
36 14 17 102
36 14 18 81
36 14 19 66
36 14 20 18
36 14 21 87
36 14 22 52
36 14 23 101
36 14 24 108
36 14 25 13
36 14 26 122
36 14 27 86
36 14 28 0
36 14 29 60
36 14 30 61
36 14 31 114
36 14 32 24
36 14 33 48
36 14 34 30
36 14 35 14
36 14 36 106
36 14 37 7
36 14 38 38
36 14 39 62
36 14 40 19
36 14 41 98
36 14 42 105
36 15 0 29
36 15 1 76
36 15 2 48
36 15 3 16
36 15 4 103
36 15 5 45
36 15 6 117
36 15 7 124
36 15 8 11
36 15 9 62
36 15 10 63
36 15 11 109
36 15 12 116
36 15 13 18
36 15 14 35
36 15 15 94
36 15 16 84
36 15 17 73
36 15 18 52
36 15 19 3
36 15 20 86
36 15 21 93
36 15 22 82
36 15 23 58
36 15 24 19
36 15 25 121
36 15 26 60
36 15 27 31
36 15 28 50
36 15 29 54
36 15 30 113
36 15 31 10
36 15 32 43
36 15 33 34
36 15 34 22
36 15 35 105
36 15 36 15
36 15 37 42
36 15 38 77
36 15 39 5
36 15 40 97
36 15 41 104
36 15 42 69
36 16 0 124
36 16 1 88
36 16 2 4
36 16 3 102
36 16 4 69
36 16 5 65
36 16 6 74
36 16 7 7
36 16 8 45
36 16 9 101
36 16 10 108
36 16 11 115
36 16 12 3
36 16 13 25
36 16 14 44
36 16 15 100
36 16 16 107
36 16 17 48
36 16 18 35
36 16 19 76
36 16 20 77
36 16 21 81
36 16 22 56
36 16 23 28
36 16 24 66
36 16 25 29
36 16 26 21
36 16 27 51
36 16 28 105
36 16 29 62
36 16 30 12
36 16 31 73
36 16 32 10
36 16 33 42
36 16 34 104
36 16 35 37
36 16 36 5
36 16 37 125
36 16 38 24
36 16 39 47
36 16 40 103
36 16 41 84
36 16 42 8
36 17 0 60
36 17 1 7
36 17 2 78
36 17 3 59
36 17 4 57
36 17 5 85
36 17 6 9
36 17 7 93
36 17 8 43
36 17 9 70
36 17 10 114
36 17 11 16
36 17 12 39
36 17 13 92
36 17 14 99
36 17 15 106
36 17 16 58
36 17 17 3
36 17 18 10
36 17 19 64
36 17 20 67
36 17 21 105
36 17 22 13
36 17 23 119
36 17 24 126
36 17 25 24
36 17 26 82
36 17 27 104
36 17 28 111
36 17 29 37
36 17 30 125
36 17 31 2
36 17 32 18
36 17 33 103
36 17 34 11
36 17 35 20
36 17 36 79
36 17 37 40
36 17 38 95
36 17 39 102
36 17 40 77
36 17 41 32
36 17 42 49
36 18 0 13
36 18 1 100
36 18 2 107
36 18 3 82
36 18 4 52
36 18 5 30
36 18 6 45
36 18 7 63
36 18 8 73
36 18 9 113
36 18 10 25
36 18 11 35
36 18 12 91
36 18 13 98
36 18 14 72
36 18 15 112
36 18 16 9
36 18 17 126
36 18 18 84
36 18 19 65
36 18 20 104
36 18 21 27
36 18 22 118
36 18 23 46
36 18 24 8
36 18 25 96
36 18 26 103
36 18 27 110
36 18 28 38
36 18 29 47
36 18 30 3
36 18 31 26
36 18 32 102
36 18 33 29
36 18 34 34
36 18 35 123
36 18 36 16
36 18 37 94
36 18 38 49
36 18 39 56
36 18 40 28
36 18 41 58
36 18 42 79
36 19 0 99
36 19 1 106
36 19 2 81
36 19 3 120
36 19 4 4
36 19 5 58
36 19 6 83
36 19 7 105
36 19 8 53
36 19 9 15
36 19 10 12
36 19 11 90
36 19 12 97
36 19 13 45
36 19 14 51
36 19 15 28
36 19 16 65
36 19 17 89
36 19 18 96
36 19 19 103
36 19 20 27
36 19 21 64
36 19 22 124
36 19 23 6
36 19 24 63
36 19 25 102
36 19 26 109
36 19 27 16
36 19 28 123
36 19 29 38
36 19 30 41
36 19 31 101
36 19 32 14
36 19 33 0
36 19 34 122
36 19 35 32
36 19 36 71
36 19 37 100
36 19 38 107
36 19 39 31
36 19 40 85
36 19 41 82
36 19 42 17
36 20 0 63
36 20 1 112
36 20 2 49
36 20 3 10
36 20 4 45
36 20 5 48
36 20 6 104
36 20 7 111
36 20 8 14
36 20 9 16
36 20 10 50
36 20 11 79
36 20 12 69
36 20 13 75
36 20 14 25
36 20 15 124
36 20 16 54
36 20 17 60
36 20 18 102
36 20 19 11
36 20 20 116
36 20 21 84
36 20 22 31
36 20 23 83
36 20 24 56
36 20 25 108
36 20 26 17
36 20 27 122
36 20 28 24
36 20 29 8
36 20 30 100
36 20 31 39
36 20 32 2
36 20 33 121
36 20 34 19
36 20 35 92
36 20 36 99
36 20 37 106
36 20 38 21
36 20 39 120
36 20 40 71
36 20 41 20
36 20 42 98
36 21 0 51
36 21 1 44
36 21 2 20
36 21 3 89
36 21 4 96
36 21 5 103
36 21 6 110
36 21 7 15
36 21 8 27
36 21 9 88
36 21 10 95
36 21 11 77
36 21 12 55
36 21 13 30
36 21 14 67
36 21 15 87
36 21 16 81
36 21 17 79
36 21 18 5
36 21 19 115
36 21 20 73
36 21 21 42
36 21 22 93
36 21 23 100
36 21 24 83
36 21 25 34
36 21 26 121
36 21 27 7
36 21 28 31
36 21 29 99
36 21 30 35
36 21 31 24
36 21 32 69
36 21 33 28
36 21 34 91
36 21 35 98
36 21 36 70
36 21 37 23
36 21 38 84
36 21 39 72
36 21 40 9
36 21 41 97
36 21 42 53
36 22 0 117
36 22 1 28
36 22 2 68
36 22 3 69
36 22 4 102
36 22 5 109
36 22 6 15
36 22 7 17
36 22 8 52
36 22 9 94
36 22 10 101
36 22 11 74
36 22 12 30
36 22 13 43
36 22 14 86
36 22 15 93
36 22 16 100
36 22 17 19
36 22 18 114
36 22 19 44
36 22 20 1
36 22 21 56
36 22 22 99
36 22 23 79
36 22 24 21
36 22 25 51
36 22 26 40
36 22 27 42
36 22 28 98
36 22 29 29
36 22 30 37
36 22 31 119
36 22 32 33
36 22 33 90
36 22 34 97
36 22 35 55
36 22 36 39
36 22 37 61
36 22 38 125
36 22 39 25
36 22 40 82
36 22 41 53
36 22 42 71
36 23 0 24
36 23 1 87
36 23 2 55
36 23 3 52
36 23 4 108
36 23 5 4
36 23 6 12
36 23 7 82
36 23 8 66
36 23 9 50
36 23 10 107
36 23 11 19
36 23 12 78
36 23 13 59
36 23 14 73
36 23 15 99
36 23 16 5
36 23 17 113
36 23 18 120
36 23 19 9
36 23 20 43
36 23 21 98
36 23 22 105
36 23 23 17
36 23 24 119
36 23 25 38
36 23 26 11
36 23 27 97
36 23 28 35
36 23 29 3
36 23 30 118
36 23 31 8
36 23 32 64
36 23 33 69
36 23 34 80
36 23 35 40
36 23 36 117
36 23 37 75
36 23 38 25
36 23 39 95
36 23 40 53
36 23 41 60
36 23 42 84
36 24 0 86
36 24 1 93
36 24 2 100
36 24 3 66
36 24 4 27
36 24 5 2
36 24 6 73
36 24 7 92
36 24 8 67
36 24 9 106
36 24 10 26
36 24 11 120
36 24 12 6
36 24 13 64
36 24 14 98
36 24 15 13
36 24 16 52
36 24 17 49
36 24 18 28
36 24 19 61
36 24 20 97
36 24 21 104
36 24 22 38
36 24 23 118
36 24 24 34
36 24 25 1
36 24 26 96
36 24 27 10
36 24 28 14
36 24 29 45
36 24 30 42
36 24 31 88
36 24 32 95
36 24 33 71
36 24 34 31
36 24 35 78
36 24 36 123
36 24 37 3
36 24 38 94
36 24 39 101
36 24 40 68
36 24 41 75
36 24 42 29
36 25 0 43
36 25 1 99
36 25 2 61
36 25 3 25
36 25 4 0
36 25 5 78
36 25 6 91
36 25 7 74
36 25 8 56
36 25 9 23
36 25 10 62
36 25 11 126
36 25 12 49
36 25 13 97
36 25 14 15
36 25 15 111
36 25 16 76
36 25 17 27
36 25 18 89
36 25 19 47
36 25 20 103
36 25 21 18
36 25 22 45
36 25 23 30
36 25 24 33
36 25 25 95
36 25 26 37
36 25 27 6
36 25 28 116
36 25 29 17
36 25 30 85
36 25 31 94
36 25 32 101
36 25 33 31
36 25 34 71
36 25 35 122
36 25 36 2
36 25 37 60
36 25 38 44
36 25 39 107
36 25 40 59
36 25 41 3
36 25 42 48
36 26 0 98
36 26 1 105
36 26 2 39
36 26 3 15
36 26 4 79
36 26 5 90
36 26 6 78
36 26 7 64
36 26 8 20
36 26 9 69
36 26 10 82
36 26 11 89
36 26 12 53
36 26 13 41
36 26 14 110
36 26 15 117
36 26 16 14
36 26 17 50
36 26 18 95
36 26 19 102
36 26 20 7
36 26 21 116
36 26 22 24
36 26 23 23
36 26 24 94
36 26 25 42
36 26 26 30
36 26 27 115
36 26 28 22
36 26 29 48
36 26 30 57
36 26 31 68
36 26 32 0
36 26 33 61
36 26 34 121
36 26 35 9
36 26 36 92
36 26 37 47
36 26 38 106
36 26 39 73
36 26 40 32
36 26 41 11
36 26 42 59
36 27 0 104
36 27 1 31
36 27 2 11
36 27 3 125
36 27 4 75
36 27 5 96
36 27 6 82
36 27 7 3
36 27 8 117
36 27 9 124
36 27 10 47
36 27 11 95
36 27 12 9
36 27 13 109
36 27 14 62
36 27 15 1
36 27 16 87
36 27 17 94
36 27 18 50
36 27 19 22
36 27 20 115
36 27 21 37
36 27 22 41
36 27 23 93
36 27 24 35
36 27 25 26
36 27 26 114
36 27 27 32
36 27 28 59
36 27 29 92
36 27 30 80
36 27 31 33
36 27 32 81
36 27 33 66
36 27 34 14
36 27 35 91
36 27 36 65
36 27 37 72
36 27 38 112
36 27 39 10
36 27 40 126
36 27 41 71
36 27 42 97
36 28 0 22
36 28 1 16
36 28 2 74
36 28 3 88
36 28 4 53
36 28 5 60
36 28 6 28
36 28 7 66
36 28 8 83
36 28 9 87
36 28 10 94
36 28 11 25
36 28 12 108
36 28 13 78
36 28 14 9
36 28 15 86
36 28 16 79
36 28 17 100
36 28 18 12
36 28 19 114
36 28 20 5
36 28 21 30
36 28 22 92
36 28 23 19
36 28 24 6
36 28 25 113
36 28 26 7
36 28 27 54
36 28 28 91
36 28 29 65
36 28 30 23
36 28 31 112
36 28 32 119
36 28 33 26
36 28 34 90
36 28 35 67
36 28 36 73
36 28 37 80
36 28 38 2
36 28 39 76
36 28 40 89
36 28 41 81
36 28 42 103
36 29 0 11
36 29 1 123
36 29 2 50
36 29 3 58
36 29 4 101
36 29 5 9
36 29 6 66
36 29 7 60
36 29 8 86
36 29 9 44
36 29 10 4
36 29 11 59
36 29 12 43
36 29 13 33
36 29 14 69
36 29 15 92
36 29 16 99
36 29 17 40
36 29 18 113
36 29 19 7
36 29 20 38
36 29 21 91
36 29 22 15
36 29 23 13
36 29 24 74
36 29 25 16
36 29 26 77
36 29 27 90
36 29 28 48
36 29 29 32
36 29 30 67
36 29 31 118
36 29 32 5
36 29 33 51
36 29 34 96
36 29 35 57
36 29 36 76
36 29 37 6
36 29 38 124
36 29 39 61
36 29 40 95
36 29 41 102
36 29 42 39
36 30 0 122
36 30 1 82
36 30 2 93
36 30 3 75
36 30 4 41
36 30 5 83
36 30 6 69
36 30 7 85
36 30 8 92
36 30 9 10
36 30 10 57
36 30 11 55
36 30 12 31
36 30 13 21
36 30 14 91
36 30 15 98
36 30 16 32
36 30 17 63
36 30 18 37
36 30 19 35
36 30 20 90
36 30 21 25
36 30 22 39
36 30 23 111
36 30 24 12
36 30 25 125
36 30 26 48
36 30 27 96
36 30 28 11
36 30 29 61
36 30 30 70
36 30 31 19
36 30 32 88
36 30 33 46
36 30 34 49
36 30 35 64
36 30 36 3
36 30 37 56
36 30 38 87
36 30 39 94
36 30 40 62
36 30 41 40
36 30 42 23
36 31 0 69
36 31 1 58
36 31 2 80
36 31 3 1
36 31 4 72
36 31 5 120
36 31 6 2
36 31 7 91
36 31 8 16
36 31 9 105
36 31 10 112
36 31 11 28
36 31 12 126
36 31 13 90
36 31 14 97
36 31 15 25
36 31 16 111
36 31 17 0
36 31 18 30
36 31 19 89
36 31 20 33
36 31 21 29
36 31 22 110
36 31 23 18
36 31 24 51
36 31 25 88
36 31 26 54
36 31 27 34
36 31 28 75
36 31 29 116
36 31 30 4
36 31 31 77
36 31 32 59
36 31 33 101
36 31 34 63
36 31 35 17
36 31 36 49
36 31 37 86
36 31 38 43
36 31 39 100
36 31 40 8
36 31 41 39
36 31 42 121
36 32 0 85
36 32 1 73
36 32 2 31
36 32 3 112
36 32 4 56
36 32 5 126
36 32 6 90
36 32 7 29
36 32 8 104
36 32 9 47
36 32 10 32
36 32 11 48
36 32 12 83
36 32 13 69
36 32 14 1
36 32 15 110
36 32 16 24
36 32 17 42
36 32 18 88
36 32 19 21
36 32 20 0
36 32 21 109
36 32 22 8
36 32 23 123
36 32 24 65
36 32 25 68
36 32 26 19
36 32 27 70
36 32 28 115
36 32 29 26
36 32 30 43
36 32 31 93
36 32 32 51
36 32 33 107
36 32 34 9
36 32 35 61
36 32 36 74
36 32 37 92
36 32 38 99
36 32 39 33
36 32 40 6
36 32 41 55
36 32 42 78
36 33 0 77
36 33 1 6
36 33 2 69
36 33 3 71
36 33 4 64
36 33 5 61
36 33 6 38
36 33 7 103
36 33 8 47
36 33 9 17
36 33 10 124
36 33 11 88
36 33 12 95
36 33 13 12
36 33 14 109
36 33 15 34
36 33 16 15
36 33 17 87
36 33 18 16
36 33 19 24
36 33 20 108
36 33 21 2
36 33 22 122
36 33 23 78
36 33 24 93
36 33 25 41
36 33 26 107
36 33 27 114
36 33 28 8
36 33 29 74
36 33 30 58
36 33 31 54
36 33 32 106
36 33 33 23
36 33 34 120
36 33 35 7
36 33 36 91
36 33 37 98
36 33 38 14
36 33 39 9
36 33 40 119
36 33 41 65
36 33 42 45
36 34 0 31
36 34 1 47
36 34 2 117
36 34 3 124
36 34 4 88
36 34 5 13
36 34 6 102
36 34 7 62
36 34 8 12
36 34 9 75
36 34 10 70
36 34 11 94
36 34 12 34
36 34 13 108
36 34 14 40
36 34 15 30
36 34 16 86
36 34 17 18
36 34 18 22
36 34 19 57
36 34 20 6
36 34 21 121
36 34 22 55
36 34 23 45
36 34 24 1
36 34 25 106
36 34 26 113
36 34 27 21
36 34 28 72
36 34 29 78
36 34 30 74
36 34 31 50
36 34 32 11
36 34 33 63
36 34 34 126
36 34 35 90
36 34 36 97
36 34 37 39
36 34 38 7
36 34 39 118
36 34 40 125
36 34 41 89
36 34 42 96
36 35 0 80
36 35 1 57
36 35 2 77
36 35 3 84
36 35 4 16
36 35 5 76
36 35 6 71
36 35 7 12
36 35 8 68
36 35 9 60
36 35 10 56
36 35 11 24
36 35 12 48
36 35 13 35
36 35 14 38
36 35 15 79
36 35 16 29
36 35 17 21
36 35 18 67
36 35 19 40
36 35 20 59
36 35 21 55
36 35 22 47
36 35 23 2
36 35 24 44
36 35 25 82
36 35 26 0
36 35 27 74
36 35 28 81
36 35 29 58
36 35 30 78
36 35 31 3
36 35 32 75
36 35 33 52
36 35 34 46
36 35 35 85
36 35 36 33
36 35 37 27
36 35 38 73
36 35 39 69
36 35 40 63
36 35 41 83
36 35 42 7
36 36 0 84
36 36 1 80
36 36 2 43
36 36 3 21
36 36 4 100
36 36 5 107
36 36 6 29
36 36 7 70
36 36 8 60
36 36 9 92
36 36 10 11
36 36 11 58
36 36 12 2
36 36 13 19
36 36 14 36
36 36 15 10
36 36 16 27
36 36 17 105
36 36 18 18
36 36 19 119
36 36 20 45
36 36 21 83
36 36 22 0
36 36 23 53
36 36 24 111
36 36 25 8
36 36 26 125
36 36 27 89
36 36 28 96
36 36 29 68
36 36 30 7
36 36 31 117
36 36 32 124
36 36 33 88
36 36 34 95
36 36 35 6
36 36 36 23
36 36 37 116
36 36 38 123
36 36 39 87
36 36 40 52
36 36 41 22
36 36 42 65
36 37 0 57
36 37 1 84
36 37 2 29
36 37 3 99
36 37 4 106
36 37 5 27
36 37 6 120
36 37 7 80
36 37 8 91
36 37 9 32
36 37 10 105
36 37 11 8
36 37 12 0
36 37 13 126
36 37 14 34
36 37 15 37
36 37 16 104
36 37 17 5
36 37 18 118
36 37 19 125
36 37 20 89
36 37 21 17
36 37 22 68
36 37 23 110
36 37 24 13
36 37 25 54
36 37 26 51
36 37 27 44
36 37 28 46
36 37 29 22
36 37 30 81
36 37 31 70
36 37 32 50
36 37 33 94
36 37 34 2
36 37 35 39
36 37 36 115
36 37 37 122
36 37 38 86
36 37 39 93
36 37 40 26
36 37 41 107
36 37 42 61
36 38 0 72
36 38 1 8
36 38 2 98
36 38 3 45
36 38 4 28
36 38 5 47
36 38 6 50
36 38 7 90
36 38 8 23
36 38 9 104
36 38 10 7
36 38 11 11
36 38 12 125
36 38 13 42
36 38 14 32
36 38 15 103
36 38 16 38
36 38 17 46
36 38 18 75
36 38 19 67
36 38 20 17
36 38 21 68
36 38 22 109
36 38 23 16
36 38 24 123
36 38 25 87
36 38 26 59
36 38 27 101
36 38 28 41
36 38 29 85
36 38 30 73
36 38 31 80
36 38 32 60
36 38 33 22
36 38 34 33
36 38 35 114
36 38 36 121
36 38 37 84
36 38 38 54
36 38 39 18
36 38 40 106
36 38 41 64
36 38 42 120
36 39 0 21
36 39 1 97
36 39 2 83
36 39 3 31
36 39 4 61
36 39 5 125
36 39 6 64
36 39 7 27
36 39 8 103
36 39 9 5
36 39 10 13
36 39 11 124
36 39 12 14
36 39 13 38
36 39 14 102
36 39 15 17
36 39 16 116
36 39 17 123
36 39 18 87
36 39 19 12
36 39 20 101
36 39 21 108
36 39 22 34
36 39 23 122
36 39 24 86
36 39 25 93
36 39 26 43
36 39 27 23
36 39 28 78
36 39 29 57
36 39 30 46
36 39 31 92
36 39 32 20
36 39 33 15
36 39 34 113
36 39 35 72
36 39 36 22
36 39 37 66
36 39 38 6
36 39 39 52
36 39 40 112
36 39 41 56
36 39 42 81
36 40 0 45
36 40 1 54
36 40 2 10
36 40 3 117
36 40 4 67
36 40 5 88
36 40 6 21
36 40 7 102
36 40 8 29
36 40 9 8
36 40 10 123
36 40 11 30
36 40 12 5
36 40 13 52
36 40 14 28
36 40 15 115
36 40 16 122
36 40 17 86
36 40 18 40
36 40 19 60
36 40 20 58
36 40 21 0
36 40 22 121
36 40 23 73
36 40 24 46
36 40 25 75
36 40 26 41
36 40 27 83
36 40 28 120
36 40 29 76
36 40 30 91
36 40 31 23
36 40 32 39
36 40 33 53
36 40 34 119
36 40 35 126
36 40 36 59
36 40 37 20
36 40 38 51
36 40 39 66
36 40 40 69
36 40 41 125
36 40 42 3
36 41 0 48
36 41 1 38
36 41 2 67
36 41 3 123
36 41 4 81
36 41 5 11
36 41 6 84
36 41 7 0
36 41 8 39
36 41 9 122
36 41 10 42
36 41 11 29
36 41 12 100
36 41 13 4
36 41 14 114
36 41 15 121
36 41 16 46
36 41 17 1
36 41 18 72
36 41 19 56
36 41 20 13
36 41 21 71
36 41 22 27
36 41 23 55
36 41 24 49
36 41 25 28
36 41 26 112
36 41 27 57
36 41 28 65
36 41 29 90
36 41 30 33
36 41 31 21
36 41 32 111
36 41 33 118
36 41 34 54
36 41 35 89
36 41 36 12
36 41 37 82
36 41 38 58
36 41 39 117
36 41 40 64
36 41 41 25
36 41 42 95
36 42 0 18
36 42 1 50
36 42 2 122
36 42 3 61
36 42 4 17
36 42 5 100
36 42 6 33
36 42 7 4
36 42 8 121
36 42 9 37
36 42 10 35
36 42 11 99
36 42 12 40
36 42 13 113
36 42 14 79
36 42 15 8
36 42 16 41
36 42 17 80
36 42 18 105
36 42 19 19
36 42 20 119
36 42 21 126
36 42 22 75
36 42 23 49
36 42 24 31
36 42 25 55
36 42 26 62
36 42 27 125
36 42 28 84
36 42 29 6
36 42 30 32
36 42 31 110
36 42 32 77
36 42 33 124
36 42 34 82
36 42 35 26
36 42 36 78
36 42 37 85
36 42 38 48
36 42 39 123
36 42 40 10
36 42 41 94
36 42 42 101
37 0 0 122
37 0 1 62
37 0 2 18
37 0 3 100
37 0 4 34
37 0 5 5
37 0 6 121
37 0 7 38
37 0 8 36
37 0 9 99
37 0 10 41
37 0 11 113
37 0 12 80
37 0 13 9
37 0 14 42
37 0 15 81
37 0 16 105
37 0 17 20
37 0 18 119
37 0 19 126
37 0 20 76
37 0 21 50
37 0 22 32
37 0 23 56
37 0 24 63
37 0 25 125
37 0 26 85
37 0 27 7
37 0 28 33
37 0 29 110
37 0 30 78
37 0 31 124
37 0 32 83
37 0 33 27
37 0 34 79
37 0 35 43
37 0 36 49
37 0 37 123
37 0 38 11
37 0 39 94
37 0 40 101
37 0 41 19
37 0 42 51
37 1 0 57
37 1 1 14
37 1 2 99
37 1 3 17
37 1 4 15
37 1 5 120
37 1 6 35
37 1 7 23
37 1 8 98
37 1 9 33
37 1 10 66
37 1 11 119
37 1 12 126
37 1 13 40
37 1 14 54
37 1 15 104
37 1 16 26
37 1 17 118
37 1 18 69
37 1 19 89
37 1 20 96
37 1 21 21
37 1 22 77
37 1 23 117
37 1 24 84
37 1 25 88
37 1 26 19
37 1 27 34
37 1 28 109
37 1 29 116
37 1 30 45
37 1 31 87
37 1 32 24
37 1 33 101
37 1 34 44
37 1 35 51
37 1 36 122
37 1 37 25
37 1 38 50
37 1 39 78
37 1 40 41
37 1 41 79
37 1 42 121
37 2 0 23
37 2 1 98
37 2 2 24
37 2 3 11
37 2 4 119
37 2 5 0
37 2 6 25
37 2 7 97
37 2 8 18
37 2 9 111
37 2 10 118
37 2 11 66
37 2 12 21
37 2 13 96
37 2 14 103
37 2 15 5
37 2 16 63
37 2 17 124
37 2 18 77
37 2 19 47
37 2 20 2
37 2 21 52
37 2 22 81
37 2 23 123
37 2 24 80
37 2 25 14
37 2 26 8
37 2 27 108
37 2 28 115
37 2 29 57
37 2 30 86
37 2 31 28
37 2 32 43
37 2 33 107
37 2 34 69
37 2 35 121
37 2 36 4
37 2 37 92
37 2 38 55
37 2 39 7
37 2 40 48
37 2 41 59
37 2 42 68
37 3 0 97
37 3 1 4
37 3 2 38
37 3 3 118
37 3 4 32
37 3 5 36
37 3 6 71
37 3 7 8
37 3 8 110
37 3 9 69
37 3 10 124
37 3 11 29
37 3 12 83
37 3 13 102
37 3 14 21
37 3 15 116
37 3 16 67
37 3 17 87
37 3 18 54
37 3 19 27
37 3 20 60
37 3 21 85
37 3 22 122
37 3 23 81
37 3 24 19
37 3 25 42
37 3 26 55
37 3 27 114
37 3 28 73
37 3 29 68
37 3 30 20
37 3 31 57
37 3 32 106
37 3 33 72
37 3 34 56
37 3 35 16
37 3 36 91
37 3 37 45
37 3 38 40
37 3 39 112
37 3 40 119
37 3 41 74
37 3 42 41
37 4 0 0
37 4 1 31
37 4 2 117
37 4 3 7
37 4 4 6
37 4 5 95
37 4 6 23
37 4 7 109
37 4 8 116
37 4 9 55
37 4 10 16
37 4 11 67
37 4 12 64
37 4 13 32
37 4 14 115
37 4 15 52
37 4 16 86
37 4 17 93
37 4 18 10
37 4 19 107
37 4 20 49
37 4 21 121
37 4 22 43
37 4 23 15
37 4 24 34
37 4 25 50
37 4 26 113
37 4 27 120
37 4 28 19
37 4 29 41
37 4 30 84
37 4 31 48
37 4 32 112
37 4 33 119
37 4 34 21
37 4 35 90
37 4 36 81
37 4 37 30
37 4 38 45
37 4 39 118
37 4 40 125
37 4 41 8
37 4 42 71
37 5 0 36
37 5 1 116
37 5 2 40
37 5 3 0
37 5 4 94
37 5 5 12
37 5 6 108
37 5 7 115
37 5 8 73
37 5 9 3
37 5 10 93
37 5 11 100
37 5 12 15
37 5 13 114
37 5 14 43
37 5 15 57
37 5 16 81
37 5 17 7
37 5 18 106
37 5 19 66
37 5 20 50
37 5 21 77
37 5 22 30
37 5 23 5
37 5 24 105
37 5 25 64
37 5 26 61
37 5 27 126
37 5 28 27
37 5 29 75
37 5 30 56
37 5 31 63
37 5 32 118
37 5 33 28
37 5 34 84
37 5 35 96
37 5 36 42
37 5 37 79
37 5 38 47
37 5 39 52
37 5 40 13
37 5 41 95
37 5 42 24
37 6 0 115
37 6 1 29
37 6 2 39
37 6 3 65
37 6 4 35
37 6 5 80
37 6 6 114
37 6 7 60
37 6 8 2
37 6 9 72
37 6 10 99
37 6 11 17
37 6 12 113
37 6 13 120
37 6 14 24
37 6 15 73
37 6 16 4
37 6 17 85
37 6 18 112
37 6 19 119
37 6 20 64
37 6 21 28
37 6 22 3
37 6 23 104
37 6 24 111
37 6 25 47
37 6 26 48
37 6 27 1
37 6 28 96
37 6 29 45
37 6 30 63
37 6 31 77
37 6 32 27
37 6 33 88
37 6 34 55
37 6 35 42
37 6 36 61
37 6 37 116
37 6 38 123
37 6 39 31
37 6 40 94
37 6 41 16
37 6 42 20
37 7 0 19
37 7 1 35
37 7 2 92
37 7 3 13
37 7 4 76
37 7 5 113
37 7 6 120
37 7 7 21
37 7 8 43
37 7 9 98
37 7 10 25
37 7 11 80
37 7 12 78
37 7 13 126
37 7 14 49
37 7 15 11
37 7 16 61
37 7 17 82
37 7 18 118
37 7 19 125
37 7 20 18
37 7 21 26
37 7 22 103
37 7 23 110
37 7 24 117
37 7 25 124
37 7 26 6
37 7 27 72
37 7 28 65
37 7 29 63
37 7 30 116
37 7 31 5
37 7 32 44
37 7 33 75
37 7 34 33
37 7 35 46
37 7 36 115
37 7 37 122
37 7 38 22
37 7 39 47
37 7 40 27
37 7 41 38
37 7 42 114
37 8 0 33
37 8 1 91
37 8 2 9
37 8 3 105
37 8 4 60
37 8 5 76
37 8 6 29
37 8 7 75
37 8 8 97
37 8 9 11
37 8 10 111
37 8 11 56
37 8 12 62
37 8 13 89
37 8 14 0
37 8 15 84
37 8 16 47
37 8 17 80
37 8 18 66
37 8 19 13
37 8 20 15
37 8 21 102
37 8 22 109
37 8 23 68
37 8 24 71
37 8 25 2
37 8 26 67
37 8 27 101
37 8 28 53
37 8 29 115
37 8 30 5
37 8 31 45
37 8 32 93
37 8 33 34
37 8 34 107
37 8 35 114
37 8 36 121
37 8 37 40
37 8 38 92
37 8 39 36
37 8 40 1
37 8 41 113
37 8 42 31
37 9 0 90
37 9 1 39
37 9 2 104
37 9 3 111
37 9 4 53
37 9 5 31
37 9 6 89
37 9 7 52
37 9 8 25
37 9 9 110
37 9 10 117
37 9 11 124
37 9 12 51
37 9 13 0
37 9 14 65
37 9 15 71
37 9 16 116
37 9 17 123
37 9 18 3
37 9 19 15
37 9 20 63
37 9 21 108
37 9 22 76
37 9 23 58
37 9 24 10
37 9 25 93
37 9 26 78
37 9 27 107
37 9 28 114
37 9 29 21
37 9 30 77
37 9 31 74
37 9 32 7
37 9 33 106
37 9 34 113
37 9 35 45
37 9 36 2
37 9 37 91
37 9 38 6
37 9 39 38
37 9 40 112
37 9 41 42
37 9 42 23
37 10 0 13
37 10 1 103
37 10 2 110
37 10 3 117
37 10 4 42
37 10 5 70
37 10 6 95
37 10 7 19
37 10 8 109
37 10 9 51
37 10 10 75
37 10 11 87
37 10 12 5
37 10 13 101
37 10 14 44
37 10 15 115
37 10 16 122
37 10 17 14
37 10 18 16
37 10 19 100
37 10 20 43
37 10 21 53
37 10 22 71
37 10 23 20
37 10 24 64
37 10 25 77
37 10 26 106
37 10 27 113
37 10 28 10
37 10 29 80
37 10 30 58
37 10 31 9
37 10 32 60
37 10 33 67
37 10 34 119
37 10 35 11
37 10 36 90
37 10 37 28
37 10 38 34
37 10 39 111
37 10 40 22
37 10 41 6
37 10 42 69
37 11 0 102
37 11 1 109
37 11 2 77
37 11 3 24
37 11 4 87
37 11 5 94
37 11 6 3
37 11 7 108
37 11 8 49
37 11 9 52
37 11 10 86
37 11 11 2
37 11 12 58
37 11 13 107
37 11 14 114
37 11 15 121
37 11 16 18
37 11 17 15
37 11 18 99
37 11 19 46
37 11 20 73
37 11 21 120
37 11 22 26
37 11 23 74
37 11 24 59
37 11 25 57
37 11 26 81
37 11 27 13
37 11 28 56
37 11 29 67
37 11 30 42
37 11 31 82
37 11 32 111
37 11 33 118
37 11 34 41
37 11 35 80
37 11 36 30
37 11 37 16
37 11 38 110
37 11 39 32
37 11 40 35
37 11 41 88
37 11 42 14
37 12 0 108
37 12 1 65
37 12 2 22
37 12 3 86
37 12 4 50
37 12 5 3
37 12 6 60
37 12 7 78
37 12 8 82
37 12 9 83
37 12 10 21
37 12 11 68
37 12 12 106
37 12 13 113
37 12 14 72
37 12 15 38
37 12 16 5
37 12 17 98
37 12 18 105
37 12 19 112
37 12 20 71
37 12 21 0
37 12 22 85
37 12 23 51
37 12 24 47
37 12 25 111
37 12 26 17
37 12 27 125
37 12 28 89
37 12 29 2
37 12 30 75
37 12 31 110
37 12 32 69
37 12 33 14
37 12 34 88
37 12 35 39
37 12 36 1
37 12 37 109
37 12 38 4
37 12 39 27
37 12 40 43
37 12 41 35
37 12 42 54
37 13 0 66
37 13 1 6
37 13 2 56
37 13 3 92
37 13 4 17
37 13 5 58
37 13 6 77
37 13 7 120
37 13 8 20
37 13 9 27
37 13 10 64
37 13 11 43
37 13 12 75
37 13 13 119
37 13 14 34
37 13 15 14
37 13 16 97
37 13 17 104
37 13 18 53
37 13 19 54
37 13 20 21
37 13 21 89
37 13 22 96
37 13 23 71
37 13 24 110
37 13 25 23
37 13 26 68
37 13 27 83
37 13 28 41
37 13 29 47
37 13 30 109
37 13 31 116
37 13 32 33
37 13 33 82
37 13 34 10
37 13 35 19
37 13 36 108
37 13 37 12
37 13 38 28
37 13 39 73
37 13 40 36
37 13 41 100
37 13 42 62
37 14 0 9
37 14 1 1
37 14 2 91
37 14 3 2
37 14 4 105
37 14 5 112
37 14 6 64
37 14 7 126
37 14 8 38
37 14 9 50
37 14 10 78
37 14 11 111
37 14 12 118
37 14 13 5
37 14 14 27
37 14 15 69
37 14 16 103
37 14 17 63
37 14 18 117
37 14 19 23
37 14 20 58
37 14 21 44
37 14 22 72
37 14 23 109
37 14 24 26
37 14 25 123
37 14 26 87
37 14 27 22
37 14 28 101
37 14 29 108
37 14 30 115
37 14 31 6
37 14 32 54
37 14 33 25
37 14 34 36
37 14 35 107
37 14 36 31
37 14 37 20
37 14 38 68
37 14 39 18
37 14 40 99
37 14 41 55
37 14 42 56
37 15 0 126
37 15 1 90
37 15 2 11
37 15 3 104
37 15 4 45
37 15 5 73
37 15 6 59
37 15 7 27
37 15 8 96
37 15 9 54
37 15 10 110
37 15 11 48
37 15 12 38
37 15 13 12
37 15 14 95
37 15 15 102
37 15 16 82
37 15 17 67
37 15 18 19
37 15 19 87
37 15 20 53
37 15 21 101
37 15 22 108
37 15 23 14
37 15 24 122
37 15 25 86
37 15 26 1
37 15 27 61
37 15 28 62
37 15 29 114
37 15 30 25
37 15 31 49
37 15 32 31
37 15 33 15
37 15 34 106
37 15 35 8
37 15 36 39
37 15 37 63
37 15 38 20
37 15 39 98
37 15 40 105
37 15 41 112
37 15 42 42
37 16 0 49
37 16 1 17
37 16 2 103
37 16 3 46
37 16 4 117
37 16 5 124
37 16 6 12
37 16 7 63
37 16 8 64
37 16 9 109
37 16 10 116
37 16 11 19
37 16 12 36
37 16 13 94
37 16 14 85
37 16 15 74
37 16 16 53
37 16 17 4
37 16 18 86
37 16 19 93
37 16 20 83
37 16 21 59
37 16 22 20
37 16 23 121
37 16 24 61
37 16 25 32
37 16 26 51
37 16 27 55
37 16 28 113
37 16 29 11
37 16 30 44
37 16 31 35
37 16 32 23
37 16 33 105
37 16 34 16
37 16 35 0
37 16 36 78
37 16 37 6
37 16 38 97
37 16 39 104
37 16 40 70
37 16 41 30
37 16 42 77
37 17 0 5
37 17 1 102
37 17 2 70
37 17 3 66
37 17 4 75
37 17 5 8
37 17 6 46
37 17 7 101
37 17 8 108
37 17 9 115
37 17 10 4
37 17 11 26
37 17 12 45
37 17 13 100
37 17 14 107
37 17 15 49
37 17 16 36
37 17 17 77
37 17 18 78
37 17 19 82
37 17 20 57
37 17 21 29
37 17 22 67
37 17 23 30
37 17 24 22
37 17 25 52
37 17 26 105
37 17 27 63
37 17 28 13
37 17 29 74
37 17 30 11
37 17 31 0
37 17 32 104
37 17 33 38
37 17 34 6
37 17 35 125
37 17 36 25
37 17 37 48
37 17 38 103
37 17 39 85
37 17 40 9
37 17 41 124
37 17 42 88
37 18 0 79
37 18 1 60
37 18 2 58
37 18 3 43
37 18 4 10
37 18 5 93
37 18 6 44
37 18 7 71
37 18 8 114
37 18 9 17
37 18 10 40
37 18 11 92
37 18 12 99
37 18 13 106
37 18 14 59
37 18 15 4
37 18 16 11
37 18 17 65
37 18 18 68
37 18 19 105
37 18 20 14
37 18 21 119
37 18 22 126
37 18 23 25
37 18 24 83
37 18 25 104
37 18 26 111
37 18 27 38
37 18 28 125
37 18 29 3
37 18 30 19
37 18 31 103
37 18 32 12
37 18 33 21
37 18 34 80
37 18 35 41
37 18 36 95
37 18 37 102
37 18 38 78
37 18 39 33
37 18 40 50
37 18 41 61
37 18 42 8
37 19 0 107
37 19 1 83
37 19 2 53
37 19 3 31
37 19 4 46
37 19 5 64
37 19 6 74
37 19 7 113
37 19 8 26
37 19 9 36
37 19 10 91
37 19 11 98
37 19 12 73
37 19 13 112
37 19 14 10
37 19 15 126
37 19 16 85
37 19 17 66
37 19 18 104
37 19 19 28
37 19 20 118
37 19 21 47
37 19 22 9
37 19 23 96
37 19 24 103
37 19 25 110
37 19 26 39
37 19 27 48
37 19 28 4
37 19 29 27
37 19 30 102
37 19 31 30
37 19 32 35
37 19 33 123
37 19 34 17
37 19 35 94
37 19 36 50
37 19 37 57
37 19 38 29
37 19 39 59
37 19 40 80
37 19 41 14
37 19 42 100
37 20 0 82
37 20 1 120
37 20 2 5
37 20 3 59
37 20 4 84
37 20 5 105
37 20 6 54
37 20 7 16
37 20 8 13
37 20 9 90
37 20 10 97
37 20 11 46
37 20 12 52
37 20 13 29
37 20 14 66
37 20 15 89
37 20 16 96
37 20 17 103
37 20 18 28
37 20 19 65
37 20 20 124
37 20 21 7
37 20 22 64
37 20 23 102
37 20 24 109
37 20 25 17
37 20 26 123
37 20 27 39
37 20 28 42
37 20 29 101
37 20 30 15
37 20 31 1
37 20 32 122
37 20 33 33
37 20 34 72
37 20 35 100
37 20 36 107
37 20 37 32
37 20 38 43
37 20 39 83
37 20 40 18
37 20 41 99
37 20 42 106
37 21 0 50
37 21 1 11
37 21 2 46
37 21 3 49
37 21 4 104
37 21 5 111
37 21 6 15
37 21 7 17
37 21 8 51
37 21 9 80
37 21 10 70
37 21 11 76
37 21 12 26
37 21 13 124
37 21 14 55
37 21 15 61
37 21 16 102
37 21 17 12
37 21 18 116
37 21 19 85
37 21 20 32
37 21 21 84
37 21 22 57
37 21 23 108
37 21 24 18
37 21 25 122
37 21 26 25
37 21 27 9
37 21 28 100
37 21 29 40
37 21 30 3
37 21 31 121
37 21 32 20
37 21 33 92
37 21 34 99
37 21 35 106
37 21 36 22
37 21 37 120
37 21 38 72
37 21 39 21
37 21 40 98
37 21 41 64
37 21 42 112
37 22 0 21
37 22 1 89
37 22 2 96
37 22 3 103
37 22 4 110
37 22 5 16
37 22 6 28
37 22 7 88
37 22 8 95
37 22 9 78
37 22 10 56
37 22 11 31
37 22 12 68
37 22 13 87
37 22 14 82
37 22 15 80
37 22 16 6
37 22 17 115
37 22 18 74
37 22 19 0
37 22 20 93
37 22 21 100
37 22 22 84
37 22 23 35
37 22 24 121
37 22 25 8
37 22 26 32
37 22 27 99
37 22 28 36
37 22 29 25
37 22 30 70
37 22 31 29
37 22 32 91
37 22 33 98
37 22 34 71
37 22 35 24
37 22 36 85
37 22 37 73
37 22 38 10
37 22 39 97
37 22 40 54
37 22 41 52
37 22 42 45
37 23 0 69
37 23 1 70
37 23 2 102
37 23 3 109
37 23 4 16
37 23 5 18
37 23 6 53
37 23 7 94
37 23 8 101
37 23 9 75
37 23 10 31
37 23 11 44
37 23 12 86
37 23 13 93
37 23 14 100
37 23 15 20
37 23 16 114
37 23 17 45
37 23 18 2
37 23 19 57
37 23 20 99
37 23 21 80
37 23 22 22
37 23 23 52
37 23 24 41
37 23 25 0
37 23 26 98
37 23 27 30
37 23 28 38
37 23 29 119
37 23 30 34
37 23 31 90
37 23 32 97
37 23 33 56
37 23 34 40
37 23 35 62
37 23 36 125
37 23 37 26
37 23 38 83
37 23 39 54
37 23 40 72
37 23 41 117
37 23 42 29
37 24 0 56
37 24 1 53
37 24 2 108
37 24 3 5
37 24 4 13
37 24 5 83
37 24 6 67
37 24 7 51
37 24 8 107
37 24 9 20
37 24 10 79
37 24 11 60
37 24 12 74
37 24 13 99
37 24 14 6
37 24 15 113
37 24 16 120
37 24 17 10
37 24 18 44
37 24 19 98
37 24 20 105
37 24 21 18
37 24 22 119
37 24 23 39
37 24 24 12
37 24 25 97
37 24 26 36
37 24 27 4
37 24 28 118
37 24 29 9
37 24 30 65
37 24 31 70
37 24 32 81
37 24 33 41
37 24 34 117
37 24 35 76
37 24 36 26
37 24 37 95
37 24 38 54
37 24 39 61
37 24 40 85
37 24 41 25
37 24 42 87
37 25 0 100
37 25 1 67
37 25 2 28
37 25 3 3
37 25 4 74
37 25 5 92
37 25 6 68
37 25 7 106
37 25 8 27
37 25 9 120
37 25 10 7
37 25 11 65
37 25 12 98
37 25 13 14
37 25 14 53
37 25 15 50
37 25 16 29
37 25 17 62
37 25 18 97
37 25 19 104
37 25 20 39
37 25 21 118
37 25 22 35
37 25 23 2
37 25 24 96
37 25 25 11
37 25 26 15
37 25 27 46
37 25 28 0
37 25 29 88
37 25 30 95
37 25 31 72
37 25 32 32
37 25 33 79
37 25 34 123
37 25 35 4
37 25 36 94
37 25 37 101
37 25 38 69
37 25 39 76
37 25 40 30
37 25 41 86
37 25 42 93
37 26 0 62
37 26 1 26
37 26 2 1
37 26 3 79
37 26 4 91
37 26 5 75
37 26 6 57
37 26 7 24
37 26 8 63
37 26 9 126
37 26 10 50
37 26 11 97
37 26 12 16
37 26 13 111
37 26 14 77
37 26 15 28
37 26 16 89
37 26 17 48
37 26 18 103
37 26 19 19
37 26 20 46
37 26 21 31
37 26 22 34
37 26 23 95
37 26 24 38
37 26 25 7
37 26 26 116
37 26 27 18
37 26 28 43
37 26 29 94
37 26 30 101
37 26 31 32
37 26 32 72
37 26 33 122
37 26 34 3
37 26 35 61
37 26 36 45
37 26 37 107
37 26 38 60
37 26 39 4
37 26 40 49
37 26 41 44
37 26 42 99
37 27 0 40
37 27 1 16
37 27 2 80
37 27 3 90
37 27 4 79
37 27 5 65
37 27 6 21
37 27 7 70
37 27 8 83
37 27 9 89
37 27 10 54
37 27 11 42
37 27 12 110
37 27 13 117
37 27 14 15
37 27 15 51
37 27 16 95
37 27 17 102
37 27 18 8
37 27 19 116
37 27 20 25
37 27 21 24
37 27 22 94
37 27 23 0
37 27 24 31
37 27 25 115
37 27 26 23
37 27 27 49
37 27 28 58
37 27 29 69
37 27 30 1
37 27 31 62
37 27 32 121
37 27 33 10
37 27 34 92
37 27 35 48
37 27 36 106
37 27 37 74
37 27 38 33
37 27 39 12
37 27 40 60
37 27 41 98
37 27 42 105
37 28 0 12
37 28 1 125
37 28 2 76
37 28 3 96
37 28 4 83
37 28 5 4
37 28 6 117
37 28 7 124
37 28 8 48
37 28 9 95
37 28 10 10
37 28 11 109
37 28 12 63
37 28 13 2
37 28 14 87
37 28 15 94
37 28 16 51
37 28 17 23
37 28 18 115
37 28 19 38
37 28 20 42
37 28 21 93
37 28 22 36
37 28 23 27
37 28 24 114
37 28 25 33
37 28 26 60
37 28 27 92
37 28 28 81
37 28 29 34
37 28 30 82
37 28 31 67
37 28 32 15
37 28 33 91
37 28 34 66
37 28 35 73
37 28 36 112
37 28 37 11
37 28 38 126
37 28 39 72
37 28 40 97
37 28 41 104
37 28 42 32
37 29 0 75
37 29 1 88
37 29 2 54
37 29 3 61
37 29 4 29
37 29 5 67
37 29 6 84
37 29 7 87
37 29 8 94
37 29 9 26
37 29 10 108
37 29 11 79
37 29 12 10
37 29 13 86
37 29 14 80
37 29 15 100
37 29 16 13
37 29 17 114
37 29 18 6
37 29 19 31
37 29 20 92
37 29 21 20
37 29 22 7
37 29 23 113
37 29 24 8
37 29 25 55
37 29 26 91
37 29 27 66
37 29 28 24
37 29 29 112
37 29 30 119
37 29 31 27
37 29 32 90
37 29 33 68
37 29 34 74
37 29 35 81
37 29 36 3
37 29 37 77
37 29 38 89
37 29 39 82
37 29 40 103
37 29 41 23
37 29 42 17
37 30 0 51
37 30 1 59
37 30 2 101
37 30 3 10
37 30 4 67
37 30 5 61
37 30 6 86
37 30 7 45
37 30 8 5
37 30 9 60
37 30 10 44
37 30 11 34
37 30 12 70
37 30 13 92
37 30 14 99
37 30 15 41
37 30 16 113
37 30 17 8
37 30 18 39
37 30 19 91
37 30 20 16
37 30 21 14
37 30 22 75
37 30 23 17
37 30 24 78
37 30 25 90
37 30 26 49
37 30 27 33
37 30 28 68
37 30 29 118
37 30 30 6
37 30 31 52
37 30 32 96
37 30 33 58
37 30 34 77
37 30 35 7
37 30 36 124
37 30 37 62
37 30 38 95
37 30 39 102
37 30 40 40
37 30 41 12
37 30 42 123
37 31 0 93
37 31 1 76
37 31 2 42
37 31 3 84
37 31 4 70
37 31 5 43
37 31 6 92
37 31 7 11
37 31 8 58
37 31 9 56
37 31 10 32
37 31 11 22
37 31 12 91
37 31 13 98
37 31 14 33
37 31 15 64
37 31 16 38
37 31 17 36
37 31 18 90
37 31 19 26
37 31 20 40
37 31 21 111
37 31 22 13
37 31 23 125
37 31 24 49
37 31 25 96
37 31 26 12
37 31 27 62
37 31 28 71
37 31 29 20
37 31 30 88
37 31 31 47
37 31 32 50
37 31 33 65
37 31 34 4
37 31 35 57
37 31 36 87
37 31 37 94
37 31 38 63
37 31 39 41
37 31 40 24
37 31 41 122
37 31 42 83
37 32 0 81
37 32 1 2
37 32 2 73
37 32 3 120
37 32 4 3
37 32 5 91
37 32 6 17
37 32 7 105
37 32 8 112
37 32 9 29
37 32 10 126
37 32 11 90
37 32 12 97
37 32 13 26
37 32 14 111
37 32 15 1
37 32 16 31
37 32 17 89
37 32 18 34
37 32 19 30
37 32 20 110
37 32 21 19
37 32 22 52
37 32 23 88
37 32 24 55
37 32 25 35
37 32 26 76
37 32 27 116
37 32 28 5
37 32 29 78
37 32 30 60
37 32 31 101
37 32 32 64
37 32 33 18
37 32 34 50
37 32 35 86
37 32 36 44
37 32 37 100
37 32 38 9
37 32 39 40
37 32 40 121
37 32 41 70
37 32 42 59
37 33 0 32
37 33 1 112
37 33 2 57
37 33 3 126
37 33 4 90
37 33 5 30
37 33 6 104
37 33 7 48
37 33 8 33
37 33 9 49
37 33 10 84
37 33 11 70
37 33 12 2
37 33 13 110
37 33 14 25
37 33 15 0
37 33 16 88
37 33 17 22
37 33 18 1
37 33 19 109
37 33 20 9
37 33 21 123
37 33 22 66
37 33 23 69
37 33 24 20
37 33 25 71
37 33 26 115
37 33 27 27
37 33 28 44
37 33 29 93
37 33 30 52
37 33 31 107
37 33 32 10
37 33 33 62
37 33 34 75
37 33 35 92
37 33 36 99
37 33 37 34
37 33 38 7
37 33 39 56
37 33 40 79
37 33 41 43
37 33 42 74
37 34 0 70
37 34 1 72
37 34 2 65
37 34 3 62
37 34 4 39
37 34 5 103
37 34 6 48
37 34 7 18
37 34 8 124
37 34 9 88
37 34 10 95
37 34 11 13
37 34 12 109
37 34 13 35
37 34 14 16
37 34 15 87
37 34 16 17
37 34 17 25
37 34 18 108
37 34 19 3
37 34 20 122
37 34 21 79
37 34 22 93
37 34 23 42
37 34 24 107
37 34 25 114
37 34 26 9
37 34 27 75
37 34 28 59
37 34 29 55
37 34 30 106
37 34 31 24
37 34 32 120
37 34 33 8
37 34 34 91
37 34 35 98
37 34 36 15
37 34 37 10
37 34 38 119
37 34 39 66
37 34 40 46
37 34 41 78
37 34 42 7
37 35 0 117
37 35 1 124
37 35 2 88
37 35 3 14
37 35 4 102
37 35 5 63
37 35 6 13
37 35 7 76
37 35 8 71
37 35 9 94
37 35 10 35
37 35 11 108
37 35 12 41
37 35 13 31
37 35 14 86
37 35 15 19
37 35 16 23
37 35 17 58
37 35 18 7
37 35 19 121
37 35 20 56
37 35 21 46
37 35 22 2
37 35 23 106
37 35 24 113
37 35 25 22
37 35 26 73
37 35 27 79
37 35 28 75
37 35 29 51
37 35 30 12
37 35 31 64
37 35 32 126
37 35 33 90
37 35 34 97
37 35 35 40
37 35 36 8
37 35 37 118
37 35 38 125
37 35 39 89
37 35 40 96
37 35 41 32
37 35 42 48
37 36 0 78
37 36 1 85
37 36 2 17
37 36 3 77
37 36 4 72
37 36 5 13
37 36 6 69
37 36 7 61
37 36 8 57
37 36 9 25
37 36 10 49
37 36 11 36
37 36 12 39
37 36 13 80
37 36 14 30
37 36 15 22
37 36 16 68
37 36 17 41
37 36 18 60
37 36 19 56
37 36 20 48
37 36 21 3
37 36 22 45
37 36 23 83
37 36 24 1
37 36 25 75
37 36 26 82
37 36 27 59
37 36 28 79
37 36 29 4
37 36 30 76
37 36 31 53
37 36 32 47
37 36 33 43
37 36 34 34
37 36 35 28
37 36 36 74
37 36 37 70
37 36 38 64
37 36 39 84
37 36 40 8
37 36 41 81
37 36 42 58
37 37 0 44
37 37 1 22
37 37 2 100
37 37 3 107
37 37 4 30
37 37 5 71
37 37 6 61
37 37 7 92
37 37 8 12
37 37 9 59
37 37 10 3
37 37 11 20
37 37 12 37
37 37 13 11
37 37 14 28
37 37 15 105
37 37 16 19
37 37 17 119
37 37 18 46
37 37 19 84
37 37 20 1
37 37 21 54
37 37 22 111
37 37 23 9
37 37 24 125
37 37 25 89
37 37 26 96
37 37 27 69
37 37 28 8
37 37 29 117
37 37 30 124
37 37 31 88
37 37 32 95
37 37 33 7
37 37 34 24
37 37 35 116
37 37 36 123
37 37 37 87
37 37 38 53
37 37 39 23
37 37 40 66
37 37 41 85
37 37 42 81
37 38 0 30
37 38 1 99
37 38 2 106
37 38 3 28
37 38 4 120
37 38 5 81
37 38 6 91
37 38 7 33
37 38 8 105
37 38 9 9
37 38 10 1
37 38 11 126
37 38 12 35
37 38 13 38
37 38 14 104
37 38 15 6
37 38 16 118
37 38 17 125
37 38 18 89
37 38 19 18
37 38 20 69
37 38 21 110
37 38 22 14
37 38 23 55
37 38 24 52
37 38 25 45
37 38 26 47
37 38 27 23
37 38 28 82
37 38 29 71
37 38 30 51
37 38 31 94
37 38 32 3
37 38 33 40
37 38 34 115
37 38 35 122
37 38 36 86
37 38 37 93
37 38 38 27
37 38 39 107
37 38 40 62
37 38 41 58
37 38 42 85
37 39 0 98
37 39 1 46
37 39 2 29
37 39 3 48
37 39 4 51
37 39 5 90
37 39 6 24
37 39 7 104
37 39 8 8
37 39 9 12
37 39 10 125
37 39 11 0
37 39 12 33
37 39 13 103
37 39 14 39
37 39 15 47
37 39 16 76
37 39 17 68
37 39 18 18
37 39 19 69
37 39 20 109
37 39 21 17
37 39 22 123
37 39 23 87
37 39 24 60
37 39 25 101
37 39 26 42
37 39 27 43
37 39 28 74
37 39 29 81
37 39 30 61
37 39 31 23
37 39 32 34
37 39 33 114
37 39 34 121
37 39 35 85
37 39 36 55
37 39 37 19
37 39 38 106
37 39 39 65
37 39 40 120
37 39 41 73
37 39 42 9
37 40 0 84
37 40 1 32
37 40 2 62
37 40 3 125
37 40 4 65
37 40 5 28
37 40 6 103
37 40 7 6
37 40 8 14
37 40 9 124
37 40 10 15
37 40 11 39
37 40 12 102
37 40 13 18
37 40 14 116
37 40 15 123
37 40 16 87
37 40 17 13
37 40 18 101
37 40 19 108
37 40 20 35
37 40 21 122
37 40 22 86
37 40 23 93
37 40 24 44
37 40 25 24
37 40 26 79
37 40 27 58
37 40 28 47
37 40 29 92
37 40 30 21
37 40 31 16
37 40 32 113
37 40 33 73
37 40 34 23
37 40 35 67
37 40 36 7
37 40 37 53
37 40 38 112
37 40 39 57
37 40 40 82
37 40 41 22
37 40 42 97
37 41 0 11
37 41 1 117
37 41 2 68
37 41 3 88
37 41 4 22
37 41 5 102
37 41 6 30
37 41 7 9
37 41 8 123
37 41 9 31
37 41 10 6
37 41 11 53
37 41 12 29
37 41 13 115
37 41 14 122
37 41 15 86
37 41 16 41
37 41 17 61
37 41 18 59
37 41 19 1
37 41 20 121
37 41 21 74
37 41 22 47
37 41 23 76
37 41 24 42
37 41 25 84
37 41 26 120
37 41 27 77
37 41 28 91
37 41 29 24
37 41 30 40
37 41 31 54
37 41 32 119
37 41 33 126
37 41 34 60
37 41 35 21
37 41 36 52
37 41 37 67
37 41 38 70
37 41 39 125
37 41 40 4
37 41 41 46
37 41 42 55
37 42 0 68
37 42 1 123
37 42 2 82
37 42 3 12
37 42 4 85
37 42 5 1
37 42 6 40
37 42 7 122
37 42 8 0
37 42 9 30
37 42 10 100
37 42 11 5
37 42 12 114
37 42 13 121
37 42 14 47
37 42 15 2
37 42 16 73
37 42 17 57
37 42 18 14
37 42 19 72
37 42 20 28
37 42 21 56
37 42 22 50
37 42 23 29
37 42 24 112
37 42 25 58
37 42 26 66
37 42 27 90
37 42 28 34
37 42 29 22
37 42 30 111
37 42 31 118
37 42 32 55
37 42 33 89
37 42 34 13
37 42 35 83
37 42 36 59
37 42 37 117
37 42 38 65
37 42 39 26
37 42 40 95
37 42 41 49
37 42 42 39
38 0 0 83
38 0 1 13
38 0 2 43
38 0 3 2
38 0 4 41
38 0 5 122
38 0 6 1
38 0 7 31
38 0 8 100
38 0 9 6
38 0 10 114
38 0 11 121
38 0 12 48
38 0 13 3
38 0 14 74
38 0 15 58
38 0 16 15
38 0 17 73
38 0 18 29
38 0 19 57
38 0 20 51
38 0 21 30
38 0 22 112
38 0 23 59
38 0 24 67
38 0 25 90
38 0 26 35
38 0 27 23
38 0 28 111
38 0 29 118
38 0 30 56
38 0 31 89
38 0 32 14
38 0 33 84
38 0 34 60
38 0 35 117
38 0 36 66
38 0 37 27
38 0 38 95
38 0 39 50
38 0 40 40
38 0 41 69
38 0 42 123
38 1 0 19
38 1 1 100
38 1 2 35
38 1 3 6
38 1 4 121
38 1 5 39
38 1 6 37
38 1 7 99
38 1 8 42
38 1 9 113
38 1 10 81
38 1 11 10
38 1 12 0
38 1 13 82
38 1 14 105
38 1 15 21
38 1 16 119
38 1 17 126
38 1 18 77
38 1 19 51
38 1 20 33
38 1 21 57
38 1 22 64
38 1 23 125
38 1 24 43
38 1 25 8
38 1 26 34
38 1 27 110
38 1 28 79
38 1 29 124
38 1 30 84
38 1 31 28
38 1 32 80
38 1 33 44
38 1 34 50
38 1 35 123
38 1 36 12
38 1 37 94
38 1 38 101
38 1 39 20
38 1 40 52
38 1 41 122
38 1 42 63
38 2 0 99
38 2 1 18
38 2 2 16
38 2 3 120
38 2 4 36
38 2 5 24
38 2 6 98
38 2 7 34
38 2 8 67
38 2 9 119
38 2 10 126
38 2 11 41
38 2 12 55
38 2 13 104
38 2 14 27
38 2 15 118
38 2 16 70
38 2 17 89
38 2 18 96
38 2 19 22
38 2 20 78
38 2 21 117
38 2 22 85
38 2 23 88
38 2 24 20
38 2 25 35
38 2 26 109
38 2 27 116
38 2 28 46
38 2 29 87
38 2 30 25
38 2 31 101
38 2 32 45
38 2 33 52
38 2 34 122
38 2 35 26
38 2 36 51
38 2 37 79
38 2 38 42
38 2 39 80
38 2 40 121
38 2 41 58
38 2 42 15
38 3 0 25
38 3 1 12
38 3 2 119
38 3 3 1
38 3 4 26
38 3 5 97
38 3 6 19
38 3 7 111
38 3 8 118
38 3 9 67
38 3 10 22
38 3 11 96
38 3 12 103
38 3 13 6
38 3 14 64
38 3 15 124
38 3 16 78
38 3 17 48
38 3 18 3
38 3 19 53
38 3 20 82
38 3 21 123
38 3 22 81
38 3 23 15
38 3 24 9
38 3 25 108
38 3 26 115
38 3 27 58
38 3 28 86
38 3 29 29
38 3 30 44
38 3 31 107
38 3 32 70
38 3 33 121
38 3 34 5
38 3 35 92
38 3 36 56
38 3 37 8
38 3 38 49
38 3 39 60
38 3 40 69
38 3 41 24
38 3 42 98
38 4 0 39
38 4 1 118
38 4 2 33
38 4 3 37
38 4 4 72
38 4 5 9
38 4 6 110
38 4 7 70
38 4 8 124
38 4 9 30
38 4 10 84
38 4 11 102
38 4 12 22
38 4 13 116
38 4 14 68
38 4 15 87
38 4 16 55
38 4 17 28
38 4 18 61
38 4 19 43
38 4 20 122
38 4 21 82
38 4 22 20
38 4 23 0
38 4 24 56
38 4 25 114
38 4 26 74
38 4 27 69
38 4 28 21
38 4 29 58
38 4 30 106
38 4 31 73
38 4 32 57
38 4 33 17
38 4 34 91
38 4 35 46
38 4 36 41
38 4 37 112
38 4 38 119
38 4 39 75
38 4 40 42
38 4 41 97
38 4 42 5
38 5 0 117
38 5 1 8
38 5 2 7
38 5 3 95
38 5 4 24
38 5 5 109
38 5 6 116
38 5 7 56
38 5 8 17
38 5 9 68
38 5 10 65
38 5 11 33
38 5 12 115
38 5 13 53
38 5 14 86
38 5 15 93
38 5 16 11
38 5 17 107
38 5 18 50
38 5 19 121
38 5 20 44
38 5 21 16
38 5 22 35
38 5 23 51
38 5 24 113
38 5 25 120
38 5 26 20
38 5 27 42
38 5 28 85
38 5 29 49
38 5 30 112
38 5 31 119
38 5 32 22
38 5 33 90
38 5 34 82
38 5 35 31
38 5 36 46
38 5 37 118
38 5 38 125
38 5 39 9
38 5 40 72
38 5 41 1
38 5 42 32
38 6 0 41
38 6 1 1
38 6 2 94
38 6 3 13
38 6 4 108
38 6 5 115
38 6 6 74
38 6 7 4
38 6 8 93
38 6 9 100
38 6 10 16
38 6 11 114
38 6 12 44
38 6 13 58
38 6 14 82
38 6 15 8
38 6 16 106
38 6 17 67
38 6 18 51
38 6 19 78
38 6 20 31
38 6 21 6
38 6 22 105
38 6 23 65
38 6 24 62
38 6 25 126
38 6 26 28
38 6 27 76
38 6 28 57
38 6 29 64
38 6 30 118
38 6 31 29
38 6 32 85
38 6 33 96
38 6 34 0
38 6 35 80
38 6 36 48
38 6 37 53
38 6 38 14
38 6 39 95
38 6 40 25
38 6 41 37
38 6 42 116
38 7 0 40
38 7 1 66
38 7 2 36
38 7 3 81
38 7 4 114
38 7 5 61
38 7 6 3
38 7 7 73
38 7 8 99
38 7 9 18
38 7 10 113
38 7 11 120
38 7 12 25
38 7 13 74
38 7 14 5
38 7 15 43
38 7 16 112
38 7 17 119
38 7 18 65
38 7 19 29
38 7 20 4
38 7 21 104
38 7 22 111
38 7 23 48
38 7 24 49
38 7 25 2
38 7 26 96
38 7 27 46
38 7 28 64
38 7 29 78
38 7 30 28
38 7 31 88
38 7 32 56
38 7 33 0
38 7 34 62
38 7 35 116
38 7 36 123
38 7 37 32
38 7 38 94
38 7 39 17
38 7 40 21
38 7 41 115
38 7 42 30
38 8 0 92
38 8 1 14
38 8 2 77
38 8 3 113
38 8 4 120
38 8 5 22
38 8 6 44
38 8 7 98
38 8 8 26
38 8 9 81
38 8 10 79
38 8 11 126
38 8 12 50
38 8 13 12
38 8 14 62
38 8 15 83
38 8 16 118
38 8 17 125
38 8 18 19
38 8 19 27
38 8 20 103
38 8 21 110
38 8 22 117
38 8 23 124
38 8 24 7
38 8 25 73
38 8 26 66
38 8 27 64
38 8 28 116
38 8 29 6
38 8 30 45
38 8 31 76
38 8 32 34
38 8 33 47
38 8 34 115
38 8 35 122
38 8 36 23
38 8 37 48
38 8 38 28
38 8 39 39
38 8 40 114
38 8 41 20
38 8 42 36
38 9 0 10
38 9 1 105
38 9 2 61
38 9 3 77
38 9 4 30
38 9 5 76
38 9 6 97
38 9 7 12
38 9 8 111
38 9 9 57
38 9 10 63
38 9 11 89
38 9 12 1
38 9 13 85
38 9 14 48
38 9 15 81
38 9 16 67
38 9 17 14
38 9 18 16
38 9 19 102
38 9 20 109
38 9 21 69
38 9 22 72
38 9 23 3
38 9 24 68
38 9 25 101
38 9 26 54
38 9 27 115
38 9 28 6
38 9 29 46
38 9 30 93
38 9 31 35
38 9 32 107
38 9 33 114
38 9 34 121
38 9 35 41
38 9 36 92
38 9 37 37
38 9 38 2
38 9 39 113
38 9 40 32
38 9 41 34
38 9 42 91
38 10 0 104
38 10 1 111
38 10 2 54
38 10 3 32
38 10 4 89
38 10 5 53
38 10 6 26
38 10 7 110
38 10 8 117
38 10 9 124
38 10 10 52
38 10 11 1
38 10 12 66
38 10 13 72
38 10 14 116
38 10 15 123
38 10 16 4
38 10 17 16
38 10 18 64
38 10 19 108
38 10 20 77
38 10 21 59
38 10 22 11
38 10 23 93
38 10 24 79
38 10 25 107
38 10 26 114
38 10 27 22
38 10 28 78
38 10 29 75
38 10 30 8
38 10 31 106
38 10 32 113
38 10 33 46
38 10 34 3
38 10 35 91
38 10 36 7
38 10 37 39
38 10 38 112
38 10 39 0
38 10 40 24
38 10 41 90
38 10 42 40
38 11 0 110
38 11 1 117
38 11 2 0
38 11 3 71
38 11 4 95
38 11 5 20
38 11 6 109
38 11 7 52
38 11 8 76
38 11 9 87
38 11 10 6
38 11 11 101
38 11 12 45
38 11 13 115
38 11 14 122
38 11 15 15
38 11 16 17
38 11 17 100
38 11 18 44
38 11 19 54
38 11 20 72
38 11 21 21
38 11 22 65
38 11 23 78
38 11 24 106
38 11 25 113
38 11 26 11
38 11 27 81
38 11 28 59
38 11 29 10
38 11 30 61
38 11 31 68
38 11 32 119
38 11 33 12
38 11 34 90
38 11 35 29
38 11 36 35
38 11 37 111
38 11 38 23
38 11 39 7
38 11 40 70
38 11 41 14
38 11 42 103
38 12 0 78
38 12 1 25
38 12 2 87
38 12 3 94
38 12 4 4
38 12 5 108
38 12 6 50
38 12 7 53
38 12 8 86
38 12 9 3
38 12 10 59
38 12 11 107
38 12 12 114
38 12 13 121
38 12 14 19
38 12 15 16
38 12 16 99
38 12 17 47
38 12 18 74
38 12 19 120
38 12 20 27
38 12 21 75
38 12 22 60
38 12 23 58
38 12 24 82
38 12 25 14
38 12 26 57
38 12 27 68
38 12 28 0
38 12 29 83
38 12 30 111
38 12 31 118
38 12 32 42
38 12 33 81
38 12 34 31
38 12 35 17
38 12 36 110
38 12 37 33
38 12 38 36
38 12 39 88
38 12 40 15
38 12 41 102
38 12 42 109
38 13 0 23
38 13 1 86
38 13 2 51
38 13 3 4
38 13 4 61
38 13 5 79
38 13 6 83
38 13 7 84
38 13 8 22
38 13 9 69
38 13 10 106
38 13 11 113
38 13 12 73
38 13 13 39
38 13 14 6
38 13 15 98
38 13 16 105
38 13 17 112
38 13 18 72
38 13 19 1
38 13 20 43
38 13 21 52
38 13 22 48
38 13 23 111
38 13 24 18
38 13 25 125
38 13 26 89
38 13 27 3
38 13 28 76
38 13 29 110
38 13 30 70
38 13 31 15
38 13 32 88
38 13 33 40
38 13 34 2
38 13 35 109
38 13 36 5
38 13 37 28
38 13 38 44
38 13 39 36
38 13 40 55
38 13 41 108
38 13 42 66
38 14 0 57
38 14 1 92
38 14 2 18
38 14 3 59
38 14 4 78
38 14 5 120
38 14 6 21
38 14 7 28
38 14 8 65
38 14 9 44
38 14 10 76
38 14 11 119
38 14 12 35
38 14 13 15
38 14 14 97
38 14 15 104
38 14 16 54
38 14 17 55
38 14 18 22
38 14 19 89
38 14 20 96
38 14 21 72
38 14 22 110
38 14 23 24
38 14 24 69
38 14 25 84
38 14 26 42
38 14 27 48
38 14 28 109
38 14 29 116
38 14 30 34
38 14 31 83
38 14 32 11
38 14 33 20
38 14 34 108
38 14 35 13
38 14 36 29
38 14 37 74
38 14 38 37
38 14 39 100
38 14 40 63
38 14 41 67
38 14 42 7
38 15 0 91
38 15 1 3
38 15 2 105
38 15 3 112
38 15 4 65
38 15 5 126
38 15 6 39
38 15 7 51
38 15 8 79
38 15 9 111
38 15 10 118
38 15 11 6
38 15 12 28
38 15 13 70
38 15 14 103
38 15 15 64
38 15 16 117
38 15 17 24
38 15 18 59
38 15 19 45
38 15 20 73
38 15 21 109
38 15 22 27
38 15 23 123
38 15 24 87
38 15 25 23
38 15 26 101
38 15 27 108
38 15 28 115
38 15 29 7
38 15 30 55
38 15 31 26
38 15 32 37
38 15 33 107
38 15 34 32
38 15 35 21
38 15 36 69
38 15 37 19
38 15 38 99
38 15 39 56
38 15 40 57
38 15 41 10
38 15 42 2
38 16 0 12
38 16 1 104
38 16 2 46
38 16 3 74
38 16 4 60
38 16 5 28
38 16 6 96
38 16 7 55
38 16 8 110
38 16 9 49
38 16 10 39
38 16 11 13
38 16 12 95
38 16 13 102
38 16 14 83
38 16 15 68
38 16 16 20
38 16 17 87
38 16 18 54
38 16 19 101
38 16 20 108
38 16 21 15
38 16 22 122
38 16 23 86
38 16 24 2
38 16 25 62
38 16 26 63
38 16 27 114
38 16 28 26
38 16 29 50
38 16 30 32
38 16 31 16
38 16 32 106
38 16 33 9
38 16 34 40
38 16 35 64
38 16 36 21
38 16 37 98
38 16 38 105
38 16 39 112
38 16 40 0
38 16 41 126
38 16 42 90
38 17 0 103
38 17 1 47
38 17 2 117
38 17 3 124
38 17 4 13
38 17 5 64
38 17 6 65
38 17 7 109
38 17 8 116
38 17 9 20
38 17 10 37
38 17 11 94
38 17 12 43
38 17 13 75
38 17 14 54
38 17 15 5
38 17 16 86
38 17 17 93
38 17 18 84
38 17 19 60
38 17 20 21
38 17 21 121
38 17 22 62
38 17 23 33
38 17 24 52
38 17 25 56
38 17 26 113
38 17 27 12
38 17 28 45
38 17 29 36
38 17 30 24
38 17 31 105
38 17 32 17
38 17 33 1
38 17 34 79
38 17 35 7
38 17 36 97
38 17 37 104
38 17 38 71
38 17 39 31
38 17 40 78
38 17 41 50
38 17 42 18
38 18 0 71
38 18 1 67
38 18 2 76
38 18 3 9
38 18 4 47
38 18 5 101
38 18 6 108
38 18 7 115
38 18 8 5
38 18 9 27
38 18 10 46
38 18 11 100
38 18 12 107
38 18 13 50
38 18 14 37
38 18 15 78
38 18 16 79
38 18 17 83
38 18 18 58
38 18 19 30
38 18 20 68
38 18 21 31
38 18 22 23
38 18 23 53
38 18 24 105
38 18 25 64
38 18 26 14
38 18 27 75
38 18 28 12
38 18 29 1
38 18 30 104
38 18 31 39
38 18 32 7
38 18 33 125
38 18 34 26
38 18 35 49
38 18 36 103
38 18 37 43
38 18 38 10
38 18 39 124
38 18 40 88
38 18 41 6
38 18 42 102
38 19 0 59
38 19 1 44
38 19 2 11
38 19 3 93
38 19 4 45
38 19 5 72
38 19 6 114
38 19 7 18
38 19 8 41
38 19 9 92
38 19 10 99
38 19 11 106
38 19 12 60
38 19 13 5
38 19 14 12
38 19 15 66
38 19 16 69
38 19 17 105
38 19 18 15
38 19 19 119
38 19 20 126
38 19 21 26
38 19 22 84
38 19 23 104
38 19 24 111
38 19 25 39
38 19 26 125
38 19 27 4
38 19 28 20
38 19 29 103
38 19 30 13
38 19 31 22
38 19 32 81
38 19 33 42
38 19 34 95
38 19 35 102
38 19 36 79
38 19 37 34
38 19 38 51
38 19 39 62
38 19 40 9
38 19 41 80
38 19 42 61
38 20 0 54
38 20 1 32
38 20 2 47
38 20 3 65
38 20 4 75
38 20 5 113
38 20 6 27
38 20 7 37
38 20 8 91
38 20 9 98
38 20 10 74
38 20 11 112
38 20 12 11
38 20 13 126
38 20 14 43
38 20 15 67
38 20 16 104
38 20 17 29
38 20 18 118
38 20 19 48
38 20 20 10
38 20 21 96
38 20 22 103
38 20 23 110
38 20 24 40
38 20 25 49
38 20 26 5
38 20 27 28
38 20 28 102
38 20 29 31
38 20 30 36
38 20 31 123
38 20 32 18
38 20 33 94
38 20 34 51
38 20 35 58
38 20 36 30
38 20 37 60
38 20 38 81
38 20 39 15
38 20 40 100
38 20 41 107
38 20 42 84
38 21 0 6
38 21 1 60
38 21 2 85
38 21 3 105
38 21 4 55
38 21 5 17
38 21 6 14
38 21 7 90
38 21 8 97
38 21 9 47
38 21 10 53
38 21 11 30
38 21 12 67
38 21 13 89
38 21 14 96
38 21 15 103
38 21 16 29
38 21 17 66
38 21 18 124
38 21 19 8
38 21 20 65
38 21 21 102
38 21 22 109
38 21 23 18
38 21 24 123
38 21 25 40
38 21 26 0
38 21 27 101
38 21 28 16
38 21 29 2
38 21 30 122
38 21 31 34
38 21 32 73
38 21 33 100
38 21 34 107
38 21 35 33
38 21 36 44
38 21 37 84
38 21 38 19
38 21 39 99
38 21 40 106
38 21 41 83
38 21 42 120
38 22 0 47
38 22 1 50
38 22 2 104
38 22 3 111
38 22 4 16
38 22 5 18
38 22 6 52
38 22 7 81
38 22 8 71
38 22 9 77
38 22 10 27
38 22 11 124
38 22 12 56
38 22 13 62
38 22 14 102
38 22 15 13
38 22 16 116
38 22 17 43
38 22 18 33
38 22 19 85
38 22 20 58
38 22 21 108
38 22 22 19
38 22 23 122
38 22 24 26
38 22 25 10
38 22 26 100
38 22 27 41
38 22 28 4
38 22 29 121
38 22 30 21
38 22 31 92
38 22 32 99
38 22 33 106
38 22 34 23
38 22 35 120
38 22 36 73
38 22 37 22
38 22 38 98
38 22 39 65
38 22 40 112
38 22 41 51
38 22 42 12
38 23 0 96
38 23 1 103
38 23 2 110
38 23 3 17
38 23 4 29
38 23 5 88
38 23 6 95
38 23 7 79
38 23 8 57
38 23 9 32
38 23 10 69
38 23 11 87
38 23 12 83
38 23 13 81
38 23 14 7
38 23 15 115
38 23 16 75
38 23 17 1
38 23 18 93
38 23 19 100
38 23 20 85
38 23 21 36
38 23 22 121
38 23 23 9
38 23 24 33
38 23 25 99
38 23 26 37
38 23 27 26
38 23 28 71
38 23 29 30
38 23 30 91
38 23 31 98
38 23 32 72
38 23 33 25
38 23 34 43
38 23 35 74
38 23 36 11
38 23 37 97
38 23 38 55
38 23 39 53
38 23 40 46
38 23 41 22
38 23 42 89
38 24 0 102
38 24 1 109
38 24 2 17
38 24 3 19
38 24 4 54
38 24 5 94
38 24 6 101
38 24 7 76
38 24 8 32
38 24 9 45
38 24 10 86
38 24 11 93
38 24 12 100
38 24 13 21
38 24 14 114
38 24 15 46
38 24 16 3
38 24 17 58
38 24 18 99
38 24 19 81
38 24 20 23
38 24 21 53
38 24 22 42
38 24 23 1
38 24 24 98
38 24 25 31
38 24 26 39
38 24 27 119
38 24 28 35
38 24 29 90
38 24 30 97
38 24 31 57
38 24 32 41
38 24 33 63
38 24 34 125
38 24 35 27
38 24 36 84
38 24 37 55
38 24 38 73
38 24 39 117
38 24 40 30
38 24 41 70
38 24 42 71
38 25 0 108
38 25 1 6
38 25 2 14
38 25 3 84
38 25 4 68
38 25 5 52
38 25 6 107
38 25 7 21
38 25 8 80
38 25 9 61
38 25 10 75
38 25 11 99
38 25 12 7
38 25 13 113
38 25 14 120
38 25 15 11
38 25 16 45
38 25 17 98
38 25 18 105
38 25 19 19
38 25 20 119
38 25 21 40
38 25 22 13
38 25 23 97
38 25 24 37
38 25 25 5
38 25 26 118
38 25 27 10
38 25 28 66
38 25 29 71
38 25 30 82
38 25 31 42
38 25 32 117
38 25 33 77
38 25 34 27
38 25 35 95
38 25 36 55
38 25 37 62
38 25 38 43
38 25 39 26
38 25 40 87
38 25 41 57
38 25 42 54
38 26 0 29
38 26 1 4
38 26 2 75
38 26 3 92
38 26 4 69
38 26 5 106
38 26 6 28
38 26 7 120
38 26 8 8
38 26 9 66
38 26 10 98
38 26 11 15
38 26 12 54
38 26 13 51
38 26 14 30
38 26 15 63
38 26 16 97
38 26 17 104
38 26 18 40
38 26 19 118
38 26 20 36
38 26 21 3
38 26 22 96
38 26 23 12
38 26 24 16
38 26 25 47
38 26 26 1
38 26 27 88
38 26 28 95
38 26 29 73
38 26 30 33
38 26 31 80
38 26 32 123
38 26 33 5
38 26 34 94
38 26 35 101
38 26 36 70
38 26 37 77
38 26 38 31
38 26 39 86
38 26 40 93
38 26 41 100
38 26 42 68
38 27 0 2
38 27 1 80
38 27 2 91
38 27 3 76
38 27 4 58
38 27 5 25
38 27 6 64
38 27 7 126
38 27 8 51
38 27 9 97
38 27 10 17
38 27 11 111
38 27 12 78
38 27 13 29
38 27 14 89
38 27 15 49
38 27 16 103
38 27 17 20
38 27 18 47
38 27 19 32
38 27 20 35
38 27 21 95
38 27 22 39
38 27 23 8
38 27 24 116
38 27 25 19
38 27 26 44
38 27 27 94
38 27 28 101
38 27 29 33
38 27 30 73
38 27 31 122
38 27 32 4
38 27 33 62
38 27 34 46
38 27 35 107
38 27 36 61
38 27 37 5
38 27 38 50
38 27 39 45
38 27 40 99
38 27 41 63
38 27 42 27
38 28 0 81
38 28 1 90
38 28 2 80
38 28 3 66
38 28 4 22
38 28 5 71
38 28 6 84
38 28 7 89
38 28 8 55
38 28 9 0
38 28 10 110
38 28 11 117
38 28 12 16
38 28 13 52
38 28 14 95
38 28 15 102
38 28 16 9
38 28 17 116
38 28 18 26
38 28 19 25
38 28 20 94
38 28 21 1
38 28 22 32
38 28 23 115
38 28 24 24
38 28 25 50
38 28 26 59
38 28 27 70
38 28 28 2
38 28 29 63
38 28 30 121
38 28 31 11
38 28 32 92
38 28 33 49
38 28 34 106
38 28 35 75
38 28 36 34
38 28 37 13
38 28 38 61
38 28 39 98
38 28 40 105
38 28 41 41
38 28 42 17
38 29 0 77
38 29 1 96
38 29 2 84
38 29 3 5
38 29 4 117
38 29 5 124
38 29 6 49
38 29 7 95
38 29 8 11
38 29 9 109
38 29 10 64
38 29 11 3
38 29 12 87
38 29 13 94
38 29 14 52
38 29 15 24
38 29 16 115
38 29 17 39
38 29 18 0
38 29 19 93
38 29 20 37
38 29 21 28
38 29 22 114
38 29 23 34
38 29 24 61
38 29 25 92
38 29 26 82
38 29 27 35
38 29 28 83
38 29 29 68
38 29 30 16
38 29 31 91
38 29 32 67
38 29 33 74
38 29 34 112
38 29 35 12
38 29 36 126
38 29 37 73
38 29 38 97
38 29 39 104
38 29 40 33
38 29 41 13
38 29 42 125
38 30 0 55
38 30 1 62
38 30 2 30
38 30 3 68
38 30 4 85
38 30 5 87
38 30 6 94
38 30 7 27
38 30 8 108
38 30 9 80
38 30 10 11
38 30 11 86
38 30 12 81
38 30 13 100
38 30 14 14
38 30 15 114
38 30 16 7
38 30 17 32
38 30 18 92
38 30 19 21
38 30 20 8
38 30 21 113
38 30 22 9
38 30 23 56
38 30 24 91
38 30 25 67
38 30 26 25
38 30 27 112
38 30 28 119
38 30 29 28
38 30 30 90
38 30 31 69
38 30 32 75
38 30 33 82
38 30 34 4
38 30 35 78
38 30 36 89
38 30 37 83
38 30 38 103
38 30 39 24
38 30 40 18
38 30 41 76
38 30 42 88
38 31 0 101
38 31 1 11
38 31 2 68
38 31 3 62
38 31 4 86
38 31 5 46
38 31 6 6
38 31 7 61
38 31 8 45
38 31 9 35
38 31 10 71
38 31 11 92
38 31 12 99
38 31 13 42
38 31 14 113
38 31 15 9
38 31 16 40
38 31 17 91
38 31 18 17
38 31 19 15
38 31 20 76
38 31 21 18
38 31 22 79
38 31 23 90
38 31 24 50
38 31 25 34
38 31 26 69
38 31 27 118
38 31 28 7
38 31 29 53
38 31 30 96
38 31 31 59
38 31 32 78
38 31 33 8
38 31 34 124
38 31 35 63
38 31 36 95
38 31 37 102
38 31 38 41
38 31 39 13
38 31 40 123
38 31 41 52
38 31 42 60
38 32 0 0
38 32 1 85
38 32 2 71
38 32 3 44
38 32 4 92
38 32 5 12
38 32 6 59
38 32 7 57
38 32 8 33
38 32 9 23
38 32 10 91
38 32 11 98
38 32 12 34
38 32 13 65
38 32 14 39
38 32 15 37
38 32 16 90
38 32 17 27
38 32 18 41
38 32 19 111
38 32 20 14
38 32 21 125
38 32 22 50
38 32 23 96
38 32 24 13
38 32 25 63
38 32 26 72
38 32 27 21
38 32 28 88
38 32 29 48
38 32 30 51
38 32 31 66
38 32 32 5
38 32 33 58
38 32 34 87
38 32 35 94
38 32 36 64
38 32 37 42
38 32 38 25
38 32 39 122
38 32 40 84
38 32 41 93
38 32 42 77
38 33 0 74
38 33 1 120
38 33 2 4
38 33 3 91
38 33 4 18
38 33 5 105
38 33 6 112
38 33 7 30
38 33 8 126
38 33 9 90
38 33 10 97
38 33 11 27
38 33 12 111
38 33 13 2
38 33 14 32
38 33 15 89
38 33 16 35
38 33 17 31
38 33 18 110
38 33 19 20
38 33 20 53
38 33 21 88
38 33 22 56
38 33 23 36
38 33 24 77
38 33 25 116
38 33 26 6
38 33 27 79
38 33 28 61
38 33 29 101
38 33 30 65
38 33 31 19
38 33 32 51
38 33 33 86
38 33 34 45
38 33 35 100
38 33 36 10
38 33 37 41
38 33 38 121
38 33 39 71
38 33 40 60
38 33 41 82
38 33 42 3
38 34 0 58
38 34 1 126
38 34 2 90
38 34 3 31
38 34 4 104
38 34 5 49
38 34 6 34
38 34 7 50
38 34 8 85
38 34 9 71
38 34 10 3
38 34 11 110
38 34 12 26
38 34 13 1
38 34 14 88
38 34 15 23
38 34 16 2
38 34 17 109
38 34 18 10
38 34 19 123
38 34 20 67
38 34 21 70
38 34 22 21
38 34 23 72
38 34 24 115
38 34 25 28
38 34 26 45
38 34 27 93
38 34 28 53
38 34 29 107
38 34 30 11
38 34 31 63
38 34 32 76
38 34 33 92
38 34 34 99
38 34 35 35
38 34 36 8
38 34 37 57
38 34 38 80
38 34 39 44
38 34 40 75
38 34 41 33
38 34 42 112
38 35 0 66
38 35 1 63
38 35 2 40
38 35 3 103
38 35 4 49
38 35 5 19
38 35 6 124
38 35 7 88
38 35 8 95
38 35 9 14
38 35 10 109
38 35 11 36
38 35 12 17
38 35 13 87
38 35 14 18
38 35 15 26
38 35 16 108
38 35 17 4
38 35 18 122
38 35 19 80
38 35 20 93
38 35 21 0
38 35 22 107
38 35 23 114
38 35 24 10
38 35 25 76
38 35 26 60
38 35 27 56
38 35 28 106
38 35 29 25
38 35 30 120
38 35 31 9
38 35 32 91
38 35 33 98
38 35 34 16
38 35 35 11
38 35 36 119
38 35 37 67
38 35 38 47
38 35 39 79
38 35 40 8
38 35 41 71
38 35 42 73
38 36 0 88
38 36 1 15
38 36 2 102
38 36 3 64
38 36 4 14
38 36 5 77
38 36 6 72
38 36 7 94
38 36 8 36
38 36 9 108
38 36 10 42
38 36 11 32
38 36 12 86
38 36 13 20
38 36 14 24
38 36 15 59
38 36 16 8
38 36 17 121
38 36 18 57
38 36 19 47
38 36 20 3
38 36 21 106
38 36 22 113
38 36 23 23
38 36 24 74
38 36 25 80
38 36 26 76
38 36 27 52
38 36 28 13
38 36 29 65
38 36 30 126
38 36 31 90
38 36 32 97
38 36 33 41
38 36 34 9
38 36 35 118
38 36 36 125
38 36 37 89
38 36 38 96
38 36 39 33
38 36 40 49
38 36 41 117
38 36 42 124
38 37 0 18
38 37 1 78
38 37 2 73
38 37 3 14
38 37 4 70
38 37 5 62
38 37 6 58
38 37 7 26
38 37 8 50
38 37 9 37
38 37 10 40
38 37 11 81
38 37 12 31
38 37 13 23
38 37 14 69
38 37 15 42
38 37 16 61
38 37 17 57
38 37 18 49
38 37 19 4
38 37 20 46
38 37 21 84
38 37 22 2
38 37 23 76
38 37 24 83
38 37 25 60
38 37 26 80
38 37 27 5
38 37 28 77
38 37 29 54
38 37 30 48
38 37 31 44
38 37 32 35
38 37 33 29
38 37 34 75
38 37 35 71
38 37 36 65
38 37 37 85
38 37 38 9
38 37 39 82
38 37 40 59
38 37 41 79
38 37 42 43
38 38 0 100
38 38 1 107
38 38 2 31
38 38 3 72
38 38 4 62
38 38 5 92
38 38 6 13
38 38 7 60
38 38 8 4
38 38 9 21
38 38 10 38
38 38 11 12
38 38 12 29
38 38 13 105
38 38 14 20
38 38 15 119
38 38 16 47
38 38 17 85
38 38 18 2
38 38 19 55
38 38 20 111
38 38 21 10
38 38 22 125
38 38 23 89
38 38 24 96
38 38 25 70
38 38 26 9
38 38 27 117
38 38 28 124
38 38 29 88
38 38 30 95
38 38 31 8
38 38 32 25
38 38 33 116
38 38 34 123
38 38 35 87
38 38 36 54
38 38 37 24
38 38 38 67
38 38 39 43
38 38 40 82
38 38 41 45
38 38 42 23
38 39 0 106
38 39 1 29
38 39 2 120
38 39 3 82
38 39 4 91
38 39 5 34
38 39 6 105
38 39 7 10
38 39 8 2
38 39 9 126
38 39 10 36
38 39 11 39
38 39 12 104
38 39 13 7
38 39 14 118
38 39 15 125
38 39 16 89
38 39 17 19
38 39 18 70
38 39 19 110
38 39 20 15
38 39 21 56
38 39 22 53
38 39 23 46
38 39 24 48
38 39 25 24
38 39 26 83
38 39 27 72
38 39 28 52
38 39 29 94
38 39 30 4
38 39 31 41
38 39 32 115
38 39 33 122
38 39 34 86
38 39 35 93
38 39 36 28
38 39 37 107
38 39 38 63
38 39 39 59
38 39 40 43
38 39 41 31
38 39 42 99
38 40 0 30
38 40 1 49
38 40 2 52
38 40 3 90
38 40 4 25
38 40 5 104
38 40 6 9
38 40 7 13
38 40 8 125
38 40 9 1
38 40 10 34
38 40 11 103
38 40 12 40
38 40 13 48
38 40 14 77
38 40 15 69
38 40 16 19
38 40 17 70
38 40 18 109
38 40 19 18
38 40 20 123
38 40 21 87
38 40 22 61
38 40 23 101
38 40 24 0
38 40 25 44
38 40 26 75
38 40 27 82
38 40 28 62
38 40 29 24
38 40 30 35
38 40 31 114
38 40 32 121
38 40 33 43
38 40 34 56
38 40 35 20
38 40 36 106
38 40 37 66
38 40 38 120
38 40 39 74
38 40 40 10
38 40 41 98
38 40 42 47
38 41 0 63
38 41 1 125
38 41 2 66
38 41 3 29
38 41 4 103
38 41 5 7
38 41 6 15
38 41 7 124
38 41 8 16
38 41 9 40
38 41 10 102
38 41 11 19
38 41 12 116
38 41 13 123
38 41 14 87
38 41 15 14
38 41 16 101
38 41 17 108
38 41 18 36
38 41 19 122
38 41 20 86
38 41 21 93
38 41 22 45
38 41 23 25
38 41 24 80
38 41 25 59
38 41 26 48
38 41 27 92
38 41 28 22
38 41 29 17
38 41 30 113
38 41 31 74
38 41 32 24
38 41 33 68
38 41 34 8
38 41 35 54
38 41 36 112
38 41 37 58
38 41 38 83
38 41 39 23
38 41 40 97
38 41 41 85
38 41 42 33
38 42 0 69
38 42 1 88
38 42 2 23
38 42 3 102
38 42 4 31
38 42 5 10
38 42 6 123
38 42 7 32
38 42 8 7
38 42 9 54
38 42 10 30
38 42 11 115
38 42 12 122
38 42 13 86
38 42 14 42
38 42 15 62
38 42 16 60
38 42 17 2
38 42 18 121
38 42 19 75
38 42 20 48
38 42 21 77
38 42 22 0
38 42 23 85
38 42 24 120
38 42 25 78
38 42 26 91
38 42 27 25
38 42 28 41
38 42 29 55
38 42 30 119
38 42 31 126
38 42 32 61
38 42 33 22
38 42 34 53
38 42 35 68
38 42 36 71
38 42 37 125
38 42 38 5
38 42 39 47
38 42 40 56
38 42 41 12
38 42 42 117
39 0 0 24
39 0 1 102
39 0 2 32
39 0 3 11
39 0 4 123
39 0 5 33
39 0 6 8
39 0 7 55
39 0 8 31
39 0 9 115
39 0 10 122
39 0 11 86
39 0 12 0
39 0 13 63
39 0 14 61
39 0 15 3
39 0 16 121
39 0 17 76
39 0 18 49
39 0 19 78
39 0 20 1
39 0 21 43
39 0 22 120
39 0 23 79
39 0 24 91
39 0 25 26
39 0 26 42
39 0 27 56
39 0 28 119
39 0 29 126
39 0 30 62
39 0 31 23
39 0 32 54
39 0 33 69
39 0 34 72
39 0 35 125
39 0 36 6
39 0 37 48
39 0 38 57
39 0 39 13
39 0 40 117
39 0 41 70
39 0 42 88
39 1 0 44
39 1 1 3
39 1 2 42
39 1 3 122
39 1 4 2
39 1 5 32
39 1 6 100
39 1 7 7
39 1 8 114
39 1 9 121
39 1 10 49
39 1 11 4
39 1 12 75
39 1 13 59
39 1 14 16
39 1 15 74
39 1 16 30
39 1 17 58
39 1 18 52
39 1 19 31
39 1 20 112
39 1 21 60
39 1 22 68
39 1 23 90
39 1 24 36
39 1 25 24
39 1 26 111
39 1 27 118
39 1 28 57
39 1 29 89
39 1 30 15
39 1 31 85
39 1 32 61
39 1 33 117
39 1 34 67
39 1 35 28
39 1 36 95
39 1 37 51
39 1 38 41
39 1 39 70
39 1 40 123
39 1 41 84
39 1 42 14
39 2 0 36
39 2 1 7
39 2 2 121
39 2 3 40
39 2 4 38
39 2 5 99
39 2 6 0
39 2 7 113
39 2 8 82
39 2 9 11
39 2 10 1
39 2 11 83
39 2 12 105
39 2 13 22
39 2 14 119
39 2 15 126
39 2 16 78
39 2 17 52
39 2 18 34
39 2 19 58
39 2 20 65
39 2 21 125
39 2 22 44
39 2 23 9
39 2 24 35
39 2 25 110
39 2 26 80
39 2 27 124
39 2 28 85
39 2 29 29
39 2 30 81
39 2 31 45
39 2 32 51
39 2 33 123
39 2 34 13
39 2 35 94
39 2 36 101
39 2 37 21
39 2 38 53
39 2 39 122
39 2 40 64
39 2 41 20
39 2 42 100
39 3 0 17
39 3 1 120
39 3 2 37
39 3 3 25
39 3 4 98
39 3 5 35
39 3 6 68
39 3 7 119
39 3 8 126
39 3 9 42
39 3 10 56
39 3 11 104
39 3 12 28
39 3 13 118
39 3 14 71
39 3 15 89
39 3 16 96
39 3 17 23
39 3 18 79
39 3 19 117
39 3 20 43
39 3 21 88
39 3 22 21
39 3 23 36
39 3 24 109
39 3 25 116
39 3 26 47
39 3 27 87
39 3 28 26
39 3 29 101
39 3 30 46
39 3 31 53
39 3 32 122
39 3 33 27
39 3 34 52
39 3 35 80
39 3 36 0
39 3 37 81
39 3 38 121
39 3 39 59
39 3 40 16
39 3 41 99
39 3 42 19
39 4 0 119
39 4 1 2
39 4 2 27
39 4 3 97
39 4 4 20
39 4 5 111
39 4 6 118
39 4 7 68
39 4 8 23
39 4 9 96
39 4 10 103
39 4 11 7
39 4 12 65
39 4 13 124
39 4 14 79
39 4 15 49
39 4 16 4
39 4 17 54
39 4 18 83
39 4 19 123
39 4 20 82
39 4 21 16
39 4 22 10
39 4 23 108
39 4 24 115
39 4 25 59
39 4 26 86
39 4 27 30
39 4 28 45
39 4 29 107
39 4 30 71
39 4 31 121
39 4 32 6
39 4 33 92
39 4 34 57
39 4 35 9
39 4 36 50
39 4 37 61
39 4 38 70
39 4 39 25
39 4 40 98
39 4 41 26
39 4 42 13
39 5 0 34
39 5 1 38
39 5 2 73
39 5 3 10
39 5 4 110
39 5 5 71
39 5 6 124
39 5 7 31
39 5 8 85
39 5 9 102
39 5 10 23
39 5 11 116
39 5 12 69
39 5 13 87
39 5 14 56
39 5 15 29
39 5 16 62
39 5 17 44
39 5 18 122
39 5 19 83
39 5 20 21
39 5 21 1
39 5 22 57
39 5 23 114
39 5 24 75
39 5 25 70
39 5 26 22
39 5 27 59
39 5 28 106
39 5 29 74
39 5 30 58
39 5 31 18
39 5 32 91
39 5 33 47
39 5 34 42
39 5 35 112
39 5 36 119
39 5 37 76
39 5 38 0
39 5 39 97
39 5 40 6
39 5 41 40
39 5 42 118
39 6 0 8
39 6 1 95
39 6 2 25
39 6 3 109
39 6 4 116
39 6 5 57
39 6 6 18
39 6 7 69
39 6 8 66
39 6 9 34
39 6 10 115
39 6 11 54
39 6 12 86
39 6 13 93
39 6 14 12
39 6 15 107
39 6 16 51
39 6 17 121
39 6 18 45
39 6 19 17
39 6 20 36
39 6 21 52
39 6 22 113
39 6 23 120
39 6 24 21
39 6 25 0
39 6 26 43
39 6 27 50
39 6 28 112
39 6 29 119
39 6 30 23
39 6 31 90
39 6 32 83
39 6 33 32
39 6 34 47
39 6 35 118
39 6 36 125
39 6 37 10
39 6 38 73
39 6 39 2
39 6 40 33
39 6 41 117
39 6 42 9
39 7 0 94
39 7 1 14
39 7 2 108
39 7 3 115
39 7 4 75
39 7 5 5
39 7 6 93
39 7 7 100
39 7 8 17
39 7 9 114
39 7 10 45
39 7 11 59
39 7 12 83
39 7 13 9
39 7 14 106
39 7 15 68
39 7 16 52
39 7 17 79
39 7 18 32
39 7 19 7
39 7 20 105
39 7 21 66
39 7 22 63
39 7 23 126
39 7 24 29
39 7 25 77
39 7 26 58
39 7 27 65
39 7 28 118
39 7 29 30
39 7 30 43
39 7 31 96
39 7 32 1
39 7 33 81
39 7 34 49
39 7 35 54
39 7 36 15
39 7 37 95
39 7 38 26
39 7 39 38
39 7 40 116
39 7 41 42
39 7 42 2
39 8 0 37
39 8 1 82
39 8 2 114
39 8 3 62
39 8 4 4
39 8 5 74
39 8 6 99
39 8 7 19
39 8 8 113
39 8 9 120
39 8 10 26
39 8 11 75
39 8 12 6
39 8 13 44
39 8 14 112
39 8 15 119
39 8 16 66
39 8 17 30
39 8 18 5
39 8 19 104
39 8 20 111
39 8 21 49
39 8 22 50
39 8 23 3
39 8 24 96
39 8 25 47
39 8 26 65
39 8 27 79
39 8 28 29
39 8 29 88
39 8 30 57
39 8 31 1
39 8 32 63
39 8 33 116
39 8 34 123
39 8 35 33
39 8 36 94
39 8 37 18
39 8 38 22
39 8 39 115
39 8 40 31
39 8 41 41
39 8 42 67
39 9 0 78
39 9 1 113
39 9 2 120
39 9 3 23
39 9 4 45
39 9 5 98
39 9 6 27
39 9 7 82
39 9 8 80
39 9 9 126
39 9 10 51
39 9 11 13
39 9 12 63
39 9 13 84
39 9 14 118
39 9 15 125
39 9 16 20
39 9 17 28
39 9 18 103
39 9 19 110
39 9 20 117
39 9 21 124
39 9 22 8
39 9 23 74
39 9 24 67
39 9 25 65
39 9 26 116
39 9 27 7
39 9 28 46
39 9 29 77
39 9 30 35
39 9 31 48
39 9 32 115
39 9 33 122
39 9 34 24
39 9 35 49
39 9 36 29
39 9 37 40
39 9 38 114
39 9 39 21
39 9 40 37
39 9 41 92
39 9 42 15
39 10 0 62
39 10 1 78
39 10 2 31
39 10 3 77
39 10 4 97
39 10 5 13
39 10 6 111
39 10 7 58
39 10 8 64
39 10 9 89
39 10 10 2
39 10 11 43
39 10 12 49
39 10 13 82
39 10 14 68
39 10 15 15
39 10 16 17
39 10 17 102
39 10 18 109
39 10 19 70
39 10 20 73
39 10 21 4
39 10 22 69
39 10 23 101
39 10 24 55
39 10 25 115
39 10 26 7
39 10 27 47
39 10 28 93
39 10 29 36
39 10 30 107
39 10 31 114
39 10 32 121
39 10 33 42
39 10 34 92
39 10 35 38
39 10 36 3
39 10 37 113
39 10 38 33
39 10 39 35
39 10 40 91
39 10 41 11
39 10 42 105
39 11 0 55
39 11 1 33
39 11 2 89
39 11 3 54
39 11 4 27
39 11 5 110
39 11 6 117
39 11 7 124
39 11 8 53
39 11 9 2
39 11 10 67
39 11 11 73
39 11 12 116
39 11 13 123
39 11 14 5
39 11 15 17
39 11 16 65
39 11 17 108
39 11 18 78
39 11 19 60
39 11 20 12
39 11 21 93
39 11 22 80
39 11 23 107
39 11 24 114
39 11 25 23
39 11 26 79
39 11 27 76
39 11 28 9
39 11 29 106
39 11 30 113
39 11 31 47
39 11 32 4
39 11 33 91
39 11 34 8
39 11 35 40
39 11 36 112
39 11 37 1
39 11 38 25
39 11 39 90
39 11 40 41
39 11 41 104
39 11 42 111
39 12 0 1
39 12 1 72
39 12 2 95
39 12 3 21
39 12 4 109
39 12 5 53
39 12 6 77
39 12 7 87
39 12 8 7
39 12 9 101
39 12 10 46
39 12 11 115
39 12 12 122
39 12 13 16
39 12 14 18
39 12 15 100
39 12 16 45
39 12 17 55
39 12 18 73
39 12 19 22
39 12 20 66
39 12 21 79
39 12 22 106
39 12 23 113
39 12 24 12
39 12 25 82
39 12 26 60
39 12 27 11
39 12 28 62
39 12 29 69
39 12 30 119
39 12 31 13
39 12 32 90
39 12 33 30
39 12 34 36
39 12 35 111
39 12 36 24
39 12 37 8
39 12 38 71
39 12 39 15
39 12 40 103
39 12 41 110
39 12 42 117
39 13 0 87
39 13 1 94
39 13 2 5
39 13 3 108
39 13 4 51
39 13 5 54
39 13 6 86
39 13 7 4
39 13 8 60
39 13 9 107
39 13 10 114
39 13 11 121
39 13 12 20
39 13 13 17
39 13 14 99
39 13 15 48
39 13 16 75
39 13 17 120
39 13 18 28
39 13 19 76
39 13 20 61
39 13 21 59
39 13 22 83
39 13 23 15
39 13 24 58
39 13 25 69
39 13 26 1
39 13 27 84
39 13 28 111
39 13 29 118
39 13 30 0
39 13 31 82
39 13 32 32
39 13 33 18
39 13 34 110
39 13 35 34
39 13 36 37
39 13 37 88
39 13 38 16
39 13 39 102
39 13 40 109
39 13 41 79
39 13 42 26
39 14 0 52
39 14 1 5
39 14 2 62
39 14 3 80
39 14 4 84
39 14 5 85
39 14 6 23
39 14 7 70
39 14 8 106
39 14 9 113
39 14 10 74
39 14 11 40
39 14 12 7
39 14 13 98
39 14 14 105
39 14 15 112
39 14 16 73
39 14 17 2
39 14 18 44
39 14 19 53
39 14 20 49
39 14 21 111
39 14 22 19
39 14 23 125
39 14 24 89
39 14 25 4
39 14 26 77
39 14 27 110
39 14 28 71
39 14 29 16
39 14 30 88
39 14 31 41
39 14 32 3
39 14 33 109
39 14 34 6
39 14 35 29
39 14 36 45
39 14 37 37
39 14 38 56
39 14 39 108
39 14 40 67
39 14 41 24
39 14 42 86
39 15 0 19
39 15 1 60
39 15 2 79
39 15 3 120
39 15 4 22
39 15 5 29
39 15 6 66
39 15 7 45
39 15 8 77
39 15 9 119
39 15 10 36
39 15 11 16
39 15 12 97
39 15 13 104
39 15 14 55
39 15 15 56
39 15 16 23
39 15 17 89
39 15 18 96
39 15 19 73
39 15 20 110
39 15 21 25
39 15 22 70
39 15 23 85
39 15 24 0
39 15 25 49
39 15 26 109
39 15 27 116
39 15 28 35
39 15 29 84
39 15 30 12
39 15 31 21
39 15 32 108
39 15 33 14
39 15 34 30
39 15 35 75
39 15 36 38
39 15 37 100
39 15 38 64
39 15 39 68
39 15 40 8
39 15 41 58
39 15 42 92
39 16 0 105
39 16 1 112
39 16 2 66
39 16 3 126
39 16 4 40
39 16 5 52
39 16 6 80
39 16 7 111
39 16 8 118
39 16 9 7
39 16 10 29
39 16 11 71
39 16 12 103
39 16 13 65
39 16 14 117
39 16 15 25
39 16 16 60
39 16 17 46
39 16 18 74
39 16 19 109
39 16 20 28
39 16 21 123
39 16 22 87
39 16 23 24
39 16 24 101
39 16 25 108
39 16 26 115
39 16 27 8
39 16 28 56
39 16 29 27
39 16 30 38
39 16 31 107
39 16 32 33
39 16 33 22
39 16 34 70
39 16 35 20
39 16 36 99
39 16 37 57
39 16 38 58
39 16 39 11
39 16 40 3
39 16 41 91
39 16 42 4
39 17 0 47
39 17 1 75
39 17 2 61
39 17 3 29
39 17 4 96
39 17 5 56
39 17 6 110
39 17 7 50
39 17 8 40
39 17 9 14
39 17 10 95
39 17 11 102
39 17 12 84
39 17 13 69
39 17 14 21
39 17 15 87
39 17 16 55
39 17 17 101
39 17 18 108
39 17 19 16
39 17 20 122
39 17 21 86
39 17 22 3
39 17 23 63
39 17 24 64
39 17 25 114
39 17 26 27
39 17 27 51
39 17 28 33
39 17 29 17
39 17 30 106
39 17 31 10
39 17 32 41
39 17 33 65
39 17 34 22
39 17 35 98
39 17 36 105
39 17 37 112
39 17 38 1
39 17 39 126
39 17 40 90
39 17 41 13
39 17 42 104
39 18 0 117
39 18 1 124
39 18 2 14
39 18 3 65
39 18 4 66
39 18 5 109
39 18 6 116
39 18 7 21
39 18 8 38
39 18 9 94
39 18 10 44
39 18 11 76
39 18 12 55
39 18 13 6
39 18 14 86
39 18 15 93
39 18 16 85
39 18 17 61
39 18 18 22
39 18 19 121
39 18 20 63
39 18 21 34
39 18 22 53
39 18 23 57
39 18 24 113
39 18 25 13
39 18 26 46
39 18 27 37
39 18 28 25
39 18 29 105
39 18 30 18
39 18 31 2
39 18 32 80
39 18 33 8
39 18 34 97
39 18 35 104
39 18 36 72
39 18 37 32
39 18 38 79
39 18 39 51
39 18 40 19
39 18 41 103
39 18 42 48
39 19 0 77
39 19 1 10
39 19 2 48
39 19 3 101
39 19 4 108
39 19 5 115
39 19 6 6
39 19 7 28
39 19 8 47
39 19 9 100
39 19 10 107
39 19 11 51
39 19 12 38
39 19 13 79
39 19 14 80
39 19 15 84
39 19 16 59
39 19 17 31
39 19 18 69
39 19 19 32
39 19 20 24
39 19 21 54
39 19 22 105
39 19 23 65
39 19 24 15
39 19 25 76
39 19 26 13
39 19 27 2
39 19 28 104
39 19 29 40
39 19 30 8
39 19 31 125
39 19 32 27
39 19 33 50
39 19 34 103
39 19 35 44
39 19 36 11
39 19 37 124
39 19 38 88
39 19 39 7
39 19 40 102
39 19 41 72
39 19 42 68
39 20 0 12
39 20 1 93
39 20 2 46
39 20 3 73
39 20 4 114
39 20 5 19
39 20 6 42
39 20 7 92
39 20 8 99
39 20 9 106
39 20 10 61
39 20 11 6
39 20 12 13
39 20 13 67
39 20 14 70
39 20 15 105
39 20 16 16
39 20 17 119
39 20 18 126
39 20 19 27
39 20 20 85
39 20 21 104
39 20 22 111
39 20 23 40
39 20 24 125
39 20 25 5
39 20 26 21
39 20 27 103
39 20 28 14
39 20 29 23
39 20 30 82
39 20 31 0
39 20 32 95
39 20 33 102
39 20 34 80
39 20 35 35
39 20 36 52
39 20 37 63
39 20 38 10
39 20 39 81
39 20 40 62
39 20 41 60
39 20 42 45
39 21 0 48
39 21 1 66
39 21 2 76
39 21 3 113
39 21 4 28
39 21 5 38
39 21 6 91
39 21 7 98
39 21 8 75
39 21 9 112
39 21 10 12
39 21 11 126
39 21 12 44
39 21 13 68
39 21 14 104
39 21 15 30
39 21 16 118
39 21 17 49
39 21 18 11
39 21 19 96
39 21 20 103
39 21 21 110
39 21 22 41
39 21 23 50
39 21 24 6
39 21 25 29
39 21 26 102
39 21 27 32
39 21 28 37
39 21 29 123
39 21 30 19
39 21 31 94
39 21 32 52
39 21 33 59
39 21 34 31
39 21 35 61
39 21 36 82
39 21 37 16
39 21 38 100
39 21 39 107
39 21 40 85
39 21 41 55
39 21 42 33
39 22 0 43
39 22 1 105
39 22 2 56
39 22 3 18
39 22 4 15
39 22 5 90
39 22 6 97
39 22 7 48
39 22 8 54
39 22 9 31
39 22 10 68
39 22 11 89
39 22 12 96
39 22 13 103
39 22 14 30
39 22 15 67
39 22 16 124
39 22 17 9
39 22 18 66
39 22 19 102
39 22 20 109
39 22 21 19
39 22 22 123
39 22 23 41
39 22 24 1
39 22 25 101
39 22 26 17
39 22 27 3
39 22 28 122
39 22 29 35
39 22 30 74
39 22 31 100
39 22 32 107
39 22 33 34
39 22 34 45
39 22 35 85
39 22 36 20
39 22 37 99
39 22 38 106
39 22 39 84
39 22 40 120
39 22 41 7
39 22 42 61
39 23 0 104
39 23 1 111
39 23 2 17
39 23 3 19
39 23 4 53
39 23 5 82
39 23 6 72
39 23 7 78
39 23 8 28
39 23 9 124
39 23 10 57
39 23 11 63
39 23 12 102
39 23 13 14
39 23 14 116
39 23 15 44
39 23 16 34
39 23 17 43
39 23 18 59
39 23 19 108
39 23 20 20
39 23 21 122
39 23 22 27
39 23 23 11
39 23 24 100
39 23 25 42
39 23 26 5
39 23 27 121
39 23 28 22
39 23 29 92
39 23 30 99
39 23 31 106
39 23 32 24
39 23 33 120
39 23 34 74
39 23 35 23
39 23 36 98
39 23 37 66
39 23 38 112
39 23 39 52
39 23 40 13
39 23 41 48
39 23 42 51
39 24 0 110
39 24 1 18
39 24 2 30
39 24 3 88
39 24 4 95
39 24 5 80
39 24 6 58
39 24 7 33
39 24 8 70
39 24 9 87
39 24 10 84
39 24 11 82
39 24 12 8
39 24 13 115
39 24 14 76
39 24 15 2
39 24 16 93
39 24 17 100
39 24 18 43
39 24 19 37
39 24 20 121
39 24 21 10
39 24 22 34
39 24 23 99
39 24 24 38
39 24 25 27
39 24 26 72
39 24 27 31
39 24 28 91
39 24 29 98
39 24 30 73
39 24 31 26
39 24 32 44
39 24 33 75
39 24 34 12
39 24 35 97
39 24 36 56
39 24 37 54
39 24 38 47
39 24 39 23
39 24 40 89
39 24 41 96
39 24 42 103
39 25 0 18
39 25 1 20
39 25 2 55
39 25 3 94
39 25 4 101
39 25 5 77
39 25 6 33
39 25 7 46
39 25 8 86
39 25 9 93
39 25 10 100
39 25 11 22
39 25 12 114
39 25 13 47
39 25 14 4
39 25 15 59
39 25 16 99
39 25 17 82
39 25 18 24
39 25 19 54
39 25 20 0
39 25 21 2
39 25 22 98
39 25 23 32
39 25 24 40
39 25 25 119
39 25 26 36
39 25 27 90
39 25 28 97
39 25 29 58
39 25 30 42
39 25 31 64
39 25 32 125
39 25 33 28
39 25 34 85
39 25 35 56
39 25 36 74
39 25 37 117
39 25 38 31
39 25 39 71
39 25 40 72
39 25 41 102
39 25 42 109
39 26 0 15
39 26 1 85
39 26 2 69
39 26 3 53
39 26 4 107
39 26 5 22
39 26 6 81
39 26 7 62
39 26 8 76
39 26 9 99
39 26 10 8
39 26 11 113
39 26 12 120
39 26 13 12
39 26 14 46
39 26 15 98
39 26 16 105
39 26 17 20
39 26 18 119
39 26 19 41
39 26 20 14
39 26 21 97
39 26 22 38
39 26 23 6
39 26 24 118
39 26 25 11
39 26 26 67
39 26 27 72
39 26 28 83
39 26 29 0
39 26 30 117
39 26 31 78
39 26 32 28
39 26 33 95
39 26 34 56
39 26 35 63
39 26 36 44
39 26 37 27
39 26 38 87
39 26 39 58
39 26 40 55
39 26 41 108
39 26 42 7
39 27 0 76
39 27 1 92
39 27 2 70
39 27 3 106
39 27 4 29
39 27 5 120
39 27 6 9
39 27 7 67
39 27 8 98
39 27 9 16
39 27 10 55
39 27 11 52
39 27 12 31
39 27 13 64
39 27 14 97
39 27 15 104
39 27 16 41
39 27 17 118
39 27 18 37
39 27 19 4
39 27 20 96
39 27 21 13
39 27 22 17
39 27 23 48
39 27 24 2
39 27 25 88
39 27 26 95
39 27 27 74
39 27 28 34
39 27 29 81
39 27 30 123
39 27 31 6
39 27 32 94
39 27 33 101
39 27 34 71
39 27 35 78
39 27 36 32
39 27 37 86
39 27 38 93
39 27 39 100
39 27 40 69
39 27 41 30
39 27 42 5
39 28 0 91
39 28 1 77
39 28 2 59
39 28 3 26
39 28 4 65
39 28 5 126
39 28 6 52
39 28 7 97
39 28 8 18
39 28 9 111
39 28 10 79
39 28 11 30
39 28 12 89
39 28 13 50
39 28 14 103
39 28 15 21
39 28 16 48
39 28 17 33
39 28 18 36
39 28 19 95
39 28 20 40
39 28 21 9
39 28 22 116
39 28 23 20
39 28 24 45
39 28 25 94
39 28 26 101
39 28 27 34
39 28 28 74
39 28 29 122
39 28 30 5
39 28 31 63
39 28 32 47
39 28 33 107
39 28 34 62
39 28 35 6
39 28 36 51
39 28 37 46
39 28 38 99
39 28 39 64
39 28 40 28
39 28 41 3
39 28 42 81
39 29 0 81
39 29 1 67
39 29 2 23
39 29 3 72
39 29 4 85
39 29 5 89
39 29 6 56
39 29 7 1
39 29 8 110
39 29 9 117
39 29 10 17
39 29 11 53
39 29 12 95
39 29 13 102
39 29 14 10
39 29 15 116
39 29 16 27
39 29 17 26
39 29 18 94
39 29 19 2
39 29 20 33
39 29 21 115
39 29 22 25
39 29 23 51
39 29 24 60
39 29 25 71
39 29 26 3
39 29 27 64
39 29 28 121
39 29 29 12
39 29 30 92
39 29 31 50
39 29 32 106
39 29 33 76
39 29 34 35
39 29 35 14
39 29 36 62
39 29 37 98
39 29 38 105
39 29 39 42
39 29 40 18
39 29 41 82
39 29 42 90
39 30 0 85
39 30 1 6
39 30 2 117
39 30 3 124
39 30 4 50
39 30 5 95
39 30 6 12
39 30 7 109
39 30 8 65
39 30 9 4
39 30 10 87
39 30 11 94
39 30 12 53
39 30 13 25
39 30 14 115
39 30 15 40
39 30 16 1
39 30 17 93
39 30 18 38
39 30 19 29
39 30 20 114
39 30 21 35
39 30 22 62
39 30 23 92
39 30 24 83
39 30 25 36
39 30 26 84
39 30 27 69
39 30 28 17
39 30 29 91
39 30 30 68
39 30 31 75
39 30 32 112
39 30 33 13
39 30 34 126
39 30 35 74
39 30 36 97
39 30 37 104
39 30 38 34
39 30 39 14
39 30 40 125
39 30 41 78
39 30 42 96
39 31 0 31
39 31 1 69
39 31 2 43
39 31 3 87
39 31 4 94
39 31 5 28
39 31 6 108
39 31 7 81
39 31 8 12
39 31 9 86
39 31 10 82
39 31 11 100
39 31 12 15
39 31 13 114
39 31 14 8
39 31 15 33
39 31 16 92
39 31 17 22
39 31 18 9
39 31 19 113
39 31 20 10
39 31 21 57
39 31 22 91
39 31 23 68
39 31 24 26
39 31 25 112
39 31 26 119
39 31 27 29
39 31 28 90
39 31 29 70
39 31 30 76
39 31 31 83
39 31 32 5
39 31 33 79
39 31 34 89
39 31 35 84
39 31 36 103
39 31 37 25
39 31 38 19
39 31 39 77
39 31 40 88
39 31 41 56
39 31 42 63
39 32 0 69
39 32 1 63
39 32 2 86
39 32 3 47
39 32 4 7
39 32 5 62
39 32 6 46
39 32 7 36
39 32 8 72
39 32 9 92
39 32 10 99
39 32 11 0
39 32 12 113
39 32 13 10
39 32 14 41
39 32 15 91
39 32 16 18
39 32 17 16
39 32 18 77
39 32 19 19
39 32 20 80
39 32 21 90
39 32 22 51
39 32 23 35
39 32 24 70
39 32 25 118
39 32 26 8
39 32 27 54
39 32 28 96
39 32 29 60
39 32 30 79
39 32 31 9
39 32 32 124
39 32 33 64
39 32 34 95
39 32 35 102
39 32 36 42
39 32 37 14
39 32 38 123
39 32 39 53
39 32 40 61
39 32 41 101
39 32 42 12
39 33 0 72
39 33 1 45
39 33 2 92
39 33 3 13
39 33 4 60
39 33 5 58
39 33 6 34
39 33 7 24
39 33 8 91
39 33 9 98
39 33 10 35
39 33 11 66
39 33 12 40
39 33 13 38
39 33 14 90
39 33 15 28
39 33 16 42
39 33 17 111
39 33 18 15
39 33 19 125
39 33 20 51
39 33 21 96
39 33 22 14
39 33 23 64
39 33 24 73
39 33 25 22
39 33 26 88
39 33 27 49
39 33 28 52
39 33 29 67
39 33 30 6
39 33 31 59
39 33 32 87
39 33 33 94
39 33 34 65
39 33 35 0
39 33 36 26
39 33 37 122
39 33 38 85
39 33 39 93
39 33 40 78
39 33 41 1
39 33 42 43
39 34 0 5
39 34 1 91
39 34 2 19
39 34 3 105
39 34 4 112
39 34 5 31
39 34 6 126
39 34 7 90
39 34 8 97
39 34 9 28
39 34 10 111
39 34 11 3
39 34 12 33
39 34 13 89
39 34 14 36
39 34 15 32
39 34 16 110
39 34 17 21
39 34 18 54
39 34 19 88
39 34 20 57
39 34 21 37
39 34 22 78
39 34 23 116
39 34 24 7
39 34 25 80
39 34 26 62
39 34 27 101
39 34 28 66
39 34 29 20
39 34 30 52
39 34 31 86
39 34 32 46
39 34 33 100
39 34 34 11
39 34 35 42
39 34 36 121
39 34 37 72
39 34 38 61
39 34 39 83
39 34 40 4
39 34 41 75
39 34 42 120
39 35 0 90
39 35 1 32
39 35 2 104
39 35 3 50
39 35 4 35
39 35 5 51
39 35 6 43
39 35 7 72
39 35 8 4
39 35 9 110
39 35 10 27
39 35 11 2
39 35 12 88
39 35 13 24
39 35 14 3
39 35 15 109
39 35 16 11
39 35 17 123
39 35 18 68
39 35 19 71
39 35 20 22
39 35 21 73
39 35 22 115
39 35 23 29
39 35 24 46
39 35 25 93
39 35 26 54
39 35 27 107
39 35 28 12
39 35 29 64
39 35 30 77
39 35 31 92
39 35 32 99
39 35 33 36
39 35 34 9
39 35 35 58
39 35 36 81
39 35 37 45
39 35 38 76
39 35 39 34
39 35 40 112
39 35 41 59
39 35 42 126
39 36 0 41
39 36 1 103
39 36 2 50
39 36 3 20
39 36 4 124
39 36 5 88
39 36 6 95
39 36 7 15
39 36 8 109
39 36 9 37
39 36 10 18
39 36 11 87
39 36 12 19
39 36 13 27
39 36 14 108
39 36 15 5
39 36 16 122
39 36 17 81
39 36 18 93
39 36 19 1
39 36 20 107
39 36 21 114
39 36 22 11
39 36 23 77
39 36 24 61
39 36 25 57
39 36 26 106
39 36 27 26
39 36 28 120
39 36 29 10
39 36 30 91
39 36 31 98
39 36 32 17
39 36 33 12
39 36 34 119
39 36 35 68
39 36 36 48
39 36 37 80
39 36 38 9
39 36 39 72
39 36 40 74
39 36 41 67
39 36 42 64
39 37 0 102
39 37 1 65
39 37 2 15
39 37 3 78
39 37 4 73
39 37 5 94
39 37 6 37
39 37 7 108
39 37 8 0
39 37 9 33
39 37 10 86
39 37 11 21
39 37 12 25
39 37 13 60
39 37 14 9
39 37 15 121
39 37 16 58
39 37 17 48
39 37 18 4
39 37 19 106
39 37 20 113
39 37 21 24
39 37 22 75
39 37 23 81
39 37 24 77
39 37 25 53
39 37 26 14
39 37 27 66
39 37 28 126
39 37 29 90
39 37 30 97
39 37 31 42
39 37 32 10
39 37 33 118
39 37 34 125
39 37 35 89
39 37 36 96
39 37 37 34
39 37 38 50
39 37 39 117
39 37 40 124
39 37 41 88
39 37 42 16
39 38 0 74
39 38 1 15
39 38 2 71
39 38 3 63
39 38 4 59
39 38 5 27
39 38 6 51
39 38 7 38
39 38 8 41
39 38 9 82
39 38 10 32
39 38 11 24
39 38 12 70
39 38 13 0
39 38 14 62
39 38 15 58
39 38 16 50
39 38 17 5
39 38 18 47
39 38 19 85
39 38 20 3
39 38 21 77
39 38 22 84
39 38 23 61
39 38 24 81
39 38 25 6
39 38 26 78
39 38 27 55
39 38 28 49
39 38 29 45
39 38 30 36
39 38 31 30
39 38 32 76
39 38 33 72
39 38 34 66
39 38 35 43
39 38 36 10
39 38 37 83
39 38 38 60
39 38 39 80
39 38 40 44
39 38 41 19
39 38 42 79
39 39 0 32
39 39 1 73
39 39 2 63
39 39 3 92
39 39 4 14
39 39 5 61
39 39 6 5
39 39 7 22
39 39 8 39
39 39 9 13
39 39 10 30
39 39 11 105
39 39 12 21
39 39 13 119
39 39 14 48
39 39 15 43
39 39 16 3
39 39 17 56
39 39 18 111
39 39 19 11
39 39 20 125
39 39 21 89
39 39 22 96
39 39 23 71
39 39 24 10
39 39 25 117
39 39 26 124
39 39 27 88
39 39 28 95
39 39 29 9
39 39 30 26
39 39 31 116
39 39 32 123
39 39 33 87
39 39 34 55
39 39 35 25
39 39 36 68
39 39 37 44
39 39 38 83
39 39 39 46
39 39 40 24
39 39 41 100
39 39 42 107
39 40 0 120
39 40 1 83
39 40 2 91
39 40 3 35
39 40 4 105
39 40 5 11
39 40 6 3
39 40 7 126
39 40 8 37
39 40 9 40
39 40 10 104
39 40 11 8
39 40 12 118
39 40 13 125
39 40 14 89
39 40 15 20
39 40 16 71
39 40 17 110
39 40 18 16
39 40 19 57
39 40 20 54
39 40 21 47
39 40 22 49
39 40 23 25
39 40 24 84
39 40 25 73
39 40 26 53
39 40 27 94
39 40 28 5
39 40 29 42
39 40 30 115
39 40 31 122
39 40 32 86
39 40 33 93
39 40 34 29
39 40 35 107
39 40 36 64
39 40 37 60
39 40 38 44
39 40 39 32
39 40 40 99
39 40 41 106
39 40 42 30
39 41 0 53
39 41 1 90
39 41 2 26
39 41 3 104
39 41 4 10
39 41 5 14
39 41 6 125
39 41 7 2
39 41 8 35
39 41 9 103
39 41 10 41
39 41 11 49
39 41 12 78
39 41 13 70
39 41 14 20
39 41 15 71
39 41 16 109
39 41 17 19
39 41 18 123
39 41 19 87
39 41 20 62
39 41 21 101
39 41 22 1
39 41 23 45
39 41 24 76
39 41 25 83
39 41 26 63
39 41 27 25
39 41 28 36
39 41 29 114
39 41 30 121
39 41 31 44
39 41 32 57
39 41 33 21
39 41 34 106
39 41 35 67
39 41 36 120
39 41 37 75
39 41 38 11
39 41 39 98
39 41 40 48
39 41 41 31
39 41 42 50
39 42 0 67
39 42 1 30
39 42 2 103
39 42 3 8
39 42 4 16
39 42 5 124
39 42 6 17
39 42 7 41
39 42 8 102
39 42 9 20
39 42 10 116
39 42 11 123
39 42 12 87
39 42 13 15
39 42 14 101
39 42 15 108
39 42 16 37
39 42 17 122
39 42 18 86
39 42 19 93
39 42 20 46
39 42 21 26
39 42 22 81
39 42 23 60
39 42 24 49
39 42 25 92
39 42 26 23
39 42 27 18
39 42 28 113
39 42 29 75
39 42 30 25
39 42 31 69
39 42 32 9
39 42 33 55
39 42 34 112
39 42 35 59
39 42 36 84
39 42 37 24
39 42 38 97
39 42 39 43
39 42 40 34
39 42 41 64
39 42 42 125
40 0 0 103
40 0 1 9
40 0 2 17
40 0 3 124
40 0 4 18
40 0 5 42
40 0 6 102
40 0 7 21
40 0 8 116
40 0 9 123
40 0 10 87
40 0 11 16
40 0 12 101
40 0 13 108
40 0 14 38
40 0 15 122
40 0 16 86
40 0 17 93
40 0 18 47
40 0 19 27
40 0 20 82
40 0 21 61
40 0 22 50
40 0 23 92
40 0 24 24
40 0 25 19
40 0 26 113
40 0 27 76
40 0 28 26
40 0 29 70
40 0 30 10
40 0 31 56
40 0 32 112
40 0 33 60
40 0 34 85
40 0 35 25
40 0 36 97
40 0 37 44
40 0 38 35
40 0 39 65
40 0 40 125
40 0 41 68
40 0 42 31
40 1 0 33
40 1 1 12
40 1 2 123
40 1 3 34
40 1 4 9
40 1 5 56
40 1 6 32
40 1 7 115
40 1 8 122
40 1 9 86
40 1 10 1
40 1 11 64
40 1 12 62
40 1 13 4
40 1 14 121
40 1 15 77
40 1 16 50
40 1 17 79
40 1 18 2
40 1 19 44
40 1 20 120
40 1 21 80
40 1 22 91
40 1 23 27
40 1 24 0
40 1 25 57
40 1 26 119
40 1 27 126
40 1 28 63
40 1 29 24
40 1 30 55
40 1 31 70
40 1 32 73
40 1 33 125
40 1 34 7
40 1 35 49
40 1 36 58
40 1 37 14
40 1 38 117
40 1 39 71
40 1 40 88
40 1 41 25
40 1 42 102
40 2 0 0
40 2 1 122
40 2 2 3
40 2 3 33
40 2 4 100
40 2 5 8
40 2 6 114
40 2 7 121
40 2 8 50
40 2 9 5
40 2 10 76
40 2 11 60
40 2 12 17
40 2 13 75
40 2 14 31
40 2 15 59
40 2 16 53
40 2 17 32
40 2 18 112
40 2 19 61
40 2 20 69
40 2 21 90
40 2 22 37
40 2 23 25
40 2 24 111
40 2 25 118
40 2 26 58
40 2 27 89
40 2 28 16
40 2 29 43
40 2 30 62
40 2 31 117
40 2 32 68
40 2 33 29
40 2 34 95
40 2 35 52
40 2 36 42
40 2 37 71
40 2 38 123
40 2 39 85
40 2 40 15
40 2 41 45
40 2 42 4
40 3 0 121
40 3 1 41
40 3 2 39
40 3 3 99
40 3 4 1
40 3 5 113
40 3 6 83
40 3 7 12
40 3 8 2
40 3 9 84
40 3 10 105
40 3 11 23
40 3 12 119
40 3 13 126
40 3 14 79
40 3 15 53
40 3 16 35
40 3 17 59
40 3 18 66
40 3 19 125
40 3 20 45
40 3 21 10
40 3 22 36
40 3 23 110
40 3 24 81
40 3 25 124
40 3 26 43
40 3 27 30
40 3 28 82
40 3 29 46
40 3 30 52
40 3 31 123
40 3 32 14
40 3 33 94
40 3 34 101
40 3 35 22
40 3 36 54
40 3 37 122
40 3 38 65
40 3 39 21
40 3 40 100
40 3 41 37
40 3 42 8
40 4 0 38
40 4 1 26
40 4 2 98
40 4 3 36
40 4 4 69
40 4 5 119
40 4 6 126
40 4 7 0
40 4 8 57
40 4 9 104
40 4 10 29
40 4 11 118
40 4 12 72
40 4 13 89
40 4 14 96
40 4 15 24
40 4 16 80
40 4 17 117
40 4 18 44
40 4 19 88
40 4 20 22
40 4 21 37
40 4 22 109
40 4 23 116
40 4 24 48
40 4 25 87
40 4 26 27
40 4 27 101
40 4 28 47
40 4 29 54
40 4 30 122
40 4 31 28
40 4 32 53
40 4 33 81
40 4 34 1
40 4 35 82
40 4 36 121
40 4 37 60
40 4 38 17
40 4 39 99
40 4 40 20
40 4 41 18
40 4 42 120
40 5 0 28
40 5 1 97
40 5 2 21
40 5 3 111
40 5 4 118
40 5 5 69
40 5 6 24
40 5 7 96
40 5 8 103
40 5 9 8
40 5 10 66
40 5 11 124
40 5 12 80
40 5 13 50
40 5 14 5
40 5 15 55
40 5 16 84
40 5 17 123
40 5 18 83
40 5 19 17
40 5 20 11
40 5 21 108
40 5 22 115
40 5 23 60
40 5 24 86
40 5 25 31
40 5 26 46
40 5 27 107
40 5 28 72
40 5 29 121
40 5 30 7
40 5 31 92
40 5 32 58
40 5 33 10
40 5 34 51
40 5 35 62
40 5 36 71
40 5 37 26
40 5 38 98
40 5 39 27
40 5 40 14
40 5 41 119
40 5 42 3
40 6 0 74
40 6 1 11
40 6 2 110
40 6 3 72
40 6 4 124
40 6 5 32
40 6 6 43
40 6 7 102
40 6 8 24
40 6 9 116
40 6 10 70
40 6 11 87
40 6 12 57
40 6 13 30
40 6 14 63
40 6 15 45
40 6 16 122
40 6 17 84
40 6 18 22
40 6 19 2
40 6 20 58
40 6 21 114
40 6 22 76
40 6 23 71
40 6 24 23
40 6 25 60
40 6 26 106
40 6 27 75
40 6 28 59
40 6 29 19
40 6 30 91
40 6 31 48
40 6 32 0
40 6 33 112
40 6 34 119
40 6 35 77
40 6 36 1
40 6 37 97
40 6 38 7
40 6 39 41
40 6 40 118
40 6 41 35
40 6 42 39
40 7 0 26
40 7 1 109
40 7 2 116
40 7 3 58
40 7 4 19
40 7 5 70
40 7 6 67
40 7 7 35
40 7 8 115
40 7 9 55
40 7 10 86
40 7 11 93
40 7 12 13
40 7 13 107
40 7 14 52
40 7 15 121
40 7 16 46
40 7 17 18
40 7 18 37
40 7 19 53
40 7 20 113
40 7 21 120
40 7 22 22
40 7 23 1
40 7 24 44
40 7 25 51
40 7 26 112
40 7 27 119
40 7 28 24
40 7 29 90
40 7 30 84
40 7 31 33
40 7 32 48
40 7 33 118
40 7 34 125
40 7 35 11
40 7 36 74
40 7 37 3
40 7 38 34
40 7 39 117
40 7 40 10
40 7 41 9
40 7 42 95
40 8 0 108
40 8 1 115
40 8 2 76
40 8 3 6
40 8 4 93
40 8 5 100
40 8 6 18
40 8 7 114
40 8 8 46
40 8 9 60
40 8 10 84
40 8 11 10
40 8 12 106
40 8 13 69
40 8 14 53
40 8 15 80
40 8 16 33
40 8 17 8
40 8 18 105
40 8 19 67
40 8 20 64
40 8 21 126
40 8 22 30
40 8 23 78
40 8 24 59
40 8 25 66
40 8 26 118
40 8 27 31
40 8 28 44
40 8 29 96
40 8 30 2
40 8 31 82
40 8 32 50
40 8 33 55
40 8 34 16
40 8 35 95
40 8 36 27
40 8 37 39
40 8 38 116
40 8 39 0
40 8 40 3
40 8 41 94
40 8 42 15
40 9 0 114
40 9 1 63
40 9 2 5
40 9 3 75
40 9 4 99
40 9 5 20
40 9 6 113
40 9 7 120
40 9 8 27
40 9 9 76
40 9 10 7
40 9 11 45
40 9 12 112
40 9 13 119
40 9 14 67
40 9 15 31
40 9 16 6
40 9 17 104
40 9 18 111
40 9 19 50
40 9 20 51
40 9 21 4
40 9 22 96
40 9 23 48
40 9 24 66
40 9 25 80
40 9 26 30
40 9 27 88
40 9 28 58
40 9 29 2
40 9 30 64
40 9 31 116
40 9 32 123
40 9 33 34
40 9 34 94
40 9 35 19
40 9 36 23
40 9 37 115
40 9 38 32
40 9 39 42
40 9 40 68
40 9 41 38
40 9 42 83
40 10 0 120
40 10 1 24
40 10 2 46
40 10 3 98
40 10 4 28
40 10 5 83
40 10 6 81
40 10 7 126
40 10 8 52
40 10 9 14
40 10 10 64
40 10 11 85
40 10 12 118
40 10 13 125
40 10 14 21
40 10 15 29
40 10 16 103
40 10 17 110
40 10 18 117
40 10 19 124
40 10 20 9
40 10 21 75
40 10 22 68
40 10 23 66
40 10 24 116
40 10 25 8
40 10 26 47
40 10 27 78
40 10 28 36
40 10 29 49
40 10 30 115
40 10 31 122
40 10 32 25
40 10 33 50
40 10 34 30
40 10 35 41
40 10 36 114
40 10 37 22
40 10 38 38
40 10 39 92
40 10 40 16
40 10 41 79
40 10 42 113
40 11 0 32
40 11 1 78
40 11 2 97
40 11 3 14
40 11 4 111
40 11 5 59
40 11 6 65
40 11 7 89
40 11 8 3
40 11 9 44
40 11 10 50
40 11 11 83
40 11 12 69
40 11 13 16
40 11 14 18
40 11 15 102
40 11 16 109
40 11 17 71
40 11 18 74
40 11 19 5
40 11 20 70
40 11 21 101
40 11 22 56
40 11 23 115
40 11 24 8
40 11 25 48
40 11 26 93
40 11 27 37
40 11 28 107
40 11 29 114
40 11 30 121
40 11 31 0
40 11 32 92
40 11 33 39
40 11 34 4
40 11 35 113
40 11 36 34
40 11 37 36
40 11 38 91
40 11 39 12
40 11 40 105
40 11 41 63
40 11 42 79
40 12 0 89
40 12 1 55
40 12 2 28
40 12 3 110
40 12 4 117
40 12 5 124
40 12 6 54
40 12 7 3
40 12 8 68
40 12 9 74
40 12 10 116
40 12 11 123
40 12 12 6
40 12 13 18
40 12 14 66
40 12 15 108
40 12 16 79
40 12 17 61
40 12 18 13
40 12 19 93
40 12 20 81
40 12 21 107
40 12 22 114
40 12 23 24
40 12 24 80
40 12 25 77
40 12 26 10
40 12 27 106
40 12 28 113
40 12 29 48
40 12 30 5
40 12 31 91
40 12 32 9
40 12 33 41
40 12 34 112
40 12 35 2
40 12 36 26
40 12 37 90
40 12 38 42
40 12 39 104
40 12 40 111
40 12 41 56
40 12 42 34
40 13 0 95
40 13 1 22
40 13 2 109
40 13 3 54
40 13 4 78
40 13 5 87
40 13 6 8
40 13 7 101
40 13 8 47
40 13 9 115
40 13 10 122
40 13 11 17
40 13 12 19
40 13 13 100
40 13 14 46
40 13 15 56
40 13 16 74
40 13 17 23
40 13 18 67
40 13 19 80
40 13 20 106
40 13 21 113
40 13 22 13
40 13 23 83
40 13 24 61
40 13 25 12
40 13 26 63
40 13 27 70
40 13 28 119
40 13 29 14
40 13 30 90
40 13 31 31
40 13 32 37
40 13 33 111
40 13 34 25
40 13 35 9
40 13 36 72
40 13 37 16
40 13 38 103
40 13 39 110
40 13 40 117
40 13 41 2
40 13 42 73
40 14 0 6
40 14 1 108
40 14 2 52
40 14 3 55
40 14 4 86
40 14 5 5
40 14 6 61
40 14 7 107
40 14 8 114
40 14 9 121
40 14 10 21
40 14 11 18
40 14 12 99
40 14 13 49
40 14 14 76
40 14 15 120
40 14 16 29
40 14 17 77
40 14 18 62
40 14 19 60
40 14 20 84
40 14 21 16
40 14 22 59
40 14 23 70
40 14 24 2
40 14 25 85
40 14 26 111
40 14 27 118
40 14 28 1
40 14 29 83
40 14 30 33
40 14 31 19
40 14 32 110
40 14 33 35
40 14 34 38
40 14 35 88
40 14 36 17
40 14 37 102
40 14 38 109
40 14 39 80
40 14 40 27
40 14 41 87
40 14 42 94
40 15 0 63
40 15 1 81
40 15 2 85
40 15 3 43
40 15 4 24
40 15 5 71
40 15 6 106
40 15 7 113
40 15 8 75
40 15 9 41
40 15 10 8
40 15 11 98
40 15 12 105
40 15 13 112
40 15 14 74
40 15 15 3
40 15 16 45
40 15 17 54
40 15 18 50
40 15 19 111
40 15 20 20
40 15 21 125
40 15 22 89
40 15 23 5
40 15 24 78
40 15 25 110
40 15 26 72
40 15 27 17
40 15 28 88
40 15 29 42
40 15 30 4
40 15 31 109
40 15 32 7
40 15 33 30
40 15 34 46
40 15 35 38
40 15 36 57
40 15 37 108
40 15 38 68
40 15 39 25
40 15 40 86
40 15 41 53
40 15 42 6
40 16 0 80
40 16 1 120
40 16 2 23
40 16 3 30
40 16 4 67
40 16 5 46
40 16 6 78
40 16 7 119
40 16 8 37
40 16 9 17
40 16 10 97
40 16 11 104
40 16 12 56
40 16 13 57
40 16 14 24
40 16 15 89
40 16 16 96
40 16 17 74
40 16 18 110
40 16 19 26
40 16 20 71
40 16 21 43
40 16 22 1
40 16 23 50
40 16 24 109
40 16 25 116
40 16 26 36
40 16 27 85
40 16 28 13
40 16 29 22
40 16 30 108
40 16 31 15
40 16 32 31
40 16 33 76
40 16 34 39
40 16 35 100
40 16 36 65
40 16 37 69
40 16 38 9
40 16 39 59
40 16 40 92
40 16 41 20
40 16 42 61
40 17 0 67
40 17 1 126
40 17 2 41
40 17 3 53
40 17 4 81
40 17 5 111
40 17 6 118
40 17 7 8
40 17 8 30
40 17 9 72
40 17 10 103
40 17 11 66
40 17 12 117
40 17 13 26
40 17 14 61
40 17 15 47
40 17 16 75
40 17 17 109
40 17 18 29
40 17 19 123
40 17 20 87
40 17 21 25
40 17 22 101
40 17 23 108
40 17 24 115
40 17 25 9
40 17 26 57
40 17 27 28
40 17 28 39
40 17 29 107
40 17 30 34
40 17 31 23
40 17 32 71
40 17 33 21
40 17 34 99
40 17 35 58
40 17 36 59
40 17 37 12
40 17 38 4
40 17 39 91
40 17 40 5
40 17 41 105
40 17 42 112
40 18 0 62
40 18 1 30
40 18 2 96
40 18 3 57
40 18 4 110
40 18 5 51
40 18 6 41
40 18 7 15
40 18 8 95
40 18 9 102
40 18 10 85
40 18 11 70
40 18 12 22
40 18 13 87
40 18 14 56
40 18 15 101
40 18 16 108
40 18 17 17
40 18 18 122
40 18 19 86
40 18 20 4
40 18 21 64
40 18 22 65
40 18 23 114
40 18 24 28
40 18 25 52
40 18 26 34
40 18 27 18
40 18 28 106
40 18 29 11
40 18 30 42
40 18 31 66
40 18 32 23
40 18 33 98
40 18 34 105
40 18 35 112
40 18 36 2
40 18 37 126
40 18 38 90
40 18 39 14
40 18 40 104
40 18 41 48
40 18 42 76
40 19 0 15
40 19 1 66
40 19 2 67
40 19 3 109
40 19 4 116
40 19 5 22
40 19 6 39
40 19 7 94
40 19 8 45
40 19 9 77
40 19 10 56
40 19 11 7
40 19 12 86
40 19 13 93
40 19 14 43
40 19 15 62
40 19 16 23
40 19 17 121
40 19 18 64
40 19 19 35
40 19 20 54
40 19 21 58
40 19 22 113
40 19 23 14
40 19 24 47
40 19 25 38
40 19 26 26
40 19 27 105
40 19 28 19
40 19 29 3
40 19 30 81
40 19 31 9
40 19 32 97
40 19 33 104
40 19 34 73
40 19 35 33
40 19 36 80
40 19 37 52
40 19 38 20
40 19 39 103
40 19 40 49
40 19 41 117
40 19 42 124
40 20 0 49
40 20 1 101
40 20 2 108
40 20 3 115
40 20 4 7
40 20 5 29
40 20 6 48
40 20 7 100
40 20 8 107
40 20 9 52
40 20 10 39
40 20 11 80
40 20 12 81
40 20 13 85
40 20 14 60
40 20 15 32
40 20 16 70
40 20 17 33
40 20 18 25
40 20 19 55
40 20 20 105
40 20 21 66
40 20 22 16
40 20 23 77
40 20 24 14
40 20 25 3
40 20 26 104
40 20 27 41
40 20 28 9
40 20 29 125
40 20 30 28
40 20 31 51
40 20 32 103
40 20 33 45
40 20 34 12
40 20 35 124
40 20 36 88
40 20 37 8
40 20 38 102
40 20 39 73
40 20 40 69
40 20 41 78
40 20 42 11
40 21 0 47
40 21 1 74
40 21 2 114
40 21 3 20
40 21 4 0
40 21 5 92
40 21 6 99
40 21 7 106
40 21 8 62
40 21 9 7
40 21 10 14
40 21 11 68
40 21 12 71
40 21 13 105
40 21 14 17
40 21 15 119
40 21 16 126
40 21 17 28
40 21 18 43
40 21 19 104
40 21 20 111
40 21 21 41
40 21 22 125
40 21 23 6
40 21 24 22
40 21 25 103
40 21 26 15
40 21 27 24
40 21 28 83
40 21 29 1
40 21 30 95
40 21 31 102
40 21 32 81
40 21 33 36
40 21 34 53
40 21 35 64
40 21 36 11
40 21 37 82
40 21 38 63
40 21 39 61
40 21 40 46
40 21 41 13
40 21 42 93
40 22 0 77
40 22 1 113
40 22 2 29
40 22 3 39
40 22 4 91
40 22 5 98
40 22 6 76
40 22 7 112
40 22 8 13
40 22 9 126
40 22 10 45
40 22 11 69
40 22 12 104
40 22 13 31
40 22 14 118
40 22 15 50
40 22 16 12
40 22 17 96
40 22 18 103
40 22 19 110
40 22 20 42
40 22 21 51
40 22 22 7
40 22 23 30
40 22 24 102
40 22 25 33
40 22 26 38
40 22 27 123
40 22 28 20
40 22 29 94
40 22 30 53
40 22 31 60
40 22 32 32
40 22 33 62
40 22 34 83
40 22 35 17
40 22 36 100
40 22 37 107
40 22 38 43
40 22 39 56
40 22 40 34
40 22 41 49
40 22 42 67
40 23 0 57
40 23 1 19
40 23 2 16
40 23 3 90
40 23 4 97
40 23 5 49
40 23 6 55
40 23 7 32
40 23 8 69
40 23 9 89
40 23 10 96
40 23 11 103
40 23 12 31
40 23 13 68
40 23 14 124
40 23 15 10
40 23 16 67
40 23 17 102
40 23 18 109
40 23 19 20
40 23 20 123
40 23 21 42
40 23 22 2
40 23 23 101
40 23 24 18
40 23 25 4
40 23 26 122
40 23 27 36
40 23 28 75
40 23 29 100
40 23 30 107
40 23 31 35
40 23 32 46
40 23 33 43
40 23 34 21
40 23 35 99
40 23 36 106
40 23 37 85
40 23 38 120
40 23 39 8
40 23 40 62
40 23 41 44
40 23 42 105
40 24 0 18
40 24 1 20
40 24 2 54
40 24 3 83
40 24 4 73
40 24 5 79
40 24 6 29
40 24 7 124
40 24 8 58
40 24 9 64
40 24 10 102
40 24 11 15
40 24 12 116
40 24 13 45
40 24 14 35
40 24 15 44
40 24 16 60
40 24 17 108
40 24 18 21
40 24 19 122
40 24 20 28
40 24 21 12
40 24 22 100
40 24 23 0
40 24 24 6
40 24 25 121
40 24 26 23
40 24 27 92
40 24 28 99
40 24 29 106
40 24 30 25
40 24 31 120
40 24 32 75
40 24 33 24
40 24 34 98
40 24 35 67
40 24 36 112
40 24 37 53
40 24 38 14
40 24 39 49
40 24 40 52
40 24 41 104
40 24 42 111
40 25 0 31
40 25 1 88
40 25 2 95
40 25 3 81
40 25 4 59
40 25 5 34
40 25 6 71
40 25 7 87
40 25 8 85
40 25 9 83
40 25 10 9
40 25 11 115
40 25 12 77
40 25 13 3
40 25 14 93
40 25 15 100
40 25 16 44
40 25 17 38
40 25 18 121
40 25 19 11
40 25 20 35
40 25 21 99
40 25 22 39
40 25 23 28
40 25 24 73
40 25 25 32
40 25 26 91
40 25 27 98
40 25 28 74
40 25 29 27
40 25 30 45
40 25 31 76
40 25 32 13
40 25 33 97
40 25 34 57
40 25 35 55
40 25 36 48
40 25 37 24
40 25 38 89
40 25 39 96
40 25 40 103
40 25 41 110
40 25 42 19
40 26 0 56
40 26 1 94
40 26 2 101
40 26 3 78
40 26 4 34
40 26 5 47
40 26 6 86
40 26 7 93
40 26 8 100
40 26 9 23
40 26 10 114
40 26 11 48
40 26 12 5
40 26 13 60
40 26 14 99
40 26 15 83
40 26 16 25
40 26 17 55
40 26 18 1
40 26 19 3
40 26 20 98
40 26 21 33
40 26 22 41
40 26 23 119
40 26 24 37
40 26 25 90
40 26 26 97
40 26 27 59
40 26 28 0
40 26 29 65
40 26 30 125
40 26 31 29
40 26 32 43
40 26 33 57
40 26 34 75
40 26 35 117
40 26 36 32
40 26 37 72
40 26 38 73
40 26 39 102
40 26 40 109
40 26 41 19
40 26 42 21
40 27 0 70
40 27 1 54
40 27 2 107
40 27 3 23
40 27 4 82
40 27 5 63
40 27 6 77
40 27 7 99
40 27 8 9
40 27 9 113
40 27 10 120
40 27 11 13
40 27 12 47
40 27 13 98
40 27 14 105
40 27 15 21
40 27 16 119
40 27 17 42
40 27 18 15
40 27 19 97
40 27 20 39
40 27 21 7
40 27 22 118
40 27 23 12
40 27 24 68
40 27 25 73
40 27 26 84
40 27 27 1
40 27 28 117
40 27 29 79
40 27 30 29
40 27 31 95
40 27 32 57
40 27 33 64
40 27 34 45
40 27 35 28
40 27 36 87
40 27 37 59
40 27 38 56
40 27 39 108
40 27 40 8
40 27 41 16
40 27 42 43
40 28 0 71
40 28 1 106
40 28 2 30
40 28 3 120
40 28 4 10
40 28 5 68
40 28 6 98
40 28 7 17
40 28 8 56
40 28 9 53
40 28 10 32
40 28 11 65
40 28 12 97
40 28 13 104
40 28 14 42
40 28 15 118
40 28 16 38
40 28 17 5
40 28 18 96
40 28 19 14
40 28 20 18
40 28 21 49
40 28 22 3
40 28 23 88
40 28 24 95
40 28 25 75
40 28 26 35
40 28 27 82
40 28 28 123
40 28 29 7
40 28 30 94
40 28 31 101
40 28 32 72
40 28 33 79
40 28 34 33
40 28 35 86
40 28 36 93
40 28 37 100
40 28 38 70
40 28 39 31
40 28 40 6
40 28 41 77
40 28 42 92
40 29 0 60
40 29 1 27
40 29 2 66
40 29 3 126
40 29 4 53
40 29 5 97
40 29 6 19
40 29 7 111
40 29 8 80
40 29 9 31
40 29 10 89
40 29 11 51
40 29 12 103
40 29 13 22
40 29 14 49
40 29 15 34
40 29 16 37
40 29 17 95
40 29 18 41
40 29 19 10
40 29 20 116
40 29 21 21
40 29 22 46
40 29 23 94
40 29 24 101
40 29 25 35
40 29 26 75
40 29 27 122
40 29 28 6
40 29 29 64
40 29 30 48
40 29 31 107
40 29 32 63
40 29 33 7
40 29 34 52
40 29 35 47
40 29 36 99
40 29 37 65
40 29 38 29
40 29 39 4
40 29 40 82
40 29 41 91
40 29 42 78
40 30 0 24
40 30 1 73
40 30 2 43
40 30 3 89
40 30 4 57
40 30 5 2
40 30 6 110
40 30 7 117
40 30 8 18
40 30 9 54
40 30 10 95
40 30 11 102
40 30 12 11
40 30 13 116
40 30 14 28
40 30 15 27
40 30 16 94
40 30 17 3
40 30 18 34
40 30 19 115
40 30 20 26
40 30 21 52
40 30 22 61
40 30 23 72
40 30 24 4
40 30 25 65
40 30 26 121
40 30 27 13
40 30 28 92
40 30 29 51
40 30 30 106
40 30 31 77
40 30 32 36
40 30 33 15
40 30 34 63
40 30 35 98
40 30 36 105
40 30 37 0
40 30 38 19
40 30 39 83
40 30 40 90
40 30 41 82
40 30 42 68
40 31 0 117
40 31 1 124
40 31 2 51
40 31 3 95
40 31 4 13
40 31 5 109
40 31 6 66
40 31 7 5
40 31 8 87
40 31 9 94
40 31 10 54
40 31 11 26
40 31 12 115
40 31 13 41
40 31 14 2
40 31 15 93
40 31 16 39
40 31 17 30
40 31 18 114
40 31 19 36
40 31 20 63
40 31 21 92
40 31 22 84
40 31 23 37
40 31 24 85
40 31 25 70
40 31 26 18
40 31 27 91
40 31 28 69
40 31 29 76
40 31 30 112
40 31 31 14
40 31 32 126
40 31 33 75
40 31 34 97
40 31 35 104
40 31 36 35
40 31 37 15
40 31 38 125
40 31 39 79
40 31 40 96
40 31 41 43
40 31 42 7
40 32 0 44
40 32 1 87
40 32 2 94
40 32 3 29
40 32 4 108
40 32 5 82
40 32 6 13
40 32 7 86
40 32 8 83
40 32 9 100
40 32 10 16
40 32 11 114
40 32 12 9
40 32 13 34
40 32 14 92
40 32 15 23
40 32 16 10
40 32 17 113
40 32 18 11
40 32 19 58
40 32 20 91
40 32 21 69
40 32 22 27
40 32 23 112
40 32 24 119
40 32 25 30
40 32 26 90
40 32 27 71
40 32 28 77
40 32 29 84
40 32 30 6
40 32 31 80
40 32 32 89
40 32 33 85
40 32 34 103
40 32 35 26
40 32 36 20
40 32 37 78
40 32 38 88
40 32 39 57
40 32 40 64
40 32 41 32
40 32 42 70
40 33 0 86
40 33 1 48
40 33 2 8
40 33 3 63
40 33 4 47
40 33 5 37
40 33 6 73
40 33 7 92
40 33 8 99
40 33 9 1
40 33 10 113
40 33 11 11
40 33 12 42
40 33 13 91
40 33 14 19
40 33 15 17
40 33 16 78
40 33 17 20
40 33 18 81
40 33 19 90
40 33 20 52
40 33 21 36
40 33 22 71
40 33 23 118
40 33 24 9
40 33 25 55
40 33 26 96
40 33 27 61
40 33 28 80
40 33 29 10
40 33 30 124
40 33 31 65
40 33 32 95
40 33 33 102
40 33 34 0
40 33 35 15
40 33 36 123
40 33 37 54
40 33 38 62
40 33 39 101
40 33 40 13
40 33 41 70
40 33 42 64
40 34 0 92
40 34 1 14
40 34 2 61
40 34 3 59
40 34 4 35
40 34 5 25
40 34 6 91
40 34 7 98
40 34 8 36
40 34 9 67
40 34 10 41
40 34 11 39
40 34 12 90
40 34 13 29
40 34 14 0
40 34 15 111
40 34 16 16
40 34 17 125
40 34 18 52
40 34 19 96
40 34 20 15
40 34 21 65
40 34 22 74
40 34 23 23
40 34 24 88
40 34 25 50
40 34 26 53
40 34 27 68
40 34 28 7
40 34 29 60
40 34 30 87
40 34 31 94
40 34 32 66
40 34 33 1
40 34 34 27
40 34 35 122
40 34 36 43
40 34 37 93
40 34 38 79
40 34 39 2
40 34 40 44
40 34 41 73
40 34 42 46
40 35 0 20
40 35 1 105
40 35 2 112
40 35 3 32
40 35 4 126
40 35 5 90
40 35 6 97
40 35 7 29
40 35 8 111
40 35 9 4
40 35 10 34
40 35 11 89
40 35 12 37
40 35 13 33
40 35 14 110
40 35 15 22
40 35 16 55
40 35 17 88
40 35 18 58
40 35 19 38
40 35 20 79
40 35 21 116
40 35 22 8
40 35 23 81
40 35 24 63
40 35 25 101
40 35 26 67
40 35 27 21
40 35 28 53
40 35 29 86
40 35 30 47
40 35 31 100
40 35 32 12
40 35 33 0
40 35 34 121
40 35 35 73
40 35 36 62
40 35 37 84
40 35 38 5
40 35 39 76
40 35 40 120
40 35 41 6
40 35 42 91
40 36 0 104
40 36 1 51
40 36 2 36
40 36 3 52
40 36 4 44
40 36 5 73
40 36 6 5
40 36 7 110
40 36 8 28
40 36 9 3
40 36 10 88
40 36 11 25
40 36 12 4
40 36 13 109
40 36 14 12
40 36 15 123
40 36 16 69
40 36 17 72
40 36 18 23
40 36 19 74
40 36 20 115
40 36 21 30
40 36 22 47
40 36 23 93
40 36 24 55
40 36 25 107
40 36 26 13
40 36 27 65
40 36 28 78
40 36 29 92
40 36 30 99
40 36 31 37
40 36 32 10
40 36 33 59
40 36 34 82
40 36 35 46
40 36 36 77
40 36 37 35
40 36 38 112
40 36 39 60
40 36 40 126
40 36 41 90
40 36 42 33
40 37 0 51
40 37 1 21
40 37 2 124
40 37 3 88
40 37 4 95
40 37 5 16
40 37 6 109
40 37 7 38
40 37 8 19
40 37 9 87
40 37 10 20
40 37 11 28
40 37 12 108
40 37 13 6
40 37 14 122
40 37 15 82
40 37 16 93
40 37 17 2
40 37 18 107
40 37 19 114
40 37 20 12
40 37 21 78
40 37 22 62
40 37 23 58
40 37 24 106
40 37 25 27
40 37 26 120
40 37 27 11
40 37 28 91
40 37 29 98
40 37 30 18
40 37 31 13
40 37 32 119
40 37 33 69
40 37 34 49
40 37 35 81
40 37 36 10
40 37 37 73
40 37 38 75
40 37 39 68
40 37 40 65
40 37 41 42
40 37 42 103
40 38 0 16
40 38 1 79
40 38 2 74
40 38 3 94
40 38 4 38
40 38 5 108
40 38 6 1
40 38 7 34
40 38 8 86
40 38 9 22
40 38 10 26
40 38 11 61
40 38 12 10
40 38 13 121
40 38 14 59
40 38 15 49
40 38 16 5
40 38 17 106
40 38 18 113
40 38 19 25
40 38 20 76
40 38 21 82
40 38 22 78
40 38 23 54
40 38 24 15
40 38 25 67
40 38 26 126
40 38 27 90
40 38 28 97
40 38 29 0
40 38 30 11
40 38 31 118
40 38 32 125
40 38 33 89
40 38 34 96
40 38 35 35
40 38 36 51
40 38 37 117
40 38 38 124
40 38 39 88
40 38 40 17
40 38 41 102
40 38 42 66
40 39 0 72
40 39 1 64
40 39 2 60
40 39 3 28
40 39 4 52
40 39 5 39
40 39 6 42
40 39 7 83
40 39 8 33
40 39 9 25
40 39 10 71
40 39 11 1
40 39 12 63
40 39 13 59
40 39 14 51
40 39 15 6
40 39 16 48
40 39 17 43
40 39 18 4
40 39 19 78
40 39 20 85
40 39 21 62
40 39 22 82
40 39 23 7
40 39 24 79
40 39 25 56
40 39 26 50
40 39 27 46
40 39 28 37
40 39 29 31
40 39 30 77
40 39 31 73
40 39 32 67
40 39 33 44
40 39 34 11
40 39 35 84
40 39 36 61
40 39 37 81
40 39 38 45
40 39 39 20
40 39 40 80
40 39 41 75
40 39 42 16
40 40 0 64
40 40 1 92
40 40 2 15
40 40 3 62
40 40 4 6
40 40 5 23
40 40 6 40
40 40 7 14
40 40 8 31
40 40 9 105
40 40 10 22
40 40 11 119
40 40 12 49
40 40 13 44
40 40 14 4
40 40 15 57
40 40 16 111
40 40 17 12
40 40 18 125
40 40 19 89
40 40 20 96
40 40 21 72
40 40 22 11
40 40 23 117
40 40 24 124
40 40 25 88
40 40 26 95
40 40 27 10
40 40 28 27
40 40 29 116
40 40 30 123
40 40 31 87
40 40 32 56
40 40 33 26
40 40 34 69
40 40 35 45
40 40 36 84
40 40 37 47
40 40 38 25
40 40 39 100
40 40 40 107
40 40 41 33
40 40 42 74
40 41 0 91
40 41 1 36
40 41 2 105
40 41 3 12
40 41 4 4
40 41 5 126
40 41 6 38
40 41 7 41
40 41 8 104
40 41 9 9
40 41 10 118
40 41 11 125
40 41 12 89
40 41 13 21
40 41 14 72
40 41 15 110
40 41 16 17
40 41 17 58
40 41 18 55
40 41 19 48
40 41 20 50
40 41 21 26
40 41 22 85
40 41 23 74
40 41 24 54
40 41 25 94
40 41 26 6
40 41 27 0
40 41 28 115
40 41 29 122
40 41 30 86
40 41 31 93
40 41 32 30
40 41 33 107
40 41 34 65
40 41 35 61
40 41 36 45
40 41 37 33
40 41 38 99
40 41 39 106
40 41 40 31
40 41 41 120
40 41 42 84
40 42 0 27
40 42 1 104
40 42 2 11
40 42 3 15
40 42 4 125
40 42 5 3
40 42 6 36
40 42 7 103
40 42 8 42
40 42 9 50
40 42 10 79
40 42 11 71
40 42 12 21
40 42 13 72
40 42 14 109
40 42 15 20
40 42 16 123
40 42 17 87
40 42 18 63
40 42 19 101
40 42 20 2
40 42 21 46
40 42 22 77
40 42 23 84
40 42 24 64
40 42 25 26
40 42 26 37
40 42 27 114
40 42 28 121
40 42 29 45
40 42 30 58
40 42 31 22
40 42 32 106
40 42 33 68
40 42 34 120
40 42 35 76
40 42 36 12
40 42 37 98
40 42 38 49
40 42 39 32
40 42 40 51
40 42 41 54
40 42 42 90
41 0 0 12
41 0 1 16
41 0 2 125
41 0 3 4
41 0 4 37
41 0 5 103
41 0 6 0
41 0 7 51
41 0 8 80
41 0 9 72
41 0 10 22
41 0 11 73
41 0 12 109
41 0 13 21
41 0 14 123
41 0 15 87
41 0 16 64
41 0 17 101
41 0 18 3
41 0 19 47
41 0 20 78
41 0 21 85
41 0 22 65
41 0 23 27
41 0 24 38
41 0 25 114
41 0 26 121
41 0 27 46
41 0 28 59
41 0 29 23
41 0 30 106
41 0 31 69
41 0 32 120
41 0 33 77
41 0 34 13
41 0 35 98
41 0 36 50
41 0 37 33
41 0 38 52
41 0 39 55
41 0 40 90
41 0 41 28
41 0 42 104
41 1 0 18
41 1 1 124
41 1 2 19
41 1 3 0
41 1 4 102
41 1 5 22
41 1 6 116
41 1 7 123
41 1 8 87
41 1 9 17
41 1 10 101
41 1 11 108
41 1 12 39
41 1 13 122
41 1 14 86
41 1 15 93
41 1 16 48
41 1 17 28
41 1 18 83
41 1 19 62
41 1 20 51
41 1 21 92
41 1 22 25
41 1 23 20
41 1 24 113
41 1 25 77
41 1 26 27
41 1 27 71
41 1 28 11
41 1 29 57
41 1 30 112
41 1 31 61
41 1 32 43
41 1 33 26
41 1 34 97
41 1 35 45
41 1 36 36
41 1 37 66
41 1 38 125
41 1 39 69
41 1 40 32
41 1 41 103
41 1 42 10
41 2 0 123
41 2 1 35
41 2 2 10
41 2 3 57
41 2 4 33
41 2 5 115
41 2 6 122
41 2 7 86
41 2 8 2
41 2 9 65
41 2 10 63
41 2 11 5
41 2 12 121
41 2 13 78
41 2 14 51
41 2 15 80
41 2 16 3
41 2 17 45
41 2 18 120
41 2 19 81
41 2 20 91
41 2 21 28
41 2 22 1
41 2 23 58
41 2 24 119
41 2 25 126
41 2 26 64
41 2 27 25
41 2 28 56
41 2 29 71
41 2 30 74
41 2 31 125
41 2 32 8
41 2 33 50
41 2 34 59
41 2 35 15
41 2 36 117
41 2 37 72
41 2 38 88
41 2 39 26
41 2 40 102
41 2 41 34
41 2 42 13
41 3 0 4
41 3 1 34
41 3 2 100
41 3 3 9
41 3 4 114
41 3 5 121
41 3 6 51
41 3 7 6
41 3 8 77
41 3 9 61
41 3 10 18
41 3 11 76
41 3 12 32
41 3 13 60
41 3 14 54
41 3 15 33
41 3 16 112
41 3 17 62
41 3 18 70
41 3 19 90
41 3 20 38
41 3 21 26
41 3 22 111
41 3 23 118
41 3 24 59
41 3 25 89
41 3 26 17
41 3 27 44
41 3 28 63
41 3 29 117
41 3 30 69
41 3 31 30
41 3 32 95
41 3 33 53
41 3 34 0
41 3 35 72
41 3 36 123
41 3 37 43
41 3 38 16
41 3 39 46
41 3 40 5
41 3 41 1
41 3 42 122
41 4 0 40
41 4 1 99
41 4 2 2
41 4 3 113
41 4 4 84
41 4 5 13
41 4 6 3
41 4 7 85
41 4 8 105
41 4 9 24
41 4 10 119
41 4 11 126
41 4 12 80
41 4 13 54
41 4 14 36
41 4 15 60
41 4 16 67
41 4 17 125
41 4 18 46
41 4 19 11
41 4 20 37
41 4 21 110
41 4 22 82
41 4 23 124
41 4 24 44
41 4 25 31
41 4 26 83
41 4 27 47
41 4 28 53
41 4 29 123
41 4 30 15
41 4 31 94
41 4 32 101
41 4 33 23
41 4 34 55
41 4 35 122
41 4 36 66
41 4 37 22
41 4 38 100
41 4 39 38
41 4 40 9
41 4 41 121
41 4 42 42
41 5 0 98
41 5 1 37
41 5 2 70
41 5 3 119
41 5 4 126
41 5 5 1
41 5 6 58
41 5 7 104
41 5 8 30
41 5 9 118
41 5 10 73
41 5 11 89
41 5 12 96
41 5 13 25
41 5 14 81
41 5 15 117
41 5 16 45
41 5 17 88
41 5 18 23
41 5 19 38
41 5 20 109
41 5 21 116
41 5 22 49
41 5 23 87
41 5 24 28
41 5 25 101
41 5 26 48
41 5 27 55
41 5 28 122
41 5 29 29
41 5 30 54
41 5 31 82
41 5 32 2
41 5 33 83
41 5 34 121
41 5 35 61
41 5 36 18
41 5 37 99
41 5 38 21
41 5 39 19
41 5 40 120
41 5 41 39
41 5 42 27
41 6 0 22
41 6 1 111
41 6 2 118
41 6 3 70
41 6 4 25
41 6 5 96
41 6 6 103
41 6 7 9
41 6 8 67
41 6 9 124
41 6 10 81
41 6 11 51
41 6 12 6
41 6 13 56
41 6 14 85
41 6 15 123
41 6 16 84
41 6 17 18
41 6 18 12
41 6 19 108
41 6 20 115
41 6 21 61
41 6 22 86
41 6 23 32
41 6 24 47
41 6 25 107
41 6 26 73
41 6 27 121
41 6 28 8
41 6 29 92
41 6 30 59
41 6 31 11
41 6 32 52
41 6 33 63
41 6 34 72
41 6 35 27
41 6 36 98
41 6 37 28
41 6 38 15
41 6 39 119
41 6 40 4
41 6 41 29
41 6 42 97
41 7 0 110
41 7 1 73
41 7 2 124
41 7 3 33
41 7 4 44
41 7 5 102
41 7 6 25
41 7 7 116
41 7 8 71
41 7 9 87
41 7 10 58
41 7 11 31
41 7 12 64
41 7 13 46
41 7 14 122
41 7 15 85
41 7 16 23
41 7 17 3
41 7 18 59
41 7 19 114
41 7 20 77
41 7 21 72
41 7 22 24
41 7 23 61
41 7 24 106
41 7 25 76
41 7 26 60
41 7 27 20
41 7 28 91
41 7 29 49
41 7 30 1
41 7 31 112
41 7 32 119
41 7 33 78
41 7 34 2
41 7 35 97
41 7 36 8
41 7 37 42
41 7 38 118
41 7 39 36
41 7 40 40
41 7 41 75
41 7 42 12
41 8 0 116
41 8 1 59
41 8 2 20
41 8 3 71
41 8 4 68
41 8 5 36
41 8 6 115
41 8 7 56
41 8 8 86
41 8 9 93
41 8 10 14
41 8 11 107
41 8 12 53
41 8 13 121
41 8 14 47
41 8 15 19
41 8 16 38
41 8 17 54
41 8 18 113
41 8 19 120
41 8 20 23
41 8 21 2
41 8 22 45
41 8 23 52
41 8 24 112
41 8 25 119
41 8 26 25
41 8 27 90
41 8 28 85
41 8 29 34
41 8 30 49
41 8 31 118
41 8 32 125
41 8 33 12
41 8 34 75
41 8 35 4
41 8 36 35
41 8 37 117
41 8 38 11
41 8 39 10
41 8 40 95
41 8 41 27
41 8 42 109
41 9 0 77
41 9 1 7
41 9 2 93
41 9 3 100
41 9 4 19
41 9 5 114
41 9 6 47
41 9 7 61
41 9 8 85
41 9 9 11
41 9 10 106
41 9 11 70
41 9 12 54
41 9 13 81
41 9 14 34
41 9 15 9
41 9 16 105
41 9 17 68
41 9 18 65
41 9 19 126
41 9 20 31
41 9 21 79
41 9 22 60
41 9 23 67
41 9 24 118
41 9 25 32
41 9 26 45
41 9 27 96
41 9 28 3
41 9 29 83
41 9 30 51
41 9 31 56
41 9 32 17
41 9 33 95
41 9 34 28
41 9 35 40
41 9 36 116
41 9 37 1
41 9 38 4
41 9 39 94
41 9 40 16
41 9 41 108
41 9 42 115
41 10 0 6
41 10 1 76
41 10 2 99
41 10 3 21
41 10 4 113
41 10 5 120
41 10 6 28
41 10 7 77
41 10 8 8
41 10 9 46
41 10 10 112
41 10 11 119
41 10 12 68
41 10 13 32
41 10 14 7
41 10 15 104
41 10 16 111
41 10 17 51
41 10 18 52
41 10 19 5
41 10 20 96
41 10 21 49
41 10 22 67
41 10 23 81
41 10 24 31
41 10 25 88
41 10 26 59
41 10 27 3
41 10 28 65
41 10 29 116
41 10 30 123
41 10 31 35
41 10 32 94
41 10 33 20
41 10 34 24
41 10 35 115
41 10 36 33
41 10 37 0
41 10 38 69
41 10 39 39
41 10 40 84
41 10 41 114
41 10 42 64
41 11 0 47
41 11 1 98
41 11 2 29
41 11 3 84
41 11 4 82
41 11 5 126
41 11 6 53
41 11 7 15
41 11 8 65
41 11 9 43
41 11 10 118
41 11 11 125
41 11 12 22
41 11 13 30
41 11 14 103
41 11 15 110
41 11 16 117
41 11 17 124
41 11 18 10
41 11 19 76
41 11 20 69
41 11 21 67
41 11 22 116
41 11 23 9
41 11 24 48
41 11 25 79
41 11 26 37
41 11 27 50
41 11 28 115
41 11 29 122
41 11 30 26
41 11 31 51
41 11 32 31
41 11 33 42
41 11 34 114
41 11 35 23
41 11 36 39
41 11 37 92
41 11 38 17
41 11 39 80
41 11 40 113
41 11 41 120
41 11 42 25
41 12 0 97
41 12 1 15
41 12 2 111
41 12 3 60
41 12 4 66
41 12 5 89
41 12 6 4
41 12 7 45
41 12 8 51
41 12 9 84
41 12 10 70
41 12 11 17
41 12 12 19
41 12 13 102
41 12 14 109
41 12 15 72
41 12 16 75
41 12 17 6
41 12 18 71
41 12 19 101
41 12 20 57
41 12 21 115
41 12 22 9
41 12 23 49
41 12 24 93
41 12 25 38
41 12 26 107
41 12 27 114
41 12 28 121
41 12 29 1
41 12 30 92
41 12 31 40
41 12 32 5
41 12 33 113
41 12 34 35
41 12 35 37
41 12 36 91
41 12 37 13
41 12 38 105
41 12 39 64
41 12 40 80
41 12 41 33
41 12 42 79
41 13 0 29
41 13 1 110
41 13 2 117
41 13 3 124
41 13 4 55
41 13 5 4
41 13 6 69
41 13 7 75
41 13 8 116
41 13 9 123
41 13 10 7
41 13 11 19
41 13 12 67
41 13 13 108
41 13 14 80
41 13 15 62
41 13 16 14
41 13 17 93
41 13 18 82
41 13 19 107
41 13 20 114
41 13 21 25
41 13 22 81
41 13 23 78
41 13 24 11
41 13 25 106
41 13 26 113
41 13 27 49
41 13 28 6
41 13 29 91
41 13 30 10
41 13 31 42
41 13 32 112
41 13 33 3
41 13 34 27
41 13 35 90
41 13 36 0
41 13 37 104
41 13 38 111
41 13 39 57
41 13 40 35
41 13 41 89
41 13 42 56
41 14 0 109
41 14 1 55
41 14 2 79
41 14 3 87
41 14 4 9
41 14 5 101
41 14 6 48
41 14 7 115
41 14 8 122
41 14 9 18
41 14 10 20
41 14 11 100
41 14 12 47
41 14 13 57
41 14 14 75
41 14 15 24
41 14 16 68
41 14 17 81
41 14 18 106
41 14 19 113
41 14 20 14
41 14 21 84
41 14 22 62
41 14 23 13
41 14 24 64
41 14 25 71
41 14 26 119
41 14 27 15
41 14 28 90
41 14 29 32
41 14 30 38
41 14 31 111
41 14 32 26
41 14 33 10
41 14 34 73
41 14 35 17
41 14 36 103
41 14 37 110
41 14 38 117
41 14 39 3
41 14 40 74
41 14 41 95
41 14 42 23
41 15 0 53
41 15 1 56
41 15 2 86
41 15 3 6
41 15 4 62
41 15 5 107
41 15 6 114
41 15 7 121
41 15 8 22
41 15 9 19
41 15 10 99
41 15 11 50
41 15 12 77
41 15 13 120
41 15 14 30
41 15 15 78
41 15 16 63
41 15 17 61
41 15 18 85
41 15 19 17
41 15 20 60
41 15 21 71
41 15 22 3
41 15 23 43
41 15 24 111
41 15 25 118
41 15 26 2
41 15 27 84
41 15 28 34
41 15 29 20
41 15 30 110
41 15 31 36
41 15 32 39
41 15 33 88
41 15 34 18
41 15 35 102
41 15 36 109
41 15 37 81
41 15 38 28
41 15 39 87
41 15 40 94
41 15 41 7
41 15 42 108
41 16 0 43
41 16 1 44
41 16 2 25
41 16 3 72
41 16 4 106
41 16 5 113
41 16 6 76
41 16 7 42
41 16 8 9
41 16 9 98
41 16 10 105
41 16 11 112
41 16 12 75
41 16 13 4
41 16 14 46
41 16 15 55
41 16 16 51
41 16 17 111
41 16 18 21
41 16 19 125
41 16 20 89
41 16 21 6
41 16 22 79
41 16 23 110
41 16 24 73
41 16 25 18
41 16 26 88
41 16 27 0
41 16 28 5
41 16 29 109
41 16 30 8
41 16 31 31
41 16 32 47
41 16 33 39
41 16 34 58
41 16 35 108
41 16 36 69
41 16 37 26
41 16 38 86
41 16 39 54
41 16 40 7
41 16 41 64
41 16 42 82
41 17 0 24
41 17 1 31
41 17 2 68
41 17 3 47
41 17 4 79
41 17 5 119
41 17 6 38
41 17 7 18
41 17 8 97
41 17 9 104
41 17 10 57
41 17 11 58
41 17 12 25
41 17 13 89
41 17 14 96
41 17 15 75
41 17 16 110
41 17 17 27
41 17 18 72
41 17 19 44
41 17 20 2
41 17 21 51
41 17 22 109
41 17 23 116
41 17 24 37
41 17 25 43
41 17 26 14
41 17 27 23
41 17 28 108
41 17 29 16
41 17 30 32
41 17 31 77
41 17 32 40
41 17 33 100
41 17 34 66
41 17 35 70
41 17 36 10
41 17 37 60
41 17 38 92
41 17 39 21
41 17 40 62
41 17 41 81
41 17 42 120
41 18 0 42
41 18 1 54
41 18 2 82
41 18 3 111
41 18 4 118
41 18 5 9
41 18 6 31
41 18 7 73
41 18 8 103
41 18 9 67
41 18 10 117
41 18 11 27
41 18 12 62
41 18 13 48
41 18 14 76
41 18 15 109
41 18 16 30
41 18 17 123
41 18 18 87
41 18 19 26
41 18 20 101
41 18 21 108
41 18 22 115
41 18 23 10
41 18 24 58
41 18 25 29
41 18 26 40
41 18 27 107
41 18 28 35
41 18 29 24
41 18 30 72
41 18 31 22
41 18 32 99
41 18 33 59
41 18 34 60
41 18 35 13
41 18 36 5
41 18 37 91
41 18 38 6
41 18 39 105
41 18 40 112
41 18 41 68
41 18 42 126
41 19 0 96
41 19 1 58
41 19 2 110
41 19 3 52
41 19 4 42
41 19 5 16
41 19 6 95
41 19 7 102
41 19 8 43
41 19 9 71
41 19 10 23
41 19 11 87
41 19 12 57
41 19 13 101
41 19 14 108
41 19 15 18
41 19 16 122
41 19 17 86
41 19 18 5
41 19 19 65
41 19 20 66
41 19 21 114
41 19 22 29
41 19 23 53
41 19 24 35
41 19 25 19
41 19 26 106
41 19 27 12
41 19 28 0
41 19 29 67
41 19 30 24
41 19 31 98
41 19 32 105
41 19 33 112
41 19 34 3
41 19 35 126
41 19 36 90
41 19 37 15
41 19 38 104
41 19 39 49
41 19 40 77
41 19 41 63
41 19 42 31
41 20 0 68
41 20 1 109
41 20 2 116
41 20 3 23
41 20 4 40
41 20 5 94
41 20 6 46
41 20 7 78
41 20 8 57
41 20 9 8
41 20 10 86
41 20 11 93
41 20 12 44
41 20 13 63
41 20 14 24
41 20 15 121
41 20 16 65
41 20 17 36
41 20 18 55
41 20 19 59
41 20 20 113
41 20 21 15
41 20 22 48
41 20 23 39
41 20 24 27
41 20 25 105
41 20 26 20
41 20 27 4
41 20 28 82
41 20 29 10
41 20 30 97
41 20 31 104
41 20 32 74
41 20 33 34
41 20 34 81
41 20 35 53
41 20 36 21
41 20 37 103
41 20 38 50
41 20 39 117
41 20 40 124
41 20 41 16
41 20 42 67
41 21 0 108
41 21 1 115
41 21 2 8
41 21 3 30
41 21 4 49
41 21 5 100
41 21 6 107
41 21 7 53
41 21 8 40
41 21 9 81
41 21 10 82
41 21 11 43
41 21 12 61
41 21 13 33
41 21 14 71
41 21 15 34
41 21 16 26
41 21 17 56
41 21 18 105
41 21 19 67
41 21 20 17
41 21 21 78
41 21 22 15
41 21 23 4
41 21 24 104
41 21 25 42
41 21 26 10
41 21 27 125
41 21 28 29
41 21 29 52
41 21 30 103
41 21 31 46
41 21 32 13
41 21 33 124
41 21 34 88
41 21 35 9
41 21 36 102
41 21 37 74
41 21 38 70
41 21 39 79
41 21 40 12
41 21 41 50
41 21 42 101
41 22 0 114
41 22 1 21
41 22 2 1
41 22 3 92
41 22 4 99
41 22 5 106
41 22 6 63
41 22 7 8
41 22 8 15
41 22 9 69
41 22 10 72
41 22 11 105
41 22 12 18
41 22 13 119
41 22 14 126
41 22 15 29
41 22 16 44
41 22 17 104
41 22 18 111
41 22 19 42
41 22 20 125
41 22 21 7
41 22 22 23
41 22 23 103
41 22 24 16
41 22 25 25
41 22 26 84
41 22 27 2
41 22 28 95
41 22 29 102
41 22 30 82
41 22 31 37
41 22 32 54
41 22 33 65
41 22 34 12
41 22 35 83
41 22 36 64
41 22 37 62
41 22 38 47
41 22 39 14
41 22 40 93
41 22 41 48
41 22 42 75
41 23 0 30
41 23 1 40
41 23 2 91
41 23 3 98
41 23 4 77
41 23 5 112
41 23 6 14
41 23 7 126
41 23 8 46
41 23 9 70
41 23 10 104
41 23 11 32
41 23 12 118
41 23 13 51
41 23 14 13
41 23 15 96
41 23 16 103
41 23 17 110
41 23 18 0
41 23 19 52
41 23 20 8
41 23 21 31
41 23 22 102
41 23 23 34
41 23 24 39
41 23 25 123
41 23 26 21
41 23 27 94
41 23 28 54
41 23 29 61
41 23 30 33
41 23 31 63
41 23 32 84
41 23 33 18
41 23 34 100
41 23 35 107
41 23 36 44
41 23 37 57
41 23 38 35
41 23 39 50
41 23 40 68
41 23 41 78
41 23 42 113
41 24 0 17
41 24 1 90
41 24 2 97
41 24 3 50
41 24 4 56
41 24 5 33
41 24 6 70
41 24 7 89
41 24 8 96
41 24 9 103
41 24 10 32
41 24 11 69
41 24 12 124
41 24 13 11
41 24 14 68
41 24 15 102
41 24 16 109
41 24 17 21
41 24 18 123
41 24 19 0
41 24 20 3
41 24 21 101
41 24 22 19
41 24 23 5
41 24 24 122
41 24 25 37
41 24 26 76
41 24 27 100
41 24 28 107
41 24 29 36
41 24 30 47
41 24 31 44
41 24 32 22
41 24 33 99
41 24 34 106
41 24 35 43
41 24 36 120
41 24 37 9
41 24 38 63
41 24 39 45
41 24 40 105
41 24 41 58
41 24 42 20
41 25 0 55
41 25 1 84
41 25 2 74
41 25 3 80
41 25 4 30
41 25 5 124
41 25 6 59
41 25 7 65
41 25 8 102
41 25 9 16
41 25 10 116
41 25 11 46
41 25 12 36
41 25 13 45
41 25 14 61
41 25 15 108
41 25 16 22
41 25 17 122
41 25 18 29
41 25 19 13
41 25 20 100
41 25 21 1
41 25 22 7
41 25 23 121
41 25 24 24
41 25 25 92
41 25 26 99
41 25 27 106
41 25 28 26
41 25 29 120
41 25 30 76
41 25 31 25
41 25 32 98
41 25 33 68
41 25 34 112
41 25 35 54
41 25 36 15
41 25 37 50
41 25 38 53
41 25 39 104
41 25 40 111
41 25 41 19
41 25 42 21
41 26 0 95
41 26 1 82
41 26 2 60
41 26 3 35
41 26 4 72
41 26 5 87
41 26 6 43
41 26 7 84
41 26 8 10
41 26 9 115
41 26 10 78
41 26 11 4
41 26 12 93
41 26 13 100
41 26 14 45
41 26 15 39
41 26 16 121
41 26 17 12
41 26 18 36
41 26 19 99
41 26 20 40
41 26 21 29
41 26 22 74
41 26 23 33
41 26 24 91
41 26 25 98
41 26 26 75
41 26 27 28
41 26 28 46
41 26 29 77
41 26 30 14
41 26 31 97
41 26 32 58
41 26 33 56
41 26 34 49
41 26 35 25
41 26 36 89
41 26 37 96
41 26 38 103
41 26 39 110
41 26 40 20
41 26 41 32
41 26 42 88
41 27 0 101
41 27 1 79
41 27 2 35
41 27 3 48
41 27 4 86
41 27 5 93
41 27 6 100
41 27 7 24
41 27 8 114
41 27 9 49
41 27 10 6
41 27 11 61
41 27 12 99
41 27 13 84
41 27 14 26
41 27 15 56
41 27 16 2
41 27 17 4
41 27 18 98
41 27 19 34
41 27 20 42
41 27 21 119
41 27 22 38
41 27 23 90
41 27 24 97
41 27 25 60
41 27 26 1
41 27 27 66
41 27 28 125
41 27 29 30
41 27 30 44
41 27 31 58
41 27 32 76
41 27 33 117
41 27 34 33
41 27 35 73
41 27 36 74
41 27 37 102
41 27 38 109
41 27 39 20
41 27 40 22
41 27 41 57
41 27 42 94
41 28 0 107
41 28 1 24
41 28 2 83
41 28 3 64
41 28 4 78
41 28 5 99
41 28 6 10
41 28 7 113
41 28 8 120
41 28 9 14
41 28 10 48
41 28 11 98
41 28 12 105
41 28 13 22
41 28 14 119
41 28 15 0
41 28 16 16
41 28 17 97
41 28 18 40
41 28 19 8
41 28 20 118
41 28 21 13
41 28 22 69
41 28 23 74
41 28 24 85
41 28 25 2
41 28 26 117
41 28 27 80
41 28 28 30
41 28 29 95
41 28 30 58
41 28 31 65
41 28 32 46
41 28 33 29
41 28 34 87
41 28 35 60
41 28 36 57
41 28 37 108
41 28 38 9
41 28 39 17
41 28 40 44
41 28 41 71
41 28 42 55
41 29 0 31
41 29 1 120
41 29 2 11
41 29 3 69
41 29 4 98
41 29 5 18
41 29 6 57
41 29 7 54
41 29 8 33
41 29 9 66
41 29 10 97
41 29 11 104
41 29 12 0
41 29 13 118
41 29 14 39
41 29 15 6
41 29 16 96
41 29 17 15
41 29 18 19
41 29 19 50
41 29 20 4
41 29 21 88
41 29 22 95
41 29 23 76
41 29 24 36
41 29 25 83
41 29 26 123
41 29 27 8
41 29 28 94
41 29 29 101
41 29 30 73
41 29 31 80
41 29 32 34
41 29 33 86
41 29 34 93
41 29 35 100
41 29 36 71
41 29 37 32
41 29 38 7
41 29 39 78
41 29 40 92
41 29 41 72
41 29 42 106
41 30 0 67
41 30 1 126
41 30 2 54
41 30 3 97
41 30 4 20
41 30 5 111
41 30 6 81
41 30 7 32
41 30 8 89
41 30 9 52
41 30 10 103
41 30 11 23
41 30 12 50
41 30 13 35
41 30 14 38
41 30 15 95
41 30 16 42
41 30 17 11
41 30 18 116
41 30 19 22
41 30 20 47
41 30 21 94
41 30 22 101
41 30 23 36
41 30 24 76
41 30 25 122
41 30 26 7
41 30 27 65
41 30 28 49
41 30 29 107
41 30 30 64
41 30 31 8
41 30 32 53
41 30 33 48
41 30 34 99
41 30 35 66
41 30 36 30
41 30 37 5
41 30 38 83
41 30 39 91
41 30 40 79
41 30 41 61
41 30 42 28
41 31 0 44
41 31 1 89
41 31 2 58
41 31 3 3
41 31 4 110
41 31 5 117
41 31 6 19
41 31 7 55
41 31 8 95
41 31 9 102
41 31 10 12
41 31 11 116
41 31 12 29
41 31 13 28
41 31 14 94
41 31 15 4
41 31 16 35
41 31 17 115
41 31 18 27
41 31 19 53
41 31 20 62
41 31 21 73
41 31 22 5
41 31 23 66
41 31 24 121
41 31 25 14
41 31 26 92
41 31 27 52
41 31 28 106
41 31 29 78
41 31 30 37
41 31 31 16
41 31 32 64
41 31 33 98
41 31 34 105
41 31 35 1
41 31 36 20
41 31 37 84
41 31 38 90
41 31 39 83
41 31 40 69
41 31 41 25
41 31 42 74
41 32 0 52
41 32 1 95
41 32 2 14
41 32 3 109
41 32 4 67
41 32 5 6
41 32 6 87
41 32 7 94
41 32 8 55
41 32 9 27
41 32 10 115
41 32 11 42
41 32 12 3
41 32 13 93
41 32 14 40
41 32 15 31
41 32 16 114
41 32 17 37
41 32 18 64
41 32 19 92
41 32 20 85
41 32 21 38
41 32 22 43
41 32 23 71
41 32 24 19
41 32 25 91
41 32 26 70
41 32 27 77
41 32 28 112
41 32 29 15
41 32 30 126
41 32 31 76
41 32 32 97
41 32 33 104
41 32 34 36
41 32 35 16
41 32 36 125
41 32 37 80
41 32 38 96
41 32 39 44
41 32 40 8
41 32 41 117
41 32 42 124
41 33 0 94
41 33 1 30
41 33 2 108
41 33 3 83
41 33 4 14
41 33 5 86
41 33 6 84
41 33 7 100
41 33 8 17
41 33 9 114
41 33 10 10
41 33 11 35
41 33 12 92
41 33 13 24
41 33 14 11
41 33 15 113
41 33 16 12
41 33 17 59
41 33 18 91
41 33 19 70
41 33 20 28
41 33 21 112
41 33 22 119
41 33 23 31
41 33 24 90
41 33 25 72
41 33 26 78
41 33 27 85
41 33 28 7
41 33 29 81
41 33 30 89
41 33 31 43
41 33 32 103
41 33 33 27
41 33 34 21
41 33 35 79
41 33 36 88
41 33 37 58
41 33 38 65
41 33 39 33
41 33 40 71
41 33 41 45
41 33 42 87
41 34 0 9
41 34 1 64
41 34 2 48
41 34 3 38
41 34 4 74
41 34 5 92
41 34 6 99
41 34 7 2
41 34 8 113
41 34 9 12
41 34 10 0
41 34 11 91
41 34 12 20
41 34 13 18
41 34 14 79
41 34 15 21
41 34 16 82
41 34 17 90
41 34 18 53
41 34 19 37
41 34 20 72
41 34 21 118
41 34 22 10
41 34 23 56
41 34 24 96
41 34 25 62
41 34 26 81
41 34 27 11
41 34 28 124
41 34 29 66
41 34 30 95
41 34 31 102
41 34 32 1
41 34 33 16
41 34 34 123
41 34 35 55
41 34 36 63
41 34 37 101
41 34 38 14
41 34 39 71
41 34 40 65
41 34 41 86
41 34 42 49
41 35 0 62
41 35 1 60
41 35 2 36
41 35 3 26
41 35 4 91
41 35 5 98
41 35 6 37
41 35 7 68
41 35 8 42
41 35 9 40
41 35 10 90
41 35 11 30
41 35 12 1
41 35 13 111
41 35 14 17
41 35 15 125
41 35 16 53
41 35 17 96
41 35 18 16
41 35 19 66
41 35 20 75
41 35 21 24
41 35 22 88
41 35 23 51
41 35 24 54
41 35 25 69
41 35 26 8
41 35 27 61
41 35 28 87
41 35 29 94
41 35 30 67
41 35 31 2
41 35 32 28
41 35 33 122
41 35 34 44
41 35 35 93
41 35 36 80
41 35 37 3
41 35 38 45
41 35 39 74
41 35 40 47
41 35 41 92
41 35 42 15
41 36 0 112
41 36 1 33
41 36 2 126
41 36 3 90
41 36 4 97
41 36 5 30
41 36 6 111
41 36 7 5
41 36 8 35
41 36 9 89
41 36 10 38
41 36 11 34
41 36 12 110
41 36 13 23
41 36 14 56
41 36 15 88
41 36 16 59
41 36 17 39
41 36 18 80
41 36 19 116
41 36 20 9
41 36 21 82
41 36 22 64
41 36 23 101
41 36 24 68
41 36 25 22
41 36 26 54
41 36 27 86
41 36 28 48
41 36 29 100
41 36 30 13
41 36 31 1
41 36 32 121
41 36 33 74
41 36 34 63
41 36 35 85
41 36 36 6
41 36 37 77
41 36 38 120
41 36 39 7
41 36 40 91
41 36 41 21
41 36 42 105
41 37 0 37
41 37 1 53
41 37 2 45
41 37 3 74
41 37 4 6
41 37 5 110
41 37 6 29
41 37 7 4
41 37 8 88
41 37 9 26
41 37 10 5
41 37 11 109
41 37 12 13
41 37 13 123
41 37 14 70
41 37 15 73
41 37 16 24
41 37 17 75
41 37 18 115
41 37 19 31
41 37 20 48
41 37 21 93
41 37 22 56
41 37 23 107
41 37 24 14
41 37 25 66
41 37 26 79
41 37 27 92
41 37 28 99
41 37 29 38
41 37 30 11
41 37 31 60
41 37 32 83
41 37 33 47
41 37 34 78
41 37 35 36
41 37 36 112
41 37 37 61
41 37 38 126
41 37 39 90
41 37 40 34
41 37 41 104
41 37 42 52
41 38 0 124
41 38 1 88
41 38 2 95
41 38 3 17
41 38 4 109
41 38 5 39
41 38 6 20
41 38 7 87
41 38 8 21
41 38 9 29
41 38 10 108
41 38 11 7
41 38 12 122
41 38 13 83
41 38 14 93
41 38 15 3
41 38 16 107
41 38 17 114
41 38 18 13
41 38 19 79
41 38 20 63
41 38 21 59
41 38 22 106
41 38 23 28
41 38 24 120
41 38 25 12
41 38 26 91
41 38 27 98
41 38 28 19
41 38 29 14
41 38 30 119
41 38 31 70
41 38 32 50
41 38 33 82
41 38 34 11
41 38 35 74
41 38 36 76
41 38 37 69
41 38 38 66
41 38 39 0
41 38 40 103
41 38 41 52
41 38 42 22
41 39 0 75
41 39 1 94
41 39 2 39
41 39 3 108
41 39 4 2
41 39 5 35
41 39 6 86
41 39 7 23
41 39 8 27
41 39 9 62
41 39 10 11
41 39 11 121
41 39 12 60
41 39 13 50
41 39 14 6
41 39 15 106
41 39 16 113
41 39 17 26
41 39 18 77
41 39 19 83
41 39 20 79
41 39 21 55
41 39 22 16
41 39 23 68
41 39 24 126
41 39 25 90
41 39 26 97
41 39 27 1
41 39 28 12
41 39 29 118
41 39 30 125
41 39 31 89
41 39 32 96
41 39 33 36
41 39 34 52
41 39 35 117
41 39 36 124
41 39 37 88
41 39 38 18
41 39 39 102
41 39 40 67
41 39 41 17
41 39 42 80
41 40 0 61
41 40 1 29
41 40 2 53
41 40 3 40
41 40 4 0
41 40 5 84
41 40 6 34
41 40 7 26
41 40 8 72
41 40 9 2
41 40 10 64
41 40 11 60
41 40 12 52
41 40 13 7
41 40 14 49
41 40 15 44
41 40 16 5
41 40 17 79
41 40 18 43
41 40 19 63
41 40 20 83
41 40 21 8
41 40 22 80
41 40 23 57
41 40 24 51
41 40 25 47
41 40 26 38
41 40 27 32
41 40 28 78
41 40 29 74
41 40 30 68
41 40 31 45
41 40 32 12
41 40 33 85
41 40 34 62
41 40 35 82
41 40 36 46
41 40 37 21
41 40 38 81
41 40 39 76
41 40 40 17
41 40 41 73
41 40 42 65
41 41 0 16
41 41 1 63
41 41 2 7
41 41 3 24
41 41 4 41
41 41 5 15
41 41 6 32
41 41 7 105
41 41 8 23
41 41 9 119
41 41 10 50
41 41 11 45
41 41 12 5
41 41 13 58
41 41 14 111
41 41 15 13
41 41 16 125
41 41 17 89
41 41 18 96
41 41 19 73
41 41 20 12
41 41 21 117
41 41 22 124
41 41 23 88
41 41 24 95
41 41 25 11
41 41 26 28
41 41 27 116
41 41 28 123
41 41 29 87
41 41 30 57
41 41 31 27
41 41 32 70
41 41 33 46
41 41 34 85
41 41 35 48
41 41 36 26
41 41 37 100
41 41 38 107
41 41 39 34
41 41 40 75
41 41 41 65
41 41 42 92
41 42 0 105
41 42 1 13
41 42 2 5
41 42 3 126
41 42 4 39
41 42 5 42
41 42 6 104
41 42 7 10
41 42 8 118
41 42 9 125
41 42 10 89
41 42 11 22
41 42 12 73
41 42 13 110
41 42 14 18
41 42 15 59
41 42 16 56
41 42 17 49
41 42 18 51
41 42 19 27
41 42 20 43
41 42 21 75
41 42 22 55
41 42 23 94
41 42 24 7
41 42 25 1
41 42 26 115
41 42 27 122
41 42 28 86
41 42 29 93
41 42 30 31
41 42 31 107
41 42 32 66
41 42 33 62
41 42 34 46
41 42 35 34
41 42 36 99
41 42 37 106
41 42 38 32
41 42 39 120
41 42 40 85
41 42 41 91
41 42 42 37
42 0 0 6
42 0 1 126
42 0 2 40
42 0 3 0
42 0 4 104
42 0 5 11
42 0 6 118
42 0 7 125
42 0 8 89
42 0 9 23
42 0 10 74
42 0 11 110
42 0 12 19
42 0 13 60
42 0 14 57
42 0 15 50
42 0 16 52
42 0 17 28
42 0 18 44
42 0 19 76
42 0 20 56
42 0 21 94
42 0 22 8
42 0 23 2
42 0 24 115
42 0 25 122
42 0 26 86
42 0 27 93
42 0 28 32
42 0 29 107
42 0 30 67
42 0 31 63
42 0 32 47
42 0 33 35
42 0 34 99
42 0 35 106
42 0 36 33
42 0 37 120
42 0 38 43
42 0 39 91
42 0 40 38
42 0 41 105
42 0 42 14
42 1 0 125
42 1 1 5
42 1 2 38
42 1 3 103
42 1 4 1
42 1 5 52
42 1 6 81
42 1 7 73
42 1 8 23
42 1 9 74
42 1 10 109
42 1 11 22
42 1 12 123
42 1 13 87
42 1 14 65
42 1 15 101
42 1 16 4
42 1 17 48
42 1 18 79
42 1 19 43
42 1 20 66
42 1 21 28
42 1 22 39
42 1 23 114
42 1 24 121
42 1 25 47
42 1 26 60
42 1 27 24
42 1 28 106
42 1 29 70
42 1 30 120
42 1 31 78
42 1 32 14
42 1 33 98
42 1 34 51
42 1 35 34
42 1 36 53
42 1 37 56
42 1 38 90
42 1 39 29
42 1 40 104
42 1 41 13
42 1 42 17
42 2 0 20
42 2 1 1
42 2 2 102
42 2 3 23
42 2 4 116
42 2 5 123
42 2 6 87
42 2 7 18
42 2 8 101
42 2 9 108
42 2 10 40
42 2 11 122
42 2 12 86
42 2 13 93
42 2 14 49
42 2 15 29
42 2 16 84
42 2 17 63
42 2 18 52
42 2 19 92
42 2 20 26
42 2 21 21
42 2 22 113
42 2 23 78
42 2 24 28
42 2 25 72
42 2 26 12
42 2 27 58
42 2 28 112
42 2 29 62
42 2 30 44
42 2 31 27
42 2 32 97
42 2 33 46
42 2 34 37
42 2 35 67
42 2 36 125
42 2 37 70
42 2 38 33
42 2 39 103
42 2 40 11
42 2 41 19
42 2 42 124
42 3 0 11
42 3 1 58
42 3 2 34
42 3 3 115
42 3 4 122
42 3 5 86
42 3 6 3
42 3 7 66
42 3 8 64
42 3 9 6
42 3 10 121
42 3 11 79
42 3 12 52
42 3 13 81
42 3 14 4
42 3 15 46
42 3 16 120
42 3 17 82
42 3 18 91
42 3 19 29
42 3 20 2
42 3 21 59
42 3 22 119
42 3 23 126
42 3 24 65
42 3 25 26
42 3 26 57
42 3 27 72
42 3 28 75
42 3 29 125
42 3 30 9
42 3 31 51
42 3 32 60
42 3 33 16
42 3 34 117
42 3 35 73
42 3 36 88
42 3 37 27
42 3 38 102
42 3 39 35
42 3 40 14
42 3 41 123
42 3 42 36
42 4 0 100
42 4 1 10
42 4 2 114
42 4 3 121
42 4 4 52
42 4 5 7
42 4 6 78
42 4 7 62
42 4 8 19
42 4 9 77
42 4 10 33
42 4 11 61
42 4 12 55
42 4 13 34
42 4 14 112
42 4 15 63
42 4 16 71
42 4 17 90
42 4 18 39
42 4 19 27
42 4 20 111
42 4 21 118
42 4 22 60
42 4 23 89
42 4 24 18
42 4 25 45
42 4 26 64
42 4 27 117
42 4 28 70
42 4 29 31
42 4 30 95
42 4 31 54
42 4 32 1
42 4 33 73
42 4 34 123
42 4 35 44
42 4 36 17
42 4 37 47
42 4 38 6
42 4 39 2
42 4 40 122
42 4 41 5
42 4 42 35
42 5 0 3
42 5 1 113
42 5 2 85
42 5 3 14
42 5 4 4
42 5 5 43
42 5 6 105
42 5 7 25
42 5 8 119
42 5 9 126
42 5 10 81
42 5 11 55
42 5 12 37
42 5 13 61
42 5 14 68
42 5 15 125
42 5 16 47
42 5 17 12
42 5 18 38
42 5 19 110
42 5 20 83
42 5 21 124
42 5 22 45
42 5 23 32
42 5 24 84
42 5 25 48
42 5 26 54
42 5 27 123
42 5 28 16
42 5 29 94
42 5 30 101
42 5 31 24
42 5 32 56
42 5 33 122
42 5 34 67
42 5 35 23
42 5 36 100
42 5 37 39
42 5 38 10
42 5 39 121
42 5 40 0
42 5 41 41
42 5 42 99
42 6 0 71
42 6 1 119
42 6 2 126
42 6 3 2
42 6 4 59
42 6 5 104
42 6 6 31
42 6 7 118
42 6 8 74
42 6 9 89
42 6 10 96
42 6 11 26
42 6 12 82
42 6 13 117
42 6 14 46
42 6 15 88
42 6 16 24
42 6 17 39
42 6 18 109
42 6 19 116
42 6 20 50
42 6 21 87
42 6 22 29
42 6 23 101
42 6 24 49
42 6 25 56
42 6 26 122
42 6 27 30
42 6 28 55
42 6 29 83
42 6 30 3
42 6 31 84
42 6 32 121
42 6 33 62
42 6 34 19
42 6 35 99
42 6 36 22
42 6 37 20
42 6 38 120
42 6 39 40
42 6 40 28
42 6 41 98
42 6 42 38
42 7 0 118
42 7 1 71
42 7 2 26
42 7 3 96
42 7 4 103
42 7 5 10
42 7 6 68
42 7 7 124
42 7 8 82
42 7 9 52
42 7 10 7
42 7 11 57
42 7 12 43
42 7 13 123
42 7 14 85
42 7 15 19
42 7 16 13
42 7 17 108
42 7 18 115
42 7 19 62
42 7 20 86
42 7 21 33
42 7 22 48
42 7 23 107
42 7 24 74
42 7 25 121
42 7 26 9
42 7 27 92
42 7 28 60
42 7 29 12
42 7 30 53
42 7 31 64
42 7 32 73
42 7 33 28
42 7 34 98
42 7 35 29
42 7 36 16
42 7 37 119
42 7 38 5
42 7 39 30
42 7 40 97
42 7 41 23
42 7 42 111
42 8 0 124
42 8 1 34
42 8 2 45
42 8 3 102
42 8 4 26
42 8 5 116
42 8 6 72
42 8 7 87
42 8 8 59
42 8 9 32
42 8 10 65
42 8 11 47
42 8 12 122
42 8 13 43
42 8 14 24
42 8 15 4
42 8 16 60
42 8 17 114
42 8 18 78
42 8 19 73
42 8 20 25
42 8 21 62
42 8 22 106
42 8 23 77
42 8 24 61
42 8 25 21
42 8 26 91
42 8 27 50
42 8 28 2
42 8 29 112
42 8 30 119
42 8 31 79
42 8 32 3
42 8 33 97
42 8 34 9
42 8 35 0
42 8 36 118
42 8 37 37
42 8 38 41
42 8 39 76
42 8 40 13
42 8 41 110
42 8 42 74
42 9 0 21
42 9 1 72
42 9 2 69
42 9 3 37
42 9 4 115
42 9 5 57
42 9 6 86
42 9 7 93
42 9 8 15
42 9 9 107
42 9 10 54
42 9 11 121
42 9 12 48
42 9 13 20
42 9 14 39
42 9 15 55
42 9 16 113
42 9 17 120
42 9 18 24
42 9 19 3
42 9 20 46
42 9 21 53
42 9 22 112
42 9 23 119
42 9 24 26
42 9 25 90
42 9 26 43
42 9 27 35
42 9 28 50
42 9 29 118
42 9 30 125
42 9 31 13
42 9 32 76
42 9 33 5
42 9 34 36
42 9 35 117
42 9 36 12
42 9 37 11
42 9 38 95
42 9 39 28
42 9 40 109
42 9 41 116
42 9 42 60
42 10 0 93
42 10 1 100
42 10 2 20
42 10 3 114
42 10 4 48
42 10 5 62
42 10 6 43
42 10 7 12
42 10 8 106
42 10 9 71
42 10 10 55
42 10 11 82
42 10 12 35
42 10 13 10
42 10 14 105
42 10 15 69
42 10 16 66
42 10 17 126
42 10 18 32
42 10 19 80
42 10 20 61
42 10 21 68
42 10 22 118
42 10 23 33
42 10 24 46
42 10 25 96
42 10 26 4
42 10 27 84
42 10 28 52
42 10 29 57
42 10 30 18
42 10 31 95
42 10 32 29
42 10 33 41
42 10 34 116
42 10 35 2
42 10 36 5
42 10 37 94
42 10 38 17
42 10 39 108
42 10 40 115
42 10 41 78
42 10 42 8
42 11 0 99
42 11 1 22
42 11 2 113
42 11 3 120
42 11 4 29
42 11 5 78
42 11 6 9
42 11 7 47
42 11 8 112
42 11 9 119
42 11 10 69
42 11 11 33
42 11 12 8
42 11 13 104
42 11 14 111
42 11 15 52
42 11 16 53
42 11 17 6
42 11 18 96
42 11 19 50
42 11 20 68
42 11 21 82
42 11 22 32
42 11 23 88
42 11 24 60
42 11 25 4
42 11 26 66
42 11 27 116
42 11 28 123
42 11 29 36
42 11 30 94
42 11 31 21
42 11 32 25
42 11 33 115
42 11 34 34
42 11 35 1
42 11 36 70
42 11 37 40
42 11 38 85
42 11 39 114
42 11 40 65
42 11 41 7
42 11 42 77
42 12 0 30
42 12 1 85
42 12 2 83
42 12 3 126
42 12 4 54
42 12 5 16
42 12 6 66
42 12 7 44
42 12 8 118
42 12 9 125
42 12 10 23
42 12 11 31
42 12 12 103
42 12 13 110
42 12 14 117
42 12 15 124
42 12 16 11
42 12 17 77
42 12 18 70
42 12 19 68
42 12 20 116
42 12 21 10
42 12 22 49
42 12 23 80
42 12 24 38
42 12 25 51
42 12 26 115
42 12 27 122
42 12 28 27
42 12 29 52
42 12 30 32
42 12 31 0
42 12 32 114
42 12 33 24
42 12 34 40
42 12 35 92
42 12 36 18
42 12 37 81
42 12 38 113
42 12 39 120
42 12 40 26
42 12 41 48
42 12 42 98
42 13 0 111
42 13 1 61
42 13 2 67
42 13 3 89
42 13 4 5
42 13 5 46
42 13 6 52
42 13 7 85
42 13 8 71
42 13 9 18
42 13 10 20
42 13 11 102
42 13 12 109
42 13 13 73
42 13 14 76
42 13 15 7
42 13 16 72
42 13 17 101
42 13 18 58
42 13 19 115
42 13 20 10
42 13 21 50
42 13 22 93
42 13 23 39
42 13 24 107
42 13 25 114
42 13 26 121
42 13 27 2
42 13 28 92
42 13 29 41
42 13 30 6
42 13 31 113
42 13 32 36
42 13 33 38
42 13 34 91
42 13 35 14
42 13 36 105
42 13 37 65
42 13 38 81
42 13 39 34
42 13 40 80
42 13 41 97
42 13 42 16
42 14 0 117
42 14 1 124
42 14 2 56
42 14 3 5
42 14 4 70
42 14 5 76
42 14 6 116
42 14 7 123
42 14 8 8
42 14 9 20
42 14 10 68
42 14 11 108
42 14 12 81
42 14 13 63
42 14 14 15
42 14 15 93
42 14 16 83
42 14 17 107
42 14 18 114
42 14 19 26
42 14 20 82
42 14 21 79
42 14 22 12
42 14 23 106
42 14 24 113
42 14 25 50
42 14 26 7
42 14 27 91
42 14 28 11
42 14 29 0
42 14 30 112
42 14 31 4
42 14 32 28
42 14 33 90
42 14 34 1
42 14 35 104
42 14 36 111
42 14 37 58
42 14 38 36
42 14 39 89
42 14 40 57
42 14 41 30
42 14 42 110
42 15 0 80
42 15 1 87
42 15 2 10
42 15 3 101
42 15 4 49
42 15 5 115
42 15 6 122
42 15 7 19
42 15 8 21
42 15 9 100
42 15 10 48
42 15 11 58
42 15 12 76
42 15 13 25
42 15 14 69
42 15 15 82
42 15 16 106
42 15 17 113
42 15 18 15
42 15 19 85
42 15 20 63
42 15 21 14
42 15 22 65
42 15 23 72
42 15 24 119
42 15 25 16
42 15 26 90
42 15 27 33
42 15 28 39
42 15 29 111
42 15 30 27
42 15 31 11
42 15 32 74
42 15 33 18
42 15 34 103
42 15 35 110
42 15 36 117
42 15 37 4
42 15 38 75
42 15 39 95
42 15 40 24
42 15 41 109
42 15 42 56
42 16 0 86
42 16 1 7
42 16 2 63
42 16 3 107
42 16 4 114
42 16 5 121
42 16 6 23
42 16 7 20
42 16 8 99
42 16 9 51
42 16 10 78
42 16 11 120
42 16 12 31
42 16 13 79
42 16 14 64
42 16 15 62
42 16 16 43
42 16 17 18
42 16 18 61
42 16 19 72
42 16 20 4
42 16 21 44
42 16 22 111
42 16 23 118
42 16 24 3
42 16 25 85
42 16 26 35
42 16 27 21
42 16 28 110
42 16 29 37
42 16 30 40
42 16 31 88
42 16 32 19
42 16 33 102
42 16 34 109
42 16 35 82
42 16 36 29
42 16 37 87
42 16 38 94
42 16 39 8
42 16 40 108
42 16 41 54
42 16 42 57
42 17 0 26
42 17 1 73
42 17 2 106
42 17 3 113
42 17 4 77
42 17 5 0
42 17 6 10
42 17 7 98
42 17 8 105
42 17 9 112
42 17 10 76
42 17 11 5
42 17 12 47
42 17 13 56
42 17 14 52
42 17 15 111
42 17 16 22
42 17 17 125
42 17 18 89
42 17 19 7
42 17 20 80
42 17 21 110
42 17 22 74
42 17 23 19
42 17 24 88
42 17 25 1
42 17 26 6
42 17 27 109
42 17 28 9
42 17 29 32
42 17 30 48
42 17 31 40
42 17 32 59
42 17 33 108
42 17 34 70
42 17 35 27
42 17 36 86
42 17 37 55
42 17 38 8
42 17 39 65
42 17 40 83
42 17 41 44
42 17 42 45
42 18 0 69
42 18 1 48
42 18 2 80
42 18 3 119
42 18 4 39
42 18 5 19
42 18 6 97
42 18 7 104
42 18 8 58
42 18 9 59
42 18 10 26
42 18 11 89
42 18 12 96
42 18 13 76
42 18 14 110
42 18 15 28
42 18 16 73
42 18 17 45
42 18 18 3
42 18 19 52
42 18 20 109
42 18 21 116
42 18 22 38
42 18 23 44
42 18 24 15
42 18 25 24
42 18 26 108
42 18 27 17
42 18 28 33
42 18 29 78
42 18 30 41
42 18 31 100
42 18 32 67
42 18 33 71
42 18 34 11
42 18 35 61
42 18 36 92
42 18 37 22
42 18 38 63
42 18 39 82
42 18 40 120
42 18 41 25
42 18 42 32
42 19 0 83
42 19 1 111
42 19 2 118
42 19 3 10
42 19 4 32
42 19 5 74
42 19 6 103
42 19 7 68
42 19 8 117
42 19 9 28
42 19 10 63
42 19 11 49
42 19 12 77
42 19 13 109
42 19 14 31
42 19 15 123
42 19 16 87
42 19 17 27
42 19 18 101
42 19 19 108
42 19 20 115
42 19 21 11
42 19 22 59
42 19 23 30
42 19 24 41
42 19 25 107
42 19 26 36
42 19 27 25
42 19 28 73
42 19 29 23
42 19 30 99
42 19 31 60
42 19 32 61
42 19 33 14
42 19 34 6
42 19 35 91
42 19 36 7
42 19 37 105
42 19 38 112
42 19 39 69
42 19 40 126
42 19 41 0
42 19 42 55
42 20 0 110
42 20 1 53
42 20 2 0
42 20 3 17
42 20 4 95
42 20 5 102
42 20 6 44
42 20 7 72
42 20 8 24
42 20 9 87
42 20 10 58
42 20 11 101
42 20 12 108
42 20 13 19
42 20 14 122
42 20 15 86
42 20 16 6
42 20 17 66
42 20 18 67
42 20 19 114
42 20 20 30
42 20 21 54
42 20 22 36
42 20 23 20
42 20 24 106
42 20 25 13
42 20 26 1
42 20 27 68
42 20 28 25
42 20 29 98
42 20 30 105
42 20 31 112
42 20 32 4
42 20 33 126
42 20 34 90
42 20 35 16
42 20 36 104
42 20 37 50
42 20 38 78
42 20 39 64
42 20 40 32
42 20 41 96
42 20 42 59
42 21 0 116
42 21 1 24
42 21 2 41
42 21 3 94
42 21 4 47
42 21 5 79
42 21 6 58
42 21 7 9
42 21 8 86
42 21 9 93
42 21 10 45
42 21 11 64
42 21 12 25
42 21 13 121
42 21 14 66
42 21 15 37
42 21 16 56
42 21 17 60
42 21 18 113
42 21 19 16
42 21 20 49
42 21 21 40
42 21 22 28
42 21 23 105
42 21 24 21
42 21 25 5
42 21 26 83
42 21 27 11
42 21 28 97
42 21 29 104
42 21 30 75
42 21 31 35
42 21 32 82
42 21 33 54
42 21 34 22
42 21 35 103
42 21 36 51
42 21 37 117
42 21 38 124
42 21 39 17
42 21 40 68
42 21 41 69
42 21 42 109
42 22 0 9
42 22 1 31
42 22 2 50
42 22 3 100
42 22 4 107
42 22 5 54
42 22 6 41
42 22 7 82
42 22 8 83
42 22 9 44
42 22 10 62
42 22 11 34
42 22 12 72
42 22 13 35
42 22 14 27
42 22 15 57
42 22 16 105
42 22 17 68
42 22 18 18
42 22 19 79
42 22 20 16
42 22 21 5
42 22 22 104
42 22 23 0
42 22 24 11
42 22 25 125
42 22 26 30
42 22 27 53
42 22 28 103
42 22 29 47
42 22 30 14
42 22 31 124
42 22 32 88
42 22 33 10
42 22 34 102
42 22 35 75
42 22 36 71
42 22 37 80
42 22 38 13
42 22 39 51
42 22 40 101
42 22 41 108
42 22 42 115
42 23 0 2
42 23 1 92
42 23 2 99
42 23 3 106
42 23 4 64
42 23 5 9
42 23 6 16
42 23 7 70
42 23 8 73
42 23 9 105
42 23 10 19
42 23 11 119
42 23 12 126
42 23 13 30
42 23 14 45
42 23 15 104
42 23 16 111
42 23 17 0
42 23 18 125
42 23 19 8
42 23 20 24
42 23 21 103
42 23 22 17
42 23 23 26
42 23 24 85
42 23 25 3
42 23 26 95
42 23 27 102
42 23 28 83
42 23 29 38
42 23 30 55
42 23 31 66
42 23 32 13
42 23 33 84
42 23 34 65
42 23 35 63
42 23 36 48
42 23 37 15
42 23 38 93
42 23 39 49
42 23 40 76
42 23 41 114
42 23 42 22
42 24 0 91
42 24 1 98
42 24 2 78
42 24 3 112
42 24 4 15
42 24 5 126
42 24 6 47
42 24 7 71
42 24 8 104
42 24 9 33
42 24 10 118
42 24 11 52
42 24 12 14
42 24 13 96
42 24 14 103
42 24 15 110
42 24 16 1
42 24 17 53
42 24 18 9
42 24 19 32
42 24 20 102
42 24 21 35
42 24 22 40
42 24 23 123
42 24 24 22
42 24 25 94
42 24 26 55
42 24 27 62
42 24 28 34
42 24 29 64
42 24 30 85
42 24 31 19
42 24 32 100
42 24 33 107
42 24 34 45
42 24 35 58
42 24 36 36
42 24 37 51
42 24 38 69
42 24 39 79
42 24 40 113
42 24 41 31
42 24 42 41
42 25 0 97
42 25 1 51
42 25 2 57
42 25 3 34
42 25 4 71
42 25 5 89
42 25 6 96
42 25 7 103
42 25 8 33
42 25 9 70
42 25 10 124
42 25 11 12
42 25 12 69
42 25 13 102
42 25 14 109
42 25 15 22
42 25 16 123
42 25 17 1
42 25 18 4
42 25 19 101
42 25 20 20
42 25 21 6
42 25 22 122
42 25 23 38
42 25 24 77
42 25 25 100
42 25 26 107
42 25 27 37
42 25 28 48
42 25 29 45
42 25 30 23
42 25 31 99
42 25 32 106
42 25 33 44
42 25 34 120
42 25 35 10
42 25 36 64
42 25 37 46
42 25 38 105
42 25 39 59
42 25 40 21
42 25 41 18
42 25 42 90
42 26 0 75
42 26 1 81
42 26 2 31
42 26 3 124
42 26 4 60
42 26 5 66
42 26 6 102
42 26 7 17
42 26 8 116
42 26 9 47
42 26 10 37
42 26 11 46
42 26 12 62
42 26 13 108
42 26 14 23
42 26 15 122
42 26 16 30
42 26 17 14
42 26 18 100
42 26 19 2
42 26 20 8
42 26 21 121
42 26 22 25
42 26 23 92
42 26 24 99
42 26 25 106
42 26 26 27
42 26 27 120
42 26 28 77
42 26 29 26
42 26 30 98
42 26 31 69
42 26 32 112
42 26 33 55
42 26 34 16
42 26 35 51
42 26 36 54
42 26 37 104
42 26 38 111
42 26 39 20
42 26 40 22
42 26 41 56
42 26 42 85
42 27 0 61
42 27 1 36
42 27 2 73
42 27 3 87
42 27 4 44
42 27 5 85
42 27 6 11
42 27 7 115
42 27 8 79
42 27 9 5
42 27 10 93
42 27 11 100
42 27 12 46
42 27 13 40
42 27 14 121
42 27 15 13
42 27 16 37
42 27 17 99
42 27 18 41
42 27 19 30
42 27 20 75
42 27 21 34
42 27 22 91
42 27 23 98
42 27 24 76
42 27 25 29
42 27 26 47
42 27 27 78
42 27 28 15
42 27 29 97
42 27 30 59
42 27 31 57
42 27 32 50
42 27 33 26
42 27 34 89
42 27 35 96
42 27 36 103
42 27 37 110
42 27 38 21
42 27 39 33
42 27 40 88
42 27 41 95
42 27 42 83
42 28 0 36
42 28 1 49
42 28 2 86
42 28 3 93
42 28 4 100
42 28 5 25
42 28 6 114
42 28 7 50
42 28 8 7
42 28 9 62
42 28 10 99
42 28 11 85
42 28 12 27
42 28 13 57
42 28 14 3
42 28 15 5
42 28 16 98
42 28 17 35
42 28 18 0
42 28 19 119
42 28 20 39
42 28 21 90
42 28 22 97
42 28 23 61
42 28 24 2
42 28 25 67
42 28 26 125
42 28 27 31
42 28 28 45
42 28 29 59
42 28 30 77
42 28 31 117
42 28 32 34
42 28 33 74
42 28 34 75
42 28 35 102
42 28 36 109
42 28 37 21
42 28 38 23
42 28 39 58
42 28 40 94
42 28 41 101
42 28 42 80
42 29 0 84
42 29 1 65
42 29 2 79
42 29 3 99
42 29 4 11
42 29 5 113
42 29 6 120
42 29 7 15
42 29 8 49
42 29 9 98
42 29 10 105
42 29 11 23
42 29 12 119
42 29 13 1
42 29 14 17
42 29 15 97
42 29 16 41
42 29 17 9
42 29 18 118
42 29 19 14
42 29 20 70
42 29 21 75
42 29 22 43
42 29 23 3
42 29 24 117
42 29 25 81
42 29 26 31
42 29 27 95
42 29 28 59
42 29 29 66
42 29 30 47
42 29 31 30
42 29 32 87
42 29 33 61
42 29 34 58
42 29 35 108
42 29 36 10
42 29 37 18
42 29 38 45
42 29 39 72
42 29 40 56
42 29 41 107
42 29 42 25
42 30 0 12
42 30 1 70
42 30 2 98
42 30 3 19
42 30 4 58
42 30 5 55
42 30 6 34
42 30 7 67
42 30 8 97
42 30 9 104
42 30 10 1
42 30 11 118
42 30 12 40
42 30 13 7
42 30 14 96
42 30 15 16
42 30 16 20
42 30 17 51
42 30 18 5
42 30 19 88
42 30 20 95
42 30 21 77
42 30 22 37
42 30 23 84
42 30 24 123
42 30 25 9
42 30 26 94
42 30 27 101
42 30 28 74
42 30 29 81
42 30 30 35
42 30 31 86
42 30 32 93
42 30 33 100
42 30 34 72
42 30 35 33
42 30 36 8
42 30 37 79
42 30 38 92
42 30 39 73
42 30 40 106
42 30 41 32
42 30 42 120
42 31 0 55
42 31 1 97
42 31 2 21
42 31 3 111
42 31 4 82
42 31 5 33
42 31 6 89
42 31 7 53
42 31 8 103
42 31 9 24
42 31 10 51
42 31 11 36
42 31 12 39
42 31 13 95
42 31 14 0
42 31 15 12
42 31 16 116
42 31 17 23
42 31 18 48
42 31 19 94
42 31 20 101
42 31 21 37
42 31 22 77
42 31 23 122
42 31 24 8
42 31 25 66
42 31 26 50
42 31 27 107
42 31 28 65
42 31 29 9
42 31 30 54
42 31 31 49
42 31 32 99
42 31 33 67
42 31 34 31
42 31 35 6
42 31 36 84
42 31 37 91
42 31 38 80
42 31 39 62
42 31 40 29
42 31 41 68
42 31 42 126
42 32 0 59
42 32 1 4
42 32 2 110
42 32 3 117
42 32 4 20
42 32 5 56
42 32 6 95
42 32 7 102
42 32 8 13
42 32 9 116
42 32 10 30
42 32 11 29
42 32 12 94
42 32 13 5
42 32 14 36
42 32 15 115
42 32 16 28
42 32 17 54
42 32 18 63
42 32 19 74
42 32 20 6
42 32 21 67
42 32 22 121
42 32 23 15
42 32 24 92
42 32 25 53
42 32 26 106
42 32 27 79
42 32 28 38
42 32 29 17
42 32 30 65
42 32 31 98
42 32 32 105
42 32 33 2
42 32 34 21
42 32 35 85
42 32 36 90
42 32 37 84
42 32 38 70
42 32 39 26
42 32 40 75
42 32 41 45
42 32 42 89
42 33 0 15
42 33 1 109
42 33 2 68
42 33 3 7
42 33 4 87
42 33 5 94
42 33 6 56
42 33 7 28
42 33 8 115
42 33 9 0
42 33 10 4
42 33 11 93
42 33 12 41
42 33 13 32
42 33 14 114
42 33 15 38
42 33 16 65
42 33 17 92
42 33 18 43
42 33 19 39
42 33 20 44
42 33 21 72
42 33 22 20
42 33 23 91
42 33 24 71
42 33 25 78
42 33 26 112
42 33 27 16
42 33 28 126
42 33 29 77
42 33 30 97
42 33 31 104
42 33 32 37
42 33 33 17
42 33 34 125
42 33 35 81
42 33 36 96
42 33 37 45
42 33 38 9
42 33 39 117
42 33 40 124
42 33 41 53
42 33 42 95
42 34 0 108
42 34 1 84
42 34 2 15
42 34 3 86
42 34 4 85
42 34 5 100
42 34 6 18
42 34 7 114
42 34 8 11
42 34 9 36
42 34 10 92
42 34 11 25
42 34 12 12
42 34 13 113
42 34 14 13
42 34 15 60
42 34 16 91
42 34 17 71
42 34 18 29
42 34 19 112
42 34 20 119
42 34 21 32
42 34 22 90
42 34 23 73
42 34 24 79
42 34 25 43
42 34 26 8
42 34 27 82
42 34 28 89
42 34 29 44
42 34 30 103
42 34 31 28
42 34 32 22
42 34 33 80
42 34 34 88
42 34 35 59
42 34 36 66
42 34 37 34
42 34 38 72
42 34 39 46
42 34 40 87
42 34 41 94
42 34 42 31
42 35 0 49
42 35 1 39
42 35 2 75
42 35 3 92
42 35 4 99
42 35 5 3
42 35 6 113
42 35 7 13
42 35 8 1
42 35 9 91
42 35 10 21
42 35 11 19
42 35 12 80
42 35 13 22
42 35 14 83
42 35 15 90
42 35 16 54
42 35 17 38
42 35 18 73
42 35 19 118
42 35 20 11
42 35 21 57
42 35 22 96
42 35 23 63
42 35 24 82
42 35 25 12
42 35 26 124
42 35 27 67
42 35 28 95
42 35 29 102
42 35 30 2
42 35 31 17
42 35 32 123
42 35 33 56
42 35 34 64
42 35 35 101
42 35 36 15
42 35 37 72
42 35 38 66
42 35 39 86
42 35 40 50
42 35 41 10
42 35 42 65
42 36 0 37
42 36 1 27
42 36 2 91
42 36 3 98
42 36 4 38
42 36 5 69
42 36 6 0
42 36 7 41
42 36 8 90
42 36 9 31
42 36 10 2
42 36 11 111
42 36 12 18
42 36 13 125
42 36 14 54
42 36 15 96
42 36 16 17
42 36 17 67
42 36 18 76
42 36 19 25
42 36 20 88
42 36 21 52
42 36 22 55
42 36 23 70
42 36 24 9
42 36 25 62
42 36 26 87
42 36 27 94
42 36 28 68
42 36 29 3
42 36 30 29
42 36 31 122
42 36 32 45
42 36 33 93
42 36 34 81
42 36 35 4
42 36 36 46
42 36 37 75
42 36 38 48
42 36 39 92
42 36 40 16
42 36 41 63
42 36 42 61
42 37 0 126
42 37 1 90
42 37 2 97
42 37 3 31
42 37 4 111
42 37 5 6
42 37 6 36
42 37 7 89
42 37 8 39
42 37 9 35
42 37 10 110
42 37 11 24
42 37 12 57
42 37 13 88
42 37 14 60
42 37 15 40
42 37 16 81
42 37 17 116
42 37 18 10
42 37 19 83
42 37 20 65
42 37 21 101
42 37 22 69
42 37 23 23
42 37 24 55
42 37 25 86
42 37 26 49
42 37 27 100
42 37 28 14
42 37 29 2
42 37 30 121
42 37 31 75
42 37 32 64
42 37 33 43
42 37 34 7
42 37 35 78
42 37 36 120
42 37 37 8
42 37 38 91
42 37 39 22
42 37 40 105
42 37 41 112
42 37 42 34
42 38 0 46
42 38 1 75
42 38 2 7
42 38 3 110
42 38 4 30
42 38 5 5
42 38 6 88
42 38 7 27
42 38 8 6
42 38 9 109
42 38 10 14
42 38 11 123
42 38 12 71
42 38 13 74
42 38 14 25
42 38 15 76
42 38 16 115
42 38 17 32
42 38 18 49
42 38 19 93
42 38 20 57
42 38 21 107
42 38 22 15
42 38 23 67
42 38 24 80
42 38 25 92
42 38 26 99
42 38 27 39
42 38 28 12
42 38 29 61
42 38 30 84
42 38 31 48
42 38 32 79
42 38 33 37
42 38 34 112
42 38 35 62
42 38 36 126
42 38 37 90
42 38 38 35
42 38 39 104
42 38 40 53
42 38 41 38
42 38 42 54
42 39 0 95
42 39 1 18
42 39 2 109
42 39 3 40
42 39 4 21
42 39 5 87
42 39 6 22
42 39 7 30
42 39 8 108
42 39 9 8
42 39 10 122
42 39 11 84
42 39 12 93
42 39 13 4
42 39 14 107
42 39 15 114
42 39 16 14
42 39 17 80
42 39 18 64
42 39 19 60
42 39 20 106
42 39 21 29
42 39 22 120
42 39 23 13
42 39 24 91
42 39 25 98
42 39 26 20
42 39 27 15
42 39 28 119
42 39 29 71
42 39 30 51
42 39 31 83
42 39 32 12
42 39 33 75
42 39 34 77
42 39 35 70
42 39 36 67
42 39 37 1
42 39 38 103
42 39 39 53
42 39 40 23
42 39 41 124
42 39 42 88
42 40 0 40
42 40 1 108
42 40 2 3
42 40 3 36
42 40 4 86
42 40 5 24
42 40 6 28
42 40 7 63
42 40 8 12
42 40 9 121
42 40 10 61
42 40 11 51
42 40 12 7
42 40 13 106
42 40 14 113
42 40 15 27
42 40 16 78
42 40 17 84
42 40 18 80
42 40 19 56
42 40 20 17
42 40 21 69
42 40 22 126
42 40 23 90
42 40 24 97
42 40 25 2
42 40 26 13
42 40 27 118
42 40 28 125
42 40 29 89
42 40 30 96
42 40 31 37
42 40 32 53
42 40 33 117
42 40 34 124
42 40 35 88
42 40 36 19
42 40 37 102
42 40 38 68
42 40 39 18
42 40 40 81
42 40 41 76
42 40 42 94
42 41 0 54
42 41 1 41
42 41 2 1
42 41 3 85
42 41 4 35
42 41 5 27
42 41 6 73
42 41 7 3
42 41 8 65
42 41 9 61
42 41 10 53
42 41 11 8
42 41 12 50
42 41 13 45
42 41 14 6
42 41 15 80
42 41 16 44
42 41 17 64
42 41 18 84
42 41 19 9
42 41 20 81
42 41 21 58
42 41 22 52
42 41 23 48
42 41 24 39
42 41 25 33
42 41 26 79
42 41 27 75
42 41 28 69
42 41 29 46
42 41 30 13
42 41 31 43
42 41 32 63
42 41 33 83
42 41 34 47
42 41 35 22
42 41 36 82
42 41 37 77
42 41 38 18
42 41 39 74
42 41 40 66
42 41 41 62
42 41 42 30
42 42 0 8
42 42 1 25
42 42 2 42
42 42 3 16
42 42 4 33
42 42 5 105
42 42 6 24
42 42 7 119
42 42 8 51
42 42 9 46
42 42 10 6
42 42 11 59
42 42 12 111
42 42 13 14
42 42 14 125
42 42 15 89
42 42 16 96
42 42 17 74
42 42 18 13
42 42 19 117
42 42 20 124
42 42 21 88
42 42 22 95
42 42 23 12
42 42 24 29
42 42 25 116
42 42 26 123
42 42 27 87
42 42 28 58
42 42 29 28
42 42 30 71
42 42 31 47
42 42 32 43
42 42 33 49
42 42 34 27
42 42 35 100
42 42 36 107
42 42 37 35
42 42 38 76
42 42 39 66
42 42 40 92
42 42 41 17
42 42 42 64
