# silver (31,3)-cube, colors=91; tau-equivariant, slope t=1
# cycle holes h_A=0 h_B=1; cycle tilings invariant under
# scaling by the order-10/10 subgroup of Z_p^* about their own holes
# diagonal: x+y+z = 0 (mod 31); lines: x y z color
0 0 0 0
0 0 1 48
0 0 2 75
0 0 3 42
0 0 4 90
0 0 5 8
0 0 6 60
0 0 7 54
0 0 8 89
0 0 9 2
0 0 10 16
0 0 11 30
0 0 12 59
0 0 13 27
0 0 14 79
0 0 15 64
0 0 16 34
0 0 17 72
0 0 18 4
0 0 19 38
0 0 20 1
0 0 21 15
0 0 22 29
0 0 23 62
0 0 24 66
0 0 25 74
0 0 26 23
0 0 27 39
0 0 28 35
0 0 29 76
0 0 30 68
0 1 0 37
0 1 1 34
0 1 2 83
0 1 3 89
0 1 4 13
0 1 5 53
0 1 6 45
0 1 7 88
0 1 8 7
0 1 9 15
0 1 10 21
0 1 11 58
0 1 12 5
0 1 13 46
0 1 14 63
0 1 15 86
0 1 16 71
0 1 17 28
0 1 18 87
0 1 19 6
0 1 20 17
0 1 21 24
0 1 22 47
0 1 23 56
0 1 24 39
0 1 25 23
0 1 26 16
0 1 27 66
0 1 28 75
0 1 29 67
0 1 30 90
0 2 0 73
0 2 1 82
0 2 2 88
0 2 3 25
0 2 4 39
0 2 5 83
0 2 6 61
0 2 7 12
0 2 8 26
0 2 9 3
0 2 10 53
0 2 11 17
0 2 12 49
0 2 13 62
0 2 14 85
0 2 15 70
0 2 16 14
0 2 17 50
0 2 18 30
0 2 19 15
0 2 20 11
0 2 21 1
0 2 22 48
0 2 23 72
0 2 24 10
0 2 25 90
0 2 26 57
0 2 27 59
0 2 28 56
0 2 29 89
0 2 30 40
0 3 0 81
0 3 1 37
0 3 2 3
0 3 3 74
0 3 4 82
0 3 5 86
0 3 6 30
0 3 7 18
0 3 8 28
0 3 9 44
0 3 10 0
0 3 11 59
0 3 12 32
0 3 13 84
0 3 14 50
0 3 15 11
0 3 16 47
0 3 17 1
0 3 18 21
0 3 19 25
0 3 20 90
0 3 21 54
0 3 22 71
0 3 23 20
0 3 24 89
0 3 25 61
0 3 26 73
0 3 27 65
0 3 28 88
0 3 29 80
0 3 30 43
0 4 0 86
0 4 1 28
0 4 2 46
0 4 3 81
0 4 4 85
0 4 5 29
0 4 6 19
0 4 7 30
0 4 8 57
0 4 9 22
0 4 10 61
0 4 11 2
0 4 12 54
0 4 13 50
0 4 14 24
0 4 15 43
0 4 16 21
0 4 17 20
0 4 18 6
0 4 19 89
0 4 20 40
0 4 21 70
0 4 22 3
0 4 23 88
0 4 24 47
0 4 25 45
0 4 26 64
0 4 27 87
0 4 28 31
0 4 29 52
0 4 30 41
0 5 0 9
0 5 1 72
0 5 2 38
0 5 3 84
0 5 4 4
0 5 5 21
0 5 6 14
0 5 7 47
0 5 8 30
0 5 9 74
0 5 10 90
0 5 11 60
0 5 12 34
0 5 13 29
0 5 14 83
0 5 15 28
0 5 16 26
0 5 17 25
0 5 18 88
0 5 19 44
0 5 20 52
0 5 21 22
0 5 22 56
0 5 23 36
0 5 24 50
0 5 25 63
0 5 26 86
0 5 27 78
0 5 28 49
0 5 29 79
0 5 30 85
0 6 0 71
0 6 1 79
0 6 2 48
0 6 3 2
0 6 4 6
0 6 5 11
0 6 6 42
0 6 7 19
0 6 8 60
0 6 9 89
0 6 10 55
0 6 11 66
0 6 12 29
0 6 13 82
0 6 14 5
0 6 15 9
0 6 16 25
0 6 17 52
0 6 18 40
0 6 19 50
0 6 20 0
0 6 21 86
0 6 22 41
0 6 23 39
0 6 24 62
0 6 25 85
0 6 26 77
0 6 27 69
0 6 28 34
0 6 29 84
0 6 30 22
0 7 0 32
0 7 1 43
0 7 2 26
0 7 3 17
0 7 4 5
0 7 5 87
0 7 6 11
0 7 7 72
0 7 8 88
0 7 9 80
0 7 10 46
0 7 11 18
0 7 12 81
0 7 13 0
0 7 14 8
0 7 15 7
0 7 16 86
0 7 17 57
0 7 18 60
0 7 19 23
0 7 20 85
0 7 21 56
0 7 22 69
0 7 23 33
0 7 24 84
0 7 25 76
0 7 26 68
0 7 27 38
0 7 28 55
0 7 29 24
0 7 30 70
0 8 0 31
0 8 1 11
0 8 2 25
0 8 3 9
0 8 4 59
0 8 5 12
0 8 6 71
0 8 7 50
0 8 8 44
0 8 9 58
0 8 10 27
0 8 11 54
0 8 12 7
0 8 13 6
0 8 14 29
0 8 15 85
0 8 16 49
0 8 17 66
0 8 18 13
0 8 19 84
0 8 20 34
0 8 21 68
0 8 22 4
0 8 23 83
0 8 24 75
0 8 25 67
0 8 26 53
0 8 27 60
0 8 28 17
0 8 29 41
0 8 30 35
0 9 0 10
0 9 1 1
0 9 2 23
0 9 3 61
0 9 4 22
0 9 5 70
0 9 6 86
0 9 7 78
0 9 8 49
0 9 9 13
0 9 10 79
0 9 11 15
0 9 12 14
0 9 13 21
0 9 14 84
0 9 15 52
0 9 16 32
0 9 17 19
0 9 18 59
0 9 19 60
0 9 20 67
0 9 21 90
0 9 22 82
0 9 23 46
0 9 24 31
0 9 25 38
0 9 26 42
0 9 27 7
0 9 28 51
0 9 29 55
0 9 30 80
0 10 0 18
0 10 1 21
0 10 2 60
0 10 3 19
0 10 4 51
0 10 5 85
0 10 6 77
0 10 7 45
0 10 8 8
0 10 9 53
0 10 10 11
0 10 11 13
0 10 12 28
0 10 13 40
0 10 14 87
0 10 15 48
0 10 16 29
0 10 17 31
0 10 18 57
0 10 19 32
0 10 20 89
0 10 21 81
0 10 22 73
0 10 23 65
0 10 24 74
0 10 25 80
0 10 26 27
0 10 27 35
0 10 28 33
0 10 29 37
0 10 30 25
0 11 0 26
0 11 1 83
0 11 2 12
0 11 3 45
0 11 4 84
0 11 5 76
0 11 6 57
0 11 7 6
0 11 8 42
0 11 9 5
0 11 10 8
0 11 11 9
0 11 12 50
0 11 13 32
0 11 14 41
0 11 15 15
0 11 16 38
0 11 17 87
0 11 18 65
0 11 19 88
0 11 20 80
0 11 21 58
0 11 22 64
0 11 23 37
0 11 24 36
0 11 25 24
0 11 26 66
0 11 27 74
0 11 28 78
0 11 29 20
0 11 30 4
0 12 0 82
0 12 1 19
0 12 2 57
0 12 3 31
0 12 4 75
0 12 5 54
0 12 6 4
0 12 7 42
0 12 8 12
0 12 9 0
0 12 10 22
0 12 11 35
0 12 12 47
0 12 13 49
0 12 14 7
0 12 15 80
0 12 16 39
0 12 17 64
0 12 18 36
0 12 19 79
0 12 20 55
0 12 21 63
0 12 22 72
0 12 23 78
0 12 24 27
0 12 25 56
0 12 26 37
0 12 27 77
0 12 28 10
0 12 29 13
0 12 30 18
0 13 0 11
0 13 1 66
0 13 2 42
0 13 3 34
0 13 4 49
0 13 5 20
0 13 6 38
0 13 7 3
0 13 8 17
0 13 9 1
0 13 10 80
0 13 11 53
0 13 12 51
0 13 13 5
0 13 14 47
0 13 15 58
0 13 16 63
0 13 17 86
0 13 18 78
0 13 19 48
0 13 20 62
0 13 21 71
0 13 22 77
0 13 23 18
0 13 24 37
0 13 25 72
0 13 26 76
0 13 27 16
0 13 28 24
0 13 29 29
0 13 30 81
0 14 0 41
0 14 1 38
0 14 2 73
0 14 3 60
0 14 4 21
0 14 5 74
0 14 6 3
0 14 7 15
0 14 8 10
0 14 9 45
0 14 10 83
0 14 11 48
0 14 12 22
0 14 13 78
0 14 14 32
0 14 15 62
0 14 16 85
0 14 17 77
0 14 18 69
0 14 19 58
0 14 20 70
0 14 21 76
0 14 22 5
0 14 23 43
0 14 24 71
0 14 25 75
0 14 26 0
0 14 27 17
0 14 28 16
0 14 29 35
0 14 30 14
0 15 0 80
0 15 1 55
0 15 2 52
0 15 3 4
0 15 4 58
0 15 5 19
0 15 6 28
0 15 7 17
0 15 8 78
0 15 9 82
0 15 10 50
0 15 11 8
0 15 12 77
0 15 13 83
0 15 14 35
0 15 15 84
0 15 16 76
0 15 17 68
0 15 18 23
0 15 19 61
0 15 20 75
0 15 21 7
0 15 22 45
0 15 23 70
0 15 24 48
0 15 25 13
0 15 26 5
0 15 27 12
0 15 28 79
0 15 29 9
0 15 30 33
0 16 0 51
0 16 1 87
0 16 2 22
0 16 3 72
0 16 4 19
0 16 5 26
0 16 6 18
0 16 7 77
0 16 8 81
0 16 9 56
0 16 10 24
0 16 11 76
0 16 12 82
0 16 13 8
0 16 14 45
0 16 15 75
0 16 16 67
0 16 17 90
0 16 18 35
0 16 19 46
0 16 20 23
0 16 21 42
0 16 22 40
0 16 23 73
0 16 24 14
0 16 25 3
0 16 26 12
0 16 27 55
0 16 28 27
0 16 29 44
0 16 30 59
0 17 0 36
0 17 1 17
0 17 2 71
0 17 3 15
0 17 4 14
0 17 5 0
0 17 6 76
0 17 7 56
0 17 8 37
0 17 9 26
0 17 10 75
0 17 11 81
0 17 12 90
0 17 13 38
0 17 14 74
0 17 15 57
0 17 16 89
0 17 17 54
0 17 18 73
0 17 19 9
0 17 20 44
0 17 21 46
0 17 22 58
0 17 23 21
0 17 24 16
0 17 25 28
0 17 26 51
0 17 27 10
0 17 28 39
0 17 29 78
0 17 30 31
0 18 0 20
0 18 1 70
0 18 2 2
0 18 3 7
0 18 4 15
0 18 5 75
0 18 6 79
0 18 7 87
0 18 8 13
0 18 9 57
0 18 10 56
0 18 11 89
0 18 12 35
0 18 13 73
0 18 14 65
0 18 15 88
0 18 16 66
0 18 17 55
0 18 18 26
0 18 19 52
0 18 20 61
0 18 21 43
0 18 22 30
0 18 23 14
0 18 24 28
0 18 25 51
0 18 26 11
0 18 27 36
0 18 28 77
0 18 29 69
0 18 30 48
0 19 0 33
0 19 1 13
0 19 2 18
0 19 3 21
0 19 4 56
0 19 5 60
0 19 6 58
0 19 7 4
0 19 8 73
0 19 9 79
0 19 10 88
0 19 11 80
0 19 12 72
0 19 13 64
0 19 14 61
0 19 15 36
0 19 16 31
0 19 17 24
0 19 18 45
0 19 19 66
0 19 20 53
0 19 21 9
0 19 22 0
0 19 23 19
0 19 24 40
0 19 25 27
0 19 26 48
0 19 27 76
0 19 28 68
0 19 29 42
0 19 30 12
0 20 0 5
0 20 1 27
0 20 2 11
0 20 3 73
0 20 4 38
0 20 5 42
0 20 6 7
0 20 7 51
0 20 8 55
0 20 9 31
0 20 10 47
0 20 11 71
0 20 12 63
0 20 13 86
0 20 14 33
0 20 15 34
0 20 16 16
0 20 17 61
0 20 18 41
0 20 19 69
0 20 20 22
0 20 21 23
0 20 22 26
0 20 23 74
0 20 24 25
0 20 25 44
0 20 26 75
0 20 27 67
0 20 28 83
0 20 29 19
0 20 30 32
0 21 0 13
0 21 1 6
0 21 2 31
0 21 3 58
0 21 4 52
0 21 5 4
0 21 6 33
0 21 7 40
0 21 8 86
0 21 9 78
0 21 10 70
0 21 11 62
0 21 12 85
0 21 13 59
0 21 14 69
0 21 15 2
0 21 16 87
0 21 17 44
0 21 18 68
0 21 19 3
0 21 20 18
0 21 21 20
0 21 22 39
0 21 23 23
0 21 24 35
0 21 25 49
0 21 26 43
0 21 27 82
0 21 28 12
0 21 29 34
0 21 30 10
0 22 0 21
0 22 1 50
0 22 2 61
0 22 3 83
0 22 4 24
0 22 5 38
0 22 6 55
0 22 7 85
0 22 8 77
0 22 9 69
0 22 10 60
0 22 11 84
0 22 12 37
0 22 13 68
0 22 14 12
0 22 15 33
0 22 16 36
0 22 17 67
0 22 18 10
0 22 19 17
0 22 20 16
0 22 21 72
0 22 22 18
0 22 23 47
0 22 24 73
0 22 25 65
0 22 26 81
0 22 27 9
0 22 28 66
0 22 29 8
0 22 30 30
0 23 0 45
0 23 1 74
0 23 2 82
0 23 3 14
0 23 4 69
0 23 5 59
0 23 6 84
0 23 7 76
0 23 8 68
0 23 9 27
0 23 10 54
0 23 11 52
0 23 12 67
0 23 13 18
0 23 14 43
0 23 15 53
0 23 16 41
0 23 17 2
0 23 18 25
0 23 19 24
0 23 20 71
0 23 21 4
0 23 22 87
0 23 23 38
0 23 24 64
0 23 25 33
0 23 26 19
0 23 27 51
0 23 28 22
0 23 29 6
0 23 30 20
0 24 0 55
0 24 1 81
0 24 2 7
0 24 3 68
0 24 4 74
0 24 5 44
0 24 6 75
0 24 7 67
0 24 8 90
0 24 9 43
0 24 10 57
0 24 11 37
0 24 12 8
0 24 13 41
0 24 14 49
0 24 15 65
0 24 16 24
0 24 17 23
0 24 18 0
0 24 19 70
0 24 20 13
0 24 21 59
0 24 22 33
0 24 23 63
0 24 24 79
0 24 25 20
0 24 26 46
0 24 27 26
0 24 28 14
0 24 29 5
0 24 30 69
0 25 0 47
0 25 1 9
0 25 2 67
0 25 3 52
0 25 4 41
0 25 5 31
0 25 6 66
0 25 7 89
0 25 8 48
0 25 9 46
0 25 10 65
0 25 11 0
0 25 12 83
0 25 13 53
0 25 14 64
0 25 15 6
0 25 16 22
0 25 17 26
0 25 18 50
0 25 19 2
0 25 20 43
0 25 21 39
0 25 22 62
0 25 23 32
0 25 24 12
0 25 25 36
0 25 26 20
0 25 27 25
0 25 28 29
0 25 29 68
0 25 30 72
0 26 0 22
0 26 1 56
0 26 2 72
0 26 3 50
0 26 4 73
0 26 5 65
0 26 6 88
0 26 7 80
0 26 8 32
0 26 9 64
0 26 10 9
0 26 11 82
0 26 12 39
0 26 13 63
0 26 14 6
0 26 15 5
0 26 16 3
0 26 17 46
0 26 18 2
0 26 19 43
0 26 20 69
0 26 21 61
0 26 22 34
0 26 23 1
0 26 24 49
0 26 25 17
0 26 26 10
0 26 27 27
0 26 28 67
0 26 29 71
0 26 30 79
0 27 0 65
0 27 1 71
0 27 2 80
0 27 3 53
0 27 4 64
0 27 5 37
0 27 6 34
0 27 7 36
0 27 8 63
0 27 9 28
0 27 10 81
0 27 11 45
0 27 12 62
0 27 13 25
0 27 14 11
0 27 15 10
0 27 16 43
0 27 17 7
0 27 18 83
0 27 19 68
0 27 20 29
0 27 21 44
0 27 22 9
0 27 23 40
0 27 24 1
0 27 25 12
0 27 26 2
0 27 27 32
0 27 28 70
0 27 29 54
0 27 30 3
0 28 0 70
0 28 1 59
0 28 2 56
0 28 3 63
0 28 4 86
0 28 5 78
0 28 6 87
0 28 7 62
0 28 8 11
0 28 9 54
0 28 10 37
0 28 11 46
0 28 12 6
0 28 13 10
0 28 14 30
0 28 15 66
0 28 16 20
0 28 17 82
0 28 18 67
0 28 19 90
0 28 20 47
0 28 21 0
0 28 22 35
0 28 23 3
0 28 24 13
0 28 25 1
0 28 26 65
0 28 27 48
0 28 28 40
0 28 29 28
0 28 30 64
0 29 0 78
0 29 1 45
0 29 2 62
0 29 3 85
0 29 4 77
0 29 5 58
0 29 6 54
0 29 7 21
0 29 8 79
0 29 9 87
0 29 10 30
0 29 11 20
0 29 12 16
0 29 13 1
0 29 14 55
0 29 15 17
0 29 16 81
0 29 17 59
0 29 18 89
0 29 19 74
0 29 20 14
0 29 21 34
0 29 22 28
0 29 23 5
0 29 24 19
0 29 25 64
0 29 26 39
0 29 27 33
0 29 28 6
0 29 29 63
0 29 30 51
0 30 0 69
0 30 1 31
0 30 2 84
0 30 3 76
0 30 4 57
0 30 5 15
0 30 6 8
0 30 7 52
0 30 8 40
0 30 9 90
0 30 10 7
0 30 11 14
0 30 12 25
0 30 13 42
0 30 14 3
0 30 15 49
0 30 16 65
0 30 17 88
0 30 18 44
0 30 19 26
0 30 20 51
0 30 21 10
0 30 22 16
0 30 23 24
0 30 24 63
0 30 25 53
0 30 26 41
0 30 27 18
0 30 28 62
0 30 29 36
0 30 30 77
1 0 0 84
1 0 1 76
1 0 2 58
1 0 3 16
1 0 4 9
1 0 5 53
1 0 6 41
1 0 7 90
1 0 8 8
1 0 9 15
1 0 10 26
1 0 11 43
1 0 12 4
1 0 13 50
1 0 14 65
1 0 15 88
1 0 16 45
1 0 17 27
1 0 18 52
1 0 19 11
1 0 20 17
1 0 21 25
1 0 22 63
1 0 23 54
1 0 24 42
1 0 25 19
1 0 26 62
1 0 27 37
1 0 28 77
1 0 29 69
1 0 30 32
1 1 0 75
1 1 1 43
1 1 2 90
1 1 3 9
1 1 4 61
1 1 5 55
1 1 6 89
1 1 7 3
1 1 8 17
1 1 9 0
1 1 10 60
1 1 11 28
1 1 12 79
1 1 13 64
1 1 14 35
1 1 15 72
1 1 16 5
1 1 17 39
1 1 18 2
1 1 19 16
1 1 20 30
1 1 21 62
1 1 22 66
1 1 23 74
1 1 24 24
1 1 25 40
1 1 26 36
1 1 27 76
1 1 28 68
1 1 29 1
1 1 30 49
1 2 0 83
1 2 1 89
1 2 2 14
1 2 3 54
1 2 4 46
1 2 5 88
1 2 6 8
1 2 7 16
1 2 8 22
1 2 9 59
1 2 10 6
1 2 11 47
1 2 12 63
1 2 13 86
1 2 14 71
1 2 15 29
1 2 16 87
1 2 17 7
1 2 18 18
1 2 19 25
1 2 20 48
1 2 21 57
1 2 22 40
1 2 23 24
1 2 24 17
1 2 25 66
1 2 26 75
1 2 27 67
1 2 28 90
1 2 29 38
1 2 30 35
1 3 0 88
1 3 1 26
1 3 2 40
1 3 3 83
1 3 4 31
1 3 5 13
1 3 6 27
1 3 7 4
1 3 8 54
1 3 9 18
1 3 10 50
1 3 11 62
1 3 12 85
1 3 13 70
1 3 14 15
1 3 15 51
1 3 16 0
1 3 17 16
1 3 18 12
1 3 19 2
1 3 20 49
1 3 21 72
1 3 22 11
1 3 23 90
1 3 24 58
1 3 25 60
1 3 26 57
1 3 27 89
1 3 28 41
1 3 29 73
1 3 30 82
1 4 0 4
1 4 1 74
1 4 2 82
1 4 3 86
1 4 4 0
1 4 5 19
1 4 6 29
1 4 7 45
1 4 8 1
1 4 9 60
1 4 10 33
1 4 11 84
1 4 12 51
1 4 13 12
1 4 14 48
1 4 15 2
1 4 16 22
1 4 17 26
1 4 18 90
1 4 19 55
1 4 20 71
1 4 21 21
1 4 22 89
1 4 23 31
1 4 24 73
1 4 25 65
1 4 26 88
1 4 27 80
1 4 28 44
1 4 29 81
1 4 30 38
1 5 0 47
1 5 1 81
1 5 2 85
1 5 3 30
1 5 4 20
1 5 5 0
1 5 6 58
1 5 7 23
1 5 8 31
1 5 9 3
1 5 10 55
1 5 11 51
1 5 12 25
1 5 13 44
1 5 14 22
1 5 15 21
1 5 16 7
1 5 17 89
1 5 18 41
1 5 19 70
1 5 20 4
1 5 21 88
1 5 22 48
1 5 23 46
1 5 24 64
1 5 25 87
1 5 26 32
1 5 27 53
1 5 28 42
1 5 29 86
1 5 30 29
1 6 0 39
1 6 1 84
1 6 2 5
1 6 3 22
1 6 4 15
1 6 5 48
1 6 6 0
1 6 7 74
1 6 8 90
1 6 9 61
1 6 10 35
1 6 11 30
1 6 12 83
1 6 13 29
1 6 14 27
1 6 15 26
1 6 16 88
1 6 17 45
1 6 18 53
1 6 19 23
1 6 20 57
1 6 21 37
1 6 22 51
1 6 23 63
1 6 24 86
1 6 25 78
1 6 26 50
1 6 27 79
1 6 28 85
1 6 29 10
1 6 30 72
1 7 0 49
1 7 1 3
1 7 2 7
1 7 3 12
1 7 4 43
1 7 5 20
1 7 6 61
1 7 7 89
1 7 8 56
1 7 9 66
1 7 10 30
1 7 11 82
1 7 12 6
1 7 13 10
1 7 14 26
1 7 15 53
1 7 16 41
1 7 17 51
1 7 18 1
1 7 19 86
1 7 20 42
1 7 21 40
1 7 22 62
1 7 23 85
1 7 24 77
1 7 25 69
1 7 26 35
1 7 27 84
1 7 28 23
1 7 29 71
1 7 30 79
1 8 0 27
1 8 1 18
1 8 2 6
1 8 3 87
1 8 4 12
1 8 5 72
1 8 6 88
1 8 7 80
1 8 8 47
1 8 9 19
1 8 10 81
1 8 11 1
1 8 12 9
1 8 13 8
1 8 14 86
1 8 15 58
1 8 16 61
1 8 17 24
1 8 18 85
1 8 19 57
1 8 20 69
1 8 21 34
1 8 22 84
1 8 23 76
1 8 24 68
1 8 25 39
1 8 26 56
1 8 27 25
1 8 28 70
1 8 29 33
1 8 30 44
1 9 0 26
1 9 1 10
1 9 2 60
1 9 3 13
1 9 4 71
1 9 5 51
1 9 6 45
1 9 7 59
1 9 8 28
1 9 9 55
1 9 10 8
1 9 11 7
1 9 12 30
1 9 13 85
1 9 14 50
1 9 15 66
1 9 16 14
1 9 17 84
1 9 18 35
1 9 19 68
1 9 20 5
1 9 21 83
1 9 22 75
1 9 23 67
1 9 24 54
1 9 25 61
1 9 26 18
1 9 27 42
1 9 28 36
1 9 29 32
1 9 30 12
1 10 0 24
1 10 1 31
1 10 2 23
1 10 3 70
1 10 4 86
1 10 5 78
1 10 6 50
1 10 7 14
1 10 8 79
1 10 9 16
1 10 10 15
1 10 11 22
1 10 12 84
1 10 13 53
1 10 14 33
1 10 15 20
1 10 16 60
1 10 17 61
1 10 18 67
1 10 19 90
1 10 20 82
1 10 21 47
1 10 22 32
1 10 23 39
1 10 24 43
1 10 25 8
1 10 26 52
1 10 27 56
1 10 28 80
1 10 29 11
1 10 30 2
1 11 0 61
1 11 1 20
1 11 2 52
1 11 3 85
1 11 4 77
1 11 5 46
1 11 6 9
1 11 7 54
1 11 8 12
1 11 9 14
1 11 10 29
1 11 11 41
1 11 12 87
1 11 13 49
1 11 14 30
1 11 15 32
1 11 16 58
1 11 17 33
1 11 18 89
1 11 19 81
1 11 20 73
1 11 21 65
1 11 22 74
1 11 23 80
1 11 24 28
1 11 25 36
1 11 26 34
1 11 27 38
1 11 28 26
1 11 29 19
1 11 30 22
1 12 0 13
1 12 1 46
1 12 2 84
1 12 3 76
1 12 4 58
1 12 5 7
1 12 6 43
1 12 7 6
1 12 8 9
1 12 9 10
1 12 10 51
1 12 11 33
1 12 12 42
1 12 13 16
1 12 14 39
1 12 15 87
1 12 16 65
1 12 17 88
1 12 18 80
1 12 19 59
1 12 20 64
1 12 21 38
1 12 22 37
1 12 23 25
1 12 24 66
1 12 25 74
1 12 26 78
1 12 27 21
1 12 28 5
1 12 29 27
1 12 30 83
1 13 0 58
1 13 1 32
1 13 2 75
1 13 3 55
1 13 4 5
1 13 5 43
1 13 6 13
1 13 7 1
1 13 8 23
1 13 9 36
1 13 10 48
1 13 11 50
1 13 12 8
1 13 13 80
1 13 14 40
1 13 15 64
1 13 16 37
1 13 17 79
1 13 18 56
1 13 19 63
1 13 20 72
1 13 21 78
1 13 22 28
1 13 23 57
1 13 24 38
1 13 25 77
1 13 26 11
1 13 27 14
1 13 28 19
1 13 29 82
1 13 30 20
1 14 0 43
1 14 1 35
1 14 2 50
1 14 3 21
1 14 4 39
1 14 5 4
1 14 6 18
1 14 7 2
1 14 8 80
1 14 9 54
1 14 10 52
1 14 11 6
1 14 12 48
1 14 13 59
1 14 14 63
1 14 15 86
1 14 16 78
1 14 17 49
1 14 18 62
1 14 19 71
1 14 20 77
1 14 21 19
1 14 22 38
1 14 23 72
1 14 24 76
1 14 25 17
1 14 26 25
1 14 27 30
1 14 28 81
1 14 29 12
1 14 30 66
1 15 0 73
1 15 1 61
1 15 2 22
1 15 3 74
1 15 4 4
1 15 5 16
1 15 6 11
1 15 7 46
1 15 8 83
1 15 9 49
1 15 10 23
1 15 11 78
1 15 12 33
1 15 13 62
1 15 14 85
1 15 15 77
1 15 16 69
1 15 17 59
1 15 18 70
1 15 19 76
1 15 20 6
1 15 21 44
1 15 22 71
1 15 23 75
1 15 24 1
1 15 25 18
1 15 26 17
1 15 27 36
1 15 28 15
1 15 29 42
1 15 30 39
1 16 0 53
1 16 1 5
1 16 2 59
1 16 3 20
1 16 4 29
1 16 5 18
1 16 6 78
1 16 7 82
1 16 8 51
1 16 9 9
1 16 10 77
1 16 11 83
1 16 12 36
1 16 13 84
1 16 14 76
1 16 15 68
1 16 16 24
1 16 17 31
1 16 18 75
1 16 19 8
1 16 20 46
1 16 21 70
1 16 22 49
1 16 23 14
1 16 24 6
1 16 25 13
1 16 26 79
1 16 27 10
1 16 28 34
1 16 29 80
1 16 30 56
1 17 0 23
1 17 1 72
1 17 2 20
1 17 3 27
1 17 4 19
1 17 5 77
1 17 6 81
1 17 7 57
1 17 8 25
1 17 9 76
1 17 10 82
1 17 11 9
1 17 12 46
1 17 13 75
1 17 14 67
1 17 15 90
1 17 16 36
1 17 17 47
1 17 18 24
1 17 19 43
1 17 20 41
1 17 21 73
1 17 22 15
1 17 23 4
1 17 24 13
1 17 25 56
1 17 26 28
1 17 27 45
1 17 28 60
1 17 29 52
1 17 30 87
1 18 0 71
1 18 1 16
1 18 2 15
1 18 3 1
1 18 4 76
1 18 5 57
1 18 6 38
1 18 7 27
1 18 8 75
1 18 9 81
1 18 10 90
1 18 11 39
1 18 12 74
1 18 13 58
1 18 14 89
1 18 15 55
1 18 16 73
1 18 17 10
1 18 18 45
1 18 19 47
1 18 20 59
1 18 21 22
1 18 22 17
1 18 23 29
1 18 24 52
1 18 25 11
1 18 26 40
1 18 27 78
1 18 28 32
1 18 29 37
1 18 30 18
1 19 0 3
1 19 1 8
1 19 2 16
1 19 3 75
1 19 4 79
1 19 5 87
1 19 6 14
1 19 7 58
1 19 8 57
1 19 9 89
1 19 10 36
1 19 11 73
1 19 12 65
1 19 13 88
1 19 14 66
1 19 15 56
1 19 16 27
1 19 17 53
1 19 18 31
1 19 19 44
1 19 20 0
1 19 21 15
1 19 22 29
1 19 23 52
1 19 24 12
1 19 25 37
1 19 26 77
1 19 27 69
1 19 28 49
1 19 29 21
1 19 30 70
1 20 0 19
1 20 1 22
1 20 2 57
1 20 3 61
1 20 4 59
1 20 5 5
1 20 6 73
1 20 7 79
1 20 8 88
1 20 9 80
1 20 10 72
1 20 11 64
1 20 12 31
1 20 13 37
1 20 14 32
1 20 15 25
1 20 16 46
1 20 17 66
1 20 18 54
1 20 19 10
1 20 20 1
1 20 21 20
1 20 22 41
1 20 23 28
1 20 24 49
1 20 25 76
1 20 26 68
1 20 27 43
1 20 28 13
1 20 29 34
1 20 30 14
1 21 0 12
1 21 1 73
1 21 2 39
1 21 3 43
1 21 4 8
1 21 5 52
1 21 6 56
1 21 7 32
1 21 8 48
1 21 9 71
1 21 10 63
1 21 11 86
1 21 12 34
1 21 13 35
1 21 14 17
1 21 15 31
1 21 16 42
1 21 17 69
1 21 18 23
1 21 19 24
1 21 20 27
1 21 21 74
1 21 22 26
1 21 23 45
1 21 24 75
1 21 25 67
1 21 26 83
1 21 27 20
1 21 28 33
1 21 29 6
1 21 30 28
1 22 0 32
1 22 1 59
1 22 2 53
1 22 3 5
1 22 4 34
1 22 5 41
1 22 6 86
1 22 7 78
1 22 8 70
1 22 9 62
1 22 10 85
1 22 11 60
1 22 12 69
1 22 13 3
1 22 14 87
1 22 15 45
1 22 16 68
1 22 17 4
1 22 18 19
1 22 19 21
1 22 20 40
1 22 21 24
1 22 22 36
1 22 23 50
1 22 24 44
1 22 25 82
1 22 26 13
1 22 27 35
1 22 28 11
1 22 29 14
1 22 30 7
1 23 0 31
1 23 1 83
1 23 2 25
1 23 3 39
1 23 4 56
1 23 5 85
1 23 6 77
1 23 7 69
1 23 8 61
1 23 9 84
1 23 10 38
1 23 11 68
1 23 12 13
1 23 13 34
1 23 14 37
1 23 15 67
1 23 16 11
1 23 17 18
1 23 18 17
1 23 19 72
1 23 20 19
1 23 21 48
1 23 22 73
1 23 23 65
1 23 24 81
1 23 25 10
1 23 26 66
1 23 27 9
1 23 28 0
1 23 29 22
1 23 30 51
1 24 0 82
1 24 1 15
1 24 2 69
1 24 3 60
1 24 4 84
1 24 5 76
1 24 6 68
1 24 7 28
1 24 8 55
1 24 9 53
1 24 10 67
1 24 11 19
1 24 12 44
1 24 13 54
1 24 14 42
1 24 15 3
1 24 16 26
1 24 17 25
1 24 18 71
1 24 19 5
1 24 20 87
1 24 21 39
1 24 22 64
1 24 23 34
1 24 24 20
1 24 25 52
1 24 26 23
1 24 27 7
1 24 28 21
1 24 29 46
1 24 30 74
1 25 0 8
1 25 1 68
1 25 2 74
1 25 3 45
1 25 4 75
1 25 5 67
1 25 6 90
1 25 7 44
1 25 8 58
1 25 9 38
1 25 10 9
1 25 11 42
1 25 12 50
1 25 13 65
1 25 14 25
1 25 15 24
1 25 16 1
1 25 17 70
1 25 18 14
1 25 19 60
1 25 20 34
1 25 21 63
1 25 22 79
1 25 23 21
1 25 24 47
1 25 25 27
1 25 26 15
1 25 27 6
1 25 28 69
1 25 29 56
1 25 30 81
1 26 0 67
1 26 1 53
1 26 2 42
1 26 3 32
1 26 4 66
1 26 5 89
1 26 6 49
1 26 7 47
1 26 8 65
1 26 9 1
1 26 10 83
1 26 11 54
1 26 12 64
1 26 13 7
1 26 14 23
1 26 15 27
1 26 16 51
1 26 17 3
1 26 18 44
1 26 19 40
1 26 20 62
1 26 21 33
1 26 22 13
1 26 23 37
1 26 24 21
1 26 25 26
1 26 26 30
1 26 27 68
1 26 28 72
1 26 29 48
1 26 30 10
1 27 0 72
1 27 1 51
1 27 2 73
1 27 3 65
1 27 4 88
1 27 5 80
1 27 6 33
1 27 7 64
1 27 8 10
1 27 9 82
1 27 10 40
1 27 11 63
1 27 12 7
1 27 13 6
1 27 14 4
1 27 15 47
1 27 16 3
1 27 17 44
1 27 18 69
1 27 19 31
1 27 20 35
1 27 21 2
1 27 22 50
1 27 23 18
1 27 24 11
1 27 25 28
1 27 26 67
1 27 27 71
1 27 28 79
1 27 29 23
1 27 30 57
1 28 0 80
1 28 1 54
1 28 2 64
1 28 3 38
1 28 4 35
1 28 5 37
1 28 6 63
1 28 7 29
1 28 8 81
1 28 9 46
1 28 10 62
1 28 11 26
1 28 12 12
1 28 13 11
1 28 14 44
1 28 15 8
1 28 16 83
1 28 17 68
1 28 18 30
1 28 19 45
1 28 20 10
1 28 21 41
1 28 22 2
1 28 23 13
1 28 24 3
1 28 25 33
1 28 26 70
1 28 27 55
1 28 28 4
1 28 29 65
1 28 30 71
1 29 0 57
1 29 1 63
1 29 2 86
1 29 3 78
1 29 4 87
1 29 5 62
1 29 6 12
1 29 7 55
1 29 8 38
1 29 9 47
1 29 10 7
1 29 11 11
1 29 12 0
1 29 13 66
1 29 14 21
1 29 15 82
1 29 16 67
1 29 17 90
1 29 18 48
1 29 19 1
1 29 20 36
1 29 21 4
1 29 22 14
1 29 23 2
1 29 24 65
1 29 25 49
1 29 26 41
1 29 27 29
1 29 28 64
1 29 29 70
1 29 30 60
1 30 0 62
1 30 1 85
1 30 2 77
1 30 3 59
1 30 4 55
1 30 5 22
1 30 6 79
1 30 7 87
1 30 8 0
1 30 9 21
1 30 10 17
1 30 11 2
1 30 12 56
1 30 13 18
1 30 14 81
1 30 15 60
1 30 16 89
1 30 17 74
1 30 18 15
1 30 19 35
1 30 20 29
1 30 21 6
1 30 22 20
1 30 23 64
1 30 24 40
1 30 25 34
1 30 26 7
1 30 27 63
1 30 28 52
1 30 29 78
1 30 30 46
2 0 0 77
2 0 1 60
2 0 2 56
2 0 3 23
2 0 4 79
2 0 5 87
2 0 6 1
2 0 7 22
2 0 8 18
2 0 9 3
2 0 10 57
2 0 11 19
2 0 12 81
2 0 13 61
2 0 14 89
2 0 15 74
2 0 16 16
2 0 17 36
2 0 18 30
2 0 19 7
2 0 20 21
2 0 21 64
2 0 22 41
2 0 23 35
2 0 24 8
2 0 25 63
2 0 26 53
2 0 27 78
2 0 28 47
2 0 29 62
2 0 30 85
2 1 0 59
2 1 1 17
2 1 2 10
2 1 3 54
2 1 4 42
2 1 5 90
2 1 6 9
2 1 7 16
2 1 8 27
2 1 9 44
2 1 10 5
2 1 11 51
2 1 12 65
2 1 13 88
2 1 14 46
2 1 15 28
2 1 16 53
2 1 17 12
2 1 18 18
2 1 19 26
2 1 20 63
2 1 21 55
2 1 22 43
2 1 23 20
2 1 24 62
2 1 25 38
2 1 26 77
2 1 27 69
2 1 28 33
2 1 29 84
2 1 30 76
2 2 0 90
2 2 1 10
2 2 2 31
2 2 3 56
2 2 4 89
2 2 5 4
2 2 6 18
2 2 7 1
2 2 8 61
2 2 9 29
2 2 10 79
2 2 11 64
2 2 12 36
2 2 13 72
2 2 14 6
2 2 15 40
2 2 16 3
2 2 17 17
2 2 18 0
2 2 19 62
2 2 20 66
2 2 21 74
2 2 22 25
2 2 23 41
2 2 24 37
2 2 25 76
2 2 26 68
2 2 27 2
2 2 28 50
2 2 29 75
2 2 30 44
2 3 0 15
2 3 1 55
2 3 2 47
2 3 3 88
2 3 4 9
2 3 5 17
2 3 6 23
2 3 7 60
2 3 8 7
2 3 9 48
2 3 10 63
2 3 11 86
2 3 12 71
2 3 13 30
2 3 14 87
2 3 15 8
2 3 16 19
2 3 17 26
2 3 18 49
2 3 19 58
2 3 20 41
2 3 21 25
2 3 22 18
2 3 23 66
2 3 24 75
2 3 25 67
2 3 26 90
2 3 27 39
2 3 28 36
2 3 29 83
2 3 30 89
2 4 0 41
2 4 1 83
2 4 2 32
2 4 3 14
2 4 4 28
2 4 5 5
2 4 6 55
2 4 7 19
2 4 8 51
2 4 9 62
2 4 10 85
2 4 11 70
2 4 12 16
2 4 13 52
2 4 14 1
2 4 15 17
2 4 16 13
2 4 17 3
2 4 18 50
2 4 19 72
2 4 20 12
2 4 21 90
2 4 22 59
2 4 23 61
2 4 24 58
2 4 25 89
2 4 26 42
2 4 27 73
2 4 28 82
2 4 29 88
2 4 30 27
2 5 0 82
2 5 1 86
2 5 2 1
2 5 3 20
2 5 4 30
2 5 5 46
2 5 6 2
2 5 7 61
2 5 8 34
2 5 9 84
2 5 10 52
2 5 11 13
2 5 12 49
2 5 13 3
2 5 14 23
2 5 15 27
2 5 16 90
2 5 17 56
2 5 18 71
2 5 19 22
2 5 20 89
2 5 21 32
2 5 22 73
2 5 23 65
2 5 24 88
2 5 25 80
2 5 26 45
2 5 27 81
2 5 28 39
2 5 29 5
2 5 30 74
2 6 0 85
2 6 1 0
2 6 2 21
2 6 3 1
2 6 4 59
2 6 5 24
2 6 6 32
2 6 7 4
2 6 8 56
2 6 9 52
2 6 10 26
2 6 11 45
2 6 12 23
2 6 13 22
2 6 14 8
2 6 15 89
2 6 16 42
2 6 17 70
2 6 18 5
2 6 19 88
2 6 20 49
2 6 21 47
2 6 22 64
2 6 23 87
2 6 24 33
2 6 25 54
2 6 26 43
2 6 27 86
2 6 28 30
2 6 29 48
2 6 30 81
2 7 0 6
2 7 1 23
2 7 2 16
2 7 3 49
2 7 4 1
2 7 5 74
2 7 6 90
2 7 7 31
2 7 8 36
2 7 9 0
2 7 10 83
2 7 11 30
2 7 12 28
2 7 13 27
2 7 14 88
2 7 15 46
2 7 16 54
2 7 17 24
2 7 18 58
2 7 19 38
2 7 20 52
2 7 21 63
2 7 22 86
2 7 23 78
2 7 24 51
2 7 25 79
2 7 26 85
2 7 27 11
2 7 28 72
2 7 29 40
2 7 30 84
2 8 0 8
2 8 1 13
2 8 2 44
2 8 3 21
2 8 4 31
2 8 5 89
2 8 6 57
2 8 7 66
2 8 8 0
2 8 9 82
2 8 10 7
2 8 11 11
2 8 12 27
2 8 13 54
2 8 14 42
2 8 15 52
2 8 16 2
2 8 17 86
2 8 18 43
2 8 19 41
2 8 20 62
2 8 21 85
2 8 22 77
2 8 23 69
2 8 24 36
2 8 25 84
2 8 26 24
2 8 27 71
2 8 28 79
2 8 29 50
2 8 30 4
2 9 0 7
2 9 1 87
2 9 2 13
2 9 3 72
2 9 4 88
2 9 5 80
2 9 6 48
2 9 7 20
2 9 8 81
2 9 9 2
2 9 10 10
2 9 11 9
2 9 12 86
2 9 13 59
2 9 14 31
2 9 15 25
2 9 16 85
2 9 17 58
2 9 18 69
2 9 19 35
2 9 20 84
2 9 21 76
2 9 22 68
2 9 23 40
2 9 24 57
2 9 25 26
2 9 26 70
2 9 27 34
2 9 28 45
2 9 29 28
2 9 30 19
2 10 0 61
2 10 1 14
2 10 2 71
2 10 3 52
2 10 4 46
2 10 5 60
2 10 6 29
2 10 7 56
2 10 8 9
2 10 9 8
2 10 10 0
2 10 11 85
2 10 12 51
2 10 13 66
2 10 14 15
2 10 15 84
2 10 16 36
2 10 17 68
2 10 18 6
2 10 19 83
2 10 20 75
2 10 21 67
2 10 22 55
2 10 23 31
2 10 24 19
2 10 25 43
2 10 26 37
2 10 27 33
2 10 28 13
2 10 29 27
2 10 30 11
2 11 0 24
2 11 1 70
2 11 2 86
2 11 3 78
2 11 4 51
2 11 5 15
2 11 6 79
2 11 7 17
2 11 8 16
2 11 9 23
2 11 10 84
2 11 11 54
2 11 12 34
2 11 13 21
2 11 14 61
2 11 15 31
2 11 16 67
2 11 17 90
2 11 18 82
2 11 19 48
2 11 20 33
2 11 21 40
2 11 22 44
2 11 23 9
2 11 24 53
2 11 25 57
2 11 26 80
2 11 27 12
2 11 28 3
2 11 29 25
2 11 30 32
2 12 0 53
2 12 1 85
2 12 2 77
2 12 3 47
2 12 4 10
2 12 5 55
2 12 6 13
2 12 7 15
2 12 8 30
2 12 9 42
2 12 10 87
2 12 11 50
2 12 12 0
2 12 13 33
2 12 14 59
2 12 15 34
2 12 16 89
2 12 17 81
2 12 18 73
2 12 19 65
2 12 20 74
2 12 21 80
2 12 22 29
2 12 23 37
2 12 24 35
2 12 25 39
2 12 26 27
2 12 27 20
2 12 28 23
2 12 29 31
2 12 30 21
2 13 0 84
2 13 1 76
2 13 2 59
2 13 3 8
2 13 4 44
2 13 5 7
2 13 6 10
2 13 7 11
2 13 8 52
2 13 9 34
2 13 10 43
2 13 11 17
2 13 12 40
2 13 13 87
2 13 14 65
2 13 15 88
2 13 16 80
2 13 17 60
2 13 18 64
2 13 19 39
2 13 20 38
2 13 21 26
2 13 22 66
2 13 23 74
2 13 24 78
2 13 25 22
2 13 26 6
2 13 27 28
2 13 28 83
2 13 29 14
2 13 30 47
2 14 0 75
2 14 1 56
2 14 2 6
2 14 3 44
2 14 4 14
2 14 5 2
2 14 6 24
2 14 7 37
2 14 8 49
2 14 9 51
2 14 10 9
2 14 11 80
2 14 12 41
2 14 13 64
2 14 14 38
2 14 15 79
2 14 16 57
2 14 17 63
2 14 18 72
2 14 19 78
2 14 20 29
2 14 21 58
2 14 22 39
2 14 23 77
2 14 24 12
2 14 25 15
2 14 26 20
2 14 27 82
2 14 28 21
2 14 29 59
2 14 30 33
2 15 0 51
2 15 1 22
2 15 2 40
2 15 3 5
2 15 4 19
2 15 5 3
2 15 6 80
2 15 7 55
2 15 8 53
2 15 9 7
2 15 10 49
2 15 11 60
2 15 12 63
2 15 13 86
2 15 14 78
2 15 15 50
2 15 16 62
2 15 17 71
2 15 18 77
2 15 19 20
2 15 20 39
2 15 21 72
2 15 22 76
2 15 23 18
2 15 24 26
2 15 25 0
2 15 26 81
2 15 27 13
2 15 28 66
2 15 29 44
2 15 30 36
2 16 0 23
2 16 1 74
2 16 2 5
2 16 3 17
2 16 4 12
2 16 5 47
2 16 6 83
2 16 7 50
2 16 8 24
2 16 9 78
2 16 10 34
2 16 11 62
2 16 12 85
2 16 13 77
2 16 14 69
2 16 15 60
2 16 16 70
2 16 17 76
2 16 18 7
2 16 19 45
2 16 20 71
2 16 21 75
2 16 22 2
2 16 23 19
2 16 24 18
2 16 25 37
2 16 26 16
2 16 27 43
2 16 28 40
2 16 29 73
2 16 30 31
2 17 0 60
2 17 1 21
2 17 2 30
2 17 3 19
2 17 4 78
2 17 5 82
2 17 6 52
2 17 7 10
2 17 8 77
2 17 9 83
2 17 10 37
2 17 11 84
2 17 12 76
2 17 13 68
2 17 14 25
2 17 15 32
2 17 16 75
2 17 17 9
2 17 18 47
2 17 19 70
2 17 20 50
2 17 21 15
2 17 22 7
2 17 23 14
2 17 24 79
2 17 25 11
2 17 26 35
2 17 27 80
2 17 28 57
2 17 29 54
2 17 30 6
2 18 0 21
2 18 1 28
2 18 2 20
2 18 3 77
2 18 4 81
2 18 5 58
2 18 6 26
2 18 7 76
2 18 8 82
2 18 9 10
2 18 10 47
2 18 11 75
2 18 12 67
2 18 13 90
2 18 14 37
2 18 15 48
2 18 16 25
2 18 17 44
2 18 18 42
2 18 19 73
2 18 20 16
2 18 21 5
2 18 22 14
2 18 23 57
2 18 24 29
2 18 25 46
2 18 26 61
2 18 27 53
2 18 28 87
2 18 29 24
2 18 30 72
2 19 0 16
2 19 1 2
2 19 2 76
2 19 3 58
2 19 4 39
2 19 5 28
2 19 6 75
2 19 7 81
2 19 8 90
2 19 9 40
2 19 10 74
2 19 11 59
2 19 12 89
2 19 13 56
2 19 14 73
2 19 15 11
2 19 16 46
2 19 17 48
2 19 18 60
2 19 19 23
2 19 20 18
2 19 21 30
2 19 22 53
2 19 23 12
2 19 24 41
2 19 25 78
2 19 26 33
2 19 27 38
2 19 28 19
2 19 29 71
2 19 30 17
2 20 0 17
2 20 1 75
2 20 2 79
2 20 3 87
2 20 4 15
2 20 5 59
2 20 6 58
2 20 7 89
2 20 8 37
2 20 9 73
2 20 10 65
2 20 11 88
2 20 12 66
2 20 13 57
2 20 14 28
2 20 15 54
2 20 16 32
2 20 17 45
2 20 18 1
2 20 19 16
2 20 20 30
2 20 21 53
2 20 22 13
2 20 23 38
2 20 24 77
2 20 25 69
2 20 26 50
2 20 27 22
2 20 28 70
2 20 29 4
2 20 30 9
2 21 0 58
2 21 1 31
2 21 2 60
2 21 3 6
2 21 4 73
2 21 5 79
2 21 6 88
2 21 7 80
2 21 8 72
2 21 9 64
2 21 10 32
2 21 11 38
2 21 12 33
2 21 13 26
2 21 14 47
2 21 15 66
2 21 16 55
2 21 17 11
2 21 18 2
2 21 19 21
2 21 20 42
2 21 21 29
2 21 22 50
2 21 23 76
2 21 24 68
2 21 25 44
2 21 26 14
2 21 27 35
2 21 28 15
2 21 29 20
2 21 30 23
2 22 0 40
2 22 1 44
2 22 2 9
2 22 3 53
2 22 4 57
2 22 5 33
2 22 6 49
2 22 7 71
2 22 8 63
2 22 9 86
2 22 10 35
2 22 11 36
2 22 12 18
2 22 13 32
2 22 14 43
2 22 15 69
2 22 16 24
2 22 17 25
2 22 18 28
2 22 19 74
2 22 20 27
2 22 21 46
2 22 22 75
2 22 23 67
2 22 24 83
2 22 25 21
2 22 26 34
2 22 27 7
2 22 28 29
2 22 29 13
2 22 30 73
2 23 0 54
2 23 1 6
2 23 2 35
2 23 3 42
2 23 4 86
2 23 5 78
2 23 6 70
2 23 7 62
2 23 8 85
2 23 9 61
2 23 10 69
2 23 11 4
2 23 12 87
2 23 13 46
2 23 14 68
2 23 15 5
2 23 16 20
2 23 17 22
2 23 18 41
2 23 19 25
2 23 20 37
2 23 21 51
2 23 22 45
2 23 23 82
2 23 24 14
2 23 25 36
2 23 26 12
2 23 27 15
2 23 28 8
2 23 29 33
2 23 30 60
2 24 0 26
2 24 1 40
2 24 2 57
2 24 3 85
2 24 4 77
2 24 5 69
2 24 6 31
2 24 7 84
2 24 8 39
2 24 9 68
2 24 10 14
2 24 11 35
2 24 12 38
2 24 13 67
2 24 14 12
2 24 15 19
2 24 16 18
2 24 17 72
2 24 18 20
2 24 19 49
2 24 20 73
2 24 21 65
2 24 22 81
2 24 23 11
2 24 24 66
2 24 25 10
2 24 26 1
2 24 27 23
2 24 28 52
2 24 29 32
2 24 30 83
2 25 0 69
2 25 1 61
2 25 2 84
2 25 3 76
2 25 4 68
2 25 5 29
2 25 6 56
2 25 7 54
2 25 8 67
2 25 9 20
2 25 10 45
2 25 11 55
2 25 12 43
2 25 13 4
2 25 14 27
2 25 15 26
2 25 16 71
2 25 17 6
2 25 18 87
2 25 19 40
2 25 20 64
2 25 21 35
2 25 22 21
2 25 23 53
2 25 24 24
2 25 25 8
2 25 26 22
2 25 27 47
2 25 28 74
2 25 29 82
2 25 30 16
2 26 0 74
2 26 1 46
2 26 2 75
2 26 3 67
2 26 4 90
2 26 5 45
2 26 6 59
2 26 7 39
2 26 8 10
2 26 9 43
2 26 10 51
2 26 11 65
2 26 12 26
2 26 13 25
2 26 14 2
2 26 15 70
2 26 16 15
2 26 17 61
2 26 18 35
2 26 19 63
2 26 20 79
2 26 21 22
2 26 22 48
2 26 23 28
2 26 24 16
2 26 25 7
2 26 26 69
2 26 27 57
2 26 28 81
2 26 29 9
2 26 30 68
2 27 0 43
2 27 1 33
2 27 2 66
2 27 3 89
2 27 4 50
2 27 5 48
2 27 6 65
2 27 7 2
2 27 8 83
2 27 9 55
2 27 10 64
2 27 11 8
2 27 12 24
2 27 13 28
2 27 14 52
2 27 15 4
2 27 16 45
2 27 17 41
2 27 18 62
2 27 19 34
2 27 20 14
2 27 21 38
2 27 22 22
2 27 23 27
2 27 24 0
2 27 25 68
2 27 26 72
2 27 27 49
2 27 28 11
2 27 29 67
2 27 30 54
2 28 0 73
2 28 1 65
2 28 2 88
2 28 3 80
2 28 4 34
2 28 5 64
2 28 6 11
2 28 7 82
2 28 8 41
2 28 9 63
2 28 10 8
2 28 11 7
2 28 12 5
2 28 13 48
2 28 14 4
2 28 15 45
2 28 16 69
2 28 17 32
2 28 18 36
2 28 19 3
2 28 20 51
2 28 21 19
2 28 22 12
2 28 23 29
2 28 24 67
2 28 25 71
2 28 26 79
2 28 27 24
2 28 28 58
2 28 29 72
2 28 30 52
2 29 0 64
2 29 1 39
2 29 2 36
2 29 3 38
2 29 4 63
2 29 5 30
2 29 6 81
2 29 7 47
2 29 8 62
2 29 9 27
2 29 10 13
2 29 11 12
2 29 12 45
2 29 13 9
2 29 14 83
2 29 15 68
2 29 16 0
2 29 17 46
2 29 18 11
2 29 19 42
2 29 20 3
2 29 21 14
2 29 22 4
2 29 23 34
2 29 24 70
2 29 25 56
2 29 26 5
2 29 27 65
2 29 28 71
2 29 29 80
2 29 30 55
2 30 0 86
2 30 1 78
2 30 2 87
2 30 3 62
2 30 4 13
2 30 5 56
2 30 6 39
2 30 7 48
2 30 8 8
2 30 9 12
2 30 10 1
2 30 11 66
2 30 12 22
2 30 13 82
2 30 14 67
2 30 15 90
2 30 16 49
2 30 17 2
2 30 18 37
2 30 19 5
2 30 20 15
2 30 21 3
2 30 22 65
2 30 23 50
2 30 24 42
2 30 25 30
2 30 26 64
2 30 27 70
2 30 28 61
2 30 29 58
2 30 30 63
3 0 0 87
3 0 1 62
3 0 2 14
3 0 3 57
3 0 4 40
3 0 5 49
3 0 6 9
3 0 7 13
3 0 8 2
3 0 9 66
3 0 10 23
3 0 11 82
3 0 12 67
3 0 13 90
3 0 14 50
3 0 15 3
3 0 16 38
3 0 17 6
3 0 18 16
3 0 19 4
3 0 20 65
3 0 21 51
3 0 22 43
3 0 23 0
3 0 24 64
3 0 25 70
3 0 26 31
3 0 27 59
3 0 28 63
3 0 29 86
3 0 30 78
3 1 0 57
3 1 1 24
3 1 2 79
3 1 3 87
3 1 4 2
3 1 5 23
3 1 6 19
3 1 7 4
3 1 8 58
3 1 9 20
3 1 10 81
3 1 11 31
3 1 12 89
3 1 13 74
3 1 14 17
3 1 15 37
3 1 16 0
3 1 17 8
3 1 18 22
3 1 19 64
3 1 20 42
3 1 21 36
3 1 22 9
3 1 23 63
3 1 24 54
3 1 25 78
3 1 26 48
3 1 27 62
3 1 28 85
3 1 29 77
3 1 30 61
3 2 0 11
3 2 1 55
3 2 2 43
3 2 3 90
3 2 4 10
3 2 5 17
3 2 6 28
3 2 7 45
3 2 8 6
3 2 9 52
3 2 10 65
3 2 11 88
3 2 12 47
3 2 13 29
3 2 14 54
3 2 15 13
3 2 16 19
3 2 17 27
3 2 18 63
3 2 19 56
3 2 20 44
3 2 21 21
3 2 22 62
3 2 23 39
3 2 24 77
3 2 25 69
3 2 26 34
3 2 27 84
3 2 28 76
3 2 29 60
3 2 30 18
3 3 0 32
3 3 1 57
3 3 2 89
3 3 3 5
3 3 4 19
3 3 5 2
3 3 6 31
3 3 7 30
3 3 8 79
3 3 9 64
3 3 10 37
3 3 11 72
3 3 12 7
3 3 13 41
3 3 14 4
3 3 15 18
3 3 16 1
3 3 17 62
3 3 18 66
3 3 19 74
3 3 20 26
3 3 21 42
3 3 22 38
3 3 23 76
3 3 24 68
3 3 25 3
3 3 26 51
3 3 27 75
3 3 28 45
3 3 29 90
3 3 30 11
3 4 0 48
3 4 1 88
3 4 2 10
3 4 3 18
3 4 4 24
3 4 5 61
3 4 6 8
3 4 7 49
3 4 8 63
3 4 9 86
3 4 10 71
3 4 11 0
3 4 12 87
3 4 13 9
3 4 14 20
3 4 15 27
3 4 16 50
3 4 17 59
3 4 18 42
3 4 19 26
3 4 20 19
3 4 21 66
3 4 22 75
3 4 23 67
3 4 24 90
3 4 25 40
3 4 26 37
3 4 27 83
3 4 28 89
3 4 29 16
3 4 30 56
3 5 0 33
3 5 1 15
3 5 2 29
3 5 3 6
3 5 4 56
3 5 5 20
3 5 6 52
3 5 7 62
3 5 8 85
3 5 9 70
3 5 10 17
3 5 11 53
3 5 12 2
3 5 13 18
3 5 14 14
3 5 15 4
3 5 16 51
3 5 17 72
3 5 18 13
3 5 19 90
3 5 20 60
3 5 21 31
3 5 22 59
3 5 23 89
3 5 24 43
3 5 25 73
3 5 26 82
3 5 27 88
3 5 28 28
3 5 29 42
3 5 30 83
3 6 0 2
3 6 1 21
3 6 2 0
3 6 3 47
3 6 4 3
3 6 5 31
3 6 6 35
3 6 7 84
3 6 8 53
3 6 9 14
3 6 10 50
3 6 11 4
3 6 12 24
3 6 13 28
3 6 14 90
3 6 15 57
3 6 16 71
3 6 17 23
3 6 18 89
3 6 19 33
3 6 20 73
3 6 21 65
3 6 22 88
3 6 23 80
3 6 24 46
3 6 25 81
3 6 26 40
3 6 27 6
3 6 28 74
3 6 29 82
3 6 30 86
3 7 0 22
3 7 1 2
3 7 2 60
3 7 3 25
3 7 4 33
3 7 5 5
3 7 6 57
3 7 7 53
3 7 8 27
3 7 9 46
3 7 10 24
3 7 11 23
3 7 12 9
3 7 13 89
3 7 14 43
3 7 15 70
3 7 16 6
3 7 17 88
3 7 18 50
3 7 19 48
3 7 20 64
3 7 21 87
3 7 22 34
3 7 23 55
3 7 24 44
3 7 25 86
3 7 26 0
3 7 27 49
3 7 28 81
3 7 29 85
3 7 30 1
3 8 0 17
3 8 1 50
3 8 2 2
3 8 3 74
3 8 4 90
3 8 5 32
3 8 6 37
3 8 7 1
3 8 8 83
3 8 9 0
3 8 10 29
3 8 11 28
3 8 12 88
3 8 13 47
3 8 14 55
3 8 15 25
3 8 16 59
3 8 17 39
3 8 18 53
3 8 19 63
3 8 20 86
3 8 21 78
3 8 22 52
3 8 23 79
3 8 24 85
3 8 25 12
3 8 26 72
3 8 27 41
3 8 28 84
3 8 29 7
3 8 30 24
3 9 0 45
3 9 1 22
3 9 2 32
3 9 3 89
3 9 4 58
3 9 5 66
3 9 6 1
3 9 7 82
3 9 8 8
3 9 9 12
3 9 10 28
3 9 11 55
3 9 12 43
3 9 13 53
3 9 14 3
3 9 15 86
3 9 16 44
3 9 17 42
3 9 18 62
3 9 19 85
3 9 20 77
3 9 21 69
3 9 22 37
3 9 23 84
3 9 24 25
3 9 25 71
3 9 26 79
3 9 27 51
3 9 28 5
3 9 29 9
3 9 30 14
3 10 0 14
3 10 1 72
3 10 2 88
3 10 3 80
3 10 4 49
3 10 5 21
3 10 6 81
3 10 7 3
3 10 8 11
3 10 9 10
3 10 10 86
3 10 11 60
3 10 12 32
3 10 13 26
3 10 14 85
3 10 15 59
3 10 16 69
3 10 17 36
3 10 18 84
3 10 19 76
3 10 20 68
3 10 21 41
3 10 22 58
3 10 23 27
3 10 24 70
3 10 25 35
3 10 26 46
3 10 27 29
3 10 28 20
3 10 29 8
3 10 30 87
3 11 0 71
3 11 1 53
3 11 2 47
3 11 3 61
3 11 4 30
3 11 5 57
3 11 6 10
3 11 7 9
3 11 8 1
3 11 9 85
3 11 10 52
3 11 11 66
3 11 12 16
3 11 13 84
3 11 14 37
3 11 15 68
3 11 16 7
3 11 17 83
3 11 18 75
3 11 19 67
3 11 20 56
3 11 21 32
3 11 22 20
3 11 23 44
3 11 24 38
3 11 25 34
3 11 26 14
3 11 27 28
3 11 28 12
3 11 29 31
3 11 30 15
3 12 0 86
3 12 1 78
3 12 2 52
3 12 3 16
3 12 4 79
3 12 5 18
3 12 6 17
3 12 7 24
3 12 8 84
3 12 9 55
3 12 10 35
3 12 11 22
3 12 12 31
3 12 13 32
3 12 14 67
3 12 15 90
3 12 16 82
3 12 17 49
3 12 18 34
3 12 19 41
3 12 20 45
3 12 21 10
3 12 22 54
3 12 23 58
3 12 24 80
3 12 25 13
3 12 26 4
3 12 27 26
3 12 28 33
3 12 29 25
3 12 30 70
3 13 0 77
3 13 1 48
3 13 2 11
3 13 3 56
3 13 4 14
3 13 5 16
3 13 6 0
3 13 7 43
3 13 8 87
3 13 9 51
3 13 10 1
3 13 11 34
3 13 12 60
3 13 13 35
3 13 14 89
3 13 15 81
3 13 16 73
3 13 17 65
3 13 18 74
3 13 19 80
3 13 20 30
3 13 21 38
3 13 22 36
3 13 23 40
3 13 24 28
3 13 25 21
3 13 26 24
3 13 27 32
3 13 28 22
3 13 29 54
3 13 30 85
3 14 0 60
3 14 1 9
3 14 2 45
3 14 3 8
3 14 4 11
3 14 5 12
3 14 6 53
3 14 7 35
3 14 8 44
3 14 9 18
3 14 10 41
3 14 11 87
3 14 12 65
3 14 13 88
3 14 14 80
3 14 15 61
3 14 16 64
3 14 17 40
3 14 18 39
3 14 19 27
3 14 20 66
3 14 21 74
3 14 22 78
3 14 23 23
3 14 24 7
3 14 25 29
3 14 26 83
3 14 27 15
3 14 28 48
3 14 29 84
3 14 30 76
3 15 0 7
3 15 1 45
3 15 2 15
3 15 3 3
3 15 4 25
3 15 5 38
3 15 6 50
3 15 7 52
3 15 8 10
3 15 9 80
3 15 10 42
3 15 11 64
3 15 12 39
3 15 13 79
3 15 14 58
3 15 15 63
3 15 16 72
3 15 17 78
3 15 18 30
3 15 19 59
3 15 20 40
3 15 21 77
3 15 22 13
3 15 23 16
3 15 24 21
3 15 25 82
3 15 26 22
3 15 27 60
3 15 28 34
3 15 29 75
3 15 30 57
3 16 0 41
3 16 1 6
3 16 2 20
3 16 3 4
3 16 4 80
3 16 5 56
3 16 6 54
3 16 7 8
3 16 8 50
3 16 9 61
3 16 10 63
3 16 11 86
3 16 12 78
3 16 13 51
3 16 14 62
3 16 15 71
3 16 16 77
3 16 17 21
3 16 18 40
3 16 19 72
3 16 20 76
3 16 21 19
3 16 22 27
3 16 23 1
3 16 24 81
3 16 25 14
3 16 26 66
3 16 27 45
3 16 28 37
3 16 29 52
3 16 30 23
3 17 0 6
3 17 1 18
3 17 2 13
3 17 3 48
3 17 4 83
3 17 5 51
3 17 6 25
3 17 7 78
3 17 8 35
3 17 9 62
3 17 10 85
3 17 11 77
3 17 12 69
3 17 13 61
3 17 14 70
3 17 15 76
3 17 16 8
3 17 17 46
3 17 18 71
3 17 19 75
3 17 20 3
3 17 21 20
3 17 22 19
3 17 23 38
3 17 24 17
3 17 25 44
3 17 26 41
3 17 27 73
3 17 28 32
3 17 29 24
3 17 30 74
3 18 0 0
3 18 1 20
3 18 2 78
3 18 3 82
3 18 4 53
3 18 5 11
3 18 6 77
3 18 7 83
3 18 8 38
3 18 9 84
3 18 10 76
3 18 11 68
3 18 12 26
3 18 13 33
3 18 14 75
3 18 15 10
3 18 16 48
3 18 17 70
3 18 18 51
3 18 19 16
3 18 20 8
3 18 21 15
3 18 22 79
3 18 23 12
3 18 24 36
3 18 25 80
3 18 26 58
3 18 27 55
3 18 28 7
3 18 29 61
3 18 30 22
3 19 0 21
3 19 1 77
3 19 2 81
3 19 3 59
3 19 4 27
3 19 5 76
3 19 6 82
3 19 7 11
3 19 8 48
3 19 9 75
3 19 10 67
3 19 11 90
3 19 12 38
3 19 13 49
3 19 14 26
3 19 15 45
3 19 16 43
3 19 17 73
3 19 18 17
3 19 19 6
3 19 20 15
3 19 21 58
3 19 22 30
3 19 23 47
3 19 24 31
3 19 25 54
3 19 26 87
3 19 27 25
3 19 28 72
3 19 29 22
3 19 30 29
3 20 0 76
3 20 1 59
3 20 2 40
3 20 3 29
3 20 4 75
3 20 5 81
3 20 6 90
3 20 7 41
3 20 8 74
3 20 9 60
3 20 10 89
3 20 11 57
3 20 12 73
3 20 13 12
3 20 14 47
3 20 15 49
3 20 16 61
3 20 17 24
3 20 18 19
3 20 19 0
3 20 20 54
3 20 21 13
3 20 22 42
3 20 23 78
3 20 24 34
3 20 25 39
3 20 26 20
3 20 27 71
3 20 28 18
3 20 29 17
3 20 30 3
3 21 0 79
3 21 1 87
3 21 2 16
3 21 3 60
3 21 4 59
3 21 5 89
3 21 6 38
3 21 7 73
3 21 8 65
3 21 9 88
3 21 10 66
3 21 11 58
3 21 12 29
3 21 13 55
3 21 14 33
3 21 15 46
3 21 16 2
3 21 17 17
3 21 18 0
3 21 19 54
3 21 20 14
3 21 21 39
3 21 22 77
3 21 23 69
3 21 24 51
3 21 25 23
3 21 26 70
3 21 27 5
3 21 28 10
3 21 29 18
3 21 30 75
3 22 0 61
3 22 1 7
3 22 2 73
3 22 3 79
3 22 4 88
3 22 5 80
3 22 6 72
3 22 7 64
3 22 8 33
3 22 9 39
3 22 10 34
3 22 11 27
3 22 12 48
3 22 13 66
3 22 14 56
3 22 15 12
3 22 16 3
3 22 17 22
3 22 18 43
3 22 19 30
3 22 20 51
3 22 21 76
3 22 22 68
3 22 23 45
3 22 24 15
3 22 25 36
3 22 26 16
3 22 27 21
3 22 28 24
3 22 29 59
3 22 30 32
3 23 0 10
3 23 1 54
3 23 2 58
3 23 3 34
3 23 4 50
3 23 5 71
3 23 6 63
3 23 7 86
3 23 8 36
3 23 9 37
3 23 10 19
3 23 11 33
3 23 12 44
3 23 13 69
3 23 14 25
3 23 15 26
3 23 16 29
3 23 17 74
3 23 18 28
3 23 19 47
3 23 20 75
3 23 21 67
3 23 22 83
3 23 23 22
3 23 24 35
3 23 25 8
3 23 26 30
3 23 27 14
3 23 28 73
3 23 29 41
3 23 30 45
3 24 0 36
3 24 1 43
3 24 2 86
3 24 3 78
3 24 4 70
3 24 5 62
3 24 6 85
3 24 7 31
3 24 8 69
3 24 9 5
3 24 10 87
3 24 11 47
3 24 12 68
3 24 13 6
3 24 14 21
3 24 15 23
3 24 16 42
3 24 17 26
3 24 18 38
3 24 19 52
3 24 20 46
3 24 21 82
3 24 22 15
3 24 23 37
3 24 24 13
3 24 25 16
3 24 26 9
3 24 27 34
3 24 28 61
3 24 29 55
3 24 30 7
3 25 0 58
3 25 1 85
3 25 2 77
3 25 3 69
3 25 4 32
3 25 5 84
3 25 6 40
3 25 7 68
3 25 8 15
3 25 9 36
3 25 10 39
3 25 11 67
3 25 12 13
3 25 13 20
3 25 14 19
3 25 15 72
3 25 16 21
3 25 17 50
3 25 18 73
3 25 19 65
3 25 20 81
3 25 21 12
3 25 22 66
3 25 23 11
3 25 24 2
3 25 25 24
3 25 26 53
3 25 27 33
3 25 28 83
3 25 29 27
3 25 30 41
3 26 0 84
3 26 1 76
3 26 2 68
3 26 3 30
3 26 4 57
3 26 5 55
3 26 6 67
3 26 7 21
3 26 8 46
3 26 9 56
3 26 10 44
3 26 11 5
3 26 12 28
3 26 13 27
3 26 14 71
3 26 15 7
3 26 16 87
3 26 17 41
3 26 18 64
3 26 19 36
3 26 20 22
3 26 21 54
3 26 22 25
3 26 23 9
3 26 24 23
3 26 25 48
3 26 26 74
3 26 27 82
3 26 28 17
3 26 29 69
3 26 30 31
3 27 0 75
3 27 1 67
3 27 2 90
3 27 3 46
3 27 4 60
3 27 5 40
3 27 6 11
3 27 7 44
3 27 8 52
3 27 9 65
3 27 10 27
3 27 11 26
3 27 12 3
3 27 13 70
3 27 14 16
3 27 15 31
3 27 16 36
3 27 17 63
3 27 18 79
3 27 19 23
3 27 20 49
3 27 21 29
3 27 22 17
3 27 23 8
3 27 24 69
3 27 25 58
3 27 26 81
3 27 27 10
3 27 28 68
3 27 29 74
3 27 30 47
3 28 0 66
3 28 1 89
3 28 2 51
3 28 3 49
3 28 4 65
3 28 5 3
3 28 6 83
3 28 7 56
3 28 8 64
3 28 9 9
3 28 10 25
3 28 11 29
3 28 12 53
3 28 13 5
3 28 14 46
3 28 15 42
3 28 16 62
3 28 17 35
3 28 18 15
3 28 19 39
3 28 20 23
3 28 21 28
3 28 22 1
3 28 23 68
3 28 24 72
3 28 25 50
3 28 26 12
3 28 27 67
3 28 28 55
3 28 29 44
3 28 30 34
3 29 0 88
3 29 1 80
3 29 2 35
3 29 3 64
3 29 4 12
3 29 5 82
3 29 6 42
3 29 7 63
3 29 8 9
3 29 9 8
3 29 10 6
3 29 11 49
3 29 12 5
3 29 13 46
3 29 14 69
3 29 15 33
3 29 16 37
3 29 17 4
3 29 18 52
3 29 19 20
3 29 20 13
3 29 21 30
3 29 22 67
3 29 23 71
3 29 24 79
3 29 25 25
3 29 26 59
3 29 27 72
3 29 28 53
3 29 29 73
3 29 30 65
3 30 0 37
3 30 1 39
3 30 2 63
3 30 3 0
3 30 4 81
3 30 5 48
3 30 6 62
3 30 7 28
3 30 8 14
3 30 9 13
3 30 10 46
3 30 11 10
3 30 12 83
3 30 13 68
3 30 14 1
3 30 15 47
3 30 16 12
3 30 17 43
3 30 18 4
3 30 19 15
3 30 20 5
3 30 21 35
3 30 22 70
3 30 23 57
3 30 24 6
3 30 25 65
3 30 26 71
3 30 27 80
3 30 28 56
3 30 29 64
3 30 30 40
4 0 0 63
4 0 1 1
4 0 2 81
4 0 3 49
4 0 4 62
4 0 5 29
4 0 6 15
4 0 7 14
4 0 8 47
4 0 9 11
4 0 10 83
4 0 11 68
4 0 12 2
4 0 13 48
4 0 14 13
4 0 15 44
4 0 16 5
4 0 17 16
4 0 18 6
4 0 19 36
4 0 20 70
4 0 21 58
4 0 22 7
4 0 23 65
4 0 24 71
4 0 25 80
4 0 26 57
4 0 27 64
4 0 28 41
4 0 29 38
4 0 30 40
4 1 0 15
4 1 1 58
4 1 2 41
4 1 3 50
4 1 4 10
4 1 5 14
4 1 6 3
4 1 7 66
4 1 8 24
4 1 9 82
4 1 10 67
4 1 11 90
4 1 12 51
4 1 13 4
4 1 14 39
4 1 15 7
4 1 16 17
4 1 17 5
4 1 18 65
4 1 19 52
4 1 20 44
4 1 21 1
4 1 22 64
4 1 23 70
4 1 24 32
4 1 25 60
4 1 26 63
4 1 27 86
4 1 28 78
4 1 29 87
4 1 30 62
4 2 0 79
4 2 1 87
4 2 2 3
4 2 3 24
4 2 4 20
4 2 5 5
4 2 6 59
4 2 7 21
4 2 8 81
4 2 9 32
4 2 10 89
4 2 11 74
4 2 12 18
4 2 13 38
4 2 14 1
4 2 15 9
4 2 16 23
4 2 17 64
4 2 18 43
4 2 19 37
4 2 20 10
4 2 21 63
4 2 22 55
4 2 23 78
4 2 24 49
4 2 25 62
4 2 26 85
4 2 27 77
4 2 28 31
4 2 29 58
4 2 30 25
4 3 0 44
4 3 1 90
4 3 2 11
4 3 3 18
4 3 4 29
4 3 5 46
4 3 6 7
4 3 7 53
4 3 8 65
4 3 9 88
4 3 10 48
4 3 11 30
4 3 12 55
4 3 13 14
4 3 14 20
4 3 15 28
4 3 16 63
4 3 17 57
4 3 18 45
4 3 19 22
4 3 20 62
4 3 21 40
4 3 22 77
4 3 23 69
4 3 24 35
4 3 25 84
4 3 26 76
4 3 27 61
4 3 28 19
4 3 29 12
4 3 30 56
4 4 0 89
4 4 1 6
4 4 2 20
4 4 3 3
4 4 4 32
4 4 5 0
4 4 6 79
4 4 7 64
4 4 8 38
4 4 9 72
4 4 10 8
4 4 11 42
4 4 12 5
4 4 13 19
4 4 14 2
4 4 15 62
4 4 16 66
4 4 17 74
4 4 18 27
4 4 19 43
4 4 20 39
4 4 21 76
4 4 22 68
4 4 23 4
4 4 24 52
4 4 25 75
4 4 26 46
4 4 27 90
4 4 28 12
4 4 29 33
4 4 30 58
4 5 0 11
4 5 1 19
4 5 2 25
4 5 3 31
4 5 4 9
4 5 5 50
4 5 6 63
4 5 7 86
4 5 8 71
4 5 9 1
4 5 10 87
4 5 11 10
4 5 12 21
4 5 13 28
4 5 14 51
4 5 15 60
4 5 16 43
4 5 17 27
4 5 18 20
4 5 19 66
4 5 20 75
4 5 21 67
4 5 22 90
4 5 23 41
4 5 24 38
4 5 25 83
4 5 26 89
4 5 27 17
4 5 28 57
4 5 29 49
4 5 30 88
4 6 0 30
4 6 1 7
4 6 2 57
4 6 3 21
4 6 4 53
4 6 5 62
4 6 6 85
4 6 7 70
4 6 8 18
4 6 9 54
4 6 10 3
4 6 11 19
4 6 12 15
4 6 13 5
4 6 14 52
4 6 15 72
4 6 16 14
4 6 17 90
4 6 18 61
4 6 19 32
4 6 20 60
4 6 21 89
4 6 22 44
4 6 23 73
4 6 24 82
4 6 25 88
4 6 26 29
4 6 27 43
4 6 28 83
4 6 29 34
4 6 30 16
4 7 0 1
4 7 1 48
4 7 2 4
4 7 3 32
4 7 4 36
4 7 5 84
4 7 6 54
4 7 7 15
4 7 8 51
4 7 9 5
4 7 10 25
4 7 11 29
4 7 12 90
4 7 13 58
4 7 14 71
4 7 15 24
4 7 16 89
4 7 17 34
4 7 18 73
4 7 19 65
4 7 20 88
4 7 21 80
4 7 22 47
4 7 23 81
4 7 24 41
4 7 25 7
4 7 26 74
4 7 27 82
4 7 28 86
4 7 29 3
4 7 30 22
4 8 0 61
4 8 1 26
4 8 2 34
4 8 3 6
4 8 4 58
4 8 5 54
4 8 6 28
4 8 7 47
4 8 8 25
4 8 9 24
4 8 10 10
4 8 11 89
4 8 12 44
4 8 13 70
4 8 14 7
4 8 15 88
4 8 16 51
4 8 17 49
4 8 18 64
4 8 19 87
4 8 20 35
4 8 21 56
4 8 22 45
4 8 23 86
4 8 24 1
4 8 25 50
4 8 26 81
4 8 27 85
4 8 28 2
4 8 29 23
4 8 30 3
4 9 0 3
4 9 1 74
4 9 2 90
4 9 3 33
4 9 4 38
4 9 5 2
4 9 6 83
4 9 7 1
4 9 8 30
4 9 9 29
4 9 10 88
4 9 11 48
4 9 12 56
4 9 13 26
4 9 14 60
4 9 15 40
4 9 16 54
4 9 17 63
4 9 18 86
4 9 19 78
4 9 20 53
4 9 21 79
4 9 22 85
4 9 23 13
4 9 24 72
4 9 25 42
4 9 26 84
4 9 27 8
4 9 28 25
4 9 29 18
4 9 30 51
4 10 0 33
4 10 1 89
4 10 2 59
4 10 3 66
4 10 4 2
4 10 5 82
4 10 6 9
4 10 7 13
4 10 8 29
4 10 9 56
4 10 10 44
4 10 11 54
4 10 12 4
4 10 13 86
4 10 14 45
4 10 15 43
4 10 16 62
4 10 17 85
4 10 18 77
4 10 19 69
4 10 20 38
4 10 21 84
4 10 22 26
4 10 23 71
4 10 24 79
4 10 25 52
4 10 26 6
4 10 27 10
4 10 28 15
4 10 29 46
4 10 30 23
4 11 0 88
4 11 1 80
4 11 2 50
4 11 3 22
4 11 4 81
4 11 5 4
4 11 6 12
4 11 7 11
4 11 8 86
4 11 9 61
4 11 10 33
4 11 11 27
4 11 12 85
4 11 13 60
4 11 14 69
4 11 15 37
4 11 16 84
4 11 17 76
4 11 18 68
4 11 19 42
4 11 20 59
4 11 21 28
4 11 22 70
4 11 23 36
4 11 24 47
4 11 25 30
4 11 26 21
4 11 27 9
4 11 28 87
4 11 29 15
4 11 30 72
4 12 0 48
4 12 1 31
4 12 2 0
4 12 3 58
4 12 4 11
4 12 5 10
4 12 6 2
4 12 7 85
4 12 8 53
4 12 9 66
4 12 10 17
4 12 11 84
4 12 12 38
4 12 13 68
4 12 14 8
4 12 15 83
4 12 16 75
4 12 17 67
4 12 18 57
4 12 19 33
4 12 20 21
4 12 21 45
4 12 22 39
4 12 23 35
4 12 24 15
4 12 25 29
4 12 26 13
4 12 27 32
4 12 28 16
4 12 29 71
4 12 30 54
4 13 0 53
4 13 1 17
4 13 2 79
4 13 3 19
4 13 4 18
4 13 5 25
4 13 6 84
4 13 7 56
4 13 8 36
4 13 9 23
4 13 10 32
4 13 11 33
4 13 12 67
4 13 13 90
4 13 14 82
4 13 15 50
4 13 16 35
4 13 17 42
4 13 18 46
4 13 19 11
4 13 20 55
4 13 21 59
4 13 22 80
4 13 23 14
4 13 24 5
4 13 25 27
4 13 26 34
4 13 27 26
4 13 28 70
4 13 29 86
4 13 30 78
4 14 0 12
4 14 1 57
4 14 2 15
4 14 3 17
4 14 4 1
4 14 5 44
4 14 6 87
4 14 7 52
4 14 8 2
4 14 9 35
4 14 10 61
4 14 11 36
4 14 12 89
4 14 13 81
4 14 14 73
4 14 15 65
4 14 16 74
4 14 17 80
4 14 18 0
4 14 19 39
4 14 20 37
4 14 21 41
4 14 22 29
4 14 23 22
4 14 24 25
4 14 25 33
4 14 26 23
4 14 27 55
4 14 28 85
4 14 29 77
4 14 30 49
4 15 0 46
4 15 1 9
4 15 2 12
4 15 3 13
4 15 4 54
4 15 5 36
4 15 6 45
4 15 7 19
4 15 8 42
4 15 9 87
4 15 10 65
4 15 11 88
4 15 12 80
4 15 13 31
4 15 14 64
4 15 15 41
4 15 16 40
4 15 17 28
4 15 18 66
4 15 19 74
4 15 20 78
4 15 21 24
4 15 22 8
4 15 23 30
4 15 24 83
4 15 25 16
4 15 26 49
4 15 27 84
4 15 28 76
4 15 29 61
4 15 30 10
4 16 0 16
4 16 1 4
4 16 2 26
4 16 3 39
4 16 4 51
4 16 5 53
4 16 6 11
4 16 7 80
4 16 8 43
4 16 9 64
4 16 10 40
4 16 11 79
4 16 12 59
4 16 13 63
4 16 14 72
4 16 15 78
4 16 16 0
4 16 17 60
4 16 18 41
4 16 19 77
4 16 20 14
4 16 21 17
4 16 22 22
4 16 23 82
4 16 24 23
4 16 25 61
4 16 26 35
4 16 27 75
4 16 28 58
4 16 29 8
4 16 30 46
4 17 0 21
4 17 1 5
4 17 2 80
4 17 3 57
4 17 4 55
4 17 5 9
4 17 6 51
4 17 7 31
4 17 8 63
4 17 9 86
4 17 10 78
4 17 11 52
4 17 12 62
4 17 13 71
4 17 14 77
4 17 15 22
4 17 16 41
4 17 17 72
4 17 18 76
4 17 19 20
4 17 20 28
4 17 21 2
4 17 22 81
4 17 23 15
4 17 24 66
4 17 25 46
4 17 26 38
4 17 27 53
4 17 28 24
4 17 29 42
4 17 30 7
4 18 0 14
4 18 1 49
4 18 2 83
4 18 3 52
4 18 4 26
4 18 5 78
4 18 6 36
4 18 7 62
4 18 8 85
4 18 9 77
4 18 10 69
4 18 11 31
4 18 12 70
4 18 13 76
4 18 14 9
4 18 15 47
4 18 16 71
4 18 17 75
4 18 18 4
4 18 19 21
4 18 20 20
4 18 21 39
4 18 22 18
4 18 23 45
4 18 24 42
4 18 25 73
4 18 26 33
4 18 27 25
4 18 28 74
4 18 29 7
4 18 30 19
4 19 0 78
4 19 1 82
4 19 2 54
4 19 3 12
4 19 4 77
4 19 5 83
4 19 6 39
4 19 7 84
4 19 8 76
4 19 9 68
4 19 10 27
4 19 11 34
4 19 12 75
4 19 13 11
4 19 14 49
4 19 15 70
4 19 16 52
4 19 17 17
4 19 18 9
4 19 19 16
4 19 20 79
4 19 21 13
4 19 22 37
4 19 23 80
4 19 24 59
4 19 25 56
4 19 26 8
4 19 27 31
4 19 28 23
4 19 29 1
4 19 30 21
4 20 0 81
4 20 1 60
4 20 2 28
4 20 3 76
4 20 4 82
4 20 5 12
4 20 6 49
4 20 7 75
4 20 8 67
4 20 9 90
4 20 10 39
4 20 11 50
4 20 12 27
4 20 13 46
4 20 14 44
4 20 15 73
4 20 16 18
4 20 17 7
4 20 18 16
4 20 19 59
4 20 20 0
4 20 21 48
4 20 22 32
4 20 23 55
4 20 24 87
4 20 25 26
4 20 26 72
4 20 27 23
4 20 28 30
4 20 29 22
4 20 30 77
4 21 0 41
4 21 1 30
4 21 2 75
4 21 3 81
4 21 4 90
4 21 5 42
4 21 6 74
4 21 7 61
4 21 8 89
4 21 9 58
4 21 10 73
4 21 11 13
4 21 12 48
4 21 13 50
4 21 14 31
4 21 15 25
4 21 16 20
4 21 17 1
4 21 18 55
4 21 19 14
4 21 20 43
4 21 21 78
4 21 22 35
4 21 23 40
4 21 24 21
4 21 25 71
4 21 26 19
4 21 27 18
4 21 28 4
4 21 29 76
4 21 30 60
4 22 0 17
4 22 1 61
4 22 2 60
4 22 3 89
4 22 4 39
4 22 5 73
4 22 6 65
4 22 7 88
4 22 8 66
4 22 9 59
4 22 10 30
4 22 11 56
4 22 12 34
4 22 13 47
4 22 14 3
4 22 15 18
4 22 16 1
4 22 17 55
4 22 18 15
4 22 19 40
4 22 20 77
4 22 21 69
4 22 22 52
4 22 23 24
4 22 24 70
4 22 25 6
4 22 26 11
4 22 27 19
4 22 28 75
4 22 29 79
4 22 30 87
4 23 0 73
4 23 1 79
4 23 2 88
4 23 3 80
4 23 4 72
4 23 5 64
4 23 6 34
4 23 7 40
4 23 8 35
4 23 9 28
4 23 10 49
4 23 11 66
4 23 12 57
4 23 13 13
4 23 14 4
4 23 15 23
4 23 16 44
4 23 17 0
4 23 18 52
4 23 19 76
4 23 20 68
4 23 21 46
4 23 22 16
4 23 23 37
4 23 24 17
4 23 25 22
4 23 26 25
4 23 27 60
4 23 28 33
4 23 29 31
4 23 30 8
4 24 0 59
4 24 1 35
4 24 2 51
4 24 3 71
4 24 4 63
4 24 5 86
4 24 6 37
4 24 7 38
4 24 8 20
4 24 9 34
4 24 10 45
4 24 11 69
4 24 12 26
4 24 13 27
4 24 14 30
4 24 15 74
4 24 16 29
4 24 17 48
4 24 18 75
4 24 19 67
4 24 20 83
4 24 21 23
4 24 22 36
4 24 23 9
4 24 24 0
4 24 25 15
4 24 26 73
4 24 27 42
4 24 28 46
4 24 29 11
4 24 30 55
4 25 0 86
4 25 1 78
4 25 2 70
4 25 3 62
4 25 4 85
4 25 5 32
4 25 6 69
4 25 7 6
4 25 8 87
4 25 9 48
4 25 10 68
4 25 11 7
4 25 12 22
4 25 13 24
4 25 14 43
4 25 15 27
4 25 16 39
4 25 17 53
4 25 18 47
4 25 19 82
4 25 20 16
4 25 21 38
4 25 22 14
4 25 23 17
4 25 24 10
4 25 25 35
4 25 26 31
4 25 27 56
4 25 28 8
4 25 29 37
4 25 30 44
4 26 0 77
4 26 1 69
4 26 2 33
4 26 3 84
4 26 4 41
4 26 5 68
4 26 6 16
4 26 7 37
4 26 8 40
4 26 9 67
4 26 10 14
4 26 11 21
4 26 12 20
4 26 13 72
4 26 14 22
4 26 15 51
4 26 16 73
4 26 17 65
4 26 18 81
4 26 19 13
4 26 20 66
4 26 21 12
4 26 22 3
4 26 23 25
4 26 24 54
4 26 25 34
4 26 26 83
4 26 27 28
4 26 28 42
4 26 29 59
4 26 30 85
4 27 0 68
4 27 1 0
4 27 2 58
4 27 3 56
4 27 4 67
4 27 5 22
4 27 6 47
4 27 7 57
4 27 8 45
4 27 9 6
4 27 10 29
4 27 11 28
4 27 12 71
4 27 13 8
4 27 14 87
4 27 15 42
4 27 16 64
4 27 17 37
4 27 18 23
4 27 19 55
4 27 20 26
4 27 21 10
4 27 22 24
4 27 23 49
4 27 24 74
4 27 25 82
4 27 26 18
4 27 27 69
4 27 28 32
4 27 29 84
4 27 30 76
4 28 0 90
4 28 1 47
4 28 2 61
4 28 3 41
4 28 4 12
4 28 5 45
4 28 6 53
4 28 7 65
4 28 8 28
4 28 9 27
4 28 10 4
4 28 11 70
4 28 12 17
4 28 13 32
4 28 14 37
4 28 15 63
4 28 16 79
4 28 17 24
4 28 18 50
4 28 19 30
4 28 20 18
4 28 21 9
4 28 22 69
4 28 23 59
4 28 24 81
4 28 25 11
4 28 26 68
4 28 27 74
4 28 28 48
4 28 29 75
4 28 30 67
4 29 0 52
4 29 1 50
4 29 2 65
4 29 3 4
4 29 4 83
4 29 5 57
4 29 6 64
4 29 7 10
4 29 8 26
4 29 9 30
4 29 10 54
4 29 11 6
4 29 12 47
4 29 13 43
4 29 14 62
4 29 15 36
4 29 16 16
4 29 17 40
4 29 18 24
4 29 19 29
4 29 20 2
4 29 21 68
4 29 22 72
4 29 23 51
4 29 24 13
4 29 25 67
4 29 26 56
4 29 27 45
4 29 28 35
4 29 29 66
4 29 30 89
4 30 0 36
4 30 1 64
4 30 2 13
4 30 3 82
4 30 4 43
4 30 5 63
4 30 6 10
4 30 7 9
4 30 8 7
4 30 9 50
4 30 10 6
4 30 11 47
4 30 12 69
4 30 13 34
4 30 14 38
4 30 15 5
4 30 16 53
4 30 17 21
4 30 18 14
4 30 19 0
4 30 20 67
4 30 21 71
4 30 22 79
4 30 23 26
4 30 24 60
4 30 25 72
4 30 26 54
4 30 27 73
4 30 28 65
4 30 29 88
4 30 30 80
5 0 0 14
5 0 1 82
5 0 2 44
5 0 3 63
5 0 4 11
5 0 5 10
5 0 6 8
5 0 7 51
5 0 8 7
5 0 9 48
5 0 10 69
5 0 11 35
5 0 12 39
5 0 13 6
5 0 14 54
5 0 15 22
5 0 16 15
5 0 17 1
5 0 18 67
5 0 19 71
5 0 20 79
5 0 21 27
5 0 22 61
5 0 23 72
5 0 24 55
5 0 25 73
5 0 26 65
5 0 27 88
5 0 28 80
5 0 29 37
5 0 30 64
5 1 0 81
5 1 1 50
5 1 2 62
5 1 3 30
5 1 4 16
5 1 5 15
5 1 6 48
5 1 7 12
5 1 8 83
5 1 9 68
5 1 10 3
5 1 11 49
5 1 12 14
5 1 13 45
5 1 14 6
5 1 15 17
5 1 16 7
5 1 17 37
5 1 18 70
5 1 19 59
5 1 20 8
5 1 21 65
5 1 22 71
5 1 23 80
5 1 24 58
5 1 25 64
5 1 26 42
5 1 27 39
5 1 28 41
5 1 29 63
5 1 30 2
5 2 0 42
5 2 1 51
5 2 2 11
5 2 3 15
5 2 4 4
5 2 5 66
5 2 6 25
5 2 7 82
5 2 8 67
5 2 9 90
5 2 10 52
5 2 11 5
5 2 12 40
5 2 13 8
5 2 14 18
5 2 15 6
5 2 16 65
5 2 17 53
5 2 18 45
5 2 19 2
5 2 20 64
5 2 21 70
5 2 22 33
5 2 23 61
5 2 24 63
5 2 25 86
5 2 26 78
5 2 27 87
5 2 28 62
5 2 29 16
5 2 30 59
5 3 0 4
5 3 1 25
5 3 2 21
5 3 3 6
5 3 4 60
5 3 5 22
5 3 6 81
5 3 7 33
5 3 8 89
5 3 9 74
5 3 10 19
5 3 11 39
5 3 12 2
5 3 13 10
5 3 14 24
5 3 15 64
5 3 16 44
5 3 17 38
5 3 18 11
5 3 19 63
5 3 20 56
5 3 21 78
5 3 22 50
5 3 23 62
5 3 24 85
5 3 25 77
5 3 26 32
5 3 27 59
5 3 28 26
5 3 29 79
5 3 30 87
5 4 0 12
5 4 1 19
5 4 2 30
5 4 3 47
5 4 4 8
5 4 5 54
5 4 6 65
5 4 7 88
5 4 8 49
5 4 9 0
5 4 10 56
5 4 11 15
5 4 12 21
5 4 13 29
5 4 14 63
5 4 15 58
5 4 16 46
5 4 17 23
5 4 18 62
5 4 19 41
5 4 20 77
5 4 21 69
5 4 22 36
5 4 23 84
5 4 24 76
5 4 25 31
5 4 26 20
5 4 27 13
5 4 28 57
5 4 29 45
5 4 30 90
5 5 0 21
5 5 1 4
5 5 2 33
5 5 3 1
5 5 4 79
5 5 5 64
5 5 6 39
5 5 7 72
5 5 8 9
5 5 9 43
5 5 10 6
5 5 11 20
5 5 12 3
5 5 13 62
5 5 14 66
5 5 15 74
5 5 16 28
5 5 17 44
5 5 18 40
5 5 19 76
5 5 20 68
5 5 21 5
5 5 22 53
5 5 23 75
5 5 24 47
5 5 25 90
5 5 26 13
5 5 27 34
5 5 28 59
5 5 29 89
5 5 30 7
5 6 0 26
5 6 1 32
5 6 2 10
5 6 3 51
5 6 4 63
5 6 5 86
5 6 6 71
5 6 7 2
5 6 8 87
5 6 9 11
5 6 10 22
5 6 11 29
5 6 12 52
5 6 13 61
5 6 14 44
5 6 15 28
5 6 16 21
5 6 17 66
5 6 18 75
5 6 19 67
5 6 20 90
5 6 21 42
5 6 22 39
5 6 23 83
5 6 24 89
5 6 25 18
5 6 26 58
5 6 27 50
5 6 28 88
5 6 29 12
5 6 30 20
5 7 0 58
5 7 1 22
5 7 2 54
5 7 3 62
5 7 4 85
5 7 5 70
5 7 6 19
5 7 7 55
5 7 8 4
5 7 9 20
5 7 10 16
5 7 11 6
5 7 12 53
5 7 13 72
5 7 14 15
5 7 15 90
5 7 16 31
5 7 17 33
5 7 18 61
5 7 19 89
5 7 20 45
5 7 21 73
5 7 22 82
5 7 23 88
5 7 24 30
5 7 25 44
5 7 26 83
5 7 27 35
5 7 28 17
5 7 29 0
5 7 30 8
5 8 0 5
5 8 1 33
5 8 2 37
5 8 3 84
5 8 4 55
5 8 5 16
5 8 6 52
5 8 7 6
5 8 8 26
5 8 9 30
5 8 10 90
5 8 11 59
5 8 12 71
5 8 13 25
5 8 14 89
5 8 15 35
5 8 16 73
5 8 17 65
5 8 18 88
5 8 19 80
5 8 20 48
5 8 21 81
5 8 22 42
5 8 23 8
5 8 24 74
5 8 25 82
5 8 26 86
5 8 27 4
5 8 28 23
5 8 29 2
5 8 30 49
5 9 0 35
5 9 1 7
5 9 2 59
5 9 3 55
5 9 4 29
5 9 5 48
5 9 6 26
5 9 7 25
5 9 8 11
5 9 9 89
5 9 10 45
5 9 11 70
5 9 12 8
5 9 13 88
5 9 14 52
5 9 15 50
5 9 16 64
5 9 17 87
5 9 18 36
5 9 19 57
5 9 20 46
5 9 21 86
5 9 22 2
5 9 23 51
5 9 24 81
5 9 25 85
5 9 26 3
5 9 27 24
5 9 28 4
5 9 29 31
5 9 30 27
5 10 0 90
5 10 1 34
5 10 2 39
5 10 3 3
5 10 4 83
5 10 5 2
5 10 6 0
5 10 7 30
5 10 8 88
5 10 9 49
5 10 10 57
5 10 11 27
5 10 12 61
5 10 13 41
5 10 14 55
5 10 15 63
5 10 16 86
5 10 17 78
5 10 18 54
5 10 19 79
5 10 20 85
5 10 21 14
5 10 22 72
5 10 23 43
5 10 24 84
5 10 25 9
5 10 26 26
5 10 27 19
5 10 28 52
5 10 29 4
5 10 30 74
5 11 0 60
5 11 1 66
5 11 2 3
5 11 3 82
5 11 4 10
5 11 5 14
5 11 6 30
5 11 7 57
5 11 8 45
5 11 9 55
5 11 10 5
5 11 11 86
5 11 12 46
5 11 13 44
5 11 14 62
5 11 15 85
5 11 16 77
5 11 17 69
5 11 18 39
5 11 19 84
5 11 20 27
5 11 21 71
5 11 22 79
5 11 23 53
5 11 24 7
5 11 25 11
5 11 26 16
5 11 27 47
5 11 28 24
5 11 29 34
5 11 30 89
5 12 0 51
5 12 1 23
5 12 2 81
5 12 3 5
5 12 4 13
5 12 5 12
5 12 6 86
5 12 7 31
5 12 8 34
5 12 9 28
5 12 10 85
5 12 11 61
5 12 12 69
5 12 13 38
5 12 14 84
5 12 15 76
5 12 16 68
5 12 17 43
5 12 18 60
5 12 19 29
5 12 20 70
5 12 21 37
5 12 22 48
5 12 23 0
5 12 24 22
5 12 25 10
5 12 26 87
5 12 27 16
5 12 28 72
5 12 29 88
5 12 30 80
5 13 0 1
5 13 1 59
5 13 2 12
5 13 3 11
5 13 4 3
5 13 5 85
5 13 6 54
5 13 7 66
5 13 8 18
5 13 9 84
5 13 10 39
5 13 11 68
5 13 12 9
5 13 13 83
5 13 14 75
5 13 15 67
5 13 16 58
5 13 17 34
5 13 18 22
5 13 19 46
5 13 20 40
5 13 21 36
5 13 22 16
5 13 23 30
5 13 24 14
5 13 25 33
5 13 26 17
5 13 27 71
5 13 28 55
5 13 29 49
5 13 30 32
5 14 0 79
5 14 1 20
5 14 2 19
5 14 3 26
5 14 4 84
5 14 5 57
5 14 6 37
5 14 7 24
5 14 8 33
5 14 9 34
5 14 10 67
5 14 11 90
5 14 12 82
5 14 13 51
5 14 14 36
5 14 15 43
5 14 16 47
5 14 17 12
5 14 18 56
5 14 19 60
5 14 20 80
5 14 21 15
5 14 22 6
5 14 23 28
5 14 24 35
5 14 25 27
5 14 26 70
5 14 27 86
5 14 28 78
5 14 29 54
5 14 30 18
5 15 0 16
5 15 1 18
5 15 2 2
5 15 3 45
5 15 4 87
5 15 5 53
5 15 6 3
5 15 7 36
5 15 8 31
5 15 9 37
5 15 10 89
5 15 11 81
5 15 12 73
5 15 13 65
5 15 14 74
5 15 15 80
5 15 16 1
5 15 17 40
5 15 18 38
5 15 19 42
5 15 20 30
5 15 21 23
5 15 22 26
5 15 23 34
5 15 24 24
5 15 25 56
5 15 26 85
5 15 27 77
5 15 28 50
5 15 29 13
5 15 30 58
5 16 0 13
5 16 1 14
5 16 2 55
5 16 3 37
5 16 4 46
5 16 5 20
5 16 6 43
5 16 7 87
5 16 8 65
5 16 9 88
5 16 10 80
5 16 11 32
5 16 12 64
5 16 13 42
5 16 14 41
5 16 15 29
5 16 16 66
5 16 17 74
5 16 18 78
5 16 19 25
5 16 20 9
5 16 21 0
5 16 22 83
5 16 23 17
5 16 24 50
5 16 25 84
5 16 26 76
5 16 27 31
5 16 28 11
5 16 29 47
5 16 30 10
5 17 0 27
5 17 1 40
5 17 2 52
5 17 3 54
5 17 4 12
5 17 5 80
5 17 6 44
5 17 7 64
5 17 8 41
5 17 9 79
5 17 10 60
5 17 11 63
5 17 12 72
5 17 13 78
5 17 14 1
5 17 15 61
5 17 16 42
5 17 17 77
5 17 18 15
5 17 19 18
5 17 20 23
5 17 21 82
5 17 22 24
5 17 23 31
5 17 24 36
5 17 25 75
5 17 26 59
5 17 27 9
5 17 28 47
5 17 29 17
5 17 30 5
5 18 0 80
5 18 1 58
5 18 2 56
5 18 3 10
5 18 4 52
5 18 5 32
5 18 6 63
5 18 7 86
5 18 8 78
5 18 9 53
5 18 10 62
5 18 11 71
5 18 12 77
5 18 13 23
5 18 14 42
5 18 15 72
5 18 16 76
5 18 17 21
5 18 18 29
5 18 19 3
5 18 20 81
5 18 21 16
5 18 22 66
5 18 23 47
5 18 24 39
5 18 25 54
5 18 26 25
5 18 27 43
5 18 28 8
5 18 29 22
5 18 30 6
5 19 0 83
5 19 1 53
5 19 2 27
5 19 3 78
5 19 4 37
5 19 5 62
5 19 6 85
5 19 7 77
5 19 8 69
5 19 9 32
5 19 10 70
5 19 11 76
5 19 12 10
5 19 13 48
5 19 14 71
5 19 15 75
5 19 16 5
5 19 17 22
5 19 18 21
5 19 19 40
5 19 20 19
5 19 21 46
5 19 22 43
5 19 23 73
5 19 24 34
5 19 25 26
5 19 26 74
5 19 27 8
5 19 28 20
5 19 29 15
5 19 30 50
5 20 0 55
5 20 1 13
5 20 2 77
5 20 3 83
5 20 4 40
5 20 5 84
5 20 6 76
5 20 7 68
5 20 8 28
5 20 9 35
5 20 10 75
5 20 11 12
5 20 12 50
5 20 13 70
5 20 14 53
5 20 15 18
5 20 16 10
5 20 17 17
5 20 18 79
5 20 19 14
5 20 20 38
5 20 21 80
5 20 22 60
5 20 23 57
5 20 24 9
5 20 25 32
5 20 26 24
5 20 27 2
5 20 28 22
5 20 29 78
5 20 30 82
5 21 0 29
5 21 1 76
5 21 2 82
5 21 3 13
5 21 4 50
5 21 5 75
5 21 6 67
5 21 7 90
5 21 8 40
5 21 9 51
5 21 10 28
5 21 11 47
5 21 12 45
5 21 13 73
5 21 14 19
5 21 15 8
5 21 16 17
5 21 17 60
5 21 18 1
5 21 19 49
5 21 20 33
5 21 21 56
5 21 22 87
5 21 23 27
5 21 24 72
5 21 25 24
5 21 26 0
5 21 27 23
5 21 28 77
5 21 29 81
5 21 30 61
5 22 0 75
5 22 1 81
5 22 2 90
5 22 3 43
5 22 4 74
5 22 5 31
5 22 6 89
5 22 7 59
5 22 8 73
5 22 9 14
5 22 10 49
5 22 11 51
5 22 12 32
5 22 13 26
5 22 14 21
5 22 15 2
5 22 16 56
5 22 17 15
5 22 18 44
5 22 19 78
5 22 20 36
5 22 21 41
5 22 22 22
5 22 23 71
5 22 24 20
5 22 25 19
5 22 26 5
5 22 27 76
5 22 28 61
5 22 29 42
5 22 30 0
5 23 0 61
5 23 1 89
5 23 2 40
5 23 3 73
5 23 4 65
5 23 5 88
5 23 6 66
5 23 7 60
5 23 8 0
5 23 9 57
5 23 10 35
5 23 11 48
5 23 12 4
5 23 13 19
5 23 14 2
5 23 15 56
5 23 16 16
5 23 17 41
5 23 18 77
5 23 19 69
5 23 20 53
5 23 21 25
5 23 22 70
5 23 23 7
5 23 24 12
5 23 25 20
5 23 26 75
5 23 27 79
5 23 28 87
5 23 29 18
5 23 30 31
5 24 0 88
5 24 1 80
5 24 2 72
5 24 3 64
5 24 4 35
5 24 5 41
5 24 6 36
5 24 7 29
5 24 8 50
5 24 9 66
5 24 10 58
5 24 11 14
5 24 12 5
5 24 13 24
5 24 14 45
5 24 15 1
5 24 16 53
5 24 17 76
5 24 18 68
5 24 19 47
5 24 20 17
5 24 21 38
5 24 22 18
5 24 23 23
5 24 24 26
5 24 25 61
5 24 26 34
5 24 27 32
5 24 28 9
5 24 29 73
5 24 30 79
5 25 0 52
5 25 1 71
5 25 2 63
5 25 3 86
5 25 4 38
5 25 5 39
5 25 6 21
5 25 7 35
5 25 8 46
5 25 9 69
5 25 10 27
5 25 11 28
5 25 12 0
5 25 13 74
5 25 14 30
5 25 15 49
5 25 16 75
5 25 17 67
5 25 18 83
5 25 19 24
5 25 20 37
5 25 21 10
5 25 22 1
5 25 23 16
5 25 24 73
5 25 25 43
5 25 26 47
5 25 27 12
5 25 28 56
5 25 29 60
5 25 30 36
5 26 0 70
5 26 1 62
5 26 2 85
5 26 3 33
5 26 4 69
5 26 5 7
5 26 6 87
5 26 7 49
5 26 8 68
5 26 9 8
5 26 10 23
5 26 11 25
5 26 12 44
5 26 13 28
5 26 14 40
5 26 15 54
5 26 16 48
5 26 17 82
5 26 18 17
5 26 19 39
5 26 20 15
5 26 21 18
5 26 22 11
5 26 23 36
5 26 24 32
5 26 25 57
5 26 26 9
5 26 27 38
5 26 28 45
5 26 29 86
5 26 30 78
5 27 0 34
5 27 1 84
5 27 2 42
5 27 3 68
5 27 4 17
5 27 5 38
5 27 6 41
5 27 7 67
5 27 8 15
5 27 9 22
5 27 10 21
5 27 11 72
5 27 12 23
5 27 13 52
5 27 14 73
5 27 15 65
5 27 16 81
5 27 17 14
5 27 18 66
5 27 19 13
5 27 20 4
5 27 21 26
5 27 22 55
5 27 23 35
5 27 24 83
5 27 25 29
5 27 26 43
5 27 27 60
5 27 28 85
5 27 29 77
5 27 30 69
5 28 0 59
5 28 1 57
5 28 2 67
5 28 3 23
5 28 4 48
5 28 5 58
5 28 6 46
5 28 7 7
5 28 8 30
5 28 9 29
5 28 10 71
5 28 11 9
5 28 12 87
5 28 13 43
5 28 14 64
5 28 15 38
5 28 16 24
5 28 17 56
5 28 18 27
5 28 19 11
5 28 20 25
5 28 21 50
5 28 22 74
5 28 23 82
5 28 24 19
5 28 25 69
5 28 26 33
5 28 27 84
5 28 28 76
5 28 29 68
5 28 30 1
5 29 0 31
5 29 1 42
5 29 2 13
5 29 3 46
5 29 4 54
5 29 5 65
5 29 6 29
5 29 7 28
5 29 8 5
5 29 9 70
5 29 10 18
5 29 11 33
5 29 12 38
5 29 13 63
5 29 14 79
5 29 15 25
5 29 16 51
5 29 17 0
5 29 18 19
5 29 19 10
5 29 20 69
5 29 21 60
5 29 22 81
5 29 23 12
5 29 24 68
5 29 25 74
5 29 26 49
5 29 27 75
5 29 28 67
5 29 29 90
5 29 30 48
5 30 0 65
5 30 1 5
5 30 2 83
5 30 3 58
5 30 4 64
5 30 5 11
5 30 6 27
5 30 7 0
5 30 8 55
5 30 9 7
5 30 10 48
5 30 11 44
5 30 12 62
5 30 13 37
5 30 14 17
5 30 15 41
5 30 16 25
5 30 17 30
5 30 18 3
5 30 19 68
5 30 20 72
5 30 21 52
5 30 22 14
5 30 23 67
5 30 24 57
5 30 25 46
5 30 26 36
5 30 27 66
5 30 28 89
5 30 29 53
5 30 30 51
6 0 0 83
6 0 1 59
6 0 2 64
6 0 3 12
6 0 4 28
6 0 5 1
6 0 6 56
6 0 7 8
6 0 8 49
6 0 9 45
6 0 10 62
6 0 11 38
6 0 12 18
6 0 13 42
6 0 14 26
6 0 15 0
6 0 16 4
6 0 17 68
6 0 18 72
6 0 19 53
6 0 20 15
6 0 21 67
6 0 22 58
6 0 23 47
6 0 24 37
6 0 25 66
6 0 26 89
6 0 27 54
6 0 28 52
6 0 29 65
6 0 30 6
6 1 0 45
6 1 1 63
6 1 2 12
6 1 3 11
6 1 4 9
6 1 5 52
6 1 6 8
6 1 7 49
6 1 8 69
6 1 9 36
6 1 10 40
6 1 11 7
6 1 12 55
6 1 13 23
6 1 14 16
6 1 15 2
6 1 16 67
6 1 17 71
6 1 18 79
6 1 19 28
6 1 20 31
6 1 21 72
6 1 22 56
6 1 23 73
6 1 24 65
6 1 25 88
6 1 26 80
6 1 27 38
6 1 28 64
6 1 29 15
6 1 30 82
6 2 0 62
6 2 1 0
6 2 2 17
6 2 3 16
6 2 4 49
6 2 5 13
6 2 6 83
6 2 7 68
6 2 8 4
6 2 9 50
6 2 10 15
6 2 11 46
6 2 12 7
6 2 13 18
6 2 14 8
6 2 15 38
6 2 16 70
6 2 17 60
6 2 18 9
6 2 19 65
6 2 20 71
6 2 21 80
6 2 22 59
6 2 23 64
6 2 24 43
6 2 25 40
6 2 26 42
6 2 27 63
6 2 28 3
6 2 29 81
6 2 30 51
6 3 0 12
6 3 1 16
6 3 2 5
6 3 3 66
6 3 4 26
6 3 5 82
6 3 6 67
6 3 7 90
6 3 8 53
6 3 9 6
6 3 10 41
6 3 11 9
6 3 12 19
6 3 13 7
6 3 14 65
6 3 15 54
6 3 16 46
6 3 17 3
6 3 18 64
6 3 19 70
6 3 20 34
6 3 21 31
6 3 22 63
6 3 23 86
6 3 24 78
6 3 25 87
6 3 26 62
6 3 27 17
6 3 28 60
6 3 29 43
6 3 30 52
6 4 0 22
6 4 1 7
6 4 2 61
6 4 3 23
6 4 4 81
6 4 5 34
6 4 6 89
6 4 7 74
6 4 8 20
6 4 9 40
6 4 10 3
6 4 11 11
6 4 12 25
6 4 13 64
6 4 14 45
6 4 15 39
6 4 16 12
6 4 17 63
6 4 18 57
6 4 19 78
6 4 20 51
6 4 21 62
6 4 22 85
6 4 23 77
6 4 24 33
6 4 25 60
6 4 26 27
6 4 27 79
6 4 28 87
6 4 29 5
6 4 30 26
6 5 0 0
6 5 1 48
6 5 2 9
6 5 3 55
6 5 4 65
6 5 5 88
6 5 6 50
6 5 7 1
6 5 8 57
6 5 9 16
6 5 10 22
6 5 11 30
6 5 12 63
6 5 13 59
6 5 14 47
6 5 15 24
6 5 16 62
6 5 17 42
6 5 18 77
6 5 19 69
6 5 20 37
6 5 21 84
6 5 22 76
6 5 23 32
6 5 24 21
6 5 25 14
6 5 26 58
6 5 27 46
6 5 28 90
6 5 29 13
6 5 30 20
6 6 0 34
6 6 1 2
6 6 2 79
6 6 3 64
6 6 4 40
6 6 5 72
6 6 6 10
6 6 7 44
6 6 8 7
6 6 9 21
6 6 10 4
6 6 11 62
6 6 12 66
6 6 13 74
6 6 14 29
6 6 15 45
6 6 16 41
6 6 17 76
6 6 18 68
6 6 19 6
6 6 20 54
6 6 21 75
6 6 22 48
6 6 23 90
6 6 24 14
6 6 25 35
6 6 26 60
6 6 27 89
6 6 28 8
6 6 29 22
6 6 30 5
6 7 0 11
6 7 1 52
6 7 2 63
6 7 3 86
6 7 4 71
6 7 5 3
6 7 6 87
6 7 7 12
6 7 8 23
6 7 9 30
6 7 10 53
6 7 11 31
6 7 12 45
6 7 13 29
6 7 14 22
6 7 15 66
6 7 16 75
6 7 17 67
6 7 18 90
6 7 19 43
6 7 20 40
6 7 21 83
6 7 22 89
6 7 23 19
6 7 24 59
6 7 25 51
6 7 26 88
6 7 27 13
6 7 28 21
6 7 29 27
6 7 30 33
6 8 0 55
6 8 1 62
6 8 2 85
6 8 3 70
6 8 4 20
6 8 5 56
6 8 6 5
6 8 7 21
6 8 8 17
6 8 9 7
6 8 10 54
6 8 11 72
6 8 12 16
6 8 13 90
6 8 14 32
6 8 15 34
6 8 16 31
6 8 17 89
6 8 18 46
6 8 19 73
6 8 20 82
6 8 21 88
6 8 22 0
6 8 23 45
6 8 24 83
6 8 25 36
6 8 26 18
6 8 27 1
6 8 28 9
6 8 29 59
6 8 30 23
6 9 0 38
6 9 1 84
6 9 2 56
6 9 3 17
6 9 4 53
6 9 5 7
6 9 6 27
6 9 7 0
6 9 8 90
6 9 9 60
6 9 10 71
6 9 11 26
6 9 12 89
6 9 13 36
6 9 14 73
6 9 15 65
6 9 16 88
6 9 17 80
6 9 18 49
6 9 19 81
6 9 20 43
6 9 21 9
6 9 22 74
6 9 23 82
6 9 24 86
6 9 25 5
6 9 26 24
6 9 27 3
6 9 28 50
6 9 29 6
6 9 30 34
6 10 0 60
6 10 1 56
6 10 2 30
6 10 3 49
6 10 4 27
6 10 5 26
6 10 6 12
6 10 7 89
6 10 8 46
6 10 9 70
6 10 10 9
6 10 11 88
6 10 12 53
6 10 13 51
6 10 14 64
6 10 15 87
6 10 16 37
6 10 17 58
6 10 18 47
6 10 19 86
6 10 20 3
6 10 21 52
6 10 22 81
6 10 23 85
6 10 24 4
6 10 25 25
6 10 26 5
6 10 27 32
6 10 28 28
6 10 29 36
6 10 30 8
6 11 0 40
6 11 1 4
6 11 2 83
6 11 3 3
6 11 4 1
6 11 5 0
6 11 6 88
6 11 7 50
6 11 8 58
6 11 9 28
6 11 10 31
6 11 11 42
6 11 12 56
6 11 13 63
6 11 14 86
6 11 15 78
6 11 16 55
6 11 17 79
6 11 18 85
6 11 19 15
6 11 20 72
6 11 21 44
6 11 22 84
6 11 23 10
6 11 24 27
6 11 25 20
6 11 26 53
6 11 27 5
6 11 28 74
6 11 29 90
6 11 30 35
6 12 0 4
6 12 1 82
6 12 2 11
6 12 3 15
6 12 4 0
6 12 5 58
6 12 6 46
6 12 7 56
6 12 8 6
6 12 9 86
6 12 10 47
6 12 11 45
6 12 12 62
6 12 13 85
6 12 14 77
6 12 15 69
6 12 16 40
6 12 17 84
6 12 18 28
6 12 19 71
6 12 20 79
6 12 21 54
6 12 22 8
6 12 23 12
6 12 24 17
6 12 25 48
6 12 26 25
6 12 27 35
6 12 28 89
6 12 29 61
6 12 30 66
6 13 0 81
6 13 1 6
6 13 2 14
6 13 3 13
6 13 4 86
6 13 5 32
6 13 6 35
6 13 7 29
6 13 8 85
6 13 9 31
6 13 10 69
6 13 11 39
6 13 12 84
6 13 13 76
6 13 14 68
6 13 15 44
6 13 16 61
6 13 17 30
6 13 18 70
6 13 19 38
6 13 20 49
6 13 21 1
6 13 22 23
6 13 23 11
6 13 24 87
6 13 25 17
6 13 26 72
6 13 27 88
6 13 28 80
6 13 29 52
6 13 30 24
6 14 0 13
6 14 1 12
6 14 2 4
6 14 3 85
6 14 4 55
6 14 5 66
6 14 6 19
6 14 7 84
6 14 8 40
6 14 9 68
6 14 10 10
6 14 11 83
6 14 12 75
6 14 13 67
6 14 14 59
6 14 15 35
6 14 16 23
6 14 17 47
6 14 18 41
6 14 19 37
6 14 20 17
6 14 21 0
6 14 22 15
6 14 23 34
6 14 24 18
6 14 25 71
6 14 26 56
6 14 27 50
6 14 28 33
6 14 29 2
6 14 30 60
6 15 0 20
6 15 1 27
6 15 2 84
6 15 3 58
6 15 4 38
6 15 5 25
6 15 6 34
6 15 7 35
6 15 8 67
6 15 9 90
6 15 10 82
6 15 11 52
6 15 12 37
6 15 13 44
6 15 14 48
6 15 15 13
6 15 16 57
6 15 17 61
6 15 18 80
6 15 19 16
6 15 20 7
6 15 21 29
6 15 22 36
6 15 23 28
6 15 24 70
6 15 25 86
6 15 26 78
6 15 27 55
6 15 28 19
6 15 29 79
6 15 30 21
6 16 0 3
6 16 1 46
6 16 2 87
6 16 3 54
6 16 4 4
6 16 5 37
6 16 6 32
6 16 7 38
6 16 8 89
6 16 9 81
6 16 10 73
6 16 11 65
6 16 12 74
6 16 13 80
6 16 14 2
6 16 15 41
6 16 16 39
6 16 17 43
6 16 18 0
6 16 19 24
6 16 20 27
6 16 21 35
6 16 22 25
6 16 23 57
6 16 24 85
6 16 25 77
6 16 26 51
6 16 27 14
6 16 28 59
6 16 29 17
6 16 30 19
6 17 0 56
6 17 1 38
6 17 2 47
6 17 3 21
6 17 4 44
6 17 5 87
6 17 6 65
6 17 7 88
6 17 8 80
6 17 9 33
6 17 10 64
6 17 11 43
6 17 12 42
6 17 13 30
6 17 14 66
6 17 15 74
6 17 16 78
6 17 17 26
6 17 18 10
6 17 19 1
6 17 20 83
6 17 21 18
6 17 22 51
6 17 23 84
6 17 24 76
6 17 25 32
6 17 26 12
6 17 27 48
6 17 28 11
6 17 29 14
6 17 30 15
6 18 0 53
6 18 1 55
6 18 2 13
6 18 3 80
6 18 4 45
6 18 5 64
6 18 6 42
6 18 7 79
6 18 8 61
6 18 9 63
6 18 10 72
6 18 11 78
6 18 12 2
6 18 13 31
6 18 14 43
6 18 15 77
6 18 16 16
6 18 17 19
6 18 18 24
6 18 19 82
6 18 20 25
6 18 21 32
6 18 22 37
6 18 23 75
6 18 24 60
6 18 25 10
6 18 26 48
6 18 27 18
6 18 28 6
6 18 29 28
6 18 30 41
6 19 0 57
6 19 1 11
6 19 2 53
6 19 3 33
6 19 4 63
6 19 5 86
6 19 6 78
6 19 7 54
6 19 8 62
6 19 9 71
6 19 10 77
6 19 11 24
6 19 12 43
6 19 13 72
6 19 14 76
6 19 15 22
6 19 16 30
6 19 17 4
6 19 18 81
6 19 19 17
6 19 20 66
6 19 21 48
6 19 22 40
6 19 23 55
6 19 24 26
6 19 25 44
6 19 26 9
6 19 27 23
6 19 28 7
6 19 29 80
6 19 30 59
6 20 0 28
6 20 1 78
6 20 2 38
6 20 3 62
6 20 4 85
6 20 5 77
6 20 6 69
6 20 7 33
6 20 8 70
6 20 9 76
6 20 10 11
6 20 11 49
6 20 12 71
6 20 13 75
6 20 14 6
6 20 15 23
6 20 16 22
6 20 17 41
6 20 18 20
6 20 19 47
6 20 20 44
6 20 21 73
6 20 22 35
6 20 23 27
6 20 24 74
6 20 25 9
6 20 26 21
6 20 27 16
6 20 28 51
6 20 29 83
6 20 30 54
6 21 0 77
6 21 1 83
6 21 2 41
6 21 3 84
6 21 4 76
6 21 5 68
6 21 6 29
6 21 7 36
6 21 8 75
6 21 9 13
6 21 10 51
6 21 11 70
6 21 12 54
6 21 13 19
6 21 14 11
6 21 15 18
6 21 16 79
6 21 17 15
6 21 18 39
6 21 19 80
6 21 20 61
6 21 21 58
6 21 22 10
6 21 23 33
6 21 24 25
6 21 25 3
6 21 26 23
6 21 27 78
6 21 28 82
6 21 29 56
6 21 30 14
6 22 0 82
6 22 1 14
6 22 2 51
6 22 3 75
6 22 4 67
6 22 5 90
6 22 6 41
6 22 7 52
6 22 8 29
6 22 9 48
6 22 10 46
6 22 11 73
6 22 12 20
6 22 13 9
6 22 14 18
6 22 15 61
6 22 16 2
6 22 17 50
6 22 18 34
6 22 19 57
6 22 20 87
6 22 21 28
6 22 22 72
6 22 23 25
6 22 24 1
6 22 25 24
6 22 26 77
6 22 27 81
6 22 28 31
6 22 29 30
6 22 30 76
6 23 0 90
6 23 1 44
6 23 2 74
6 23 3 32
6 23 4 89
6 23 5 60
6 23 6 73
6 23 7 15
6 23 8 50
6 23 9 52
6 23 10 33
6 23 11 27
6 23 12 22
6 23 13 3
6 23 14 57
6 23 15 16
6 23 16 45
6 23 17 78
6 23 18 37
6 23 19 42
6 23 20 23
6 23 21 71
6 23 22 21
6 23 23 20
6 23 24 6
6 23 25 76
6 23 26 31
6 23 27 43
6 23 28 1
6 23 29 75
6 23 30 81
6 24 0 41
6 24 1 73
6 24 2 65
6 24 3 88
6 24 4 66
6 24 5 61
6 24 6 1
6 24 7 58
6 24 8 36
6 24 9 49
6 24 10 5
6 24 11 20
6 24 12 3
6 24 13 57
6 24 14 17
6 24 15 42
6 24 16 77
6 24 17 69
6 24 18 54
6 24 19 26
6 24 20 70
6 24 21 8
6 24 22 13
6 24 23 21
6 24 24 75
6 24 25 79
6 24 26 87
6 24 27 19
6 24 28 32
6 24 29 31
6 24 30 89
6 25 0 72
6 25 1 64
6 25 2 36
6 25 3 42
6 25 4 37
6 25 5 30
6 25 6 51
6 25 7 66
6 25 8 59
6 25 9 15
6 25 10 6
6 25 11 25
6 25 12 46
6 25 13 2
6 25 14 54
6 25 15 76
6 25 16 68
6 25 17 48
6 25 18 18
6 25 19 39
6 25 20 19
6 25 21 24
6 25 22 27
6 25 23 31
6 25 24 35
6 25 25 33
6 25 26 10
6 25 27 73
6 25 28 79
6 25 29 88
6 25 30 80
6 26 0 63
6 26 1 86
6 26 2 39
6 26 3 40
6 26 4 22
6 26 5 36
6 26 6 47
6 26 7 69
6 26 8 28
6 26 9 29
6 26 10 1
6 26 11 74
6 26 12 0
6 26 13 50
6 26 14 75
6 26 15 67
6 26 16 83
6 26 17 25
6 26 18 38
6 26 19 11
6 26 20 2
6 26 21 17
6 26 22 73
6 26 23 44
6 26 24 48
6 26 25 13
6 26 26 57
6 26 27 61
6 26 28 37
6 26 29 53
6 26 30 71
6 27 0 85
6 27 1 34
6 27 2 69
6 27 3 8
6 27 4 87
6 27 5 50
6 27 6 68
6 27 7 9
6 27 8 24
6 27 9 26
6 27 10 45
6 27 11 29
6 27 12 41
6 27 13 55
6 27 14 49
6 27 15 82
6 27 16 18
6 27 17 40
6 27 18 16
6 27 19 19
6 27 20 12
6 27 21 37
6 27 22 33
6 27 23 58
6 27 24 10
6 27 25 39
6 27 26 46
6 27 27 86
6 27 28 78
6 27 29 70
6 27 30 62
6 28 0 43
6 28 1 68
6 28 2 18
6 28 3 39
6 28 4 42
6 28 5 67
6 28 6 16
6 28 7 23
6 28 8 22
6 28 9 72
6 28 10 24
6 28 11 53
6 28 12 73
6 28 13 65
6 28 14 81
6 28 15 15
6 28 16 66
6 28 17 14
6 28 18 5
6 28 19 27
6 28 20 56
6 28 21 36
6 28 22 83
6 28 23 30
6 28 24 44
6 28 25 61
6 28 26 85
6 28 27 77
6 28 28 69
6 28 29 35
6 28 30 84
6 29 0 67
6 29 1 24
6 29 2 49
6 29 3 59
6 29 4 47
6 29 5 8
6 29 6 0
6 29 7 30
6 29 8 71
6 29 9 10
6 29 10 87
6 29 11 44
6 29 12 64
6 29 13 39
6 29 14 25
6 29 15 57
6 29 16 28
6 29 17 12
6 29 18 26
6 29 19 51
6 29 20 74
6 29 21 82
6 29 22 20
6 29 23 69
6 29 24 34
6 29 25 84
6 29 26 76
6 29 27 68
6 29 28 2
6 29 29 60
6 29 30 58
6 30 0 14
6 30 1 47
6 30 2 55
6 30 3 65
6 30 4 30
6 30 5 29
6 30 6 6
6 30 7 70
6 30 8 19
6 30 9 34
6 30 10 39
6 30 11 63
6 30 12 79
6 30 13 26
6 30 14 52
6 30 15 1
6 30 16 20
6 30 17 11
6 30 18 69
6 30 19 61
6 30 20 81
6 30 21 13
6 30 22 68
6 30 23 74
6 30 24 50
6 30 25 75
6 30 26 67
6 30 27 90
6 30 28 49
6 30 29 32
6 30 30 43
7 0 0 56
7 0 1 65
7 0 2 0
7 0 3 30
7 0 4 7
7 0 5 70
7 0 6 20
7 0 7 35
7 0 8 40
7 0 9 63
7 0 10 79
7 0 11 27
7 0 12 53
7 0 13 2
7 0 14 21
7 0 15 12
7 0 16 69
7 0 17 31
7 0 18 81
7 0 19 14
7 0 20 68
7 0 21 74
7 0 22 51
7 0 23 75
7 0 24 67
7 0 25 90
7 0 26 50
7 0 27 33
7 0 28 44
7 0 29 15
7 0 30 48
7 1 0 64
7 1 1 13
7 1 2 29
7 1 3 2
7 1 4 57
7 1 5 9
7 1 6 50
7 1 7 46
7 1 8 62
7 1 9 39
7 1 10 19
7 1 11 43
7 1 12 27
7 1 13 1
7 1 14 5
7 1 15 68
7 1 16 72
7 1 17 54
7 1 18 16
7 1 19 67
7 1 20 59
7 1 21 48
7 1 22 38
7 1 23 66
7 1 24 89
7 1 25 55
7 1 26 53
7 1 27 65
7 1 28 7
7 1 29 83
7 1 30 60
7 2 0 13
7 2 1 12
7 2 2 10
7 2 3 53
7 2 4 9
7 2 5 50
7 2 6 69
7 2 7 37
7 2 8 41
7 2 9 8
7 2 10 56
7 2 11 24
7 2 12 17
7 2 13 3
7 2 14 67
7 2 15 71
7 2 16 79
7 2 17 29
7 2 18 32
7 2 19 72
7 2 20 57
7 2 21 73
7 2 22 65
7 2 23 88
7 2 24 80
7 2 25 39
7 2 26 64
7 2 27 16
7 2 28 82
7 2 29 46
7 2 30 63
7 3 0 18
7 3 1 17
7 3 2 50
7 3 3 14
7 3 4 83
7 3 5 68
7 3 6 5
7 3 7 51
7 3 8 16
7 3 9 47
7 3 10 8
7 3 11 19
7 3 12 9
7 3 13 39
7 3 14 70
7 3 15 61
7 3 16 10
7 3 17 65
7 3 18 71
7 3 19 80
7 3 20 60
7 3 21 64
7 3 22 44
7 3 23 41
7 3 24 43
7 3 25 63
7 3 26 4
7 3 27 81
7 3 28 52
7 3 29 62
7 3 30 1
7 4 0 6
7 4 1 66
7 4 2 27
7 4 3 82
7 4 4 67
7 4 5 90
7 4 6 54
7 4 7 7
7 4 8 42
7 4 9 10
7 4 10 20
7 4 11 8
7 4 12 65
7 4 13 55
7 4 14 47
7 4 15 4
7 4 16 64
7 4 17 70
7 4 18 35
7 4 19 32
7 4 20 63
7 4 21 86
7 4 22 78
7 4 23 87
7 4 24 62
7 4 25 18
7 4 26 61
7 4 27 44
7 4 28 53
7 4 29 13
7 4 30 17
7 5 0 31
7 5 1 24
7 5 2 81
7 5 3 35
7 5 4 89
7 5 5 74
7 5 6 21
7 5 7 41
7 5 8 4
7 5 9 12
7 5 10 26
7 5 11 64
7 5 12 46
7 5 13 40
7 5 14 13
7 5 15 63
7 5 16 58
7 5 17 78
7 5 18 52
7 5 19 62
7 5 20 85
7 5 21 77
7 5 22 34
7 5 23 61
7 5 24 28
7 5 25 79
7 5 26 87
7 5 27 6
7 5 28 27
7 5 29 23
7 5 30 8
7 6 0 10
7 6 1 56
7 6 2 65
7 6 3 88
7 6 4 51
7 6 5 2
7 6 6 58
7 6 7 17
7 6 8 23
7 6 9 0
7 6 10 63
7 6 11 60
7 6 12 48
7 6 13 25
7 6 14 62
7 6 15 43
7 6 16 77
7 6 17 69
7 6 18 38
7 6 19 84
7 6 20 76
7 6 21 33
7 6 22 22
7 6 23 15
7 6 24 59
7 6 25 47
7 6 26 90
7 6 27 14
7 6 28 21
7 6 29 1
7 6 30 49
7 7 0 79
7 7 1 64
7 7 2 41
7 7 3 72
7 7 4 11
7 7 5 45
7 7 6 8
7 7 7 22
7 7 8 5
7 7 9 62
7 7 10 66
7 7 11 74
7 7 12 30
7 7 13 46
7 7 14 42
7 7 15 76
7 7 16 68
7 7 17 7
7 7 18 55
7 7 19 75
7 7 20 49
7 7 21 90
7 7 22 15
7 7 23 36
7 7 24 61
7 7 25 89
7 7 26 9
7 7 27 23
7 7 28 6
7 7 29 35
7 7 30 3
7 8 0 63
7 8 1 86
7 8 2 71
7 8 3 4
7 8 4 87
7 8 5 13
7 8 6 24
7 8 7 0
7 8 8 54
7 8 9 32
7 8 10 46
7 8 11 30
7 8 12 23
7 8 13 66
7 8 14 75
7 8 15 67
7 8 16 90
7 8 17 44
7 8 18 41
7 8 19 83
7 8 20 89
7 8 21 20
7 8 22 60
7 8 23 52
7 8 24 88
7 8 25 14
7 8 26 22
7 8 27 28
7 8 28 34
7 8 29 12
7 8 30 53
7 9 0 85
7 9 1 70
7 9 2 21
7 9 3 57
7 9 4 6
7 9 5 22
7 9 6 18
7 9 7 8
7 9 8 55
7 9 9 72
7 9 10 17
7 9 11 90
7 9 12 33
7 9 13 35
7 9 14 32
7 9 15 89
7 9 16 47
7 9 17 73
7 9 18 82
7 9 19 88
7 9 20 1
7 9 21 46
7 9 22 83
7 9 23 37
7 9 24 19
7 9 25 2
7 9 26 10
7 9 27 60
7 9 28 24
7 9 29 56
7 9 30 62
7 10 0 57
7 10 1 18
7 10 2 54
7 10 3 8
7 10 4 28
7 10 5 1
7 10 6 90
7 10 7 61
7 10 8 71
7 10 9 27
7 10 10 89
7 10 11 37
7 10 12 73
7 10 13 65
7 10 14 88
7 10 15 80
7 10 16 50
7 10 17 81
7 10 18 44
7 10 19 10
7 10 20 74
7 10 21 82
7 10 22 86
7 10 23 6
7 10 24 25
7 10 25 4
7 10 26 51
7 10 27 7
7 10 28 35
7 10 29 39
7 10 30 84
7 11 0 0
7 11 1 50
7 11 2 28
7 11 3 27
7 11 4 13
7 11 5 89
7 11 6 47
7 11 7 70
7 11 8 10
7 11 9 88
7 11 10 54
7 11 11 52
7 11 12 64
7 11 13 87
7 11 14 38
7 11 15 59
7 11 16 48
7 11 17 86
7 11 18 4
7 11 19 53
7 11 20 81
7 11 21 85
7 11 22 5
7 11 23 26
7 11 24 6
7 11 25 33
7 11 26 29
7 11 27 37
7 11 28 9
7 11 29 61
7 11 30 57
7 12 0 83
7 12 1 4
7 12 2 2
7 12 3 1
7 12 4 88
7 12 5 51
7 12 6 59
7 12 7 29
7 12 8 32
7 12 9 43
7 12 10 57
7 12 11 63
7 12 12 86
7 12 13 78
7 12 14 56
7 12 15 79
7 12 16 85
7 12 17 16
7 12 18 72
7 12 19 45
7 12 20 84
7 12 21 11
7 12 22 28
7 12 23 21
7 12 24 54
7 12 25 6
7 12 26 74
7 12 27 90
7 12 28 36
7 12 29 41
7 12 30 5
7 13 0 12
7 13 1 16
7 13 2 1
7 13 3 59
7 13 4 47
7 13 5 57
7 13 6 7
7 13 7 86
7 13 8 48
7 13 9 46
7 13 10 62
7 13 11 85
7 13 12 77
7 13 13 69
7 13 14 41
7 13 15 84
7 13 16 29
7 13 17 71
7 13 18 79
7 13 19 55
7 13 20 9
7 13 21 13
7 13 22 18
7 13 23 49
7 13 24 26
7 13 25 36
7 13 26 89
7 13 27 31
7 13 28 66
7 13 29 5
7 13 30 82
7 14 0 15
7 14 1 14
7 14 2 86
7 14 3 33
7 14 4 36
7 14 5 30
7 14 6 85
7 14 7 32
7 14 8 69
7 14 9 40
7 14 10 84
7 14 11 76
7 14 12 68
7 14 13 45
7 14 14 31
7 14 15 0
7 14 16 70
7 14 17 39
7 14 18 50
7 14 19 2
7 14 20 24
7 14 21 12
7 14 22 87
7 14 23 18
7 14 24 72
7 14 25 88
7 14 26 80
7 14 27 53
7 14 28 25
7 14 29 81
7 14 30 7
7 15 0 5
7 15 1 85
7 15 2 56
7 15 3 66
7 15 4 20
7 15 5 84
7 15 6 41
7 15 7 68
7 15 8 11
7 15 9 83
7 15 10 75
7 15 11 67
7 15 12 60
7 15 13 36
7 15 14 24
7 15 15 48
7 15 16 42
7 15 17 38
7 15 18 18
7 15 19 1
7 15 20 16
7 15 21 35
7 15 22 19
7 15 23 71
7 15 24 57
7 15 25 51
7 15 26 34
7 15 27 3
7 15 28 61
7 15 29 14
7 15 30 13
7 16 0 84
7 16 1 59
7 16 2 39
7 16 3 26
7 16 4 35
7 16 5 36
7 16 6 67
7 16 7 90
7 16 8 82
7 16 9 53
7 16 10 38
7 16 11 45
7 16 12 49
7 16 13 14
7 16 14 58
7 16 15 31
7 16 16 80
7 16 17 17
7 16 18 8
7 16 19 30
7 16 20 37
7 16 21 29
7 16 22 70
7 16 23 86
7 16 24 78
7 16 25 56
7 16 26 20
7 16 27 79
7 16 28 22
7 16 29 21
7 16 30 28
7 17 0 87
7 17 1 55
7 17 2 5
7 17 3 38
7 17 4 33
7 17 5 39
7 17 6 89
7 17 7 81
7 17 8 73
7 17 9 65
7 17 10 74
7 17 11 80
7 17 12 3
7 17 13 42
7 17 14 40
7 17 15 44
7 17 16 1
7 17 17 25
7 17 18 28
7 17 19 36
7 17 20 26
7 17 21 58
7 17 22 85
7 17 23 77
7 17 24 52
7 17 25 15
7 17 26 60
7 17 27 18
7 17 28 20
7 17 29 4
7 17 30 47
7 18 0 48
7 18 1 22
7 18 2 45
7 18 3 87
7 18 4 65
7 18 5 88
7 18 6 80
7 18 7 34
7 18 8 64
7 18 9 44
7 18 10 43
7 18 11 0
7 18 12 66
7 18 13 74
7 18 14 78
7 18 15 27
7 18 16 11
7 18 17 2
7 18 18 83
7 18 19 19
7 18 20 52
7 18 21 84
7 18 22 76
7 18 23 33
7 18 24 13
7 18 25 49
7 18 26 12
7 18 27 15
7 18 28 16
7 18 29 57
7 18 30 39
7 19 0 14
7 19 1 80
7 19 2 46
7 19 3 64
7 19 4 43
7 19 5 79
7 19 6 31
7 19 7 63
7 19 8 72
7 19 9 78
7 19 10 3
7 19 11 32
7 19 12 44
7 19 13 77
7 19 14 17
7 19 15 20
7 19 16 25
7 19 17 82
7 19 18 26
7 19 19 33
7 19 20 38
7 19 21 75
7 19 22 61
7 19 23 11
7 19 24 49
7 19 25 19
7 19 26 7
7 19 27 29
7 19 28 42
7 19 29 54
7 19 30 56
7 20 0 54
7 20 1 34
7 20 2 63
7 20 3 86
7 20 4 78
7 20 5 55
7 20 6 62
7 20 7 71
7 20 8 77
7 20 9 25
7 20 10 44
7 20 11 72
7 20 12 76
7 20 13 23
7 20 14 0
7 20 15 5
7 20 16 81
7 20 17 18
7 20 18 66
7 20 19 49
7 20 20 41
7 20 21 56
7 20 22 27
7 20 23 45
7 20 24 10
7 20 25 24
7 20 26 8
7 20 27 80
7 20 28 60
7 20 29 58
7 20 30 12
7 21 0 39
7 21 1 62
7 21 2 85
7 21 3 77
7 21 4 69
7 21 5 34
7 21 6 70
7 21 7 76
7 21 8 12
7 21 9 50
7 21 10 71
7 21 11 75
7 21 12 7
7 21 13 24
7 21 14 23
7 21 15 42
7 21 16 21
7 21 17 48
7 21 18 45
7 21 19 73
7 21 20 36
7 21 21 28
7 21 22 74
7 21 23 10
7 21 24 22
7 21 25 17
7 21 26 52
7 21 27 83
7 21 28 55
7 21 29 29
7 21 30 78
7 22 0 42
7 22 1 84
7 22 2 76
7 22 3 68
7 22 4 30
7 22 5 37
7 22 6 75
7 22 7 14
7 22 8 52
7 22 9 70
7 22 10 55
7 22 11 20
7 22 12 12
7 22 13 19
7 22 14 79
7 22 15 16
7 22 16 40
7 22 17 80
7 22 18 31
7 22 19 59
7 22 20 11
7 22 21 34
7 22 22 26
7 22 23 4
7 22 24 24
7 22 25 78
7 22 26 82
7 22 27 57
7 22 28 15
7 22 29 77
7 22 30 83
7 23 0 52
7 23 1 75
7 23 2 67
7 23 3 90
7 23 4 42
7 23 5 53
7 23 6 30
7 23 7 49
7 23 8 47
7 23 9 73
7 23 10 21
7 23 11 10
7 23 12 19
7 23 13 31
7 23 14 3
7 23 15 51
7 23 16 35
7 23 17 58
7 23 18 87
7 23 19 29
7 23 20 72
7 23 21 26
7 23 22 2
7 23 23 25
7 23 24 77
7 23 25 81
7 23 26 32
7 23 27 0
7 23 28 76
7 23 29 82
7 23 30 15
7 24 0 74
7 24 1 33
7 24 2 89
7 24 3 61
7 24 4 73
7 24 5 16
7 24 6 51
7 24 7 53
7 24 8 34
7 24 9 28
7 24 10 23
7 24 11 4
7 24 12 58
7 24 13 17
7 24 14 46
7 24 15 78
7 24 16 38
7 24 17 43
7 24 18 24
7 24 19 71
7 24 20 22
7 24 21 21
7 24 22 7
7 24 23 76
7 24 24 32
7 24 25 44
7 24 26 2
7 24 27 75
7 24 28 81
7 24 29 90
7 24 30 45
7 25 0 65
7 25 1 88
7 25 2 66
7 25 3 31
7 25 4 2
7 25 5 59
7 25 6 37
7 25 7 50
7 25 8 6
7 25 9 21
7 25 10 4
7 25 11 58
7 25 12 18
7 25 13 43
7 25 14 77
7 25 15 69
7 25 16 55
7 25 17 27
7 25 18 70
7 25 19 9
7 25 20 14
7 25 21 22
7 25 22 75
7 25 23 79
7 25 24 87
7 25 25 20
7 25 26 33
7 25 27 32
7 25 28 89
7 25 29 42
7 25 30 73
7 26 0 37
7 26 1 43
7 26 2 38
7 26 3 0
7 26 4 52
7 26 5 66
7 26 6 60
7 26 7 16
7 26 8 7
7 26 9 26
7 26 10 47
7 26 11 3
7 26 12 55
7 26 13 76
7 26 14 68
7 26 15 49
7 26 16 19
7 26 17 40
7 26 18 20
7 26 19 25
7 26 20 28
7 26 21 32
7 26 22 36
7 26 23 34
7 26 24 11
7 26 25 73
7 26 26 79
7 26 27 88
7 26 28 80
7 26 29 72
7 26 30 64
7 27 0 40
7 27 1 41
7 27 2 23
7 27 3 37
7 27 4 48
7 27 5 69
7 27 6 29
7 27 7 30
7 27 8 2
7 27 9 74
7 27 10 1
7 27 11 51
7 27 12 75
7 27 13 67
7 27 14 83
7 27 15 26
7 27 16 39
7 27 17 12
7 27 18 3
7 27 19 18
7 27 20 73
7 27 21 45
7 27 22 49
7 27 23 14
7 27 24 58
7 27 25 31
7 27 26 38
7 27 27 54
7 27 28 71
7 27 29 63
7 27 30 86
7 28 0 69
7 28 1 9
7 28 2 87
7 28 3 51
7 28 4 68
7 28 5 10
7 28 6 25
7 28 7 27
7 28 8 46
7 28 9 30
7 28 10 42
7 28 11 56
7 28 12 50
7 28 13 82
7 28 14 19
7 28 15 41
7 28 16 17
7 28 17 20
7 28 18 13
7 28 19 38
7 28 20 34
7 28 21 59
7 28 22 11
7 28 23 40
7 28 24 47
7 28 25 86
7 28 26 78
7 28 27 70
7 28 28 62
7 28 29 85
7 28 30 35
7 29 0 19
7 29 1 40
7 29 2 43
7 29 3 67
7 29 4 17
7 29 5 24
7 29 6 23
7 29 7 72
7 29 8 25
7 29 9 54
7 29 10 73
7 29 11 65
7 29 12 81
7 29 13 16
7 29 14 66
7 29 15 15
7 29 16 6
7 29 17 28
7 29 18 57
7 29 19 37
7 29 20 83
7 29 21 0
7 29 22 45
7 29 23 31
7 29 24 85
7 29 25 77
7 29 26 69
7 29 27 36
7 29 28 84
7 29 29 44
7 29 30 68
7 30 0 50
7 30 1 60
7 30 2 48
7 30 3 9
7 30 4 1
7 30 5 0
7 30 6 71
7 30 7 11
7 30 8 87
7 30 9 45
7 30 10 64
7 30 11 40
7 30 12 26
7 30 13 58
7 30 14 29
7 30 15 13
7 30 16 27
7 30 17 52
7 30 18 74
7 30 19 82
7 30 20 21
7 30 21 69
7 30 22 35
7 30 23 84
7 30 24 76
7 30 25 68
7 30 26 3
7 30 27 61
7 30 28 59
7 30 29 67
7 30 30 25
8 0 0 49
8 0 1 10
8 0 2 2
8 0 3 1
8 0 4 71
8 0 5 12
8 0 6 87
8 0 7 46
8 0 8 64
8 0 9 41
8 0 10 27
8 0 11 59
8 0 12 30
8 0 13 14
8 0 14 28
8 0 15 53
8 0 16 74
8 0 17 82
8 0 18 22
8 0 19 69
8 0 20 36
8 0 21 84
8 0 22 76
8 0 23 68
8 0 24 4
8 0 25 31
8 0 26 60
8 0 27 67
8 0 28 26
8 0 29 51
8 0 30 61
8 1 0 1
8 1 1 0
8 1 2 8
8 1 3 70
8 1 4 21
8 1 5 36
8 1 6 41
8 1 7 63
8 1 8 79
8 1 9 28
8 1 10 54
8 1 11 3
8 1 12 22
8 1 13 13
8 1 14 69
8 1 15 32
8 1 16 81
8 1 17 15
8 1 18 68
8 1 19 74
8 1 20 52
8 1 21 75
8 1 22 67
8 1 23 90
8 1 24 51
8 1 25 34
8 1 26 45
8 1 27 16
8 1 28 49
8 1 29 57
8 1 30 65
8 2 0 30
8 2 1 3
8 2 2 58
8 2 3 10
8 2 4 51
8 2 5 47
8 2 6 62
8 2 7 40
8 2 8 20
8 2 9 44
8 2 10 28
8 2 11 2
8 2 12 6
8 2 13 68
8 2 14 72
8 2 15 55
8 2 16 17
8 2 17 67
8 2 18 60
8 2 19 49
8 2 20 39
8 2 21 66
8 2 22 89
8 2 23 56
8 2 24 54
8 2 25 65
8 2 26 8
8 2 27 83
8 2 28 61
8 2 29 64
8 2 30 14
8 3 0 11
8 3 1 54
8 3 2 10
8 3 3 51
8 3 4 69
8 3 5 38
8 3 6 42
8 3 7 9
8 3 8 57
8 3 9 25
8 3 10 18
8 3 11 4
8 3 12 67
8 3 13 71
8 3 14 79
8 3 15 30
8 3 16 33
8 3 17 72
8 3 18 58
8 3 19 73
8 3 20 65
8 3 21 88
8 3 22 80
8 3 23 40
8 3 24 64
8 3 25 17
8 3 26 82
8 3 27 47
8 3 28 63
8 3 29 14
8 3 30 13
8 4 0 51
8 4 1 15
8 4 2 83
8 4 3 68
8 4 4 6
8 4 5 52
8 4 6 17
8 4 7 48
8 4 8 9
8 4 9 20
8 4 10 10
8 4 11 40
8 4 12 70
8 4 13 31
8 4 14 11
8 4 15 65
8 4 16 71
8 4 17 80
8 4 18 61
8 4 19 64
8 4 20 45
8 4 21 42
8 4 22 44
8 4 23 63
8 4 24 5
8 4 25 81
8 4 26 53
8 4 27 62
8 4 28 2
8 4 29 19
8 4 30 18
8 5 0 28
8 5 1 82
8 5 2 67
8 5 3 90
8 5 4 55
8 5 5 8
8 5 6 43
8 5 7 11
8 5 8 21
8 5 9 9
8 5 10 65
8 5 11 56
8 5 12 48
8 5 13 5
8 5 14 64
8 5 15 70
8 5 16 36
8 5 17 33
8 5 18 63
8 5 19 86
8 5 20 78
8 5 21 87
8 5 22 62
8 5 23 19
8 5 24 31
8 5 25 45
8 5 26 54
8 5 27 14
8 5 28 18
8 5 29 7
8 5 30 66
8 6 0 81
8 6 1 36
8 6 2 89
8 6 3 74
8 6 4 22
8 6 5 42
8 6 6 5
8 6 7 13
8 6 8 27
8 6 9 64
8 6 10 47
8 6 11 41
8 6 12 14
8 6 13 63
8 6 14 59
8 6 15 78
8 6 16 53
8 6 17 62
8 6 18 85
8 6 19 77
8 6 20 35
8 6 21 31
8 6 22 29
8 6 23 79
8 6 24 87
8 6 25 7
8 6 26 28
8 6 27 24
8 6 28 9
8 6 29 32
8 6 30 25
8 7 0 65
8 7 1 88
8 7 2 52
8 7 3 3
8 7 4 59
8 7 5 18
8 7 6 24
8 7 7 1
8 7 8 63
8 7 9 61
8 7 10 49
8 7 11 26
8 7 12 62
8 7 13 44
8 7 14 77
8 7 15 69
8 7 16 39
8 7 17 84
8 7 18 76
8 7 19 34
8 7 20 23
8 7 21 16
8 7 22 60
8 7 23 48
8 7 24 90
8 7 25 15
8 7 26 22
8 7 27 2
8 7 28 50
8 7 29 11
8 7 30 57
8 8 0 42
8 8 1 72
8 8 2 12
8 8 3 46
8 8 4 9
8 8 5 23
8 8 6 6
8 8 7 62
8 8 8 66
8 8 9 74
8 8 10 0
8 8 11 47
8 8 12 43
8 8 13 76
8 8 14 68
8 8 15 8
8 8 16 56
8 8 17 75
8 8 18 50
8 8 19 90
8 8 20 16
8 8 21 37
8 8 22 31
8 8 23 89
8 8 24 10
8 8 25 24
8 8 26 7
8 8 27 36
8 8 28 4
8 8 29 79
8 8 30 64
8 9 0 71
8 9 1 5
8 9 2 87
8 9 3 14
8 9 4 25
8 9 5 1
8 9 6 55
8 9 7 33
8 9 8 47
8 9 9 0
8 9 10 24
8 9 11 66
8 9 12 75
8 9 13 67
8 9 14 90
8 9 15 45
8 9 16 42
8 9 17 83
8 9 18 89
8 9 19 21
8 9 20 61
8 9 21 53
8 9 22 88
8 9 23 15
8 9 24 23
8 9 25 29
8 9 26 35
8 9 27 13
8 9 28 54
8 9 29 63
8 9 30 86
8 10 0 22
8 10 1 58
8 10 2 7
8 10 3 23
8 10 4 19
8 10 5 9
8 10 6 56
8 10 7 72
8 10 8 18
8 10 9 90
8 10 10 34
8 10 11 36
8 10 12 33
8 10 13 89
8 10 14 48
8 10 15 73
8 10 16 82
8 10 17 88
8 10 18 2
8 10 19 47
8 10 20 83
8 10 21 38
8 10 22 20
8 10 23 3
8 10 24 11
8 10 25 61
8 10 26 25
8 10 27 57
8 10 28 62
8 10 29 85
8 10 30 70
8 11 0 55
8 11 1 9
8 11 2 29
8 11 3 2
8 11 4 90
8 11 5 31
8 11 6 71
8 11 7 28
8 11 8 89
8 11 9 38
8 11 10 73
8 11 11 65
8 11 12 88
8 11 13 80
8 11 14 51
8 11 15 81
8 11 16 45
8 11 17 11
8 11 18 74
8 11 19 82
8 11 20 86
8 11 21 7
8 11 22 26
8 11 23 5
8 11 24 52
8 11 25 8
8 11 26 36
8 11 27 40
8 11 28 84
8 11 29 58
8 11 30 19
8 12 0 29
8 12 1 28
8 12 2 14
8 12 3 89
8 12 4 48
8 12 5 70
8 12 6 11
8 12 7 88
8 12 8 55
8 12 9 53
8 12 10 64
8 12 11 87
8 12 12 39
8 12 13 60
8 12 14 49
8 12 15 86
8 12 16 5
8 12 17 54
8 12 18 81
8 12 19 85
8 12 20 6
8 12 21 27
8 12 22 7
8 12 23 34
8 12 24 30
8 12 25 38
8 12 26 10
8 12 27 31
8 12 28 58
8 12 29 1
8 12 30 51
8 13 0 3
8 13 1 2
8 13 2 88
8 13 3 52
8 13 4 60
8 13 5 30
8 13 6 33
8 13 7 44
8 13 8 58
8 13 9 63
8 13 10 86
8 13 11 78
8 13 12 57
8 13 13 79
8 13 14 85
8 13 15 17
8 13 16 72
8 13 17 46
8 13 18 84
8 13 19 12
8 13 20 29
8 13 21 22
8 13 22 55
8 13 23 7
8 13 24 74
8 13 25 90
8 13 26 37
8 13 27 42
8 13 28 6
8 13 29 83
8 13 30 5
8 14 0 2
8 14 1 60
8 14 2 48
8 14 3 58
8 14 4 8
8 14 5 86
8 14 6 49
8 14 7 47
8 14 8 62
8 14 9 85
8 14 10 77
8 14 11 69
8 14 12 42
8 14 13 84
8 14 14 30
8 14 15 71
8 14 16 79
8 14 17 56
8 14 18 10
8 14 19 14
8 14 20 19
8 14 21 50
8 14 22 27
8 14 23 37
8 14 24 89
8 14 25 32
8 14 26 66
8 14 27 6
8 14 28 82
8 14 29 13
8 14 30 17
8 15 0 86
8 15 1 34
8 15 2 37
8 15 3 0
8 15 4 85
8 15 5 33
8 15 6 69
8 15 7 41
8 15 8 84
8 15 9 76
8 15 10 68
8 15 11 46
8 15 12 32
8 15 13 1
8 15 14 70
8 15 15 40
8 15 16 51
8 15 17 3
8 15 18 25
8 15 19 13
8 15 20 87
8 15 21 19
8 15 22 72
8 15 23 88
8 15 24 80
8 15 25 54
8 15 26 26
8 15 27 81
8 15 28 8
8 15 29 16
8 15 30 15
8 16 0 57
8 16 1 66
8 16 2 21
8 16 3 84
8 16 4 42
8 16 5 68
8 16 6 12
8 16 7 83
8 16 8 75
8 16 9 67
8 16 10 61
8 16 11 37
8 16 12 25
8 16 13 49
8 16 14 43
8 16 15 39
8 16 16 19
8 16 17 2
8 16 18 17
8 16 19 36
8 16 20 20
8 16 21 71
8 16 22 58
8 16 23 52
8 16 24 35
8 16 25 4
8 16 26 31
8 16 27 15
8 16 28 14
8 16 29 6
8 16 30 85
8 17 0 40
8 17 1 27
8 17 2 36
8 17 3 37
8 17 4 67
8 17 5 90
8 17 6 82
8 17 7 54
8 17 8 39
8 17 9 46
8 17 10 50
8 17 11 15
8 17 12 59
8 17 13 32
8 17 14 80
8 17 15 18
8 17 16 9
8 17 17 0
8 17 18 38
8 17 19 30
8 17 20 70
8 17 21 86
8 17 22 78
8 17 23 57
8 17 24 21
8 17 25 79
8 17 26 23
8 17 27 22
8 17 28 29
8 17 29 84
8 17 30 60
8 18 0 6
8 18 1 39
8 18 2 34
8 18 3 40
8 18 4 89
8 18 5 81
8 18 6 73
8 18 7 65
8 18 8 74
8 18 9 80
8 18 10 4
8 18 11 43
8 18 12 41
8 18 13 45
8 18 14 2
8 18 15 26
8 18 16 29
8 18 17 37
8 18 18 27
8 18 19 59
8 18 20 85
8 18 21 77
8 18 22 53
8 18 23 16
8 18 24 61
8 18 25 19
8 18 26 21
8 18 27 5
8 18 28 48
8 18 29 87
8 18 30 56
8 19 0 46
8 19 1 87
8 19 2 65
8 19 3 88
8 19 4 80
8 19 5 35
8 19 6 64
8 19 7 45
8 19 8 44
8 19 9 1
8 19 10 66
8 19 11 74
8 19 12 78
8 19 13 28
8 19 14 12
8 19 15 3
8 19 16 83
8 19 17 20
8 19 18 53
8 19 19 84
8 19 20 76
8 19 21 34
8 19 22 14
8 19 23 50
8 19 24 13
8 19 25 16
8 19 26 17
8 19 27 58
8 19 28 40
8 19 29 49
8 19 30 23
8 20 0 47
8 20 1 64
8 20 2 44
8 20 3 79
8 20 4 32
8 20 5 63
8 20 6 72
8 20 7 78
8 20 8 4
8 20 9 33
8 20 10 45
8 20 11 77
8 20 12 18
8 20 13 21
8 20 14 26
8 20 15 82
8 20 16 27
8 20 17 34
8 20 18 39
8 20 19 75
8 20 20 31
8 20 21 12
8 20 22 50
8 20 23 20
8 20 24 8
8 20 25 30
8 20 26 43
8 20 27 55
8 20 28 57
8 20 29 15
8 20 30 80
8 21 0 63
8 21 1 86
8 21 2 78
8 21 3 56
8 21 4 62
8 21 5 71
8 21 6 77
8 21 7 26
8 21 8 45
8 21 9 72
8 21 10 76
8 21 11 24
8 21 12 1
8 21 13 6
8 21 14 81
8 21 15 19
8 21 16 66
8 21 17 50
8 21 18 42
8 21 19 57
8 21 20 28
8 21 21 46
8 21 22 11
8 21 23 25
8 21 24 9
8 21 25 80
8 21 26 61
8 21 27 59
8 21 28 13
8 21 29 55
8 21 30 35
8 22 0 85
8 22 1 77
8 22 2 69
8 22 3 35
8 22 4 70
8 22 5 76
8 22 6 13
8 22 7 51
8 22 8 71
8 22 9 75
8 22 10 8
8 22 11 25
8 22 12 24
8 22 13 43
8 22 14 22
8 22 15 49
8 22 16 46
8 22 17 73
8 22 18 37
8 22 19 29
8 22 20 74
8 22 21 11
8 22 22 23
8 22 23 18
8 22 24 53
8 22 25 83
8 22 26 56
8 22 27 30
8 22 28 78
8 22 29 40
8 22 30 62
8 23 0 76
8 23 1 68
8 23 2 0
8 23 3 38
8 23 4 75
8 23 5 15
8 23 6 53
8 23 7 70
8 23 8 56
8 23 9 21
8 23 10 13
8 23 11 20
8 23 12 79
8 23 13 17
8 23 14 41
8 23 15 80
8 23 16 32
8 23 17 60
8 23 18 12
8 23 19 35
8 23 20 27
8 23 21 5
8 23 22 25
8 23 23 78
8 23 24 82
8 23 25 58
8 23 26 16
8 23 27 77
8 23 28 83
8 23 29 43
8 23 30 84
8 24 0 67
8 24 1 90
8 24 2 43
8 24 3 54
8 24 4 0
8 24 5 50
8 24 6 48
8 24 7 73
8 24 8 22
8 24 9 11
8 24 10 20
8 24 11 32
8 24 12 4
8 24 13 52
8 24 14 36
8 24 15 59
8 24 16 87
8 24 17 30
8 24 18 72
8 24 19 27
8 24 20 3
8 24 21 26
8 24 22 77
8 24 23 81
8 24 24 33
8 24 25 1
8 24 26 76
8 24 27 82
8 24 28 16
8 24 29 53
8 24 30 75
8 25 0 89
8 25 1 31
8 25 2 73
8 25 3 17
8 25 4 52
8 25 5 54
8 25 6 35
8 25 7 29
8 25 8 24
8 25 9 5
8 25 10 59
8 25 11 18
8 25 12 47
8 25 13 78
8 25 14 39
8 25 15 44
8 25 16 25
8 25 17 71
8 25 18 23
8 25 19 22
8 25 20 8
8 25 21 76
8 25 22 33
8 25 23 45
8 25 24 3
8 25 25 75
8 25 26 81
8 25 27 90
8 25 28 46
8 25 29 74
8 25 30 34
8 26 0 66
8 26 1 32
8 26 2 3
8 26 3 60
8 26 4 38
8 26 5 51
8 26 6 7
8 26 7 22
8 26 8 5
8 26 9 59
8 26 10 19
8 26 11 44
8 26 12 77
8 26 13 69
8 26 14 56
8 26 15 28
8 26 16 70
8 26 17 10
8 26 18 15
8 26 19 23
8 26 20 75
8 26 21 79
8 26 22 87
8 26 23 21
8 26 24 34
8 26 25 33
8 26 26 89
8 26 27 43
8 26 28 73
8 26 29 65
8 26 30 88
8 27 0 39
8 27 1 1
8 27 2 53
8 27 3 66
8 27 4 61
8 27 5 17
8 27 6 8
8 27 7 27
8 27 8 48
8 27 9 4
8 27 10 56
8 27 11 76
8 27 12 68
8 27 13 50
8 27 14 20
8 27 15 41
8 27 16 21
8 27 17 26
8 27 18 29
8 27 19 33
8 27 20 37
8 27 21 35
8 27 22 12
8 27 23 73
8 27 24 79
8 27 25 88
8 27 26 80
8 27 27 72
8 27 28 64
8 27 29 38
8 27 30 44
8 28 0 24
8 28 1 38
8 28 2 49
8 28 3 69
8 28 4 30
8 28 5 0
8 28 6 3
8 28 7 74
8 28 8 2
8 28 9 52
8 28 10 75
8 28 11 67
8 28 12 83
8 28 13 27
8 28 14 40
8 28 15 13
8 28 16 4
8 28 17 19
8 28 18 73
8 28 19 46
8 28 20 50
8 28 21 15
8 28 22 59
8 28 23 32
8 28 24 39
8 28 25 55
8 28 26 71
8 28 27 63
8 28 28 86
8 28 29 41
8 28 30 42
8 29 0 87
8 29 1 52
8 29 2 68
8 29 3 11
8 29 4 26
8 29 5 28
8 29 6 47
8 29 7 0
8 29 8 43
8 29 9 57
8 29 10 51
8 29 11 82
8 29 12 20
8 29 13 42
8 29 14 18
8 29 15 21
8 29 16 14
8 29 17 39
8 29 18 35
8 29 19 60
8 29 20 12
8 29 21 41
8 29 22 48
8 29 23 86
8 29 24 78
8 29 25 70
8 29 26 62
8 29 27 85
8 29 28 36
8 29 29 69
8 29 30 10
8 30 0 44
8 30 1 67
8 30 2 18
8 30 3 25
8 30 4 24
8 30 5 72
8 30 6 26
8 30 7 55
8 30 8 73
8 30 9 65
8 30 10 81
8 30 11 17
8 30 12 66
8 30 13 16
8 30 14 7
8 30 15 29
8 30 16 58
8 30 17 38
8 30 18 83
8 30 19 1
8 30 20 46
8 30 21 32
8 30 22 85
8 30 23 77
8 30 24 69
8 30 25 37
8 30 26 84
8 30 27 45
8 30 28 68
8 30 29 20
8 30 30 41
9 0 0 19
9 0 1 26
9 0 2 25
9 0 3 72
9 0 4 27
9 0 5 56
9 0 6 73
9 0 7 65
9 0 8 81
9 0 9 18
9 0 10 66
9 0 11 17
9 0 12 8
9 0 13 30
9 0 14 59
9 0 15 39
9 0 16 83
9 0 17 2
9 0 18 47
9 0 19 33
9 0 20 85
9 0 21 77
9 0 22 69
9 0 23 38
9 0 24 84
9 0 25 46
9 0 26 68
9 0 27 21
9 0 28 42
9 0 29 45
9 0 30 67
9 1 0 3
9 1 1 2
9 1 2 71
9 1 3 13
9 1 4 87
9 1 5 47
9 1 6 64
9 1 7 42
9 1 8 28
9 1 9 60
9 1 10 0
9 1 11 15
9 1 12 29
9 1 13 54
9 1 14 74
9 1 15 82
9 1 16 23
9 1 17 69
9 1 18 37
9 1 19 84
9 1 20 76
9 1 21 68
9 1 22 5
9 1 23 32
9 1 24 61
9 1 25 67
9 1 26 27
9 1 27 52
9 1 28 31
9 1 29 50
9 1 30 11
9 2 0 9
9 2 1 70
9 2 2 22
9 2 3 37
9 2 4 42
9 2 5 63
9 2 6 79
9 2 7 29
9 2 8 55
9 2 9 4
9 2 10 23
9 2 11 14
9 2 12 69
9 2 13 33
9 2 14 81
9 2 15 16
9 2 16 68
9 2 17 74
9 2 18 53
9 2 19 75
9 2 20 67
9 2 21 90
9 2 22 52
9 2 23 35
9 2 24 46
9 2 25 17
9 2 26 50
9 2 27 58
9 2 28 65
9 2 29 2
9 2 30 1
9 3 0 59
9 3 1 11
9 3 2 52
9 3 3 48
9 3 4 62
9 3 5 41
9 3 6 21
9 3 7 45
9 3 8 29
9 3 9 3
9 3 10 7
9 3 11 68
9 3 12 72
9 3 13 56
9 3 14 18
9 3 15 67
9 3 16 61
9 3 17 50
9 3 18 40
9 3 19 66
9 3 20 89
9 3 21 57
9 3 22 55
9 3 23 65
9 3 24 9
9 3 25 83
9 3 26 31
9 3 27 64
9 3 28 15
9 3 29 0
9 3 30 4
9 4 0 11
9 4 1 52
9 4 2 69
9 4 3 39
9 4 4 43
9 4 5 10
9 4 6 58
9 4 7 26
9 4 8 19
9 4 9 5
9 4 10 67
9 4 11 71
9 4 12 79
9 4 13 0
9 4 14 34
9 4 15 72
9 4 16 59
9 4 17 73
9 4 18 65
9 4 19 88
9 4 20 80
9 4 21 41
9 4 22 64
9 4 23 18
9 4 24 82
9 4 25 48
9 4 26 63
9 4 27 15
9 4 28 14
9 4 29 12
9 4 30 55
9 5 0 83
9 5 1 68
9 5 2 7
9 5 3 53
9 5 4 18
9 5 5 49
9 5 6 10
9 5 7 21
9 5 8 11
9 5 9 41
9 5 10 70
9 5 11 32
9 5 12 12
9 5 13 65
9 5 14 71
9 5 15 80
9 5 16 31
9 5 17 64
9 5 18 46
9 5 19 43
9 5 20 45
9 5 21 63
9 5 22 6
9 5 23 81
9 5 24 54
9 5 25 62
9 5 26 3
9 5 27 20
9 5 28 19
9 5 29 52
9 5 30 16
9 6 0 67
9 6 1 90
9 6 2 56
9 6 3 9
9 6 4 44
9 6 5 12
9 6 6 22
9 6 7 10
9 6 8 65
9 6 9 57
9 6 10 49
9 6 11 6
9 6 12 64
9 6 13 70
9 6 14 37
9 6 15 34
9 6 16 63
9 6 17 86
9 6 18 78
9 6 19 87
9 6 20 62
9 6 21 20
9 6 22 32
9 6 23 46
9 6 24 55
9 6 25 15
9 6 26 19
9 6 27 8
9 6 28 66
9 6 29 29
9 6 30 82
9 7 0 89
9 7 1 74
9 7 2 23
9 7 3 43
9 7 4 6
9 7 5 14
9 7 6 28
9 7 7 64
9 7 8 48
9 7 9 42
9 7 10 15
9 7 11 63
9 7 12 60
9 7 13 78
9 7 14 54
9 7 15 62
9 7 16 85
9 7 17 77
9 7 18 36
9 7 19 32
9 7 20 30
9 7 21 79
9 7 22 87
9 7 23 8
9 7 24 29
9 7 25 25
9 7 26 10
9 7 27 33
9 7 28 26
9 7 29 81
9 7 30 37
9 8 0 53
9 8 1 4
9 8 2 60
9 8 3 19
9 8 4 25
9 8 5 2
9 8 6 63
9 8 7 31
9 8 8 50
9 8 9 27
9 8 10 62
9 8 11 45
9 8 12 77
9 8 13 69
9 8 14 40
9 8 15 84
9 8 16 76
9 8 17 35
9 8 18 24
9 8 19 17
9 8 20 61
9 8 21 49
9 8 22 90
9 8 23 16
9 8 24 23
9 8 25 3
9 8 26 51
9 8 27 12
9 8 28 58
9 8 29 65
9 8 30 88
9 9 0 13
9 9 1 47
9 9 2 10
9 9 3 24
9 9 4 7
9 9 5 62
9 9 6 66
9 9 7 74
9 9 8 1
9 9 9 48
9 9 10 44
9 9 11 76
9 9 12 68
9 9 13 9
9 9 14 57
9 9 15 75
9 9 16 51
9 9 17 90
9 9 18 17
9 9 19 38
9 9 20 32
9 9 21 89
9 9 22 11
9 9 23 25
9 9 24 8
9 9 25 37
9 9 26 5
9 9 27 79
9 9 28 64
9 9 29 43
9 9 30 72
9 10 0 87
9 10 1 15
9 10 2 26
9 10 3 2
9 10 4 56
9 10 5 34
9 10 6 48
9 10 7 1
9 10 8 25
9 10 9 66
9 10 10 75
9 10 11 67
9 10 12 90
9 10 13 46
9 10 14 43
9 10 15 83
9 10 16 89
9 10 17 22
9 10 18 31
9 10 19 54
9 10 20 88
9 10 21 16
9 10 22 24
9 10 23 30
9 10 24 36
9 10 25 14
9 10 26 55
9 10 27 63
9 10 28 86
9 10 29 71
9 10 30 6
9 11 0 8
9 11 1 24
9 11 2 20
9 11 3 10
9 11 4 57
9 11 5 72
9 11 6 19
9 11 7 90
9 11 8 35
9 11 9 37
9 11 10 34
9 11 11 89
9 11 12 49
9 11 13 73
9 11 14 82
9 11 15 88
9 11 16 3
9 11 17 48
9 11 18 83
9 11 19 39
9 11 20 21
9 11 21 4
9 11 22 12
9 11 23 31
9 11 24 26
9 11 25 58
9 11 26 62
9 11 27 85
9 11 28 70
9 11 29 23
9 11 30 59
9 12 0 30
9 12 1 3
9 12 2 90
9 12 3 32
9 12 4 71
9 12 5 29
9 12 6 89
9 12 7 39
9 12 8 73
9 12 9 65
9 12 10 88
9 12 11 80
9 12 12 52
9 12 13 81
9 12 14 46
9 12 15 12
9 12 16 74
9 12 17 82
9 12 18 86
9 12 19 8
9 12 20 27
9 12 21 6
9 12 22 53
9 12 23 9
9 12 24 37
9 12 25 41
9 12 26 84
9 12 27 59
9 12 28 20
9 12 29 56
9 12 30 10
9 13 0 15
9 13 1 89
9 13 2 49
9 13 3 70
9 13 4 12
9 13 5 88
9 13 6 56
9 13 7 54
9 13 8 64
9 13 9 87
9 13 10 40
9 13 11 61
9 13 12 50
9 13 13 86
9 13 14 6
9 13 15 55
9 13 16 81
9 13 17 85
9 13 18 7
9 13 19 28
9 13 20 8
9 13 21 35
9 13 22 0
9 13 23 39
9 13 24 11
9 13 25 32
9 13 26 59
9 13 27 2
9 13 28 52
9 13 29 30
9 13 30 29
9 14 0 88
9 14 1 53
9 14 2 61
9 14 3 0
9 14 4 34
9 14 5 45
9 14 6 59
9 14 7 63
9 14 8 86
9 14 9 78
9 14 10 58
9 14 11 79
9 14 12 85
9 14 13 18
9 14 14 72
9 14 15 47
9 14 16 84
9 14 17 13
9 14 18 30
9 14 19 23
9 14 20 56
9 14 21 8
9 14 22 74
9 14 23 90
9 14 24 38
9 14 25 43
9 14 26 7
9 14 27 83
9 14 28 6
9 14 29 4
9 14 30 3
9 15 0 49
9 15 1 59
9 15 2 9
9 15 3 86
9 15 4 50
9 15 5 48
9 15 6 62
9 15 7 85
9 15 8 77
9 15 9 69
9 15 10 43
9 15 11 84
9 15 12 0
9 15 13 71
9 15 14 79
9 15 15 57
9 15 16 11
9 15 17 15
9 15 18 20
9 15 19 51
9 15 20 28
9 15 21 38
9 15 22 89
9 15 23 33
9 15 24 66
9 15 25 7
9 15 26 82
9 15 27 14
9 15 28 18
9 15 29 3
9 15 30 61
9 16 0 38
9 16 1 1
9 16 2 85
9 16 3 34
9 16 4 69
9 16 5 42
9 16 6 84
9 16 7 76
9 16 8 68
9 16 9 47
9 16 10 33
9 16 11 2
9 16 12 70
9 16 13 41
9 16 14 52
9 16 15 4
9 16 16 26
9 16 17 14
9 16 18 87
9 16 19 20
9 16 20 72
9 16 21 88
9 16 22 80
9 16 23 55
9 16 24 27
9 16 25 81
9 16 26 9
9 16 27 17
9 16 28 16
9 16 29 86
9 16 30 35
9 17 0 22
9 17 1 84
9 17 2 43
9 17 3 68
9 17 4 13
9 17 5 83
9 17 6 75
9 17 7 67
9 17 8 31
9 17 9 38
9 17 10 26
9 17 11 50
9 17 12 44
9 17 13 40
9 17 14 20
9 17 15 3
9 17 16 18
9 17 17 37
9 17 18 21
9 17 19 71
9 17 20 59
9 17 21 53
9 17 22 36
9 17 23 5
9 17 24 32
9 17 25 16
9 17 26 15
9 17 27 7
9 17 28 85
9 17 29 58
9 17 30 66
9 18 0 37
9 18 1 38
9 18 2 67
9 18 3 90
9 18 4 82
9 18 5 55
9 18 6 40
9 18 7 47
9 18 8 51
9 18 9 16
9 18 10 60
9 18 11 33
9 18 12 80
9 18 13 19
9 18 14 10
9 18 15 1
9 18 16 39
9 18 17 0
9 18 18 70
9 18 19 86
9 18 20 78
9 18 21 58
9 18 22 22
9 18 23 79
9 18 24 24
9 18 25 23
9 18 26 30
9 18 27 84
9 18 28 61
9 18 29 41
9 18 30 28
9 19 0 35
9 19 1 41
9 19 2 89
9 19 3 81
9 19 4 73
9 19 5 65
9 19 6 74
9 19 7 80
9 19 8 5
9 19 9 44
9 19 10 42
9 19 11 46
9 19 12 3
9 19 13 27
9 19 14 30
9 19 15 38
9 19 16 28
9 19 17 60
9 19 18 85
9 19 19 77
9 19 20 54
9 19 21 17
9 19 22 31
9 19 23 20
9 19 24 22
9 19 25 6
9 19 26 49
9 19 27 87
9 19 28 57
9 19 29 7
9 19 30 40
9 20 0 65
9 20 1 88
9 20 2 80
9 20 3 36
9 20 4 64
9 20 5 46
9 20 6 45
9 20 7 2
9 20 8 66
9 20 9 74
9 20 10 78
9 20 11 29
9 20 12 13
9 20 13 4
9 20 14 83
9 20 15 21
9 20 16 54
9 20 17 84
9 20 18 76
9 20 19 35
9 20 20 15
9 20 21 51
9 20 22 14
9 20 23 17
9 20 24 18
9 20 25 59
9 20 26 41
9 20 27 50
9 20 28 24
9 20 29 47
9 20 30 87
9 21 0 45
9 21 1 79
9 21 2 33
9 21 3 63
9 21 4 72
9 21 5 78
9 21 6 5
9 21 7 34
9 21 8 46
9 21 9 77
9 21 10 19
9 21 11 22
9 21 12 27
9 21 13 82
9 21 14 28
9 21 15 35
9 21 16 40
9 21 17 75
9 21 18 32
9 21 19 13
9 21 20 51
9 21 21 21
9 21 22 9
9 21 23 0
9 21 24 44
9 21 25 56
9 21 26 58
9 21 27 16
9 21 28 80
9 21 29 48
9 21 30 64
9 22 0 78
9 22 1 57
9 22 2 62
9 22 3 71
9 22 4 77
9 22 5 27
9 22 6 46
9 22 7 72
9 22 8 76
9 22 9 25
9 22 10 2
9 22 11 7
9 22 12 81
9 22 13 20
9 22 14 66
9 22 15 51
9 22 16 43
9 22 17 58
9 22 18 29
9 22 19 47
9 22 20 12
9 22 21 26
9 22 22 10
9 22 23 80
9 22 24 31
9 22 25 60
9 22 26 14
9 22 27 56
9 22 28 36
9 22 29 63
9 22 30 86
9 23 0 69
9 23 1 36
9 23 2 70
9 23 3 76
9 23 4 14
9 23 5 52
9 23 6 71
9 23 7 75
9 23 8 9
9 23 9 26
9 23 10 25
9 23 11 44
9 23 12 23
9 23 13 50
9 23 14 47
9 23 15 73
9 23 16 38
9 23 17 30
9 23 18 74
9 23 19 12
9 23 20 24
9 23 21 19
9 23 22 54
9 23 23 83
9 23 24 57
9 23 25 0
9 23 26 78
9 23 27 41
9 23 28 62
9 23 29 85
9 23 30 77
9 24 0 1
9 24 1 39
9 24 2 75
9 24 3 16
9 24 4 54
9 24 5 70
9 24 6 57
9 24 7 22
9 24 8 14
9 24 9 21
9 24 10 79
9 24 11 18
9 24 12 42
9 24 13 80
9 24 14 33
9 24 15 61
9 24 16 13
9 24 17 36
9 24 18 28
9 24 19 6
9 24 20 26
9 24 21 78
9 24 22 82
9 24 23 59
9 24 24 17
9 24 25 77
9 24 26 83
9 24 27 44
9 24 28 84
9 24 29 76
9 24 30 68
9 25 0 44
9 25 1 55
9 25 2 1
9 25 3 51
9 25 4 49
9 25 5 73
9 25 6 23
9 25 7 12
9 25 8 21
9 25 9 33
9 25 10 5
9 25 11 53
9 25 12 37
9 25 13 60
9 25 14 87
9 25 15 0
9 25 16 72
9 25 17 28
9 25 18 4
9 25 19 27
9 25 20 77
9 25 21 81
9 25 22 34
9 25 23 2
9 25 24 76
9 25 25 82
9 25 26 17
9 25 27 54
9 25 28 75
9 25 29 67
9 25 30 90
9 26 0 73
9 26 1 18
9 26 2 53
9 26 3 55
9 26 4 36
9 26 5 30
9 26 6 25
9 26 7 6
9 26 8 60
9 26 9 19
9 26 10 48
9 26 11 78
9 26 12 40
9 26 13 45
9 26 14 26
9 26 15 71
9 26 16 24
9 26 17 23
9 26 18 9
9 26 19 76
9 26 20 34
9 26 21 46
9 26 22 4
9 26 23 75
9 26 24 81
9 26 25 90
9 26 26 47
9 26 27 74
9 26 28 35
9 26 29 89
9 26 30 32
9 27 0 4
9 27 1 61
9 27 2 39
9 27 3 52
9 27 4 8
9 27 5 23
9 27 6 6
9 27 7 60
9 27 8 20
9 27 9 45
9 27 10 77
9 27 11 69
9 27 12 57
9 27 13 29
9 27 14 70
9 27 15 11
9 27 16 16
9 27 17 24
9 27 18 75
9 27 19 79
9 27 20 87
9 27 21 22
9 27 22 35
9 27 23 34
9 27 24 89
9 27 25 44
9 27 26 73
9 27 27 65
9 27 28 88
9 27 29 66
9 27 30 33
9 28 0 54
9 28 1 66
9 28 2 31
9 28 3 18
9 28 4 9
9 28 5 28
9 28 6 49
9 28 7 5
9 28 8 57
9 28 9 76
9 28 10 68
9 28 11 51
9 28 12 21
9 28 13 42
9 28 14 22
9 28 15 27
9 28 16 30
9 28 17 34
9 28 18 38
9 28 19 36
9 28 20 13
9 28 21 73
9 28 22 79
9 28 23 88
9 28 24 80
9 28 25 72
9 28 26 64
9 28 27 39
9 28 28 45
9 28 29 40
9 28 30 2
9 29 0 50
9 29 1 69
9 29 2 0
9 29 3 1
9 29 4 4
9 29 5 74
9 29 6 3
9 29 7 53
9 29 8 75
9 29 9 67
9 29 10 83
9 29 11 28
9 29 12 41
9 29 13 14
9 29 14 5
9 29 15 20
9 29 16 73
9 29 17 47
9 29 18 51
9 29 19 16
9 29 20 60
9 29 21 33
9 29 22 40
9 29 23 56
9 29 24 71
9 29 25 63
9 29 26 86
9 29 27 42
9 29 28 43
9 29 29 25
9 29 30 39
9 30 0 68
9 30 1 12
9 30 2 27
9 30 3 29
9 30 4 48
9 30 5 1
9 30 6 44
9 30 7 58
9 30 8 52
9 30 9 82
9 30 10 21
9 30 11 43
9 30 12 19
9 30 13 22
9 30 14 15
9 30 15 40
9 30 16 36
9 30 17 61
9 30 18 13
9 30 19 42
9 30 20 49
9 30 21 86
9 30 22 78
9 30 23 70
9 30 24 62
9 30 25 85
9 30 26 37
9 30 27 69
9 30 28 11
9 30 29 87
9 30 30 53
10 0 0 28
10 0 1 30
10 0 2 49
10 0 3 2
10 0 4 45
10 0 5 59
10 0 6 53
10 0 7 82
10 0 8 22
10 0 9 44
10 0 10 20
10 0 11 23
10 0 12 16
10 0 13 41
10 0 14 37
10 0 15 31
10 0 16 14
10 0 17 43
10 0 18 50
10 0 19 86
10 0 20 78
10 0 21 70
10 0 22 62
10 0 23 85
10 0 24 38
10 0 25 69
10 0 26 12
10 0 27 87
10 0 28 54
10 0 29 68
10 0 30 13
10 1 0 26
10 1 1 72
10 1 2 28
10 1 3 57
10 1 4 73
10 1 5 65
10 1 6 81
10 1 7 19
10 1 8 66
10 1 9 18
10 1 10 9
10 1 11 0
10 1 12 60
10 1 13 40
10 1 14 83
10 1 15 3
10 1 16 48
10 1 17 34
10 1 18 85
10 1 19 77
10 1 20 69
10 1 21 39
10 1 22 84
10 1 23 47
10 1 24 68
10 1 25 22
10 1 26 43
10 1 27 46
10 1 28 67
10 1 29 20
10 1 30 27
10 2 0 71
10 2 1 14
10 2 2 87
10 2 3 48
10 2 4 64
10 2 5 43
10 2 6 29
10 2 7 61
10 2 8 1
10 2 9 16
10 2 10 30
10 2 11 55
10 2 12 74
10 2 13 82
10 2 14 24
10 2 15 69
10 2 16 38
10 2 17 84
10 2 18 76
10 2 19 68
10 2 20 6
10 2 21 33
10 2 22 31
10 2 23 67
10 2 24 28
10 2 25 53
10 2 26 32
10 2 27 51
10 2 28 12
10 2 29 4
10 2 30 3
10 3 0 23
10 3 1 38
10 3 2 43
10 3 3 63
10 3 4 79
10 3 5 30
10 3 6 56
10 3 7 5
10 3 8 24
10 3 9 15
10 3 10 69
10 3 11 34
10 3 12 81
10 3 13 17
10 3 14 68
10 3 15 74
10 3 16 54
10 3 17 75
10 3 18 67
10 3 19 90
10 3 20 53
10 3 21 36
10 3 22 47
10 3 23 18
10 3 24 51
10 3 25 59
10 3 26 65
10 3 27 3
10 3 28 2
10 3 29 10
10 3 30 70
10 4 0 53
10 4 1 49
10 4 2 62
10 4 3 42
10 4 4 22
10 4 5 46
10 4 6 30
10 4 7 4
10 4 8 8
10 4 9 68
10 4 10 72
10 4 11 57
10 4 12 19
10 4 13 67
10 4 14 31
10 4 15 51
10 4 16 41
10 4 17 66
10 4 18 89
10 4 19 58
10 4 20 56
10 4 21 65
10 4 22 10
10 4 23 83
10 4 24 32
10 4 25 64
10 4 26 16
10 4 27 1
10 4 28 5
10 4 29 60
10 4 30 12
10 5 0 69
10 5 1 40
10 5 2 44
10 5 3 11
10 5 4 59
10 5 5 27
10 5 6 20
10 5 7 6
10 5 8 67
10 5 9 71
10 5 10 79
10 5 11 1
10 5 12 35
10 5 13 72
10 5 14 60
10 5 15 73
10 5 16 65
10 5 17 88
10 5 18 80
10 5 19 42
10 5 20 64
10 5 21 19
10 5 22 82
10 5 23 49
10 5 24 63
10 5 25 16
10 5 26 15
10 5 27 13
10 5 28 56
10 5 29 12
10 5 30 53
10 6 0 8
10 6 1 54
10 6 2 19
10 6 3 50
10 6 4 11
10 6 5 22
10 6 6 12
10 6 7 42
10 6 8 70
10 6 9 33
10 6 10 13
10 6 11 65
10 6 12 71
10 6 13 80
10 6 14 32
10 6 15 64
10 6 16 47
10 6 17 44
10 6 18 46
10 6 19 63
10 6 20 7
10 6 21 81
10 6 22 55
10 6 23 62
10 6 24 4
10 6 25 21
10 6 26 20
10 6 27 53
10 6 28 17
10 6 29 83
10 6 30 68
10 7 0 57
10 7 1 10
10 7 2 45
10 7 3 13
10 7 4 23
10 7 5 11
10 7 6 65
10 7 7 58
10 7 8 50
10 7 9 7
10 7 10 64
10 7 11 70
10 7 12 38
10 7 13 35
10 7 14 63
10 7 15 86
10 7 16 78
10 7 17 87
10 7 18 62
10 7 19 21
10 7 20 33
10 7 21 47
10 7 22 56
10 7 23 16
10 7 24 20
10 7 25 9
10 7 26 66
10 7 27 30
10 7 28 82
10 7 29 67
10 7 30 90
10 8 0 24
10 8 1 44
10 8 2 7
10 8 3 15
10 8 4 29
10 8 5 64
10 8 6 49
10 8 7 43
10 8 8 16
10 8 9 63
10 8 10 61
10 8 11 78
10 8 12 55
10 8 13 62
10 8 14 85
10 8 15 77
10 8 16 37
10 8 17 33
10 8 18 0
10 8 19 79
10 8 20 87
10 8 21 9
10 8 22 30
10 8 23 26
10 8 24 11
10 8 25 34
10 8 26 27
10 8 27 81
10 8 28 38
10 8 29 89
10 8 30 74
10 9 0 61
10 9 1 20
10 9 2 26
10 9 3 3
10 9 4 63
10 9 5 32
10 9 6 51
10 9 7 28
10 9 8 62
10 9 9 46
10 9 10 77
10 9 11 69
10 9 12 41
10 9 13 84
10 9 14 76
10 9 15 36
10 9 16 25
10 9 17 18
10 9 18 31
10 9 19 50
10 9 20 90
10 9 21 17
10 9 22 24
10 9 23 4
10 9 24 52
10 9 25 13
10 9 26 59
10 9 27 65
10 9 28 88
10 9 29 54
10 9 30 5
10 10 0 11
10 10 1 25
10 10 2 8
10 10 3 62
10 10 4 66
10 10 5 74
10 10 6 2
10 10 7 49
10 10 8 45
10 10 9 76
10 10 10 68
10 10 11 10
10 10 12 58
10 10 13 75
10 10 14 52
10 10 15 90
10 10 16 18
10 10 17 39
10 10 18 33
10 10 19 89
10 10 20 12
10 10 21 26
10 10 22 9
10 10 23 38
10 10 24 6
10 10 25 79
10 10 26 64
10 10 27 44
10 10 28 72
10 10 29 14
10 10 30 48
10 11 0 27
10 11 1 3
10 11 2 57
10 11 3 35
10 11 4 49
10 11 5 2
10 11 6 26
10 11 7 66
10 11 8 75
10 11 9 67
10 11 10 90
10 11 11 47
10 11 12 44
10 11 13 83
10 11 14 89
10 11 15 23
10 11 16 32
10 11 17 55
10 11 18 88
10 11 19 17
10 11 20 25
10 11 21 0
10 11 22 37
10 11 23 15
10 11 24 56
10 11 25 63
10 11 26 86
10 11 27 71
10 11 28 7
10 11 29 87
10 11 30 16
10 12 0 21
10 12 1 11
10 12 2 58
10 12 3 72
10 12 4 20
10 12 5 90
10 12 6 36
10 12 7 38
10 12 8 35
10 12 9 89
10 12 10 50
10 12 11 73
10 12 12 82
10 12 13 88
10 12 14 4
10 12 15 49
10 12 16 83
10 12 17 40
10 12 18 22
10 12 19 5
10 12 20 13
10 12 21 32
10 12 22 27
10 12 23 59
10 12 24 62
10 12 25 85
10 12 26 70
10 12 27 24
10 12 28 60
10 12 29 9
10 12 30 25
10 13 0 90
10 13 1 33
10 13 2 71
10 13 3 30
10 13 4 89
10 13 5 40
10 13 6 73
10 13 7 65
10 13 8 88
10 13 9 80
10 13 10 53
10 13 11 81
10 13 12 47
10 13 13 13
10 13 14 74
10 13 15 82
10 13 16 86
10 13 17 9
10 13 18 28
10 13 19 7
10 13 20 54
10 13 21 10
10 13 22 38
10 13 23 42
10 13 24 84
10 13 25 60
10 13 26 21
10 13 27 57
10 13 28 11
10 13 29 0
10 13 30 4
10 14 0 50
10 14 1 70
10 14 2 13
10 14 3 88
10 14 4 57
10 14 5 55
10 14 6 64
10 14 7 87
10 14 8 41
10 14 9 31
10 14 10 51
10 14 11 86
10 14 12 7
10 14 13 56
10 14 14 81
10 14 15 85
10 14 16 8
10 14 17 29
10 14 18 9
10 14 19 36
10 14 20 1
10 14 21 40
10 14 22 12
10 14 23 33
10 14 24 60
10 14 25 3
10 14 26 53
10 14 27 0
10 14 28 30
10 14 29 16
10 14 30 89
10 15 0 31
10 15 1 1
10 15 2 35
10 15 3 46
10 15 4 60
10 15 5 63
10 15 6 86
10 15 7 78
10 15 8 59
10 15 9 79
10 15 10 85
10 15 11 19
10 15 12 72
10 15 13 48
10 15 14 84
10 15 15 14
10 15 16 0
10 15 17 24
10 15 18 57
10 15 19 9
10 15 20 74
10 15 21 90
10 15 22 39
10 15 23 44
10 15 24 8
10 15 25 83
10 15 26 7
10 15 27 5
10 15 28 4
10 15 29 88
10 15 30 54
10 16 0 10
10 16 1 86
10 16 2 51
10 16 3 49
10 16 4 62
10 16 5 85
10 16 6 77
10 16 7 69
10 16 8 44
10 16 9 84
10 16 10 1
10 16 11 71
10 16 12 79
10 16 13 58
10 16 14 12
10 16 15 16
10 16 16 21
10 16 17 52
10 16 18 29
10 16 19 39
10 16 20 89
10 16 21 34
10 16 22 66
10 16 23 8
10 16 24 82
10 16 25 15
10 16 26 19
10 16 27 4
10 16 28 31
10 16 29 50
10 16 30 60
10 17 0 85
10 17 1 35
10 17 2 69
10 17 3 43
10 17 4 84
10 17 5 76
10 17 6 68
10 17 7 48
10 17 8 34
10 17 9 3
10 17 10 70
10 17 11 42
10 17 12 53
10 17 13 5
10 17 14 27
10 17 15 15
10 17 16 87
10 17 17 21
10 17 18 72
10 17 19 88
10 17 20 80
10 17 21 56
10 17 22 28
10 17 23 81
10 17 24 10
10 17 25 18
10 17 26 17
10 17 27 86
10 17 28 36
10 17 29 39
10 17 30 2
10 18 0 44
10 18 1 68
10 18 2 14
10 18 3 83
10 18 4 75
10 18 5 67
10 18 6 32
10 18 7 39
10 18 8 27
10 18 9 51
10 18 10 45
10 18 11 41
10 18 12 21
10 18 13 4
10 18 14 19
10 18 15 38
10 18 16 22
10 18 17 71
10 18 18 60
10 18 19 54
10 18 20 37
10 18 21 6
10 18 22 33
10 18 23 17
10 18 24 16
10 18 25 8
10 18 26 85
10 18 27 59
10 18 28 66
10 18 29 23
10 18 30 84
10 19 0 67
10 19 1 90
10 19 2 82
10 19 3 56
10 19 4 41
10 19 5 48
10 19 6 52
10 19 7 17
10 19 8 61
10 19 9 34
10 19 10 80
10 19 11 20
10 19 12 11
10 19 13 2
10 19 14 40
10 19 15 1
10 19 16 70
10 19 17 86
10 19 18 78
10 19 19 59
10 19 20 23
10 19 21 79
10 19 22 25
10 19 23 24
10 19 24 0
10 19 25 84
10 19 26 31
10 19 27 42
10 19 28 29
10 19 29 38
10 19 30 39
10 20 0 89
10 20 1 81
10 20 2 73
10 20 3 65
10 20 4 74
10 20 5 80
10 20 6 6
10 20 7 45
10 20 8 43
10 20 9 47
10 20 10 4
10 20 11 28
10 20 12 0
10 20 13 39
10 20 14 29
10 20 15 61
10 20 16 85
10 20 17 77
10 20 18 55
10 20 19 18
10 20 20 32
10 20 21 21
10 20 22 23
10 20 23 7
10 20 24 50
10 20 25 87
10 20 26 58
10 20 27 8
10 20 28 41
10 20 29 36
10 20 30 42
10 21 0 80
10 21 1 37
10 21 2 64
10 21 3 47
10 21 4 46
10 21 5 3
10 21 6 66
10 21 7 74
10 21 8 78
10 21 9 30
10 21 10 14
10 21 11 5
10 21 12 83
10 21 13 22
10 21 14 55
10 21 15 84
10 21 16 76
10 21 17 36
10 21 18 16
10 21 19 52
10 21 20 15
10 21 21 18
10 21 22 19
10 21 23 60
10 21 24 42
10 21 25 51
10 21 26 25
10 21 27 48
10 21 28 87
10 21 29 65
10 21 30 88
10 22 0 34
10 22 1 63
10 22 2 72
10 22 3 78
10 22 4 6
10 22 5 35
10 22 6 47
10 22 7 77
10 22 8 20
10 22 9 23
10 22 10 28
10 22 11 82
10 22 12 29
10 22 13 36
10 22 14 41
10 22 15 75
10 22 16 33
10 22 17 14
10 22 18 52
10 22 19 22
10 22 20 10
10 22 21 1
10 22 22 45
10 22 23 57
10 22 24 59
10 22 25 17
10 22 26 80
10 22 27 49
10 22 28 64
10 22 29 46
10 22 30 79
10 23 0 62
10 23 1 71
10 23 2 77
10 23 3 28
10 23 4 47
10 23 5 72
10 23 6 76
10 23 7 26
10 23 8 3
10 23 9 8
10 23 10 81
10 23 11 21
10 23 12 66
10 23 13 52
10 23 14 44
10 23 15 59
10 23 16 30
10 23 17 48
10 23 18 13
10 23 19 27
10 23 20 11
10 23 21 80
10 23 22 32
10 23 23 61
10 23 24 15
10 23 25 57
10 23 26 37
10 23 27 63
10 23 28 86
10 23 29 78
10 23 30 58
10 24 0 70
10 24 1 76
10 24 2 15
10 24 3 53
10 24 4 71
10 24 5 75
10 24 6 10
10 24 7 27
10 24 8 26
10 24 9 45
10 24 10 24
10 24 11 51
10 24 12 48
10 24 13 73
10 24 14 39
10 24 15 0
10 24 16 74
10 24 17 13
10 24 18 25
10 24 19 20
10 24 20 55
10 24 21 83
10 24 22 58
10 24 23 1
10 24 24 78
10 24 25 42
10 24 26 62
10 24 27 85
10 24 28 77
10 24 29 69
10 24 30 37
10 25 0 75
10 25 1 17
10 25 2 55
10 25 3 70
10 25 4 58
10 25 5 23
10 25 6 15
10 25 7 22
10 25 8 79
10 25 9 19
10 25 10 43
10 25 11 80
10 25 12 34
10 25 13 31
10 25 14 14
10 25 15 37
10 25 16 29
10 25 17 7
10 25 18 27
10 25 19 78
10 25 20 82
10 25 21 60
10 25 22 18
10 25 23 77
10 25 24 83
10 25 25 45
10 25 26 84
10 25 27 76
10 25 28 68
10 25 29 2
10 25 30 40
10 26 0 2
10 26 1 52
10 26 2 50
10 26 3 73
10 26 4 24
10 26 5 13
10 26 6 22
10 26 7 34
10 26 8 6
10 26 9 54
10 26 10 38
10 26 11 61
10 26 12 87
10 26 13 1
10 26 14 72
10 26 15 29
10 26 16 5
10 26 17 28
10 26 18 77
10 26 19 81
10 26 20 35
10 26 21 3
10 26 22 76
10 26 23 82
10 26 24 18
10 26 25 55
10 26 26 75
10 26 27 67
10 26 28 90
10 26 29 45
10 26 30 56
10 27 0 54
10 27 1 56
10 27 2 37
10 27 3 0
10 27 4 26
10 27 5 7
10 27 6 61
10 27 7 20
10 27 8 49
10 27 9 78
10 27 10 41
10 27 11 46
10 27 12 27
10 27 13 71
10 27 14 25
10 27 15 24
10 27 16 10
10 27 17 76
10 27 18 35
10 27 19 47
10 27 20 5
10 27 21 75
10 27 22 81
10 27 23 90
10 27 24 48
10 27 25 74
10 27 26 36
10 27 27 89
10 27 28 33
10 27 29 73
10 27 30 19
10 28 0 40
10 28 1 53
10 28 2 9
10 28 3 24
10 28 4 7
10 28 5 61
10 28 6 21
10 28 7 46
10 28 8 77
10 28 9 69
10 28 10 58
10 28 11 30
10 28 12 70
10 28 13 12
10 28 14 17
10 28 15 25
10 28 16 75
10 28 17 79
10 28 18 87
10 28 19 23
10 28 20 36
10 28 21 35
10 28 22 89
10 28 23 45
10 28 24 73
10 28 25 65
10 28 26 88
10 28 27 66
10 28 28 34
10 28 29 5
10 28 30 31
10 29 0 32
10 29 1 19
10 29 2 10
10 29 3 29
10 29 4 50
10 29 5 6
10 29 6 58
10 29 7 76
10 29 8 68
10 29 9 52
10 29 10 22
10 29 11 43
10 29 12 23
10 29 13 28
10 29 14 0
10 29 15 35
10 29 16 39
10 29 17 37
10 29 18 14
10 29 19 73
10 29 20 79
10 29 21 88
10 29 22 80
10 29 23 72
10 29 24 64
10 29 25 40
10 29 26 46
10 29 27 41
10 29 28 3
10 29 29 55
10 29 30 66
10 30 0 1
10 30 1 2
10 30 2 5
10 30 3 74
10 30 4 4
10 30 5 54
10 30 6 75
10 30 7 67
10 30 8 83
10 30 9 29
10 30 10 42
10 30 11 15
10 30 12 6
10 30 13 21
10 30 14 73
10 30 15 48
10 30 16 52
10 30 17 17
10 30 18 61
10 30 19 34
10 30 20 41
10 30 21 57
10 30 22 71
10 30 23 63
10 30 24 86
10 30 25 43
10 30 26 44
10 30 27 26
10 30 28 40
10 30 29 51
10 30 30 69
11 0 0 6
11 0 1 74
11 0 2 5
11 0 3 55
11 0 4 75
11 0 5 67
11 0 6 83
11 0 7 30
11 0 8 43
11 0 9 16
11 0 10 7
11 0 11 22
11 0 12 73
11 0 13 49
11 0 14 53
11 0 15 18
11 0 16 31
11 0 17 35
11 0 18 42
11 0 19 58
11 0 20 71
11 0 21 63
11 0 22 86
11 0 23 44
11 0 24 45
11 0 25 27
11 0 26 41
11 0 27 52
11 0 28 69
11 0 29 2
11 0 30 3
11 1 0 50
11 1 1 3
11 1 2 46
11 1 3 60
11 1 4 54
11 1 5 82
11 1 6 23
11 1 7 45
11 1 8 21
11 1 9 24
11 1 10 17
11 1 11 42
11 1 12 38
11 1 13 32
11 1 14 15
11 1 15 44
11 1 16 51
11 1 17 86
11 1 18 78
11 1 19 70
11 1 20 62
11 1 21 85
11 1 22 39
11 1 23 69
11 1 24 13
11 1 25 87
11 1 26 55
11 1 27 68
11 1 28 14
11 1 29 29
11 1 30 0
11 2 0 29
11 2 1 58
11 2 2 73
11 2 3 65
11 2 4 81
11 2 5 20
11 2 6 66
11 2 7 19
11 2 8 10
11 2 9 1
11 2 10 61
11 2 11 41
11 2 12 83
11 2 13 4
11 2 14 49
11 2 15 35
11 2 16 85
11 2 17 77
11 2 18 69
11 2 19 40
11 2 20 84
11 2 21 48
11 2 22 68
11 2 23 23
11 2 24 44
11 2 25 47
11 2 26 67
11 2 27 21
11 2 28 28
11 2 29 27
11 2 30 72
11 3 0 87
11 3 1 49
11 3 2 64
11 3 3 44
11 3 4 30
11 3 5 31
11 3 6 2
11 3 7 17
11 3 8 0
11 3 9 56
11 3 10 74
11 3 11 82
11 3 12 25
11 3 13 69
11 3 14 39
11 3 15 84
11 3 16 76
11 3 17 68
11 3 18 7
11 3 19 34
11 3 20 32
11 3 21 67
11 3 22 29
11 3 23 54
11 3 24 33
11 3 25 52
11 3 26 13
11 3 27 5
11 3 28 4
11 3 29 71
11 3 30 15
11 4 0 44
11 4 1 63
11 4 2 79
11 4 3 0
11 4 4 57
11 4 5 6
11 4 6 25
11 4 7 16
11 4 8 69
11 4 9 35
11 4 10 81
11 4 11 18
11 4 12 68
11 4 13 74
11 4 14 55
11 4 15 75
11 4 16 67
11 4 17 90
11 4 18 54
11 4 19 37
11 4 20 48
11 4 21 19
11 4 22 52
11 4 23 60
11 4 24 65
11 4 25 4
11 4 26 3
11 4 27 11
11 4 28 70
11 4 29 24
11 4 30 39
11 5 0 62
11 5 1 43
11 5 2 23
11 5 3 47
11 5 4 0
11 5 5 5
11 5 6 9
11 5 7 68
11 5 8 72
11 5 9 58
11 5 10 20
11 5 11 67
11 5 12 32
11 5 13 52
11 5 14 42
11 5 15 66
11 5 16 89
11 5 17 59
11 5 18 57
11 5 19 65
11 5 20 11
11 5 21 83
11 5 22 33
11 5 23 64
11 5 24 17
11 5 25 2
11 5 26 6
11 5 27 61
11 5 28 13
11 5 29 54
11 5 30 50
11 6 0 45
11 6 1 12
11 6 2 60
11 6 3 28
11 6 4 21
11 6 5 7
11 6 6 67
11 6 7 71
11 6 8 79
11 6 9 2
11 6 10 36
11 6 11 72
11 6 12 61
11 6 13 73
11 6 14 65
11 6 15 88
11 6 16 80
11 6 17 43
11 6 18 64
11 6 19 20
11 6 20 82
11 6 21 50
11 6 22 63
11 6 23 17
11 6 24 16
11 6 25 14
11 6 26 57
11 6 27 13
11 6 28 54
11 6 29 69
11 6 30 41
11 7 0 20
11 7 1 51
11 7 2 12
11 7 3 23
11 7 4 13
11 7 5 43
11 7 6 70
11 7 7 34
11 7 8 14
11 7 9 65
11 7 10 71
11 7 11 80
11 7 12 33
11 7 13 64
11 7 14 48
11 7 15 45
11 7 16 47
11 7 17 63
11 7 18 8
11 7 19 81
11 7 20 56
11 7 21 62
11 7 22 5
11 7 23 22
11 7 24 21
11 7 25 54
11 7 26 18
11 7 27 83
11 7 28 68
11 7 29 9
11 7 30 55
11 8 0 46
11 8 1 14
11 8 2 24
11 8 3 12
11 8 4 65
11 8 5 59
11 8 6 51
11 8 7 8
11 8 8 64
11 8 9 70
11 8 10 39
11 8 11 36
11 8 12 63
11 8 13 86
11 8 14 78
11 8 15 87
11 8 16 62
11 8 17 22
11 8 18 34
11 8 19 48
11 8 20 57
11 8 21 17
11 8 22 21
11 8 23 10
11 8 24 66
11 8 25 0
11 8 26 82
11 8 27 67
11 8 28 90
11 8 29 58
11 8 30 11
11 9 0 8
11 9 1 16
11 9 2 30
11 9 3 64
11 9 4 50
11 9 5 44
11 9 6 17
11 9 7 63
11 9 8 31
11 9 9 78
11 9 10 56
11 9 11 62
11 9 12 85
11 9 13 77
11 9 14 38
11 9 15 34
11 9 16 1
11 9 17 79
11 9 18 87
11 9 19 10
11 9 20 0
11 9 21 27
11 9 22 12
11 9 23 35
11 9 24 28
11 9 25 81
11 9 26 39
11 9 27 89
11 9 28 74
11 9 29 25
11 9 30 45
11 10 0 27
11 10 1 4
11 10 2 63
11 10 3 33
11 10 4 52
11 10 5 29
11 10 6 62
11 10 7 47
11 10 8 77
11 10 9 69
11 10 10 42
11 10 11 84
11 10 12 76
11 10 13 37
11 10 14 26
11 10 15 19
11 10 16 32
11 10 17 51
11 10 18 90
11 10 19 18
11 10 20 25
11 10 21 5
11 10 22 53
11 10 23 14
11 10 24 60
11 10 25 65
11 10 26 88
11 10 27 55
11 10 28 6
11 10 29 31
11 10 30 21
11 11 0 9
11 11 1 62
11 11 2 66
11 11 3 74
11 11 4 3
11 11 5 50
11 11 6 46
11 11 7 76
11 11 8 68
11 11 9 11
11 11 10 59
11 11 11 75
11 11 12 53
11 11 13 90
11 11 14 19
11 11 15 40
11 11 16 34
11 11 17 89
11 11 18 13
11 11 19 27
11 11 20 10
11 11 21 39
11 11 22 7
11 11 23 79
11 11 24 64
11 11 25 45
11 11 26 72
11 11 27 15
11 11 28 49
11 11 29 12
11 11 30 26
11 12 0 58
11 12 1 36
11 12 2 50
11 12 3 3
11 12 4 27
11 12 5 66
11 12 6 75
11 12 7 67
11 12 8 90
11 12 9 48
11 12 10 45
11 12 11 83
11 12 12 89
11 12 13 24
11 12 14 33
11 12 15 56
11 12 16 88
11 12 17 18
11 12 18 26
11 12 19 1
11 12 20 38
11 12 21 16
11 12 22 57
11 12 23 63
11 12 24 86
11 12 25 71
11 12 26 8
11 12 27 87
11 12 28 17
11 12 29 28
11 12 30 4
11 13 0 59
11 13 1 72
11 13 2 21
11 13 3 90
11 13 4 37
11 13 5 39
11 13 6 36
11 13 7 89
11 13 8 51
11 13 9 73
11 13 10 82
11 13 11 88
11 13 12 5
11 13 13 50
11 13 14 83
11 13 15 41
11 13 16 23
11 13 17 6
11 13 18 14
11 13 19 33
11 13 20 28
11 13 21 60
11 13 22 62
11 13 23 85
11 13 24 70
11 13 25 25
11 13 26 61
11 13 27 10
11 13 28 26
11 13 29 22
11 13 30 12
11 14 0 71
11 14 1 0
11 14 2 89
11 14 3 41
11 14 4 73
11 14 5 65
11 14 6 88
11 14 7 80
11 14 8 54
11 14 9 81
11 14 10 48
11 14 11 14
11 14 12 74
11 14 13 82
11 14 14 86
11 14 15 10
11 14 16 29
11 14 17 8
11 14 18 55
11 14 19 11
11 14 20 39
11 14 21 43
11 14 22 84
11 14 23 61
11 14 24 22
11 14 25 58
11 14 26 12
11 14 27 1
11 14 28 5
11 14 29 90
11 14 30 34
11 15 0 14
11 15 1 88
11 15 2 58
11 15 3 56
11 15 4 64
11 15 5 87
11 15 6 42
11 15 7 32
11 15 8 52
11 15 9 86
11 15 10 8
11 15 11 57
11 15 12 81
11 15 13 85
11 15 14 9
11 15 15 30
11 15 16 10
11 15 17 37
11 15 18 2
11 15 19 41
11 15 20 13
11 15 21 34
11 15 22 61
11 15 23 4
11 15 24 54
11 15 25 1
11 15 26 0
11 15 27 17
11 15 28 89
11 15 29 51
11 15 30 70
11 16 0 36
11 16 1 47
11 16 2 61
11 16 3 63
11 16 4 86
11 16 5 78
11 16 6 60
11 16 7 79
11 16 8 85
11 16 9 20
11 16 10 72
11 16 11 49
11 16 12 84
11 16 13 15
11 16 14 1
11 16 15 25
11 16 16 58
11 16 17 10
11 16 18 74
11 16 19 90
11 16 20 40
11 16 21 45
11 16 22 9
11 16 23 83
11 16 24 8
11 16 25 6
11 16 26 5
11 16 27 88
11 16 28 55
11 16 29 32
11 16 30 2
11 17 0 52
11 17 1 50
11 17 2 62
11 17 3 85
11 17 4 77
11 17 5 69
11 17 6 45
11 17 7 84
11 17 8 2
11 17 9 71
11 17 10 79
11 17 11 59
11 17 12 13
11 17 13 17
11 17 14 22
11 17 15 53
11 17 16 30
11 17 17 40
11 17 18 89
11 17 19 35
11 17 20 66
11 17 21 9
11 17 22 82
11 17 23 16
11 17 24 20
11 17 25 5
11 17 26 32
11 17 27 51
11 17 28 61
11 17 29 11
11 17 30 86
11 18 0 69
11 18 1 44
11 18 2 84
11 18 3 76
11 18 4 68
11 18 5 49
11 18 6 35
11 18 7 4
11 18 8 70
11 18 9 43
11 18 10 54
11 18 11 6
11 18 12 28
11 18 13 16
11 18 14 87
11 18 15 22
11 18 16 72
11 18 17 88
11 18 18 80
11 18 19 57
11 18 20 29
11 18 21 81
11 18 22 11
11 18 23 19
11 18 24 18
11 18 25 86
11 18 26 37
11 18 27 40
11 18 28 3
11 18 29 85
11 18 30 36
11 19 0 15
11 19 1 83
11 19 2 75
11 19 3 67
11 19 4 33
11 19 5 40
11 19 6 28
11 19 7 52
11 19 8 46
11 19 9 42
11 19 10 22
11 19 11 5
11 19 12 20
11 19 13 39
11 19 14 23
11 19 15 71
11 19 16 61
11 19 17 55
11 19 18 38
11 19 19 7
11 19 20 34
11 19 21 18
11 19 22 17
11 19 23 9
11 19 24 85
11 19 25 60
11 19 26 66
11 19 27 24
11 19 28 84
11 19 29 45
11 19 30 68
11 20 0 82
11 20 1 57
11 20 2 42
11 20 3 49
11 20 4 53
11 20 5 18
11 20 6 31
11 20 7 35
11 20 8 80
11 20 9 21
11 20 10 12
11 20 11 3
11 20 12 41
11 20 13 2
11 20 14 70
11 20 15 86
11 20 16 78
11 20 17 60
11 20 18 24
11 20 19 79
11 20 20 26
11 20 21 25
11 20 22 1
11 20 23 84
11 20 24 32
11 20 25 43
11 20 26 30
11 20 27 39
11 20 28 40
11 20 29 67
11 20 30 90
11 21 0 73
11 21 1 65
11 21 2 74
11 21 3 80
11 21 4 7
11 21 5 46
11 21 6 44
11 21 7 48
11 21 8 5
11 21 9 29
11 21 10 1
11 21 11 40
11 21 12 30
11 21 13 31
11 21 14 85
11 21 15 77
11 21 16 56
11 21 17 19
11 21 18 33
11 21 19 22
11 21 20 24
11 21 21 8
11 21 22 51
11 21 23 87
11 21 24 59
11 21 25 9
11 21 26 42
11 21 27 37
11 21 28 43
11 21 29 89
11 21 30 81
11 22 0 64
11 22 1 48
11 22 2 47
11 22 3 4
11 22 4 66
11 22 5 74
11 22 6 78
11 22 7 0
11 22 8 15
11 22 9 6
11 22 10 83
11 22 11 23
11 22 12 56
11 22 13 84
11 22 14 76
11 22 15 37
11 22 16 17
11 22 17 53
11 22 18 16
11 22 19 19
11 22 20 20
11 22 21 61
11 22 22 43
11 22 23 52
11 22 24 26
11 22 25 49
11 22 26 87
11 22 27 65
11 22 28 88
11 22 29 80
11 22 30 38
11 23 0 72
11 23 1 78
11 23 2 7
11 23 3 36
11 23 4 48
11 23 5 77
11 23 6 21
11 23 7 24
11 23 8 29
11 23 9 82
11 23 10 30
11 23 11 37
11 23 12 42
11 23 13 75
11 23 14 34
11 23 15 15
11 23 16 53
11 23 17 23
11 23 18 11
11 23 19 2
11 23 20 46
11 23 21 58
11 23 22 60
11 23 23 18
11 23 24 80
11 23 25 50
11 23 26 64
11 23 27 47
11 23 28 79
11 23 29 35
11 23 30 63
11 24 0 77
11 24 1 29
11 24 2 48
11 24 3 72
11 24 4 76
11 24 5 27
11 24 6 4
11 24 7 9
11 24 8 81
11 24 9 22
11 24 10 66
11 24 11 53
11 24 12 45
11 24 13 60
11 24 14 0
11 24 15 49
11 24 16 14
11 24 17 28
11 24 18 12
11 24 19 80
11 24 20 33
11 24 21 31
11 24 22 16
11 24 23 58
11 24 24 38
11 24 25 63
11 24 26 86
11 24 27 78
11 24 28 59
11 24 29 62
11 24 30 71
11 25 0 16
11 25 1 54
11 25 2 71
11 25 3 75
11 25 4 11
11 25 5 28
11 25 6 27
11 25 7 46
11 25 8 25
11 25 9 52
11 25 10 49
11 25 11 73
11 25 12 40
11 25 13 1
11 25 14 74
11 25 15 14
11 25 16 26
11 25 17 21
11 25 18 56
11 25 19 83
11 25 20 59
11 25 21 2
11 25 22 78
11 25 23 43
11 25 24 62
11 25 25 85
11 25 26 77
11 25 27 69
11 25 28 38
11 25 29 70
11 25 30 76
11 26 0 56
11 26 1 70
11 26 2 59
11 26 3 24
11 26 4 16
11 26 5 23
11 26 6 79
11 26 7 20
11 26 8 44
11 26 9 80
11 26 10 35
11 26 11 32
11 26 12 15
11 26 13 38
11 26 14 30
11 26 15 8
11 26 16 28
11 26 17 78
11 26 18 82
11 26 19 61
11 26 20 19
11 26 21 77
11 26 22 83
11 26 23 46
11 26 24 84
11 26 25 76
11 26 26 68
11 26 27 3
11 26 28 41
11 26 29 75
11 26 30 18
11 27 0 51
11 27 1 73
11 27 2 25
11 27 3 14
11 27 4 23
11 27 5 35
11 27 6 7
11 27 7 55
11 27 8 39
11 27 9 31
11 27 10 87
11 27 11 2
11 27 12 72
11 27 13 30
11 27 14 6
11 27 15 29
11 27 16 77
11 27 17 81
11 27 18 36
11 27 19 4
11 27 20 76
11 27 21 82
11 27 22 19
11 27 23 56
11 27 24 75
11 27 25 67
11 27 26 90
11 27 27 46
11 27 28 57
11 27 29 3
11 27 30 53
11 28 0 38
11 28 1 1
11 28 2 27
11 28 3 8
11 28 4 31
11 28 5 21
11 28 6 50
11 28 7 78
11 28 8 42
11 28 9 47
11 28 10 28
11 28 11 71
11 28 12 26
11 28 13 25
11 28 14 11
11 28 15 76
11 28 16 36
11 28 17 48
11 28 18 6
11 28 19 75
11 28 20 81
11 28 21 90
11 28 22 49
11 28 23 74
11 28 24 37
11 28 25 89
11 28 26 34
11 28 27 73
11 28 28 20
11 28 29 55
11 28 30 57
11 29 0 10
11 29 1 25
11 29 2 8
11 29 3 31
11 29 4 22
11 29 5 47
11 29 6 77
11 29 7 69
11 29 8 59
11 29 9 0
11 29 10 70
11 29 11 13
11 29 12 18
11 29 13 26
11 29 14 75
11 29 15 79
11 29 16 87
11 29 17 24
11 29 18 37
11 29 19 36
11 29 20 89
11 29 21 46
11 29 22 73
11 29 23 65
11 29 24 88
11 29 25 66
11 29 26 35
11 29 27 6
11 29 28 32
11 29 29 41
11 29 30 54
11 30 0 11
11 30 1 30
11 30 2 51
11 30 3 7
11 30 4 59
11 30 5 76
11 30 6 68
11 30 7 53
11 30 8 23
11 30 9 44
11 30 10 24
11 30 11 29
11 30 12 1
11 30 13 36
11 30 14 40
11 30 15 38
11 30 16 15
11 30 17 73
11 30 18 79
11 30 19 88
11 30 20 80
11 30 21 72
11 30 22 64
11 30 23 41
11 30 24 47
11 30 25 42
11 30 26 4
11 30 27 56
11 30 28 66
11 30 29 33
11 30 30 20
12 0 0 52
12 0 1 8
12 0 2 60
12 0 3 76
12 0 4 68
12 0 5 54
12 0 6 24
12 0 7 45
12 0 8 25
12 0 9 30
12 0 10 2
12 0 11 37
12 0 12 41
12 0 13 39
12 0 14 16
12 0 15 73
12 0 16 79
12 0 17 88
12 0 18 80
12 0 19 72
12 0 20 64
12 0 21 42
12 0 22 48
12 0 23 43
12 0 24 5
12 0 25 57
12 0 26 66
12 0 27 34
12 0 28 21
12 0 29 12
12 0 30 0
12 1 0 6
12 1 1 56
12 1 2 75
12 1 3 67
12 1 4 83
12 1 5 0
12 1 6 44
12 1 7 17
12 1 8 8
12 1 9 23
12 1 10 73
12 1 11 50
12 1 12 54
12 1 13 19
12 1 14 32
12 1 15 36
12 1 16 43
12 1 17 59
12 1 18 71
12 1 19 63
12 1 20 86
12 1 21 45
12 1 22 46
12 1 23 28
12 1 24 42
12 1 25 53
12 1 26 69
12 1 27 3
12 1 28 4
12 1 29 7
12 1 30 74
12 2 0 47
12 2 1 61
12 2 2 55
12 2 3 82
12 2 4 24
12 2 5 46
12 2 6 22
12 2 7 25
12 2 8 18
12 2 9 43
12 2 10 39
12 2 11 33
12 2 12 16
12 2 13 45
12 2 14 52
12 2 15 86
12 2 16 78
12 2 17 70
12 2 18 62
12 2 19 85
12 2 20 40
12 2 21 69
12 2 22 14
12 2 23 87
12 2 24 56
12 2 25 68
12 2 26 15
12 2 27 30
12 2 28 1
12 2 29 51
12 2 30 4
12 3 0 73
12 3 1 65
12 3 2 81
12 3 3 21
12 3 4 66
12 3 5 20
12 3 6 11
12 3 7 2
12 3 8 31
12 3 9 42
12 3 10 83
12 3 11 5
12 3 12 50
12 3 13 36
12 3 14 85
12 3 15 77
12 3 16 69
12 3 17 41
12 3 18 84
12 3 19 49
12 3 20 68
12 3 21 24
12 3 22 45
12 3 23 48
12 3 24 67
12 3 25 22
12 3 26 29
12 3 27 28
12 3 28 72
12 3 29 30
12 3 30 59
12 4 0 64
12 4 1 45
12 4 2 0
12 4 3 32
12 4 4 3
12 4 5 18
12 4 6 1
12 4 7 57
12 4 8 74
12 4 9 82
12 4 10 26
12 4 11 69
12 4 12 40
12 4 13 84
12 4 14 76
12 4 15 68
12 4 16 8
12 4 17 35
12 4 18 33
12 4 19 67
12 4 20 30
12 4 21 55
12 4 22 34
12 4 23 53
12 4 24 14
12 4 25 6
12 4 26 5
12 4 27 71
12 4 28 16
12 4 29 87
12 4 30 50
12 5 0 79
12 5 1 1
12 5 2 58
12 5 3 7
12 5 4 26
12 5 5 17
12 5 6 69
12 5 7 36
12 5 8 81
12 5 9 19
12 5 10 68
12 5 11 74
12 5 12 56
12 5 13 75
12 5 14 67
12 5 15 90
12 5 16 55
12 5 17 38
12 5 18 49
12 5 19 20
12 5 20 53
12 5 21 61
12 5 22 65
12 5 23 5
12 5 24 4
12 5 25 12
12 5 26 70
12 5 27 25
12 5 28 40
12 5 29 45
12 5 30 63
12 6 0 24
12 6 1 48
12 6 2 1
12 6 3 6
12 6 4 10
12 6 5 68
12 6 6 72
12 6 7 59
12 6 8 21
12 6 9 67
12 6 10 33
12 6 11 53
12 6 12 43
12 6 13 66
12 6 14 89
12 6 15 60
12 6 16 58
12 6 17 65
12 6 18 12
12 6 19 83
12 6 20 34
12 6 21 64
12 6 22 18
12 6 23 3
12 6 24 7
12 6 25 31
12 6 26 14
12 6 27 55
12 6 28 51
12 6 29 62
12 6 30 44
12 7 0 61
12 7 1 29
12 7 2 22
12 7 3 8
12 7 4 67
12 7 5 71
12 7 6 79
12 7 7 3
12 7 8 37
12 7 9 72
12 7 10 31
12 7 11 73
12 7 12 65
12 7 13 88
12 7 14 80
12 7 15 44
12 7 16 64
12 7 17 21
12 7 18 82
12 7 19 51
12 7 20 63
12 7 21 18
12 7 22 17
12 7 23 15
12 7 24 58
12 7 25 14
12 7 26 55
12 7 27 69
12 7 28 42
12 7 29 46
12 7 30 13
12 8 0 13
12 8 1 24
12 8 2 14
12 8 3 44
12 8 4 70
12 8 5 35
12 8 6 15
12 8 7 65
12 8 8 71
12 8 9 80
12 8 10 34
12 8 11 64
12 8 12 49
12 8 13 46
12 8 14 48
12 8 15 63
12 8 16 9
12 8 17 81
12 8 18 57
12 8 19 62
12 8 20 6
12 8 21 23
12 8 22 22
12 8 23 55
12 8 24 19
12 8 25 83
12 8 26 68
12 8 27 10
12 8 28 56
12 8 29 21
12 8 30 52
12 9 0 25
12 9 1 13
12 9 2 65
12 9 3 60
12 9 4 52
12 9 5 9
12 9 6 64
12 9 7 70
12 9 8 40
12 9 9 37
12 9 10 63
12 9 11 86
12 9 12 78
12 9 13 87
12 9 14 62
12 9 15 23
12 9 16 35
12 9 17 49
12 9 18 58
12 9 19 18
12 9 20 22
12 9 21 11
12 9 22 66
12 9 23 1
12 9 24 82
12 9 25 67
12 9 26 90
12 9 27 59
12 9 28 12
12 9 29 47
12 9 30 15
12 10 0 0
12 10 1 64
12 10 2 51
12 10 3 45
12 10 4 18
12 10 5 63
12 10 6 32
12 10 7 78
12 10 8 57
12 10 9 62
12 10 10 85
12 10 11 77
12 10 12 39
12 10 13 35
12 10 14 2
12 10 15 79
12 10 16 87
12 10 17 11
12 10 18 1
12 10 19 28
12 10 20 13
12 10 21 36
12 10 22 29
12 10 23 81
12 10 24 40
12 10 25 89
12 10 26 74
12 10 27 26
12 10 28 46
12 10 29 9
12 10 30 17
12 11 0 63
12 11 1 34
12 11 2 53
12 11 3 30
12 11 4 62
12 11 5 48
12 11 6 77
12 11 7 69
12 11 8 43
12 11 9 84
12 11 10 76
12 11 11 38
12 11 12 27
12 11 13 20
12 11 14 33
12 11 15 52
12 11 16 90
12 11 17 19
12 11 18 26
12 11 19 6
12 11 20 54
12 11 21 15
12 11 22 61
12 11 23 65
12 11 24 88
12 11 25 56
12 11 26 7
12 11 27 32
12 11 28 22
12 11 29 28
12 11 30 5
12 12 0 66
12 12 1 74
12 12 2 4
12 12 3 51
12 12 4 47
12 12 5 76
12 12 6 68
12 12 7 12
12 12 8 60
12 12 9 75
12 12 10 54
12 12 11 90
12 12 12 20
12 12 13 41
12 12 14 35
12 12 15 89
12 12 16 14
12 12 17 28
12 12 18 11
12 12 19 40
12 12 20 8
12 12 21 79
12 12 22 64
12 12 23 46
12 12 24 72
12 12 25 16
12 12 26 50
12 12 27 13
12 12 28 27
12 12 29 10
12 12 30 62
12 13 0 51
12 13 1 4
12 13 2 28
12 13 3 66
12 13 4 75
12 13 5 67
12 13 6 90
12 13 7 49
12 13 8 46
12 13 9 83
12 13 10 89
12 13 11 25
12 13 12 34
12 13 13 57
12 13 14 88
12 13 15 19
12 13 16 27
12 13 17 2
12 13 18 39
12 13 19 17
12 13 20 58
12 13 21 63
12 13 22 86
12 13 23 71
12 13 24 9
12 13 25 87
12 13 26 18
12 13 27 29
12 13 28 5
12 13 29 59
12 13 30 37
12 14 0 22
12 14 1 90
12 14 2 38
12 14 3 40
12 14 4 37
12 14 5 89
12 14 6 52
12 14 7 73
12 14 8 82
12 14 9 88
12 14 10 6
12 14 11 51
12 14 12 83
12 14 13 42
12 14 14 24
12 14 15 7
12 14 16 15
12 14 17 34
12 14 18 29
12 14 19 61
12 14 20 62
12 14 21 85
12 14 22 70
12 14 23 26
12 14 24 31
12 14 25 11
12 14 26 27
12 14 27 23
12 14 28 13
12 14 29 60
12 14 30 72
12 15 0 89
12 15 1 42
12 15 2 73
12 15 3 65
12 15 4 88
12 15 5 80
12 15 6 55
12 15 7 81
12 15 8 49
12 15 9 15
12 15 10 74
12 15 11 82
12 15 12 86
12 15 13 11
12 15 14 30
12 15 15 9
12 15 16 56
12 15 17 12
12 15 18 40
12 15 19 44
12 15 20 84
12 15 21 31
12 15 22 23
12 15 23 59
12 15 24 13
12 15 25 2
12 15 26 6
12 15 27 90
12 15 28 35
12 15 29 71
12 15 30 1
12 16 0 59
12 16 1 57
12 16 2 64
12 16 3 87
12 16 4 43
12 16 5 33
12 16 6 53
12 16 7 86
12 16 8 9
12 16 9 58
12 16 10 81
12 16 11 85
12 16 12 10
12 16 13 0
12 16 14 11
12 16 15 38
12 16 16 3
12 16 17 42
12 16 18 14
12 16 19 35
12 16 20 31
12 16 21 5
12 16 22 55
12 16 23 2
12 16 24 1
12 16 25 18
12 16 26 89
12 16 27 52
12 16 28 70
12 16 29 15
12 16 30 88
12 17 0 31
12 17 1 63
12 17 2 86
12 17 3 78
12 17 4 61
12 17 5 79
12 17 6 85
12 17 7 21
12 17 8 72
12 17 9 50
12 17 10 84
12 17 11 16
12 17 12 2
12 17 13 26
12 17 14 59
12 17 15 11
12 17 16 74
12 17 17 90
12 17 18 41
12 17 19 46
12 17 20 10
12 17 21 83
12 17 22 9
12 17 23 7
12 17 24 6
12 17 25 88
12 17 26 56
12 17 27 33
12 17 28 3
12 17 29 37
12 17 30 48
12 18 0 62
12 18 1 85
12 18 2 77
12 18 3 69
12 18 4 46
12 18 5 84
12 18 6 3
12 18 7 71
12 18 8 79
12 18 9 60
12 18 10 14
12 18 11 18
12 18 12 23
12 18 13 54
12 18 14 0
12 18 15 41
12 18 16 89
12 18 17 36
12 18 18 66
12 18 19 10
12 18 20 82
12 18 21 17
12 18 22 21
12 18 23 6
12 18 24 33
12 18 25 52
12 18 26 31
12 18 27 12
12 18 28 86
12 18 29 53
12 18 30 51
12 19 0 84
12 19 1 76
12 19 2 68
12 19 3 50
12 19 4 36
12 19 5 5
12 19 6 70
12 19 7 44
12 19 8 55
12 19 9 7
12 19 10 29
12 19 11 17
12 19 12 87
12 19 13 23
12 19 14 72
12 19 15 88
12 19 16 80
12 19 17 58
12 19 18 30
12 19 19 81
12 19 20 12
12 19 21 20
12 19 22 19
12 19 23 86
12 19 24 38
12 19 25 41
12 19 26 4
12 19 27 85
12 19 28 37
12 19 29 69
12 19 30 45
12 20 0 75
12 20 1 67
12 20 2 34
12 20 3 41
12 20 4 29
12 20 5 53
12 20 6 47
12 20 7 43
12 20 8 23
12 20 9 6
12 20 10 21
12 20 11 40
12 20 12 24
12 20 13 71
12 20 14 31
12 20 15 56
12 20 16 39
12 20 17 8
12 20 18 35
12 20 19 19
12 20 20 18
12 20 21 10
12 20 22 85
12 20 23 61
12 20 24 66
12 20 25 25
12 20 26 84
12 20 27 46
12 20 28 68
12 20 29 16
12 20 30 83
12 21 0 43
12 21 1 50
12 21 2 54
12 21 3 19
12 21 4 32
12 21 5 36
12 21 6 80
12 21 7 22
12 21 8 13
12 21 9 4
12 21 10 42
12 21 11 3
12 21 12 70
12 21 13 86
12 21 14 78
12 21 15 61
12 21 16 25
12 21 17 79
12 21 18 27
12 21 19 26
12 21 20 2
12 21 21 84
12 21 22 33
12 21 23 44
12 21 24 0
12 21 25 40
12 21 26 41
12 21 27 67
12 21 28 90
12 21 29 82
12 21 30 58
12 22 0 74
12 22 1 80
12 22 2 8
12 22 3 47
12 22 4 45
12 22 5 49
12 22 6 6
12 22 7 30
12 22 8 2
12 22 9 41
12 22 10 0
12 22 11 32
12 22 12 85
12 22 13 77
12 22 14 57
12 22 15 20
12 22 16 34
12 22 17 23
12 22 18 25
12 22 19 9
12 22 20 52
12 22 21 87
12 22 22 60
12 22 23 10
12 22 24 43
12 22 25 38
12 22 26 44
12 22 27 89
12 22 28 81
12 22 29 73
12 22 30 65
12 23 0 48
12 23 1 5
12 23 2 66
12 23 3 74
12 23 4 78
12 23 5 1
12 23 6 16
12 23 7 7
12 23 8 83
12 23 9 24
12 23 10 57
12 23 11 84
12 23 12 76
12 23 13 38
12 23 14 18
12 23 15 54
12 23 16 17
12 23 17 20
12 23 18 21
12 23 19 31
12 23 20 44
12 23 21 53
12 23 22 27
12 23 23 50
12 23 24 87
12 23 25 65
12 23 26 88
12 23 27 80
12 23 28 39
12 23 29 64
12 23 30 49
12 24 0 8
12 24 1 37
12 24 2 49
12 24 3 77
12 24 4 22
12 24 5 25
12 24 6 30
12 24 7 82
12 24 8 0
12 24 9 38
12 24 10 43
12 24 11 75
12 24 12 35
12 24 13 16
12 24 14 54
12 24 15 24
12 24 16 12
12 24 17 3
12 24 18 47
12 24 19 59
12 24 20 61
12 24 21 19
12 24 22 80
12 24 23 51
12 24 24 64
12 24 25 48
12 24 26 79
12 24 27 36
12 24 28 63
12 24 29 72
12 24 30 78
12 25 0 49
12 25 1 72
12 25 2 76
12 25 3 28
12 25 4 5
12 25 5 10
12 25 6 81
12 25 7 23
12 25 8 66
12 25 9 54
12 25 10 46
12 25 11 61
12 25 12 1
12 25 13 50
12 25 14 15
12 25 15 29
12 25 16 13
12 25 17 80
12 25 18 34
12 25 19 32
12 25 20 17
12 25 21 59
12 25 22 39
12 25 23 63
12 25 24 86
12 25 25 78
12 25 26 60
12 25 27 62
12 25 28 71
12 25 29 77
12 25 30 30
12 26 0 71
12 26 1 75
12 26 2 12
12 26 3 29
12 26 4 28
12 26 5 47
12 26 6 26
12 26 7 53
12 26 8 50
12 26 9 73
12 26 10 41
12 26 11 2
12 26 12 74
12 26 13 15
12 26 14 27
12 26 15 22
12 26 16 57
12 26 17 83
12 26 18 60
12 26 19 3
12 26 20 78
12 26 21 44
12 26 22 62
12 26 23 85
12 26 24 77
12 26 25 69
12 26 26 39
12 26 27 70
12 26 28 76
12 26 29 17
12 26 30 55
12 27 0 60
12 27 1 25
12 27 2 17
12 27 3 24
12 27 4 79
12 27 5 21
12 27 6 45
12 27 7 80
12 27 8 36
12 27 9 33
12 27 10 16
12 27 11 39
12 27 12 0
12 27 13 9
12 27 14 29
12 27 15 78
12 27 16 82
12 27 17 31
12 27 18 20
12 27 19 77
12 27 20 83
12 27 21 47
12 27 22 84
12 27 23 76
12 27 24 68
12 27 25 4
12 27 26 42
12 27 27 75
12 27 28 19
12 27 29 57
12 27 30 70
12 28 0 26
12 28 1 15
12 28 2 24
12 28 3 36
12 28 4 8
12 28 5 56
12 28 6 40
12 28 7 32
12 28 8 87
12 28 9 3
12 28 10 72
12 28 11 0
12 28 12 7
12 28 13 30
12 28 14 77
12 28 15 81
12 28 16 37
12 28 17 5
12 28 18 76
12 28 19 82
12 28 20 20
12 28 21 57
12 28 22 75
12 28 23 67
12 28 24 90
12 28 25 47
12 28 26 58
12 28 27 4
12 28 28 54
12 28 29 52
12 28 30 73
12 29 0 28
12 29 1 9
12 29 2 32
12 29 3 22
12 29 4 51
12 29 5 78
12 29 6 43
12 29 7 48
12 29 8 29
12 29 9 71
12 29 10 27
12 29 11 26
12 29 12 12
12 29 13 76
12 29 14 37
12 29 15 49
12 29 16 7
12 29 17 75
12 29 18 81
12 29 19 90
12 29 20 50
12 29 21 74
12 29 22 38
12 29 23 89
12 29 24 35
12 29 25 73
12 29 26 21
12 29 27 56
12 29 28 58
12 29 29 39
12 29 30 2
12 30 0 9
12 30 1 32
12 30 2 23
12 30 3 48
12 30 4 77
12 30 5 69
12 30 6 60
12 30 7 1
12 30 8 70
12 30 9 14
12 30 10 19
12 30 11 27
12 30 12 75
12 30 13 79
12 30 14 87
12 30 15 25
12 30 16 38
12 30 17 37
12 30 18 89
12 30 19 47
12 30 20 73
12 30 21 65
12 30 22 88
12 30 23 66
12 30 24 36
12 30 25 7
12 30 26 33
12 30 27 42
12 30 28 55
12 30 29 11
12 30 30 26
13 0 0 24
13 0 1 49
13 0 2 77
13 0 3 69
13 0 4 61
13 0 5 2
13 0 6 70
13 0 7 15
13 0 8 20
13 0 9 28
13 0 10 75
13 0 11 79
13 0 12 87
13 0 13 26
13 0 14 39
13 0 15 38
13 0 16 89
13 0 17 48
13 0 18 73
13 0 19 65
13 0 20 88
13 0 21 66
13 0 22 37
13 0 23 8
13 0 24 34
13 0 25 43
13 0 26 56
13 0 27 12
13 0 28 27
13 0 29 10
13 0 30 33
13 1 0 61
13 1 1 76
13 1 2 68
13 1 3 55
13 1 4 25
13 1 5 46
13 1 6 26
13 1 7 0
13 1 8 3
13 1 9 38
13 1 10 42
13 1 11 40
13 1 12 17
13 1 13 73
13 1 14 79
13 1 15 88
13 1 16 80
13 1 17 72
13 1 18 64
13 1 19 43
13 1 20 49
13 1 21 44
13 1 22 6
13 1 23 58
13 1 24 66
13 1 25 35
13 1 26 22
13 1 27 13
13 1 28 1
13 1 29 53
13 1 30 9
13 2 0 75
13 2 1 67
13 2 2 83
13 2 3 1
13 2 4 45
13 2 5 18
13 2 6 9
13 2 7 24
13 2 8 73
13 2 9 51
13 2 10 55
13 2 11 20
13 2 12 33
13 2 13 37
13 2 14 44
13 2 15 60
13 2 16 71
13 2 17 63
13 2 18 86
13 2 19 46
13 2 20 47
13 2 21 29
13 2 22 43
13 2 23 54
13 2 24 69
13 2 25 4
13 2 26 5
13 2 27 8
13 2 28 74
13 2 29 7
13 2 30 57
13 3 0 56
13 3 1 82
13 3 2 25
13 3 3 47
13 3 4 23
13 3 5 26
13 3 6 19
13 3 7 44
13 3 8 40
13 3 9 34
13 3 10 17
13 3 11 46
13 3 12 53
13 3 13 86
13 3 14 78
13 3 15 70
13 3 16 62
13 3 17 85
13 3 18 41
13 3 19 69
13 3 20 15
13 3 21 87
13 3 22 57
13 3 23 68
13 3 24 16
13 3 25 0
13 3 26 2
13 3 27 52
13 3 28 5
13 3 29 48
13 3 30 31
13 4 0 81
13 4 1 22
13 4 2 66
13 4 3 21
13 4 4 12
13 4 5 3
13 4 6 32
13 4 7 43
13 4 8 83
13 4 9 6
13 4 10 51
13 4 11 37
13 4 12 85
13 4 13 77
13 4 14 69
13 4 15 42
13 4 16 84
13 4 17 50
13 4 18 68
13 4 19 25
13 4 20 46
13 4 21 49
13 4 22 67
13 4 23 23
13 4 24 30
13 4 25 29
13 4 26 72
13 4 27 0
13 4 28 60
13 4 29 73
13 4 30 65
13 5 0 1
13 5 1 33
13 5 2 4
13 5 3 19
13 5 4 2
13 5 5 58
13 5 6 74
13 5 7 82
13 5 8 27
13 5 9 69
13 5 10 41
13 5 11 84
13 5 12 76
13 5 13 68
13 5 14 9
13 5 15 36
13 5 16 34
13 5 17 67
13 5 18 0
13 5 19 56
13 5 20 35
13 5 21 54
13 5 22 15
13 5 23 7
13 5 24 6
13 5 25 71
13 5 26 17
13 5 27 87
13 5 28 51
13 5 29 64
13 5 30 46
13 6 0 59
13 6 1 8
13 6 2 27
13 6 3 18
13 6 4 69
13 6 5 37
13 6 6 81
13 6 7 20
13 6 8 68
13 6 9 74
13 6 10 57
13 6 11 75
13 6 12 67
13 6 13 90
13 6 14 56
13 6 15 39
13 6 16 50
13 6 17 21
13 6 18 54
13 6 19 31
13 6 20 65
13 6 21 6
13 6 22 5
13 6 23 13
13 6 24 70
13 6 25 26
13 6 26 41
13 6 27 46
13 6 28 63
13 6 29 79
13 6 30 2
13 7 0 2
13 7 1 7
13 7 2 11
13 7 3 68
13 7 4 72
13 7 5 60
13 7 6 22
13 7 7 67
13 7 8 34
13 7 9 54
13 7 10 44
13 7 11 66
13 7 12 89
13 7 13 61
13 7 14 59
13 7 15 65
13 7 16 13
13 7 17 83
13 7 18 35
13 7 19 64
13 7 20 19
13 7 21 4
13 7 22 8
13 7 23 32
13 7 24 15
13 7 25 56
13 7 26 52
13 7 27 62
13 7 28 45
13 7 29 25
13 7 30 49
13 8 0 23
13 8 1 9
13 8 2 67
13 8 3 71
13 8 4 79
13 8 5 4
13 8 6 38
13 8 7 72
13 8 8 32
13 8 9 73
13 8 10 65
13 8 11 88
13 8 12 80
13 8 13 45
13 8 14 64
13 8 15 22
13 8 16 82
13 8 17 52
13 8 18 63
13 8 19 19
13 8 20 18
13 8 21 16
13 8 22 59
13 8 23 15
13 8 24 56
13 8 25 69
13 8 26 43
13 8 27 47
13 8 28 14
13 8 29 31
13 8 30 30
13 9 0 15
13 9 1 45
13 9 2 70
13 9 3 36
13 9 4 16
13 9 5 65
13 9 6 71
13 9 7 80
13 9 8 35
13 9 9 64
13 9 10 50
13 9 11 47
13 9 12 49
13 9 13 63
13 9 14 10
13 9 15 81
13 9 16 58
13 9 17 62
13 9 18 7
13 9 19 24
13 9 20 23
13 9 21 56
13 9 22 20
13 9 23 83
13 9 24 68
13 9 25 11
13 9 26 57
13 9 27 22
13 9 28 53
13 9 29 14
13 9 30 25
13 10 0 65
13 10 1 61
13 10 2 53
13 10 3 10
13 10 4 64
13 10 5 70
13 10 6 41
13 10 7 38
13 10 8 63
13 10 9 86
13 10 10 78
13 10 11 87
13 10 12 62
13 10 13 24
13 10 14 36
13 10 15 50
13 10 16 59
13 10 17 19
13 10 18 23
13 10 19 12
13 10 20 66
13 10 21 2
13 10 22 82
13 10 23 67
13 10 24 90
13 10 25 60
13 10 26 13
13 10 27 48
13 10 28 16
13 10 29 26
13 10 30 14
13 11 0 52
13 11 1 46
13 11 2 19
13 11 3 63
13 11 4 33
13 11 5 78
13 11 6 58
13 11 7 62
13 11 8 85
13 11 9 77
13 11 10 40
13 11 11 36
13 11 12 3
13 11 13 79
13 11 14 87
13 11 15 12
13 11 16 2
13 11 17 29
13 11 18 14
13 11 19 37
13 11 20 30
13 11 21 81
13 11 22 41
13 11 23 89
13 11 24 74
13 11 25 27
13 11 26 47
13 11 27 10
13 11 28 18
13 11 29 1
13 11 30 64
13 12 0 54
13 12 1 0
13 12 2 62
13 12 3 49
13 12 4 77
13 12 5 69
13 12 6 44
13 12 7 84
13 12 8 76
13 12 9 39
13 12 10 28
13 12 11 21
13 12 12 34
13 12 13 53
13 12 14 90
13 12 15 20
13 12 16 27
13 12 17 7
13 12 18 55
13 12 19 16
13 12 20 31
13 12 21 65
13 12 22 88
13 12 23 57
13 12 24 8
13 12 25 33
13 12 26 23
13 12 27 29
13 12 28 6
13 12 29 63
13 12 30 35
13 13 0 5
13 13 1 52
13 13 2 48
13 13 3 76
13 13 4 68
13 13 5 13
13 13 6 61
13 13 7 75
13 13 8 55
13 13 9 90
13 13 10 21
13 13 11 42
13 13 12 36
13 13 13 89
13 13 14 15
13 13 15 29
13 13 16 12
13 13 17 41
13 13 18 9
13 13 19 79
13 13 20 64
13 13 21 47
13 13 22 72
13 13 23 17
13 13 24 51
13 13 25 14
13 13 26 28
13 13 27 11
13 13 28 62
13 13 29 66
13 13 30 74
13 14 0 29
13 14 1 66
13 14 2 75
13 14 3 67
13 14 4 90
13 14 5 50
13 14 6 47
13 14 7 83
13 14 8 89
13 14 9 26
13 14 10 35
13 14 11 58
13 14 12 88
13 14 13 20
13 14 14 28
13 14 15 3
13 14 16 40
13 14 17 18
13 14 18 59
13 14 19 63
13 14 20 86
13 14 21 71
13 14 22 10
13 14 23 87
13 14 24 19
13 14 25 30
13 14 26 6
13 14 27 60
13 14 28 38
13 14 29 52
13 14 30 5
13 15 0 39
13 15 1 41
13 15 2 38
13 15 3 89
13 15 4 53
13 15 5 73
13 15 6 82
13 15 7 88
13 15 8 7
13 15 9 52
13 15 10 83
13 15 11 43
13 15 12 25
13 15 13 8
13 15 14 16
13 15 15 35
13 15 16 30
13 15 17 31
13 15 18 62
13 15 19 85
13 15 20 70
13 15 21 27
13 15 22 32
13 15 23 12
13 15 24 28
13 15 25 24
13 15 26 14
13 15 27 61
13 15 28 72
13 15 29 23
13 15 30 90
13 16 0 73
13 16 1 65
13 16 2 88
13 16 3 80
13 16 4 56
13 16 5 81
13 16 6 50
13 16 7 16
13 16 8 74
13 16 9 82
13 16 10 86
13 16 11 12
13 16 12 0
13 16 13 10
13 16 14 57
13 16 15 13
13 16 16 41
13 16 17 45
13 16 18 84
13 16 19 32
13 16 20 24
13 16 21 60
13 16 22 14
13 16 23 3
13 16 24 7
13 16 25 90
13 16 26 36
13 16 27 71
13 16 28 2
13 16 29 89
13 16 30 43
13 17 0 64
13 17 1 87
13 17 2 44
13 17 3 34
13 17 4 54
13 17 5 86
13 17 6 10
13 17 7 59
13 17 8 81
13 17 9 85
13 17 10 11
13 17 11 1
13 17 12 12
13 17 13 39
13 17 14 4
13 17 15 43
13 17 16 15
13 17 17 36
13 17 18 32
13 17 19 6
13 17 20 56
13 17 21 3
13 17 22 2
13 17 23 19
13 17 24 89
13 17 25 53
13 17 26 70
13 17 27 16
13 17 28 88
13 17 29 60
13 17 30 58
13 18 0 86
13 18 1 78
13 18 2 31
13 18 3 79
13 18 4 85
13 18 5 22
13 18 6 72
13 18 7 51
13 18 8 84
13 18 9 17
13 18 10 3
13 18 11 27
13 18 12 60
13 18 13 12
13 18 14 74
13 18 15 90
13 18 16 42
13 18 17 47
13 18 18 11
13 18 19 83
13 18 20 10
13 18 21 8
13 18 22 7
13 18 23 88
13 18 24 57
13 18 25 34
13 18 26 4
13 18 27 38
13 18 28 49
13 18 29 32
13 18 30 63
13 19 0 77
13 19 1 69
13 19 2 47
13 19 3 84
13 19 4 4
13 19 5 71
13 19 6 79
13 19 7 61
13 19 8 15
13 19 9 19
13 19 10 24
13 19 11 55
13 19 12 1
13 19 13 42
13 19 14 89
13 19 15 37
13 19 16 66
13 19 17 11
13 19 18 82
13 19 19 18
13 19 20 22
13 19 21 7
13 19 22 34
13 19 23 53
13 19 24 32
13 19 25 13
13 19 26 86
13 19 27 54
13 19 28 52
13 19 29 62
13 19 30 85
13 20 0 68
13 20 1 51
13 20 2 37
13 20 3 6
13 20 4 70
13 20 5 45
13 20 6 56
13 20 7 8
13 20 8 30
13 20 9 18
13 20 10 87
13 20 11 24
13 20 12 72
13 20 13 88
13 20 14 80
13 20 15 59
13 20 16 0
13 20 17 81
13 20 18 13
13 20 19 21
13 20 20 20
13 20 21 86
13 20 22 39
13 20 23 42
13 20 24 5
13 20 25 85
13 20 26 38
13 20 27 69
13 20 28 46
13 20 29 84
13 20 30 76
13 21 0 35
13 21 1 42
13 21 2 30
13 21 3 54
13 21 4 48
13 21 5 44
13 21 6 24
13 21 7 7
13 21 8 22
13 21 9 41
13 21 10 25
13 21 11 71
13 21 12 32
13 21 13 57
13 21 14 40
13 21 15 9
13 21 16 36
13 21 17 20
13 21 18 19
13 21 19 11
13 21 20 85
13 21 21 31
13 21 22 66
13 21 23 26
13 21 24 84
13 21 25 47
13 21 26 68
13 21 27 17
13 21 28 83
13 21 29 75
13 21 30 67
13 22 0 55
13 22 1 20
13 22 2 33
13 22 3 37
13 22 4 80
13 22 5 23
13 22 6 14
13 22 7 5
13 22 8 43
13 22 9 4
13 22 10 70
13 22 11 86
13 22 12 78
13 22 13 31
13 22 14 26
13 22 15 79
13 22 16 28
13 22 17 27
13 22 18 3
13 22 19 84
13 22 20 34
13 22 21 45
13 22 22 1
13 22 23 41
13 22 24 42
13 22 25 67
13 22 26 90
13 22 27 82
13 22 28 59
13 22 29 44
13 22 30 51
13 23 0 9
13 23 1 48
13 23 2 46
13 23 3 50
13 23 4 7
13 23 5 0
13 23 6 3
13 23 7 42
13 23 8 1
13 23 9 33
13 23 10 85
13 23 11 77
13 23 12 58
13 23 13 21
13 23 14 35
13 23 15 24
13 23 16 26
13 23 17 10
13 23 18 53
13 23 19 87
13 23 20 61
13 23 21 11
13 23 22 44
13 23 23 39
13 23 24 45
13 23 25 89
13 23 26 81
13 23 27 73
13 23 28 65
13 23 29 74
13 23 30 80
13 24 0 66
13 24 1 74
13 24 2 78
13 24 3 2
13 24 4 17
13 24 5 8
13 24 6 83
13 24 7 25
13 24 8 58
13 24 9 84
13 24 10 76
13 24 11 39
13 24 12 19
13 24 13 55
13 24 14 18
13 24 15 21
13 24 16 22
13 24 17 32
13 24 18 45
13 24 19 54
13 24 20 28
13 24 21 51
13 24 22 87
13 24 23 65
13 24 24 88
13 24 25 80
13 24 26 40
13 24 27 64
13 24 28 50
13 24 29 49
13 24 30 6
13 25 0 50
13 25 1 77
13 25 2 23
13 25 3 26
13 25 4 0
13 25 5 82
13 25 6 1
13 25 7 39
13 25 8 44
13 25 9 75
13 25 10 36
13 25 11 17
13 25 12 55
13 25 13 25
13 25 14 13
13 25 15 4
13 25 16 48
13 25 17 60
13 25 18 31
13 25 19 20
13 25 20 80
13 25 21 52
13 25 22 64
13 25 23 49
13 25 24 79
13 25 25 37
13 25 26 63
13 25 27 72
13 25 28 78
13 25 29 9
13 25 30 38
13 26 0 76
13 26 1 29
13 26 2 6
13 26 3 11
13 26 4 81
13 26 5 24
13 26 6 66
13 26 7 55
13 26 8 47
13 26 9 31
13 26 10 2
13 26 11 51
13 26 12 16
13 26 13 30
13 26 14 14
13 26 15 80
13 26 16 35
13 26 17 33
13 26 18 18
13 26 19 60
13 26 20 40
13 26 21 63
13 26 22 86
13 26 23 78
13 26 24 61
13 26 25 62
13 26 26 71
13 26 27 77
13 26 28 0
13 26 29 50
13 26 30 72
13 27 0 13
13 27 1 30
13 27 2 29
13 27 3 48
13 27 4 27
13 27 5 54
13 27 6 51
13 27 7 73
13 27 8 42
13 27 9 3
13 27 10 74
13 27 11 16
13 27 12 28
13 27 13 23
13 27 14 58
13 27 15 83
13 27 16 61
13 27 17 4
13 27 18 78
13 27 19 45
13 27 20 62
13 27 21 85
13 27 22 77
13 27 23 69
13 27 24 40
13 27 25 70
13 27 26 76
13 27 27 18
13 27 28 56
13 27 29 71
13 27 30 75
13 28 0 18
13 28 1 25
13 28 2 79
13 28 3 22
13 28 4 46
13 28 5 80
13 28 6 37
13 28 7 34
13 28 8 17
13 28 9 40
13 28 10 1
13 28 11 10
13 28 12 30
13 28 13 78
13 28 14 82
13 28 15 32
13 28 16 21
13 28 17 77
13 28 18 83
13 28 19 48
13 28 20 84
13 28 21 76
13 28 22 68
13 28 23 5
13 28 24 43
13 28 25 75
13 28 26 20
13 28 27 58
13 28 28 70
13 28 29 61
13 28 30 26
13 29 0 25
13 29 1 37
13 29 2 9
13 29 3 57
13 29 4 41
13 29 5 33
13 29 6 87
13 29 7 4
13 29 8 72
13 29 9 1
13 29 10 8
13 29 11 0
13 29 12 77
13 29 13 81
13 29 14 38
13 29 15 6
13 29 16 76
13 29 17 82
13 29 18 21
13 29 19 58
13 29 20 75
13 29 21 67
13 29 22 90
13 29 23 48
13 29 24 59
13 29 25 5
13 29 26 55
13 29 27 53
13 29 28 73
13 29 29 27
13 29 30 16
13 30 0 33
13 30 1 23
13 30 2 52
13 30 3 78
13 30 4 44
13 30 5 49
13 30 6 30
13 30 7 71
13 30 8 28
13 30 9 27
13 30 10 13
13 30 11 76
13 30 12 38
13 30 13 50
13 30 14 8
13 30 15 75
13 30 16 81
13 30 17 90
13 30 18 51
13 30 19 74
13 30 20 39
13 30 21 89
13 30 22 36
13 30 23 73
13 30 24 22
13 30 25 57
13 30 26 59
13 30 27 40
13 30 28 3
13 30 29 29
13 30 30 10
14 0 0 53
14 0 1 78
14 0 2 45
14 0 3 50
14 0 4 0
14 0 5 71
14 0 6 29
14 0 7 28
14 0 8 14
14 0 9 76
14 0 10 39
14 0 11 51
14 0 12 9
14 0 13 75
14 0 14 81
14 0 15 90
14 0 16 52
14 0 17 74
14 0 18 40
14 0 19 89
14 0 20 37
14 0 21 73
14 0 22 23
14 0 23 58
14 0 24 60
14 0 25 41
14 0 26 4
14 0 27 30
14 0 28 11
14 0 29 34
14 0 30 24
14 1 0 77
14 1 1 69
14 1 2 31
14 1 3 3
14 1 4 70
14 1 5 16
14 1 6 21
14 1 7 29
14 1 8 75
14 1 9 79
14 1 10 87
14 1 11 27
14 1 12 40
14 1 13 39
14 1 14 89
14 1 15 49
14 1 16 73
14 1 17 65
14 1 18 88
14 1 19 66
14 1 20 38
14 1 21 9
14 1 22 35
14 1 23 44
14 1 24 57
14 1 25 13
14 1 26 28
14 1 27 11
14 1 28 34
14 1 29 25
14 1 30 50
14 2 0 68
14 2 1 56
14 2 2 26
14 2 3 47
14 2 4 27
14 2 5 1
14 2 6 4
14 2 7 39
14 2 8 43
14 2 9 41
14 2 10 18
14 2 11 73
14 2 12 79
14 2 13 88
14 2 14 80
14 2 15 72
14 2 16 64
14 2 17 44
14 2 18 50
14 2 19 45
14 2 20 7
14 2 21 59
14 2 22 66
14 2 23 36
14 2 24 23
14 2 25 14
14 2 26 2
14 2 27 54
14 2 28 10
14 2 29 31
14 2 30 76
14 3 0 83
14 3 1 2
14 3 2 46
14 3 3 19
14 3 4 10
14 3 5 25
14 3 6 73
14 3 7 52
14 3 8 56
14 3 9 21
14 3 10 34
14 3 11 38
14 3 12 45
14 3 13 61
14 3 14 71
14 3 15 63
14 3 16 86
14 3 17 47
14 3 18 48
14 3 19 30
14 3 20 44
14 3 21 55
14 3 22 69
14 3 23 5
14 3 24 6
14 3 25 9
14 3 26 74
14 3 27 8
14 3 28 58
14 3 29 75
14 3 30 67
14 4 0 26
14 4 1 48
14 4 2 24
14 4 3 27
14 4 4 20
14 4 5 45
14 4 6 41
14 4 7 35
14 4 8 18
14 4 9 47
14 4 10 54
14 4 11 86
14 4 12 78
14 4 13 70
14 4 14 62
14 4 15 85
14 4 16 42
14 4 17 69
14 4 18 16
14 4 19 87
14 4 20 58
14 4 21 68
14 4 22 17
14 4 23 1
14 4 24 3
14 4 25 53
14 4 26 6
14 4 27 49
14 4 28 32
14 4 29 57
14 4 30 82
14 5 0 66
14 5 1 22
14 5 2 13
14 5 3 4
14 5 4 33
14 5 5 44
14 5 6 83
14 5 7 7
14 5 8 52
14 5 9 38
14 5 10 85
14 5 11 77
14 5 12 69
14 5 13 43
14 5 14 84
14 5 15 51
14 5 16 68
14 5 17 26
14 5 18 47
14 5 19 50
14 5 20 67
14 5 21 24
14 5 22 0
14 5 23 30
14 5 24 72
14 5 25 1
14 5 26 61
14 5 27 73
14 5 28 65
14 5 29 81
14 5 30 23
14 6 0 5
14 6 1 20
14 6 2 3
14 6 3 59
14 6 4 74
14 6 5 82
14 6 6 28
14 6 7 69
14 6 8 42
14 6 9 84
14 6 10 76
14 6 11 68
14 6 12 10
14 6 13 37
14 6 14 35
14 6 15 67
14 6 16 1
14 6 17 57
14 6 18 36
14 6 19 55
14 6 20 16
14 6 21 8
14 6 22 7
14 6 23 71
14 6 24 18
14 6 25 87
14 6 26 52
14 6 27 64
14 6 28 47
14 6 29 2
14 6 30 34
14 7 0 28
14 7 1 19
14 7 2 69
14 7 3 38
14 7 4 81
14 7 5 21
14 7 6 68
14 7 7 74
14 7 8 58
14 7 9 75
14 7 10 67
14 7 11 90
14 7 12 57
14 7 13 40
14 7 14 51
14 7 15 22
14 7 16 55
14 7 17 32
14 7 18 65
14 7 19 7
14 7 20 6
14 7 21 14
14 7 22 70
14 7 23 27
14 7 24 42
14 7 25 47
14 7 26 63
14 7 27 79
14 7 28 3
14 7 29 60
14 7 30 9
14 8 0 12
14 8 1 68
14 8 2 72
14 8 3 61
14 8 4 23
14 8 5 67
14 8 6 35
14 8 7 55
14 8 8 45
14 8 9 66
14 8 10 89
14 8 11 31
14 8 12 60
14 8 13 65
14 8 14 14
14 8 15 83
14 8 16 36
14 8 17 64
14 8 18 20
14 8 19 5
14 8 20 9
14 8 21 33
14 8 22 16
14 8 23 57
14 8 24 53
14 8 25 62
14 8 26 46
14 8 27 26
14 8 28 50
14 8 29 3
14 8 30 8
14 9 0 67
14 9 1 71
14 9 2 79
14 9 3 5
14 9 4 39
14 9 5 72
14 9 6 33
14 9 7 73
14 9 8 65
14 9 9 88
14 9 10 80
14 9 11 46
14 9 12 64
14 9 13 23
14 9 14 82
14 9 15 53
14 9 16 63
14 9 17 20
14 9 18 19
14 9 19 17
14 9 20 60
14 9 21 16
14 9 22 57
14 9 23 69
14 9 24 44
14 9 25 48
14 9 26 15
14 9 27 32
14 9 28 0
14 9 29 24
14 9 30 10
14 10 0 70
14 10 1 37
14 10 2 17
14 10 3 65
14 10 4 71
14 10 5 80
14 10 6 36
14 10 7 64
14 10 8 51
14 10 9 48
14 10 10 50
14 10 11 63
14 10 12 11
14 10 13 81
14 10 14 59
14 10 15 62
14 10 16 8
14 10 17 25
14 10 18 24
14 10 19 57
14 10 20 21
14 10 21 83
14 10 22 68
14 10 23 12
14 10 24 58
14 10 25 23
14 10 26 54
14 10 27 15
14 10 28 26
14 10 29 16
14 10 30 46
14 11 0 54
14 11 1 11
14 11 2 64
14 11 3 70
14 11 4 42
14 11 5 39
14 11 6 63
14 11 7 86
14 11 8 78
14 11 9 87
14 11 10 62
14 11 11 25
14 11 12 37
14 11 13 51
14 11 14 60
14 11 15 20
14 11 16 24
14 11 17 13
14 11 18 66
14 11 19 3
14 11 20 82
14 11 21 67
14 11 22 90
14 11 23 61
14 11 24 14
14 11 25 49
14 11 26 17
14 11 27 27
14 11 28 15
14 11 29 65
14 11 30 31
14 12 0 20
14 12 1 63
14 12 2 34
14 12 3 78
14 12 4 59
14 12 5 62
14 12 6 85
14 12 7 77
14 12 8 41
14 12 9 37
14 12 10 4
14 12 11 79
14 12 12 87
14 12 13 13
14 12 14 3
14 12 15 30
14 12 16 15
14 12 17 38
14 12 18 0
14 12 19 81
14 12 20 42
14 12 21 89
14 12 22 74
14 12 23 28
14 12 24 48
14 12 25 11
14 12 26 19
14 12 27 2
14 12 28 64
14 12 29 53
14 12 30 47
14 13 0 62
14 13 1 50
14 13 2 77
14 13 3 69
14 13 4 45
14 13 5 84
14 13 6 76
14 13 7 40
14 13 8 29
14 13 9 22
14 13 10 35
14 13 11 54
14 13 12 90
14 13 13 21
14 13 14 28
14 13 15 8
14 13 16 56
14 13 17 17
14 13 18 32
14 13 19 65
14 13 20 88
14 13 21 58
14 13 22 9
14 13 23 34
14 13 24 24
14 13 25 30
14 13 26 7
14 13 27 63
14 13 28 36
14 13 29 55
14 13 30 1
14 14 0 49
14 14 1 76
14 14 2 68
14 14 3 14
14 14 4 31
14 14 5 75
14 14 6 56
14 14 7 90
14 14 8 22
14 14 9 43
14 14 10 37
14 14 11 89
14 14 12 16
14 14 13 30
14 14 14 13
14 14 15 42
14 14 16 10
14 14 17 79
14 14 18 64
14 14 19 48
14 14 20 72
14 14 21 18
14 14 22 52
14 14 23 15
14 14 24 29
14 14 25 12
14 14 26 62
14 14 27 66
14 14 28 74
14 14 29 6
14 14 30 53
14 15 0 75
14 15 1 67
14 15 2 90
14 15 3 51
14 15 4 48
14 15 5 83
14 15 6 89
14 15 7 27
14 15 8 36
14 15 9 59
14 15 10 88
14 15 11 21
14 15 12 29
14 15 13 4
14 15 14 41
14 15 15 19
14 15 16 60
14 15 17 63
14 15 18 86
14 15 19 71
14 15 20 11
14 15 21 87
14 15 22 20
14 15 23 0
14 15 24 7
14 15 25 61
14 15 26 39
14 15 27 53
14 15 28 6
14 15 29 30
14 15 30 66
14 16 0 39
14 16 1 89
14 16 2 54
14 16 3 73
14 16 4 82
14 16 5 88
14 16 6 8
14 16 7 53
14 16 8 83
14 16 9 44
14 16 10 26
14 16 11 9
14 16 12 17
14 16 13 36
14 16 14 0
14 16 15 32
14 16 16 62
14 16 17 85
14 16 18 70
14 16 19 28
14 16 20 33
14 16 21 13
14 16 22 29
14 16 23 25
14 16 24 15
14 16 25 31
14 16 26 72
14 16 27 24
14 16 28 90
14 16 29 40
14 16 30 42
14 17 0 88
14 17 1 80
14 17 2 57
14 17 3 81
14 17 4 51
14 17 5 17
14 17 6 74
14 17 7 82
14 17 8 86
14 17 9 13
14 17 10 1
14 17 11 11
14 17 12 58
14 17 13 14
14 17 14 42
14 17 15 46
14 17 16 84
14 17 17 33
14 17 18 25
14 17 19 61
14 17 20 15
14 17 21 4
14 17 22 8
14 17 23 90
14 17 24 37
14 17 25 71
14 17 26 3
14 17 27 89
14 17 28 44
14 17 29 73
14 17 30 65
14 18 0 45
14 18 1 35
14 18 2 55
14 18 3 86
14 18 4 11
14 18 5 60
14 18 6 81
14 18 7 85
14 18 8 12
14 18 9 2
14 18 10 13
14 18 11 40
14 18 12 5
14 18 13 44
14 18 14 16
14 18 15 37
14 18 16 33
14 18 17 7
14 18 18 57
14 18 19 4
14 18 20 3
14 18 21 20
14 18 22 89
14 18 23 54
14 18 24 70
14 18 25 17
14 18 26 88
14 18 27 61
14 18 28 59
14 18 29 64
14 18 30 87
14 19 0 32
14 19 1 79
14 19 2 85
14 19 3 23
14 19 4 72
14 19 5 52
14 19 6 84
14 19 7 18
14 19 8 4
14 19 9 28
14 19 10 61
14 19 11 13
14 19 12 74
14 19 13 90
14 19 14 43
14 19 15 48
14 19 16 12
14 19 17 83
14 19 18 11
14 19 19 9
14 19 20 8
14 19 21 88
14 19 22 58
14 19 23 35
14 19 24 5
14 19 25 39
14 19 26 50
14 19 27 33
14 19 28 63
14 19 29 86
14 19 30 78
14 20 0 48
14 20 1 84
14 20 2 5
14 20 3 71
14 20 4 79
14 20 5 31
14 20 6 16
14 20 7 20
14 20 8 25
14 20 9 56
14 20 10 2
14 20 11 43
14 20 12 89
14 20 13 38
14 20 14 66
14 20 15 12
14 20 16 82
14 20 17 19
14 20 18 23
14 20 19 8
14 20 20 35
14 20 21 54
14 20 22 33
14 20 23 14
14 20 24 86
14 20 25 55
14 20 26 53
14 20 27 62
14 20 28 85
14 20 29 77
14 20 30 69
14 21 0 38
14 21 1 7
14 21 2 70
14 21 3 46
14 21 4 57
14 21 5 9
14 21 6 0
14 21 7 19
14 21 8 87
14 21 9 25
14 21 10 72
14 21 11 88
14 21 12 80
14 21 13 60
14 21 14 1
14 21 15 81
14 21 16 14
14 21 17 22
14 21 18 21
14 21 19 86
14 21 20 40
14 21 21 43
14 21 22 6
14 21 23 85
14 21 24 39
14 21 25 69
14 21 26 47
14 21 27 84
14 21 28 76
14 21 29 68
14 21 30 52
14 22 0 0
14 22 1 55
14 22 2 49
14 22 3 45
14 22 4 25
14 22 5 8
14 22 6 23
14 22 7 42
14 22 8 26
14 22 9 71
14 22 10 33
14 22 11 58
14 22 12 41
14 22 13 10
14 22 14 37
14 22 15 21
14 22 16 20
14 22 17 12
14 22 18 85
14 22 19 32
14 22 20 66
14 22 21 27
14 22 22 84
14 22 23 48
14 22 24 68
14 22 25 18
14 22 26 83
14 22 27 75
14 22 28 67
14 22 29 36
14 22 30 43
14 23 0 34
14 23 1 38
14 23 2 80
14 23 3 24
14 23 4 15
14 23 5 6
14 23 6 44
14 23 7 5
14 23 8 70
14 23 9 86
14 23 10 78
14 23 11 32
14 23 12 27
14 23 13 79
14 23 14 29
14 23 15 28
14 23 16 4
14 23 17 84
14 23 18 35
14 23 19 46
14 23 20 2
14 23 21 42
14 23 22 43
14 23 23 67
14 23 24 90
14 23 25 82
14 23 26 60
14 23 27 45
14 23 28 52
14 23 29 56
14 23 30 21
14 24 0 47
14 24 1 51
14 24 2 8
14 24 3 1
14 24 4 4
14 24 5 43
14 24 6 2
14 24 7 34
14 24 8 85
14 24 9 77
14 24 10 59
14 24 11 22
14 24 12 36
14 24 13 25
14 24 14 27
14 24 15 11
14 24 16 54
14 24 17 87
14 24 18 31
14 24 19 12
14 24 20 45
14 24 21 40
14 24 22 46
14 24 23 89
14 24 24 81
14 24 25 73
14 24 26 65
14 24 27 74
14 24 28 80
14 24 29 10
14 24 30 49
14 25 0 78
14 25 1 3
14 25 2 18
14 25 3 9
14 25 4 83
14 25 5 26
14 25 6 59
14 25 7 84
14 25 8 76
14 25 9 40
14 25 10 20
14 25 11 56
14 25 12 19
14 25 13 22
14 25 14 23
14 25 15 33
14 25 16 46
14 25 17 55
14 25 18 29
14 25 19 52
14 25 20 87
14 25 21 65
14 25 22 88
14 25 23 80
14 25 24 41
14 25 25 64
14 25 26 51
14 25 27 50
14 25 28 7
14 25 29 66
14 25 30 74
14 26 0 24
14 26 1 27
14 26 2 1
14 26 3 82
14 26 4 2
14 26 5 40
14 26 6 45
14 26 7 75
14 26 8 37
14 26 9 18
14 26 10 56
14 26 11 26
14 26 12 14
14 26 13 5
14 26 14 49
14 26 15 61
14 26 16 32
14 26 17 21
14 26 18 80
14 26 19 53
14 26 20 64
14 26 21 50
14 26 22 79
14 26 23 38
14 26 24 63
14 26 25 72
14 26 26 78
14 26 27 10
14 26 28 39
14 26 29 51
14 26 30 77
14 27 0 7
14 27 1 12
14 27 2 81
14 27 3 25
14 27 4 66
14 27 5 56
14 27 6 48
14 27 7 32
14 27 8 3
14 27 9 52
14 27 10 17
14 27 11 0
14 27 12 15
14 27 13 80
14 27 14 36
14 27 15 34
14 27 16 19
14 27 17 61
14 27 18 41
14 27 19 63
14 27 20 86
14 27 21 78
14 27 22 31
14 27 23 62
14 27 24 71
14 27 25 77
14 27 26 1
14 27 27 51
14 27 28 72
14 27 29 76
14 27 30 30
14 28 0 30
14 28 1 49
14 28 2 28
14 28 3 55
14 28 4 52
14 28 5 73
14 28 6 43
14 28 7 4
14 28 8 74
14 28 9 17
14 28 10 29
14 28 11 24
14 28 12 59
14 28 13 83
14 28 14 31
14 28 15 5
14 28 16 78
14 28 17 46
14 28 18 62
14 28 19 85
14 28 20 77
14 28 21 69
14 28 22 41
14 28 23 70
14 28 24 76
14 28 25 19
14 28 26 57
14 28 27 71
14 28 28 75
14 28 29 14
14 28 30 0
14 29 0 79
14 29 1 23
14 29 2 47
14 29 3 80
14 29 4 38
14 29 5 35
14 29 6 18
14 29 7 41
14 29 8 2
14 29 9 11
14 29 10 0
14 29 11 78
14 29 12 82
14 29 13 33
14 29 14 22
14 29 15 77
14 29 16 83
14 29 17 49
14 29 18 84
14 29 19 76
14 29 20 68
14 29 21 6
14 29 22 44
14 29 23 75
14 29 24 21
14 29 25 59
14 29 26 70
14 29 27 31
14 29 28 27
14 29 29 19
14 29 30 26
14 30 0 10
14 30 1 58
14 30 2 42
14 30 3 34
14 30 4 87
14 30 5 5
14 30 6 72
14 30 7 2
14 30 8 9
14 30 9 1
14 30 10 77
14 30 11 81
14 30 12 39
14 30 13 7
14 30 14 76
14 30 15 82
14 30 16 22
14 30 17 59
14 30 18 75
14 30 19 67
14 30 20 90
14 30 21 49
14 30 22 60
14 30 23 6
14 30 24 56
14 30 25 54
14 30 26 73
14 30 27 28
14 30 28 17
14 30 29 26
14 30 30 38
15 0 0 43
15 0 1 35
15 0 2 87
15 0 3 6
15 0 4 72
15 0 5 3
15 0 6 10
15 0 7 2
15 0 8 77
15 0 9 81
15 0 10 40
15 0 11 8
15 0 12 76
15 0 13 82
15 0 14 23
15 0 15 60
15 0 16 75
15 0 17 67
15 0 18 90
15 0 19 50
15 0 20 61
15 0 21 7
15 0 22 57
15 0 23 55
15 0 24 73
15 0 25 29
15 0 26 18
15 0 27 27
15 0 28 39
15 0 29 11
15 0 30 59
15 1 0 46
15 1 1 51
15 1 2 1
15 1 3 71
15 1 4 30
15 1 5 29
15 1 6 15
15 1 7 76
15 1 8 40
15 1 9 52
15 1 10 10
15 1 11 75
15 1 12 81
15 1 13 90
15 1 14 53
15 1 15 74
15 1 16 41
15 1 17 89
15 1 18 38
15 1 19 73
15 1 20 24
15 1 21 59
15 1 22 61
15 1 23 42
15 1 24 5
15 1 25 0
15 1 26 12
15 1 27 35
15 1 28 25
15 1 29 54
15 1 30 78
15 2 0 32
15 2 1 4
15 2 2 70
15 2 3 17
15 2 4 22
15 2 5 30
15 2 6 75
15 2 7 79
15 2 8 87
15 2 9 28
15 2 10 41
15 2 11 40
15 2 12 89
15 2 13 50
15 2 14 73
15 2 15 65
15 2 16 88
15 2 17 66
15 2 18 39
15 2 19 10
15 2 20 36
15 2 21 45
15 2 22 58
15 2 23 14
15 2 24 29
15 2 25 12
15 2 26 35
15 2 27 26
15 2 28 51
15 2 29 77
15 2 30 69
15 3 0 27
15 3 1 48
15 3 2 28
15 3 3 2
15 3 4 5
15 3 5 40
15 3 6 44
15 3 7 42
15 3 8 19
15 3 9 73
15 3 10 79
15 3 11 88
15 3 12 80
15 3 13 72
15 3 14 64
15 3 15 45
15 3 16 51
15 3 17 46
15 3 18 8
15 3 19 60
15 3 20 66
15 3 21 37
15 3 22 24
15 3 23 15
15 3 24 3
15 3 25 55
15 3 26 11
15 3 27 32
15 3 28 76
15 3 29 68
15 3 30 57
15 4 0 47
15 4 1 20
15 4 2 11
15 4 3 26
15 4 4 73
15 4 5 53
15 4 6 57
15 4 7 22
15 4 8 35
15 4 9 39
15 4 10 46
15 4 11 31
15 4 12 71
15 4 13 63
15 4 14 86
15 4 15 48
15 4 16 49
15 4 17 0
15 4 18 45
15 4 19 56
15 4 20 69
15 4 21 6
15 4 22 7
15 4 23 10
15 4 24 74
15 4 25 9
15 4 26 59
15 4 27 75
15 4 28 67
15 4 29 83
15 4 30 3
15 5 0 25
15 5 1 28
15 5 2 21
15 5 3 46
15 5 4 42
15 5 5 36
15 5 6 19
15 5 7 48
15 5 8 55
15 5 9 86
15 5 10 78
15 5 11 70
15 5 12 62
15 5 13 85
15 5 14 43
15 5 15 69
15 5 16 17
15 5 17 87
15 5 18 59
15 5 19 68
15 5 20 18
15 5 21 2
15 5 22 4
15 5 23 54
15 5 24 7
15 5 25 50
15 5 26 33
15 5 27 58
15 5 28 82
15 5 29 27
15 5 30 49
15 6 0 14
15 6 1 5
15 6 2 34
15 6 3 45
15 6 4 83
15 6 5 8
15 6 6 53
15 6 7 39
15 6 8 85
15 6 9 77
15 6 10 69
15 6 11 44
15 6 12 84
15 6 13 52
15 6 14 68
15 6 15 27
15 6 16 48
15 6 17 51
15 6 18 67
15 6 19 25
15 6 20 1
15 6 21 0
15 6 22 72
15 6 23 2
15 6 24 31
15 6 25 73
15 6 26 65
15 6 27 81
15 6 28 24
15 6 29 66
15 6 30 23
15 7 0 4
15 7 1 60
15 7 2 74
15 7 3 82
15 7 4 29
15 7 5 69
15 7 6 43
15 7 7 84
15 7 8 76
15 7 9 68
15 7 10 11
15 7 11 38
15 7 12 36
15 7 13 67
15 7 14 2
15 7 15 58
15 7 16 37
15 7 17 56
15 7 18 17
15 7 19 9
15 7 20 8
15 7 21 71
15 7 22 19
15 7 23 87
15 7 24 53
15 7 25 64
15 7 26 48
15 7 27 3
15 7 28 35
15 7 29 6
15 7 30 21
15 8 0 69
15 8 1 39
15 8 2 81
15 8 3 22
15 8 4 68
15 8 5 74
15 8 6 59
15 8 7 75
15 8 8 67
15 8 9 90
15 8 10 58
15 8 11 41
15 8 12 52
15 8 13 23
15 8 14 56
15 8 15 33
15 8 16 65
15 8 17 8
15 8 18 7
15 8 19 15
15 8 20 70
15 8 21 28
15 8 22 43
15 8 23 48
15 8 24 63
15 8 25 79
15 8 26 4
15 8 27 61
15 8 28 10
15 8 29 29
15 8 30 20
15 9 0 72
15 9 1 31
15 9 2 24
15 9 3 67
15 9 4 36
15 9 5 56
15 9 6 46
15 9 7 66
15 9 8 89
15 9 9 32
15 9 10 61
15 9 11 65
15 9 12 15
15 9 13 83
15 9 14 37
15 9 15 64
15 9 16 21
15 9 17 6
15 9 18 10
15 9 19 34
15 9 20 17
15 9 21 58
15 9 22 54
15 9 23 62
15 9 24 47
15 9 25 27
15 9 26 51
15 9 27 4
15 9 28 9
15 9 29 13
15 9 30 68
15 10 0 79
15 10 1 6
15 10 2 40
15 10 3 72
15 10 4 34
15 10 5 73
15 10 6 65
15 10 7 88
15 10 8 80
15 10 9 47
15 10 10 64
15 10 11 24
15 10 12 82
15 10 13 54
15 10 14 63
15 10 15 21
15 10 16 20
15 10 17 18
15 10 18 61
15 10 19 17
15 10 20 58
15 10 21 69
15 10 22 45
15 10 23 49
15 10 24 16
15 10 25 33
15 10 26 1
15 10 27 25
15 10 28 11
15 10 29 67
15 10 30 71
15 11 0 18
15 11 1 65
15 11 2 71
15 11 3 80
15 11 4 37
15 11 5 64
15 11 6 52
15 11 7 49
15 11 8 51
15 11 9 63
15 11 10 12
15 11 11 81
15 11 12 60
15 11 13 62
15 11 14 9
15 11 15 26
15 11 16 25
15 11 17 58
15 11 18 22
15 11 19 83
15 11 20 68
15 11 21 13
15 11 22 59
15 11 23 24
15 11 24 55
15 11 25 16
15 11 26 27
15 11 27 17
15 11 28 47
15 11 29 70
15 11 30 38
15 12 0 64
15 12 1 70
15 12 2 43
15 12 3 40
15 12 4 63
15 12 5 86
15 12 6 78
15 12 7 87
15 12 8 62
15 12 9 26
15 12 10 38
15 12 11 52
15 12 12 61
15 12 13 21
15 12 14 25
15 12 15 14
15 12 16 66
15 12 17 4
15 12 18 82
15 12 19 67
15 12 20 90
15 12 21 31
15 12 22 15
15 12 23 50
15 12 24 18
15 12 25 28
15 12 26 16
15 12 27 65
15 12 28 32
15 12 29 55
15 12 30 12
15 13 0 35
15 13 1 78
15 13 2 60
15 13 3 62
15 13 4 85
15 13 5 77
15 13 6 42
15 13 7 38
15 13 8 5
15 13 9 79
15 13 10 87
15 13 11 14
15 13 12 4
15 13 13 0
15 13 14 16
15 13 15 39
15 13 16 1
15 13 17 81
15 13 18 43
15 13 19 89
15 13 20 74
15 13 21 29
15 13 22 49
15 13 23 12
15 13 24 20
15 13 25 3
15 13 26 64
15 13 27 54
15 13 28 48
15 13 29 21
15 13 30 63
15 14 0 77
15 14 1 69
15 14 2 46
15 14 3 84
15 14 4 76
15 14 5 41
15 14 6 30
15 14 7 23
15 14 8 36
15 14 9 55
15 14 10 90
15 14 11 22
15 14 12 29
15 14 13 9
15 14 14 57
15 14 15 18
15 14 16 33
15 14 17 65
15 14 18 88
15 14 19 59
15 14 20 10
15 14 21 35
15 14 22 25
15 14 23 0
15 14 24 8
15 14 25 63
15 14 26 37
15 14 27 56
15 14 28 2
15 14 29 62
15 14 30 51
15 15 0 68
15 15 1 15
15 15 2 32
15 15 3 75
15 15 4 57
15 15 5 90
15 15 6 23
15 15 7 44
15 15 8 38
15 15 9 89
15 15 10 17
15 15 11 0
15 15 12 14
15 15 13 43
15 15 14 11
15 15 15 79
15 15 16 64
15 15 17 49
15 15 18 72
15 15 19 19
15 15 20 53
15 15 21 16
15 15 22 30
15 15 23 13
15 15 24 62
15 15 25 66
15 15 26 74
15 15 27 7
15 15 28 54
15 15 29 50
15 15 30 76
15 16 0 90
15 16 1 52
15 16 2 49
15 16 3 83
15 16 4 89
15 16 5 28
15 16 6 37
15 16 7 60
15 16 8 88
15 16 9 22
15 16 10 30
15 16 11 5
15 16 12 42
15 16 13 20
15 16 14 61
15 16 15 63
15 16 16 86
15 16 17 71
15 16 18 12
15 16 19 87
15 16 20 21
15 16 21 1
15 16 22 8
15 16 23 31
15 16 24 40
15 16 25 54
15 16 26 7
15 16 27 0
15 16 28 66
15 16 29 75
15 16 30 67
15 17 0 55
15 17 1 73
15 17 2 82
15 17 3 88
15 17 4 9
15 17 5 54
15 17 6 83
15 17 7 45
15 17 8 27
15 17 9 10
15 17 10 18
15 17 11 37
15 17 12 1
15 17 13 33
15 17 14 62
15 17 15 85
15 17 16 70
15 17 17 29
15 17 18 34
15 17 19 14
15 17 20 30
15 17 21 26
15 17 22 16
15 17 23 32
15 17 24 72
15 17 25 25
15 17 26 90
15 17 27 41
15 17 28 43
15 17 29 40
15 17 30 89
15 18 0 58
15 18 1 81
15 18 2 52
15 18 3 18
15 18 4 74
15 18 5 82
15 18 6 86
15 18 7 14
15 18 8 2
15 18 9 12
15 18 10 59
15 18 11 15
15 18 12 43
15 18 13 47
15 18 14 84
15 18 15 34
15 18 16 26
15 18 17 31
15 18 18 16
15 18 19 5
15 18 20 9
15 18 21 90
15 18 22 38
15 18 23 71
15 18 24 4
15 18 25 89
15 18 26 45
15 18 27 73
15 18 28 65
15 18 29 88
15 18 30 80
15 19 0 56
15 19 1 86
15 19 2 12
15 19 3 61
15 19 4 81
15 19 5 85
15 19 6 13
15 19 7 3
15 19 8 14
15 19 9 41
15 19 10 6
15 19 11 45
15 19 12 17
15 19 13 38
15 19 14 34
15 19 15 8
15 19 16 58
15 19 17 5
15 19 18 4
15 19 19 21
15 19 20 89
15 19 21 55
15 19 22 70
15 19 23 18
15 19 24 88
15 19 25 31
15 19 26 60
15 19 27 64
15 19 28 87
15 19 29 46
15 19 30 36
15 20 0 85
15 20 1 24
15 20 2 72
15 20 3 53
15 20 4 84
15 20 5 19
15 20 6 5
15 20 7 29
15 20 8 31
15 20 9 14
15 20 10 74
15 20 11 90
15 20 12 44
15 20 13 49
15 20 14 13
15 20 15 83
15 20 16 12
15 20 17 10
15 20 18 9
15 20 19 88
15 20 20 59
15 20 21 36
15 20 22 6
15 20 23 40
15 20 24 51
15 20 25 34
15 20 26 63
15 20 27 86
15 20 28 78
15 20 29 33
15 20 30 79
15 21 0 6
15 21 1 71
15 21 2 79
15 21 3 32
15 21 4 17
15 21 5 21
15 21 6 26
15 21 7 57
15 21 8 3
15 21 9 44
15 21 10 89
15 21 11 39
15 21 12 66
15 21 13 13
15 21 14 82
15 21 15 20
15 21 16 24
15 21 17 9
15 21 18 36
15 21 19 55
15 21 20 34
15 21 21 15
15 21 22 86
15 21 23 56
15 21 24 54
15 21 25 62
15 21 26 85
15 21 27 77
15 21 28 69
15 21 29 49
15 21 30 84
15 22 0 70
15 22 1 47
15 22 2 58
15 22 3 10
15 22 4 1
15 22 5 20
15 22 6 87
15 22 7 26
15 22 8 72
15 22 9 88
15 22 10 80
15 22 11 61
15 22 12 2
15 22 13 81
15 22 14 15
15 22 15 23
15 22 16 22
15 22 17 86
15 22 18 41
15 22 19 44
15 22 20 7
15 22 21 85
15 22 22 40
15 22 23 69
15 22 24 48
15 22 25 84
15 22 26 76
15 22 27 68
15 22 28 53
15 22 29 39
15 22 30 8
15 23 0 50
15 23 1 46
15 23 2 26
15 23 3 9
15 23 4 24
15 23 5 43
15 23 6 27
15 23 7 71
15 23 8 34
15 23 9 59
15 23 10 42
15 23 11 11
15 23 12 38
15 23 13 22
15 23 14 21
15 23 15 13
15 23 16 85
15 23 17 33
15 23 18 66
15 23 19 28
15 23 20 84
15 23 21 49
15 23 22 68
15 23 23 19
15 23 24 83
15 23 25 75
15 23 26 67
15 23 27 37
15 23 28 44
15 23 29 1
15 23 30 56
15 24 0 80
15 24 1 25
15 24 2 16
15 24 3 7
15 24 4 45
15 24 5 6
15 24 6 70
15 24 7 86
15 24 8 78
15 24 9 33
15 24 10 28
15 24 11 79
15 24 12 30
15 24 13 29
15 24 14 5
15 24 15 84
15 24 16 36
15 24 17 47
15 24 18 3
15 24 19 43
15 24 20 44
15 24 21 67
15 24 22 90
15 24 23 82
15 24 24 61
15 24 25 46
15 24 26 53
15 24 27 57
15 24 28 22
15 24 29 35
15 24 30 39
15 25 0 9
15 25 1 2
15 25 2 5
15 25 3 44
15 25 4 3
15 25 5 35
15 25 6 85
15 25 7 77
15 25 8 60
15 25 9 23
15 25 10 37
15 25 11 26
15 25 12 28
15 25 13 12
15 25 14 55
15 25 15 87
15 25 16 32
15 25 17 13
15 25 18 46
15 25 19 41
15 25 20 47
15 25 21 89
15 25 22 81
15 25 23 73
15 25 24 65
15 25 25 74
15 25 26 80
15 25 27 11
15 25 28 50
15 25 29 48
15 25 30 52
15 26 0 19
15 26 1 10
15 26 2 83
15 26 3 27
15 26 4 60
15 26 5 84
15 26 6 76
15 26 7 41
15 26 8 21
15 26 9 57
15 26 10 20
15 26 11 23
15 26 12 24
15 26 13 34
15 26 14 47
15 26 15 56
15 26 16 30
15 26 17 53
15 26 18 87
15 26 19 65
15 26 20 88
15 26 21 80
15 26 22 42
15 26 23 64
15 26 24 52
15 26 25 51
15 26 26 8
15 26 27 66
15 26 28 74
15 26 29 78
15 26 30 4
15 27 0 2
15 27 1 82
15 27 2 3
15 27 3 41
15 27 4 46
15 27 5 75
15 27 6 38
15 27 7 19
15 27 8 57
15 27 9 27
15 27 10 15
15 27 11 6
15 27 12 50
15 27 13 31
15 27 14 33
15 27 15 22
15 27 16 80
15 27 17 54
15 27 18 64
15 27 19 51
15 27 20 79
15 27 21 39
15 27 22 63
15 27 23 72
15 27 24 78
15 27 25 11
15 27 26 40
15 27 27 52
15 27 28 77
15 27 29 25
15 27 30 28
15 28 0 81
15 28 1 26
15 28 2 66
15 28 3 57
15 28 4 49
15 28 5 33
15 28 6 4
15 28 7 53
15 28 8 18
15 28 9 1
15 28 10 16
15 28 11 80
15 28 12 37
15 28 13 35
15 28 14 20
15 28 15 31
15 28 16 42
15 28 17 63
15 28 18 86
15 28 19 78
15 28 20 32
15 28 21 62
15 28 22 71
15 28 23 77
15 28 24 2
15 28 25 52
15 28 26 72
15 28 27 76
15 28 28 0
15 28 29 8
15 28 30 13
15 29 0 29
15 29 1 56
15 29 2 53
15 29 3 73
15 29 4 44
15 29 5 5
15 29 6 74
15 29 7 18
15 29 8 30
15 29 9 25
15 29 10 60
15 29 11 83
15 29 12 32
15 29 13 6
15 29 14 78
15 29 15 47
15 29 16 62
15 29 17 85
15 29 18 77
15 29 19 69
15 29 20 42
15 29 21 70
15 29 22 76
15 29 23 20
15 29 24 58
15 29 25 71
15 29 26 75
15 29 27 15
15 29 28 1
15 29 29 0
15 29 30 50
15 30 0 48
15 30 1 80
15 30 2 39
15 30 3 36
15 30 4 19
15 30 5 42
15 30 6 3
15 30 7 12
15 30 8 1
15 30 9 78
15 30 10 82
15 30 11 34
15 30 12 23
15 30 13 77
15 30 14 83
15 30 15 50
15 30 16 84
15 30 17 76
15 30 18 68
15 30 19 7
15 30 20 45
15 30 21 75
15 30 22 22
15 30 23 60
15 30 24 70
15 30 25 32
15 30 26 28
15 30 27 20
15 30 28 27
15 30 29 79
15 30 30 24
16 0 0 40
16 0 1 37
16 0 2 20
16 0 3 43
16 0 4 4
16 0 5 13
16 0 6 2
16 0 7 78
16 0 8 82
16 0 9 35
16 0 10 24
16 0 11 77
16 0 12 83
16 0 13 51
16 0 14 84
16 0 15 76
16 0 16 68
16 0 17 8
16 0 18 46
16 0 19 75
16 0 20 23
16 0 21 61
16 0 22 70
16 0 23 33
16 0 24 29
16 0 25 21
16 0 26 28
16 0 27 79
16 0 28 25
16 0 29 49
16 0 30 80
16 1 0 87
16 1 1 7
16 1 2 72
16 1 3 4
16 1 4 11
16 1 5 3
16 1 6 77
16 1 7 81
16 1 8 41
16 1 9 9
16 1 10 76
16 1 11 82
16 1 12 24
16 1 13 61
16 1 14 75
16 1 15 67
16 1 16 90
16 1 17 51
16 1 18 31
16 1 19 8
16 1 20 58
16 1 21 56
16 1 22 73
16 1 23 30
16 1 24 19
16 1 25 28
16 1 26 40
16 1 27 12
16 1 28 60
16 1 29 44
16 1 30 36
16 2 0 2
16 2 1 71
16 2 2 0
16 2 3 30
16 2 4 16
16 2 5 76
16 2 6 41
16 2 7 53
16 2 8 11
16 2 9 75
16 2 10 81
16 2 11 90
16 2 12 54
16 2 13 74
16 2 14 42
16 2 15 89
16 2 16 39
16 2 17 73
16 2 18 25
16 2 19 60
16 2 20 31
16 2 21 43
16 2 22 6
16 2 23 1
16 2 24 13
16 2 25 36
16 2 26 26
16 2 27 55
16 2 28 78
16 2 29 47
16 2 30 52
16 3 0 70
16 3 1 18
16 3 2 23
16 3 3 0
16 3 4 75
16 3 5 79
16 3 6 87
16 3 7 29
16 3 8 42
16 3 9 41
16 3 10 89
16 3 11 51
16 3 12 73
16 3 13 65
16 3 14 88
16 3 15 66
16 3 16 40
16 3 17 11
16 3 18 37
16 3 19 46
16 3 20 59
16 3 21 15
16 3 22 30
16 3 23 13
16 3 24 36
16 3 25 27
16 3 26 52
16 3 27 77
16 3 28 69
16 3 29 33
16 3 30 5
16 4 0 29
16 4 1 3
16 4 2 6
16 4 3 41
16 4 4 45
16 4 5 43
16 4 6 20
16 4 7 73
16 4 8 79
16 4 9 88
16 4 10 80
16 4 11 72
16 4 12 64
16 4 13 46
16 4 14 52
16 4 15 47
16 4 16 9
16 4 17 61
16 4 18 66
16 4 19 38
16 4 20 25
16 4 21 16
16 4 22 4
16 4 23 56
16 4 24 12
16 4 25 33
16 4 26 76
16 4 27 68
16 4 28 58
16 4 29 28
16 4 30 49
16 5 0 12
16 5 1 27
16 5 2 73
16 5 3 54
16 5 4 58
16 5 5 23
16 5 6 36
16 5 7 40
16 5 8 47
16 5 9 32
16 5 10 71
16 5 11 63
16 5 12 86
16 5 13 49
16 5 14 50
16 5 15 1
16 5 16 46
16 5 17 57
16 5 18 69
16 5 19 7
16 5 20 8
16 5 21 11
16 5 22 74
16 5 23 10
16 5 24 60
16 5 25 75
16 5 26 67
16 5 27 83
16 5 28 4
16 5 29 48
16 5 30 21
16 6 0 22
16 6 1 47
16 6 2 43
16 6 3 37
16 6 4 20
16 6 5 49
16 6 6 56
16 6 7 86
16 6 8 78
16 6 9 70
16 6 10 62
16 6 11 85
16 6 12 44
16 6 13 69
16 6 14 18
16 6 15 87
16 6 16 60
16 6 17 68
16 6 18 19
16 6 19 3
16 6 20 5
16 6 21 55
16 6 22 8
16 6 23 51
16 6 24 34
16 6 25 59
16 6 26 82
16 6 27 28
16 6 28 50
16 6 29 26
16 6 30 29
16 7 0 35
16 7 1 46
16 7 2 83
16 7 3 9
16 7 4 54
16 7 5 40
16 7 6 85
16 7 7 77
16 7 8 69
16 7 9 45
16 7 10 84
16 7 11 53
16 7 12 68
16 7 13 28
16 7 14 49
16 7 15 52
16 7 16 67
16 7 17 26
16 7 18 2
16 7 19 1
16 7 20 72
16 7 21 3
16 7 22 32
16 7 23 73
16 7 24 65
16 7 25 81
16 7 26 25
16 7 27 66
16 7 28 24
16 7 29 15
16 7 30 6
16 8 0 74
16 8 1 82
16 8 2 30
16 8 3 69
16 8 4 44
16 8 5 84
16 8 6 76
16 8 7 68
16 8 8 12
16 8 9 39
16 8 10 37
16 8 11 67
16 8 12 3
16 8 13 59
16 8 14 38
16 8 15 57
16 8 16 18
16 8 17 10
16 8 18 9
16 8 19 71
16 8 20 20
16 8 21 87
16 8 22 54
16 8 23 64
16 8 24 49
16 8 25 4
16 8 26 36
16 8 27 7
16 8 28 22
16 8 29 5
16 8 30 61
16 9 0 81
16 9 1 23
16 9 2 68
16 9 3 74
16 9 4 60
16 9 5 75
16 9 6 67
16 9 7 90
16 9 8 59
16 9 9 42
16 9 10 53
16 9 11 24
16 9 12 57
16 9 13 34
16 9 14 65
16 9 15 9
16 9 16 8
16 9 17 16
16 9 18 70
16 9 19 29
16 9 20 44
16 9 21 49
16 9 22 63
16 9 23 79
16 9 24 5
16 9 25 31
16 9 26 11
16 9 27 30
16 9 28 21
16 9 29 69
16 9 30 40
16 10 0 25
16 10 1 67
16 10 2 37
16 10 3 57
16 10 4 47
16 10 5 66
16 10 6 89
16 10 7 33
16 10 8 31
16 10 9 65
16 10 10 16
16 10 11 83
16 10 12 38
16 10 13 64
16 10 14 22
16 10 15 7
16 10 16 11
16 10 17 35
16 10 18 18
16 10 19 59
16 10 20 55
16 10 21 62
16 10 22 48
16 10 23 28
16 10 24 52
16 10 25 5
16 10 26 10
16 10 27 14
16 10 28 68
16 10 29 72
16 10 30 32
16 11 0 41
16 11 1 72
16 11 2 35
16 11 3 73
16 11 4 65
16 11 5 88
16 11 6 80
16 11 7 48
16 11 8 64
16 11 9 25
16 11 10 82
16 11 11 55
16 11 12 63
16 11 13 22
16 11 14 21
16 11 15 19
16 11 16 31
16 11 17 18
16 11 18 59
16 11 19 69
16 11 20 46
16 11 21 50
16 11 22 17
16 11 23 34
16 11 24 2
16 11 25 26
16 11 26 12
16 11 27 67
16 11 28 71
16 11 29 79
16 11 30 7
16 12 0 71
16 12 1 80
16 12 2 38
16 12 3 64
16 12 4 53
16 12 5 50
16 12 6 52
16 12 7 63
16 12 8 13
16 12 9 81
16 12 10 61
16 12 11 62
16 12 12 10
16 12 13 27
16 12 14 26
16 12 15 59
16 12 16 23
16 12 17 83
16 12 18 68
16 12 19 14
16 12 20 60
16 12 21 25
16 12 22 56
16 12 23 17
16 12 24 28
16 12 25 18
16 12 26 48
16 12 27 70
16 12 28 39
16 12 29 19
16 12 30 65
16 13 0 44
16 13 1 41
16 13 2 63
16 13 3 86
16 13 4 78
16 13 5 87
16 13 6 62
16 13 7 27
16 13 8 39
16 13 9 53
16 13 10 31
16 13 11 22
16 13 12 26
16 13 13 15
16 13 14 66
16 13 15 5
16 13 16 82
16 13 17 67
16 13 18 90
16 13 19 32
16 13 20 16
16 13 21 51
16 13 22 19
16 13 23 29
16 13 24 17
16 13 25 65
16 13 26 33
16 13 27 56
16 13 28 13
16 13 29 64
16 13 30 70
16 14 0 61
16 14 1 62
16 14 2 85
16 14 3 77
16 14 4 43
16 14 5 39
16 14 6 6
16 14 7 79
16 14 8 87
16 14 9 15
16 14 10 5
16 14 11 1
16 14 12 17
16 14 13 40
16 14 14 2
16 14 15 81
16 14 16 44
16 14 17 89
16 14 18 74
16 14 19 30
16 14 20 50
16 14 21 13
16 14 22 21
16 14 23 4
16 14 24 64
16 14 25 55
16 14 26 49
16 14 27 22
16 14 28 63
16 14 29 36
16 14 30 78
16 15 0 47
16 15 1 84
16 15 2 76
16 15 3 42
16 15 4 0
16 15 5 24
16 15 6 37
16 15 7 56
16 15 8 90
16 15 9 23
16 15 10 30
16 15 11 10
16 15 12 58
16 15 13 19
16 15 14 34
16 15 15 65
16 15 16 88
16 15 17 60
16 15 18 11
16 15 19 36
16 15 20 26
16 15 21 1
16 15 22 9
16 15 23 63
16 15 24 38
16 15 25 57
16 15 26 3
16 15 27 62
16 15 28 52
16 15 29 77
16 15 30 69
16 16 0 33
16 16 1 75
16 16 2 58
16 16 3 90
16 16 4 24
16 16 5 45
16 16 6 39
16 16 7 89
16 16 8 18
16 16 9 1
16 16 10 15
16 16 11 44
16 16 12 12
16 16 13 79
16 16 14 64
16 16 15 50
16 16 16 72
16 16 17 20
16 16 18 54
16 16 19 17
16 16 20 0
16 16 21 14
16 16 22 62
16 16 23 66
16 16 24 74
16 16 25 8
16 16 26 55
16 16 27 51
16 16 28 76
16 16 29 68
16 16 30 16
16 17 0 50
16 17 1 83
16 17 2 89
16 17 3 29
16 17 4 38
16 17 5 61
16 17 6 88
16 17 7 23
16 17 8 0
16 17 9 6
16 17 10 43
16 17 11 21
16 17 12 31
16 17 13 63
16 17 14 86
16 17 15 71
16 17 16 13
16 17 17 87
16 17 18 22
16 17 19 2
16 17 20 9
16 17 21 32
16 17 22 41
16 17 23 55
16 17 24 8
16 17 25 1
16 17 26 66
16 17 27 75
16 17 28 67
16 17 29 90
16 17 30 53
16 18 0 82
16 18 1 88
16 18 2 10
16 18 3 55
16 18 4 83
16 18 5 46
16 18 6 28
16 18 7 11
16 18 8 19
16 18 9 38
16 18 10 2
16 18 11 34
16 18 12 62
16 18 13 85
16 18 14 70
16 18 15 30
16 18 16 35
16 18 17 15
16 18 18 0
16 18 19 27
16 18 20 17
16 18 21 33
16 18 22 72
16 18 23 26
16 18 24 90
16 18 25 42
16 18 26 44
16 18 27 41
16 18 28 89
16 18 29 56
16 18 30 73
16 19 0 53
16 19 1 19
16 19 2 74
16 19 3 82
16 19 4 86
16 19 5 15
16 19 6 3
16 19 7 13
16 19 8 60
16 19 9 16
16 19 10 44
16 19 11 48
16 19 12 84
16 19 13 35
16 19 14 27
16 19 15 32
16 19 16 17
16 19 17 6
16 19 18 10
16 19 19 90
16 19 20 39
16 19 21 71
16 19 22 5
16 19 23 89
16 19 24 46
16 19 25 73
16 19 26 65
16 19 27 88
16 19 28 80
16 19 29 59
16 19 30 81
16 20 0 13
16 20 1 31
16 20 2 81
16 20 3 85
16 20 4 14
16 20 5 4
16 20 6 15
16 20 7 42
16 20 8 7
16 20 9 46
16 20 10 18
16 20 11 39
16 20 12 35
16 20 13 9
16 20 14 59
16 20 15 6
16 20 16 5
16 20 17 22
16 20 18 89
16 20 19 56
16 20 20 70
16 20 21 19
16 20 22 88
16 20 23 32
16 20 24 61
16 20 25 64
16 20 26 87
16 20 27 47
16 20 28 37
16 20 29 57
16 20 30 86
16 21 0 72
16 21 1 54
16 21 2 84
16 21 3 20
16 21 4 6
16 21 5 30
16 21 6 32
16 21 7 15
16 21 8 74
16 21 9 90
16 21 10 45
16 21 11 50
16 21 12 14
16 21 13 83
16 21 14 13
16 21 15 11
16 21 16 10
16 21 17 88
16 21 18 60
16 21 19 37
16 21 20 7
16 21 21 41
16 21 22 52
16 21 23 35
16 21 24 63
16 21 25 86
16 21 26 78
16 21 27 34
16 21 28 79
16 21 29 85
16 21 30 25
16 22 0 79
16 22 1 33
16 22 2 18
16 22 3 22
16 22 4 27
16 22 5 58
16 22 6 4
16 22 7 45
16 22 8 89
16 22 9 40
16 22 10 66
16 22 11 14
16 22 12 82
16 22 13 21
16 22 14 25
16 22 15 10
16 22 16 37
16 22 17 56
16 22 18 35
16 22 19 16
16 22 20 86
16 22 21 57
16 22 22 55
16 22 23 62
16 22 24 85
16 22 25 77
16 22 26 69
16 22 27 50
16 22 28 84
16 22 29 7
16 22 30 71
16 23 0 59
16 23 1 11
16 23 2 2
16 23 3 21
16 23 4 87
16 23 5 27
16 23 6 72
16 23 7 88
16 23 8 80
16 23 9 31
16 23 10 3
16 23 11 81
16 23 12 16
16 23 13 24
16 23 14 23
16 23 15 86
16 23 16 42
16 23 17 45
16 23 18 8
16 23 19 85
16 23 20 41
16 23 21 69
16 23 22 49
16 23 23 84
16 23 24 76
16 23 25 68
16 23 26 54
16 23 27 40
16 23 28 9
16 23 29 70
16 23 30 48
16 24 0 27
16 24 1 10
16 24 2 25
16 24 3 44
16 24 4 28
16 24 5 71
16 24 6 35
16 24 7 60
16 24 8 43
16 24 9 12
16 24 10 39
16 24 11 23
16 24 12 22
16 24 13 14
16 24 14 85
16 24 15 34
16 24 16 66
16 24 17 29
16 24 18 84
16 24 19 50
16 24 20 68
16 24 21 20
16 24 22 83
16 24 23 75
16 24 24 67
16 24 25 38
16 24 26 45
16 24 27 2
16 24 28 57
16 24 29 51
16 24 30 47
16 25 0 17
16 25 1 8
16 25 2 46
16 25 3 7
16 25 4 70
16 25 5 86
16 25 6 78
16 25 7 34
16 25 8 29
16 25 9 79
16 25 10 0
16 25 11 30
16 25 12 6
16 25 13 84
16 25 14 37
16 25 15 48
16 25 16 4
16 25 17 44
16 25 18 45
16 25 19 67
16 25 20 90
16 25 21 82
16 25 22 31
16 25 23 47
16 25 24 54
16 25 25 58
16 25 26 23
16 25 27 36
16 25 28 40
16 25 29 80
16 25 30 26
16 26 0 6
16 26 1 45
16 26 2 4
16 26 3 36
16 26 4 85
16 26 5 77
16 26 6 61
16 26 7 24
16 26 8 38
16 26 9 27
16 26 10 29
16 26 11 13
16 26 12 56
16 26 13 87
16 26 14 33
16 26 15 14
16 26 16 47
16 26 17 42
16 26 18 48
16 26 19 89
16 26 20 81
16 26 21 73
16 26 22 65
16 26 23 74
16 26 24 80
16 26 25 12
16 26 26 51
16 26 27 49
16 26 28 53
16 26 29 10
16 26 30 3
16 27 0 83
16 27 1 28
16 27 2 61
16 27 3 84
16 27 4 76
16 27 5 42
16 27 6 22
16 27 7 58
16 27 8 21
16 27 9 24
16 27 10 25
16 27 11 35
16 27 12 48
16 27 13 57
16 27 14 0
16 27 15 54
16 27 16 87
16 27 17 65
16 27 18 88
16 27 19 80
16 27 20 43
16 27 21 64
16 27 22 53
16 27 23 52
16 27 24 9
16 27 25 66
16 27 26 74
16 27 27 78
16 27 28 5
16 27 29 20
16 27 30 11
16 28 0 4
16 28 1 42
16 28 2 47
16 28 3 75
16 28 4 39
16 28 5 20
16 28 6 58
16 28 7 28
16 28 8 16
16 28 9 7
16 28 10 51
16 28 11 32
16 28 12 34
16 28 13 23
16 28 14 80
16 28 15 55
16 28 16 64
16 28 17 52
16 28 18 79
16 28 19 40
16 28 20 63
16 28 21 72
16 28 22 78
16 28 23 12
16 28 24 41
16 28 25 53
16 28 26 77
16 28 27 26
16 28 28 29
16 28 29 3
16 28 30 82
16 29 0 66
16 29 1 58
16 29 2 50
16 29 3 34
16 29 4 5
16 29 5 54
16 29 6 19
16 29 7 2
16 29 8 17
16 29 9 80
16 29 10 38
16 29 11 36
16 29 12 21
16 29 13 32
16 29 14 43
16 29 15 63
16 29 16 86
16 29 17 78
16 29 18 33
16 29 19 62
16 29 20 71
16 29 21 77
16 29 22 3
16 29 23 53
16 29 24 72
16 29 25 76
16 29 26 1
16 29 27 9
16 29 28 14
16 29 29 81
16 29 30 27
16 30 0 54
16 30 1 73
16 30 2 45
16 30 3 6
16 30 4 74
16 30 5 19
16 30 6 0
16 30 7 26
16 30 8 61
16 30 9 83
16 30 10 33
16 30 11 7
16 30 12 78
16 30 13 48
16 30 14 62
16 30 15 85
16 30 16 77
16 30 17 69
16 30 18 43
16 30 19 70
16 30 20 76
16 30 21 21
16 30 22 59
16 30 23 71
16 30 24 75
16 30 25 16
16 30 26 2
16 30 27 1
16 30 28 51
16 30 29 30
16 30 30 57
17 0 0 46
17 0 1 7
17 0 2 74
17 0 3 20
17 0 4 1
17 0 5 27
17 0 6 31
17 0 7 83
17 0 8 34
17 0 9 8
17 0 10 78
17 0 11 49
17 0 12 62
17 0 13 85
17 0 14 77
17 0 15 69
17 0 16 44
17 0 17 70
17 0 18 76
17 0 19 22
17 0 20 60
17 0 21 71
17 0 22 75
17 0 23 17
17 0 24 3
17 0 25 2
17 0 26 52
17 0 27 0
17 0 28 58
17 0 29 55
17 0 30 73
17 1 0 21
17 1 1 44
17 1 2 5
17 1 3 14
17 1 4 3
17 1 5 78
17 1 6 82
17 1 7 36
17 1 8 25
17 1 9 77
17 1 10 83
17 1 11 52
17 1 12 84
17 1 13 76
17 1 14 68
17 1 15 9
17 1 16 47
17 1 17 75
17 1 18 24
17 1 19 31
17 1 20 70
17 1 21 34
17 1 22 30
17 1 23 22
17 1 24 29
17 1 25 79
17 1 26 26
17 1 27 50
17 1 28 80
17 1 29 41
17 1 30 38
17 2 0 72
17 2 1 5
17 2 2 12
17 2 3 4
17 2 4 77
17 2 5 81
17 2 6 42
17 2 7 10
17 2 8 76
17 2 9 82
17 2 10 25
17 2 11 31
17 2 12 75
17 2 13 67
17 2 14 90
17 2 15 52
17 2 16 32
17 2 17 9
17 2 18 59
17 2 19 57
17 2 20 73
17 2 21 0
17 2 22 20
17 2 23 29
17 2 24 41
17 2 25 13
17 2 26 61
17 2 27 45
17 2 28 37
17 2 29 87
17 2 30 8
17 3 0 1
17 3 1 0
17 3 2 17
17 3 3 76
17 3 4 42
17 3 5 54
17 3 6 12
17 3 7 75
17 3 8 81
17 3 9 90
17 3 10 55
17 3 11 74
17 3 12 43
17 3 13 89
17 3 14 40
17 3 15 73
17 3 16 26
17 3 17 61
17 3 18 32
17 3 19 44
17 3 20 7
17 3 21 2
17 3 22 14
17 3 23 37
17 3 24 27
17 3 25 56
17 3 26 78
17 3 27 48
17 3 28 53
17 3 29 3
17 3 30 71
17 4 0 24
17 4 1 1
17 4 2 75
17 4 3 79
17 4 4 87
17 4 5 30
17 4 6 43
17 4 7 42
17 4 8 89
17 4 9 52
17 4 10 73
17 4 11 65
17 4 12 88
17 4 13 66
17 4 14 41
17 4 15 12
17 4 16 38
17 4 17 47
17 4 18 60
17 4 19 16
17 4 20 0
17 4 21 14
17 4 22 37
17 4 23 28
17 4 24 53
17 4 25 77
17 4 26 69
17 4 27 34
17 4 28 6
17 4 29 70
17 4 30 19
17 5 0 7
17 5 1 42
17 5 2 46
17 5 3 44
17 5 4 21
17 5 5 73
17 5 6 79
17 5 7 88
17 5 8 80
17 5 9 72
17 5 10 64
17 5 11 47
17 5 12 53
17 5 13 48
17 5 14 10
17 5 15 31
17 5 16 66
17 5 17 39
17 5 18 26
17 5 19 17
17 5 20 5
17 5 21 57
17 5 22 13
17 5 23 34
17 5 24 76
17 5 25 68
17 5 26 59
17 5 27 29
17 5 28 50
17 5 29 30
17 5 30 4
17 6 0 73
17 6 1 55
17 6 2 59
17 6 3 24
17 6 4 37
17 6 5 41
17 6 6 48
17 6 7 33
17 6 8 71
17 6 9 63
17 6 10 86
17 6 11 50
17 6 12 51
17 6 13 2
17 6 14 47
17 6 15 58
17 6 16 69
17 6 17 8
17 6 18 9
17 6 19 12
17 6 20 74
17 6 21 11
17 6 22 61
17 6 23 75
17 6 24 67
17 6 25 83
17 6 26 5
17 6 27 49
17 6 28 22
17 6 29 13
17 6 30 28
17 7 0 44
17 7 1 38
17 7 2 21
17 7 3 50
17 7 4 57
17 7 5 86
17 7 6 78
17 7 7 70
17 7 8 62
17 7 9 85
17 7 10 45
17 7 11 69
17 7 12 19
17 7 13 87
17 7 14 61
17 7 15 68
17 7 16 20
17 7 17 4
17 7 18 6
17 7 19 56
17 7 20 9
17 7 21 52
17 7 22 35
17 7 23 60
17 7 24 82
17 7 25 29
17 7 26 51
17 7 27 27
17 7 28 30
17 7 29 23
17 7 30 48
17 8 0 83
17 8 1 10
17 8 2 55
17 8 3 41
17 8 4 85
17 8 5 77
17 8 6 69
17 8 7 46
17 8 8 84
17 8 9 54
17 8 10 68
17 8 11 29
17 8 12 50
17 8 13 53
17 8 14 67
17 8 15 27
17 8 16 3
17 8 17 2
17 8 18 72
17 8 19 4
17 8 20 33
17 8 21 73
17 8 22 65
17 8 23 81
17 8 24 26
17 8 25 66
17 8 26 25
17 8 27 16
17 8 28 7
17 8 29 36
17 8 30 47
17 9 0 0
17 9 1 69
17 9 2 45
17 9 3 84
17 9 4 76
17 9 5 68
17 9 6 13
17 9 7 40
17 9 8 38
17 9 9 67
17 9 10 4
17 9 11 60
17 9 12 39
17 9 13 58
17 9 14 19
17 9 15 11
17 9 16 10
17 9 17 71
17 9 18 21
17 9 19 87
17 9 20 55
17 9 21 64
17 9 22 50
17 9 23 5
17 9 24 37
17 9 25 8
17 9 26 23
17 9 27 6
17 9 28 31
17 9 29 74
17 9 30 82
17 10 0 68
17 10 1 74
17 10 2 61
17 10 3 75
17 10 4 67
17 10 5 90
17 10 6 60
17 10 7 43
17 10 8 54
17 10 9 25
17 10 10 58
17 10 11 35
17 10 12 65
17 10 13 10
17 10 14 9
17 10 15 17
17 10 16 70
17 10 17 30
17 10 18 45
17 10 19 50
17 10 20 63
17 10 21 79
17 10 22 6
17 10 23 32
17 10 24 12
17 10 25 0
17 10 26 22
17 10 27 69
17 10 28 41
17 10 29 81
17 10 30 24
17 11 0 38
17 11 1 58
17 11 2 48
17 11 3 66
17 11 4 89
17 11 5 34
17 11 6 32
17 11 7 65
17 11 8 17
17 11 9 83
17 11 10 39
17 11 11 64
17 11 12 23
17 11 13 8
17 11 14 12
17 11 15 36
17 11 16 19
17 11 17 60
17 11 18 56
17 11 19 62
17 11 20 49
17 11 21 29
17 11 22 53
17 11 23 6
17 11 24 11
17 11 25 15
17 11 26 68
17 11 27 72
17 11 28 33
17 11 29 26
17 11 30 67
17 12 0 36
17 12 1 73
17 12 2 65
17 12 3 88
17 12 4 80
17 12 5 49
17 12 6 64
17 12 7 26
17 12 8 82
17 12 9 56
17 12 10 63
17 12 11 23
17 12 12 22
17 12 13 20
17 12 14 32
17 12 15 19
17 12 16 60
17 12 17 69
17 12 18 47
17 12 19 51
17 12 20 18
17 12 21 35
17 12 22 3
17 12 23 27
17 12 24 13
17 12 25 67
17 12 26 71
17 12 27 79
17 12 28 8
17 12 29 42
17 12 30 72
17 13 0 39
17 13 1 64
17 13 2 54
17 13 3 51
17 13 4 53
17 13 5 63
17 13 6 14
17 13 7 81
17 13 8 31
17 13 9 62
17 13 10 11
17 13 11 28
17 13 12 27
17 13 13 60
17 13 14 24
17 13 15 83
17 13 16 68
17 13 17 15
17 13 18 61
17 13 19 26
17 13 20 57
17 13 21 18
17 13 22 29
17 13 23 19
17 13 24 49
17 13 25 70
17 13 26 40
17 13 27 20
17 13 28 65
17 13 29 71
17 13 30 80
17 14 0 63
17 14 1 86
17 14 2 78
17 14 3 87
17 14 4 62
17 14 5 28
17 14 6 40
17 14 7 54
17 14 8 32
17 14 9 23
17 14 10 27
17 14 11 16
17 14 12 66
17 14 13 6
17 14 14 82
17 14 15 67
17 14 16 90
17 14 17 33
17 14 18 17
17 14 19 52
17 14 20 20
17 14 21 30
17 14 22 18
17 14 23 65
17 14 24 34
17 14 25 57
17 14 26 14
17 14 27 64
17 14 28 70
17 14 29 45
17 14 30 42
17 15 0 85
17 15 1 77
17 15 2 44
17 15 3 40
17 15 4 7
17 15 5 79
17 15 6 87
17 15 7 16
17 15 8 6
17 15 9 2
17 15 10 18
17 15 11 41
17 15 12 3
17 15 13 81
17 15 14 45
17 15 15 89
17 15 16 74
17 15 17 0
17 15 18 51
17 15 19 14
17 15 20 22
17 15 21 5
17 15 22 64
17 15 23 56
17 15 24 50
17 15 25 23
17 15 26 63
17 15 27 37
17 15 28 78
17 15 29 31
17 15 30 62
17 16 0 76
17 16 1 43
17 16 2 1
17 16 3 25
17 16 4 38
17 16 5 57
17 16 6 90
17 16 7 24
17 16 8 0
17 16 9 11
17 16 10 59
17 16 11 20
17 16 12 35
17 16 13 65
17 16 14 88
17 16 15 61
17 16 16 12
17 16 17 37
17 16 18 27
17 16 19 2
17 16 20 10
17 16 21 63
17 16 22 39
17 16 23 58
17 16 24 4
17 16 25 62
17 16 26 53
17 16 27 77
17 16 28 69
17 16 29 48
17 16 30 84
17 17 0 59
17 17 1 90
17 17 2 25
17 17 3 46
17 17 4 40
17 17 5 89
17 17 6 19
17 17 7 2
17 17 8 16
17 17 9 45
17 17 10 13
17 17 11 79
17 17 12 64
17 17 13 51
17 17 14 72
17 17 15 21
17 17 16 55
17 17 17 18
17 17 18 1
17 17 19 15
17 17 20 62
17 17 21 66
17 17 22 74
17 17 23 9
17 17 24 56
17 17 25 52
17 17 26 76
17 17 27 68
17 17 28 17
17 17 29 34
17 17 30 75
17 18 0 89
17 18 1 30
17 18 2 39
17 18 3 31
17 18 4 88
17 18 5 24
17 18 6 1
17 18 7 7
17 18 8 44
17 18 9 22
17 18 10 32
17 18 11 63
17 18 12 86
17 18 13 71
17 18 14 14
17 18 15 87
17 18 16 23
17 18 17 3
17 18 18 10
17 18 19 33
17 18 20 42
17 18 21 56
17 18 22 9
17 18 23 2
17 18 24 66
17 18 25 75
17 18 26 67
17 18 27 90
17 18 28 54
17 18 29 51
17 18 30 83
17 19 0 11
17 19 1 56
17 19 2 83
17 19 3 47
17 19 4 29
17 19 5 12
17 19 6 20
17 19 7 39
17 19 8 3
17 19 9 35
17 19 10 62
17 19 11 85
17 19 12 70
17 19 13 0
17 19 14 36
17 19 15 16
17 19 16 1
17 19 17 28
17 19 18 18
17 19 19 34
17 19 20 72
17 19 21 27
17 19 22 90
17 19 23 43
17 19 24 45
17 19 25 42
17 19 26 89
17 19 27 57
17 19 28 73
17 19 29 82
17 19 30 88
17 20 0 74
17 20 1 82
17 20 2 86
17 20 3 16
17 20 4 4
17 20 5 14
17 20 6 61
17 20 7 17
17 20 8 45
17 20 9 49
17 20 10 84
17 20 11 36
17 20 12 28
17 20 13 33
17 20 14 18
17 20 15 7
17 20 16 11
17 20 17 90
17 20 18 40
17 20 19 71
17 20 20 6
17 20 21 89
17 20 22 47
17 20 23 73
17 20 24 65
17 20 25 88
17 20 26 80
17 20 27 60
17 20 28 81
17 20 29 54
17 20 30 20
17 21 0 81
17 21 1 85
17 21 2 15
17 21 3 5
17 21 4 16
17 21 5 43
17 21 6 8
17 21 7 47
17 21 8 19
17 21 9 40
17 21 10 36
17 21 11 10
17 21 12 60
17 21 13 7
17 21 14 6
17 21 15 23
17 21 16 89
17 21 17 57
17 21 18 70
17 21 19 20
17 21 20 88
17 21 21 33
17 21 22 31
17 21 23 64
17 21 24 87
17 21 25 48
17 21 26 38
17 21 27 58
17 21 28 86
17 21 29 14
17 21 30 32
17 22 0 84
17 22 1 21
17 22 2 7
17 22 3 0
17 22 4 33
17 22 5 16
17 22 6 74
17 22 7 90
17 22 8 46
17 22 9 51
17 22 10 15
17 22 11 83
17 22 12 14
17 22 13 12
17 22 14 11
17 22 15 88
17 22 16 61
17 22 17 38
17 22 18 8
17 22 19 42
17 22 20 53
17 22 21 36
17 22 22 63
17 22 23 86
17 22 24 78
17 22 25 35
17 22 26 79
17 22 27 85
17 22 28 26
17 22 29 72
17 22 30 55
17 23 0 19
17 23 1 23
17 23 2 28
17 23 3 59
17 23 4 5
17 23 5 46
17 23 6 89
17 23 7 41
17 23 8 66
17 23 9 15
17 23 10 82
17 23 11 22
17 23 12 26
17 23 13 11
17 23 14 38
17 23 15 57
17 23 16 36
17 23 17 17
17 23 18 86
17 23 19 58
17 23 20 56
17 23 21 62
17 23 22 85
17 23 23 77
17 23 24 69
17 23 25 51
17 23 26 84
17 23 27 8
17 23 28 71
17 23 29 79
17 23 30 34
17 24 0 3
17 24 1 22
17 24 2 87
17 24 3 28
17 24 4 72
17 24 5 88
17 24 6 80
17 24 7 32
17 24 8 4
17 24 9 81
17 24 10 17
17 24 11 25
17 24 12 24
17 24 13 86
17 24 14 43
17 24 15 46
17 24 16 9
17 24 17 85
17 24 18 42
17 24 19 69
17 24 20 50
17 24 21 84
17 24 22 76
17 24 23 68
17 24 24 55
17 24 25 41
17 24 26 10
17 24 27 70
17 24 28 49
17 24 29 60
17 24 30 12
17 25 0 26
17 25 1 45
17 25 2 29
17 25 3 71
17 25 4 36
17 25 5 61
17 25 6 44
17 25 7 13
17 25 8 40
17 25 9 24
17 25 10 23
17 25 11 15
17 25 12 85
17 25 13 35
17 25 14 66
17 25 15 30
17 25 16 84
17 25 17 51
17 25 18 68
17 25 19 21
17 25 20 83
17 25 21 75
17 25 22 67
17 25 23 39
17 25 24 46
17 25 25 3
17 25 26 58
17 25 27 52
17 25 28 48
17 25 29 28
17 25 30 11
17 26 0 47
17 26 1 8
17 26 2 70
17 26 3 86
17 26 4 78
17 26 5 35
17 26 6 30
17 26 7 79
17 26 8 1
17 26 9 0
17 26 10 7
17 26 11 84
17 26 12 38
17 26 13 49
17 26 14 5
17 26 15 45
17 26 16 46
17 26 17 67
17 26 18 90
17 26 19 82
17 26 20 32
17 26 21 48
17 26 22 55
17 26 23 59
17 26 24 24
17 26 25 37
17 26 26 41
17 26 27 80
17 26 28 27
17 26 29 18
17 26 30 9
17 27 0 5
17 27 1 37
17 27 2 85
17 27 3 77
17 27 4 31
17 27 5 25
17 27 6 39
17 27 7 28
17 27 8 30
17 27 9 14
17 27 10 57
17 27 11 87
17 27 12 34
17 27 13 15
17 27 14 48
17 27 15 43
17 27 16 49
17 27 17 89
17 27 18 81
17 27 19 73
17 27 20 65
17 27 21 74
17 27 22 80
17 27 23 13
17 27 24 52
17 27 25 50
17 27 26 54
17 27 27 11
17 27 28 4
17 27 29 7
17 27 30 46
17 28 0 31
17 28 1 84
17 28 2 76
17 28 3 43
17 28 4 23
17 28 5 59
17 28 6 22
17 28 7 25
17 28 8 26
17 28 9 36
17 28 10 49
17 28 11 58
17 28 12 1
17 28 13 55
17 28 14 87
17 28 15 65
17 28 16 88
17 28 17 80
17 28 18 44
17 28 19 64
17 28 20 54
17 28 21 53
17 28 22 10
17 28 23 66
17 28 24 74
17 28 25 78
17 28 26 6
17 28 27 21
17 28 28 12
17 28 29 83
17 28 30 29
17 29 0 48
17 29 1 75
17 29 2 40
17 29 3 21
17 29 4 59
17 29 5 29
17 29 6 17
17 29 7 8
17 29 8 52
17 29 9 33
17 29 10 35
17 29 11 24
17 29 12 80
17 29 13 56
17 29 14 64
17 29 15 53
17 29 16 79
17 29 17 41
17 29 18 63
17 29 19 72
17 29 20 78
17 29 21 13
17 29 22 42
17 29 23 54
17 29 24 77
17 29 25 27
17 29 26 30
17 29 27 4
17 29 28 82
17 29 29 5
17 29 30 43
17 30 0 51
17 30 1 35
17 30 2 6
17 30 3 55
17 30 4 20
17 30 5 3
17 30 6 18
17 30 7 80
17 30 8 39
17 30 9 37
17 30 10 22
17 30 11 33
17 30 12 44
17 30 13 63
17 30 14 86
17 30 15 78
17 30 16 34
17 30 17 62
17 30 18 71
17 30 19 77
17 30 20 4
17 30 21 54
17 30 22 72
17 30 23 76
17 30 24 2
17 30 25 10
17 30 26 15
17 30 27 81
17 30 28 28
17 30 29 66
17 30 30 59
18 0 0 7
18 0 1 56
18 0 2 21
18 0 3 4
18 0 4 19
18 0 5 80
18 0 6 40
18 0 7 38
18 0 8 23
18 0 9 34
18 0 10 45
18 0 11 63
18 0 12 86
18 0 13 78
18 0 14 35
18 0 15 62
18 0 16 71
18 0 17 77
18 0 18 5
18 0 19 55
18 0 20 72
18 0 21 76
18 0 22 3
18 0 23 11
18 0 24 16
18 0 25 81
18 0 26 29
18 0 27 66
18 0 28 60
18 0 29 52
18 0 30 36
18 1 0 74
18 1 1 21
18 1 2 2
18 1 3 28
18 1 4 32
18 1 5 83
18 1 6 35
18 1 7 9
18 1 8 78
18 1 9 50
18 1 10 62
18 1 11 85
18 1 12 77
18 1 13 69
18 1 14 45
18 1 15 70
18 1 16 76
18 1 17 23
18 1 18 61
18 1 19 71
18 1 20 75
18 1 21 18
18 1 22 4
18 1 23 3
18 1 24 53
18 1 25 1
18 1 26 59
18 1 27 56
18 1 28 73
18 1 29 47
18 1 30 8
18 2 0 6
18 2 1 15
18 2 2 4
18 2 3 78
18 2 4 82
18 2 5 37
18 2 6 26
18 2 7 77
18 2 8 83
18 2 9 53
18 2 10 84
18 2 11 76
18 2 12 68
18 2 13 10
18 2 14 48
18 2 15 75
18 2 16 25
18 2 17 32
18 2 18 70
18 2 19 35
18 2 20 0
18 2 21 23
18 2 22 30
18 2 23 79
18 2 24 27
18 2 25 51
18 2 26 80
18 2 27 42
18 2 28 39
18 2 29 22
18 2 30 45
18 3 0 13
18 3 1 5
18 3 2 77
18 3 3 81
18 3 4 43
18 3 5 11
18 3 6 76
18 3 7 82
18 3 8 26
18 3 9 32
18 3 10 75
18 3 11 67
18 3 12 90
18 3 13 53
18 3 14 33
18 3 15 10
18 3 16 60
18 3 17 58
18 3 18 73
18 3 19 1
18 3 20 21
18 3 21 30
18 3 22 42
18 3 23 14
18 3 24 31
18 3 25 46
18 3 26 38
18 3 27 87
18 3 28 9
18 3 29 72
18 3 30 6
18 4 0 18
18 4 1 76
18 4 2 43
18 4 3 55
18 4 4 13
18 4 5 75
18 4 6 81
18 4 7 90
18 4 8 56
18 4 9 74
18 4 10 44
18 4 11 89
18 4 12 41
18 4 13 73
18 4 14 27
18 4 15 31
18 4 16 33
18 4 17 45
18 4 18 8
18 4 19 3
18 4 20 15
18 4 21 38
18 4 22 28
18 4 23 57
18 4 24 78
18 4 25 49
18 4 26 54
18 4 27 4
18 4 28 71
18 4 29 2
18 4 30 1
18 5 0 75
18 5 1 79
18 5 2 87
18 5 3 0
18 5 4 44
18 5 5 43
18 5 6 89
18 5 7 53
18 5 8 73
18 5 9 65
18 5 10 88
18 5 11 66
18 5 12 42
18 5 13 13
18 5 14 39
18 5 15 48
18 5 16 61
18 5 17 17
18 5 18 1
18 5 19 15
18 5 20 38
18 5 21 29
18 5 22 54
18 5 23 77
18 5 24 69
18 5 25 35
18 5 26 7
18 5 27 70
18 5 28 20
18 5 29 25
18 5 30 2
18 6 0 47
18 6 1 45
18 6 2 22
18 6 3 73
18 6 4 79
18 6 5 88
18 6 6 80
18 6 7 72
18 6 8 64
18 6 9 48
18 6 10 54
18 6 11 49
18 6 12 11
18 6 13 32
18 6 14 66
18 6 15 40
18 6 16 27
18 6 17 18
18 6 18 6
18 6 19 58
18 6 20 14
18 6 21 35
18 6 22 76
18 6 23 68
18 6 24 60
18 6 25 30
18 6 26 51
18 6 27 0
18 6 28 5
18 6 29 8
18 6 30 43
18 7 0 60
18 7 1 25
18 7 2 38
18 7 3 42
18 7 4 49
18 7 5 34
18 7 6 71
18 7 7 63
18 7 8 86
18 7 9 51
18 7 10 52
18 7 11 3
18 7 12 48
18 7 13 59
18 7 14 69
18 7 15 9
18 7 16 10
18 7 17 13
18 7 18 74
18 7 19 12
18 7 20 31
18 7 21 75
18 7 22 67
18 7 23 83
18 7 24 6
18 7 25 50
18 7 26 23
18 7 27 14
18 7 28 29
18 7 29 73
18 7 30 56
18 8 0 22
18 8 1 51
18 8 2 58
18 8 3 86
18 8 4 78
18 8 5 70
18 8 6 62
18 8 7 85
18 8 8 46
18 8 9 69
18 8 10 20
18 8 11 87
18 8 12 31
18 8 13 68
18 8 14 21
18 8 15 5
18 8 16 7
18 8 17 57
18 8 18 10
18 8 19 53
18 8 20 36
18 8 21 61
18 8 22 82
18 8 23 30
18 8 24 52
18 8 25 28
18 8 26 0
18 8 27 24
18 8 28 49
18 8 29 45
18 8 30 39
18 9 0 56
18 9 1 42
18 9 2 85
18 9 3 77
18 9 4 69
18 9 5 47
18 9 6 84
18 9 7 55
18 9 8 68
18 9 9 30
18 9 10 51
18 9 11 54
18 9 12 67
18 9 13 28
18 9 14 4
18 9 15 3
18 9 16 72
18 9 17 5
18 9 18 34
18 9 19 73
18 9 20 65
18 9 21 81
18 9 22 27
18 9 23 66
18 9 24 26
18 9 25 17
18 9 26 8
18 9 27 37
18 9 28 48
18 9 29 83
18 9 30 11
18 10 0 46
18 10 1 84
18 10 2 76
18 10 3 68
18 10 4 14
18 10 5 41
18 10 6 39
18 10 7 67
18 10 8 5
18 10 9 61
18 10 10 40
18 10 11 59
18 10 12 20
18 10 13 12
18 10 14 11
18 10 15 71
18 10 16 22
18 10 17 87
18 10 18 56
18 10 19 64
18 10 20 51
18 10 21 6
18 10 22 38
18 10 23 9
18 10 24 24
18 10 25 7
18 10 26 32
18 10 27 74
18 10 28 82
18 10 29 1
18 10 30 69
18 11 0 31
18 11 1 75
18 11 2 67
18 11 3 90
18 11 4 61
18 11 5 44
18 11 6 55
18 11 7 26
18 11 8 59
18 11 9 36
18 11 10 65
18 11 11 11
18 11 12 10
18 11 13 18
18 11 14 70
18 11 15 0
18 11 16 46
18 11 17 51
18 11 18 63
18 11 19 79
18 11 20 7
18 11 21 33
18 11 22 13
18 11 23 1
18 11 24 23
18 11 25 69
18 11 26 42
18 11 27 81
18 11 28 25
18 11 29 68
18 11 30 74
18 12 0 49
18 12 1 66
18 12 2 89
18 12 3 35
18 12 4 33
18 12 5 65
18 12 6 18
18 12 7 83
18 12 8 40
18 12 9 64
18 12 10 24
18 12 11 9
18 12 12 13
18 12 13 37
18 12 14 20
18 12 15 61
18 12 16 57
18 12 17 62
18 12 18 50
18 12 19 30
18 12 20 54
18 12 21 7
18 12 22 12
18 12 23 16
18 12 24 68
18 12 25 72
18 12 26 34
18 12 27 27
18 12 28 67
18 12 29 39
18 12 30 59
18 13 0 65
18 13 1 88
18 13 2 80
18 13 3 50
18 13 4 64
18 13 5 27
18 13 6 82
18 13 7 57
18 13 8 63
18 13 9 24
18 13 10 23
18 13 11 21
18 13 12 33
18 13 13 20
18 13 14 61
18 13 15 69
18 13 16 48
18 13 17 52
18 13 18 19
18 13 19 36
18 13 20 4
18 13 21 28
18 13 22 14
18 13 23 67
18 13 24 71
18 13 25 79
18 13 26 9
18 13 27 43
18 13 28 72
18 13 29 37
18 13 30 73
18 14 0 55
18 14 1 52
18 14 2 54
18 14 3 63
18 14 4 15
18 14 5 81
18 14 6 32
18 14 7 62
18 14 8 12
18 14 9 29
18 14 10 28
18 14 11 61
18 14 12 25
18 14 13 83
18 14 14 68
18 14 15 16
18 14 16 31
18 14 17 27
18 14 18 58
18 14 19 19
18 14 20 30
18 14 21 20
18 14 22 50
18 14 23 70
18 14 24 41
18 14 25 21
18 14 26 65
18 14 27 71
18 14 28 80
18 14 29 40
18 14 30 64
18 15 0 78
18 15 1 87
18 15 2 62
18 15 3 29
18 15 4 41
18 15 5 55
18 15 6 33
18 15 7 24
18 15 8 28
18 15 9 17
18 15 10 66
18 15 11 7
18 15 12 82
18 15 13 67
18 15 14 90
18 15 15 34
18 15 16 18
18 15 17 53
18 15 18 21
18 15 19 0
18 15 20 19
18 15 21 65
18 15 22 35
18 15 23 58
18 15 24 15
18 15 25 64
18 15 26 70
18 15 27 46
18 15 28 43
18 15 29 63
18 15 30 86
18 16 0 45
18 16 1 41
18 16 2 8
18 16 3 79
18 16 4 87
18 16 5 17
18 16 6 7
18 16 7 3
18 16 8 19
18 16 9 42
18 16 10 4
18 16 11 81
18 16 12 46
18 16 13 89
18 16 14 74
18 16 15 1
18 16 16 52
18 16 17 15
18 16 18 23
18 16 19 6
18 16 20 64
18 16 21 57
18 16 22 51
18 16 23 24
18 16 24 63
18 16 25 38
18 16 26 78
18 16 27 32
18 16 28 62
18 16 29 85
18 16 30 77
18 17 0 2
18 17 1 26
18 17 2 39
18 17 3 58
18 17 4 90
18 17 5 25
18 17 6 1
18 17 7 12
18 17 8 60
18 17 9 21
18 17 10 36
18 17 11 65
18 17 12 88
18 17 13 31
18 17 14 13
18 17 15 38
18 17 16 28
18 17 17 3
18 17 18 11
18 17 19 63
18 17 20 40
18 17 21 59
18 17 22 5
18 17 23 62
18 17 24 54
18 17 25 77
18 17 26 69
18 17 27 49
18 17 28 84
18 17 29 76
18 17 30 44
18 18 0 26
18 18 1 47
18 18 2 41
18 18 3 89
18 18 4 20
18 18 5 3
18 18 6 17
18 18 7 46
18 18 8 14
18 18 9 79
18 18 10 64
18 18 11 52
18 18 12 72
18 18 13 22
18 18 14 56
18 18 15 19
18 18 16 2
18 18 17 16
18 18 18 62
18 18 19 66
18 18 20 74
18 18 21 10
18 18 22 57
18 18 23 53
18 18 24 76
18 18 25 68
18 18 26 18
18 18 27 35
18 18 28 75
18 18 29 60
18 18 30 90
18 19 0 40
18 19 1 32
18 19 2 88
18 19 3 25
18 19 4 2
18 19 5 8
18 19 6 45
18 19 7 23
18 19 8 33
18 19 9 63
18 19 10 86
18 19 11 71
18 19 12 15
18 19 13 87
18 19 14 24
18 19 15 4
18 19 16 11
18 19 17 34
18 19 18 43
18 19 19 57
18 19 20 10
18 19 21 3
18 19 22 66
18 19 23 75
18 19 24 67
18 19 25 90
18 19 26 55
18 19 27 52
18 19 28 83
18 19 29 89
18 19 30 0
18 20 0 83
18 20 1 48
18 20 2 30
18 20 3 13
18 20 4 21
18 20 5 40
18 20 6 4
18 20 7 36
18 20 8 62
18 20 9 85
18 20 10 70
18 20 11 1
18 20 12 37
18 20 13 17
18 20 14 2
18 20 15 29
18 20 16 19
18 20 17 35
18 20 18 72
18 20 19 28
18 20 20 90
18 20 21 44
18 20 22 46
18 20 23 43
18 20 24 89
18 20 25 58
18 20 26 73
18 20 27 82
18 20 28 88
18 20 29 12
18 20 30 57
18 21 0 86
18 21 1 17
18 21 2 5
18 21 3 15
18 21 4 31
18 21 5 18
18 21 6 46
18 21 7 50
18 21 8 84
18 21 9 37
18 21 10 29
18 21 11 34
18 21 12 19
18 21 13 8
18 21 14 12
18 21 15 90
18 21 16 41
18 21 17 71
18 21 18 7
18 21 19 89
18 21 20 48
18 21 21 73
18 21 22 65
18 21 23 88
18 21 24 80
18 21 25 61
18 21 26 81
18 21 27 55
18 21 28 21
18 21 29 74
18 21 30 82
18 22 0 16
18 22 1 6
18 22 2 17
18 22 3 44
18 22 4 9
18 22 5 48
18 22 6 20
18 22 7 41
18 22 8 37
18 22 9 11
18 22 10 61
18 22 11 8
18 22 12 7
18 22 13 24
18 22 14 89
18 22 15 58
18 22 16 70
18 22 17 21
18 22 18 88
18 22 19 34
18 22 20 32
18 22 21 64
18 22 22 87
18 22 23 49
18 22 24 39
18 22 25 59
18 22 26 86
18 22 27 15
18 22 28 33
18 22 29 81
18 22 30 85
18 23 0 8
18 23 1 1
18 23 2 34
18 23 3 17
18 23 4 74
18 23 5 90
18 23 6 47
18 23 7 52
18 23 8 16
18 23 9 83
18 23 10 15
18 23 11 13
18 23 12 12
18 23 13 88
18 23 14 31
18 23 15 39
18 23 16 9
18 23 17 43
18 23 18 54
18 23 19 37
18 23 20 63
18 23 21 86
18 23 22 78
18 23 23 36
18 23 24 79
18 23 25 85
18 23 26 27
18 23 27 72
18 23 28 56
18 23 29 84
18 23 30 22
18 24 0 29
18 24 1 60
18 24 2 6
18 24 3 47
18 24 4 89
18 24 5 42
18 24 6 66
18 24 7 16
18 24 8 82
18 24 9 23
18 24 10 27
18 24 11 12
18 24 12 39
18 24 13 58
18 24 14 37
18 24 15 18
18 24 16 86
18 24 17 59
18 24 18 57
18 24 19 62
18 24 20 85
18 24 21 77
18 24 22 69
18 24 23 52
18 24 24 84
18 24 25 9
18 24 26 71
18 24 27 79
18 24 28 35
18 24 29 20
18 24 30 24
18 25 0 87
18 25 1 29
18 25 2 72
18 25 3 88
18 25 4 80
18 25 5 33
18 25 6 5
18 25 7 81
18 25 8 18
18 25 9 26
18 25 10 25
18 25 11 86
18 25 12 44
18 25 13 47
18 25 14 10
18 25 15 85
18 25 16 43
18 25 17 69
18 25 18 51
18 25 19 84
18 25 20 76
18 25 21 68
18 25 22 56
18 25 23 42
18 25 24 11
18 25 25 70
18 25 26 50
18 25 27 61
18 25 28 13
18 25 29 4
18 25 30 23
18 26 0 30
18 26 1 71
18 26 2 37
18 26 3 31
18 26 4 45
18 26 5 14
18 26 6 41
18 26 7 25
18 26 8 24
18 26 9 16
18 26 10 85
18 26 11 36
18 26 12 66
18 26 13 0
18 26 14 84
18 26 15 52
18 26 16 68
18 26 17 22
18 26 18 83
18 26 19 75
18 26 20 67
18 26 21 40
18 26 22 47
18 26 23 4
18 26 24 59
18 26 25 53
18 26 26 49
18 26 27 29
18 26 28 12
18 26 29 27
18 26 30 46
18 27 0 70
18 27 1 86
18 27 2 78
18 27 3 36
18 27 4 0
18 27 5 79
18 27 6 2
18 27 7 1
18 27 8 8
18 27 9 84
18 27 10 39
18 27 11 50
18 27 12 6
18 27 13 46
18 27 14 47
18 27 15 67
18 27 16 90
18 27 17 82
18 27 18 33
18 27 19 49
18 27 20 56
18 27 21 60
18 27 22 25
18 27 23 38
18 27 24 42
18 27 25 80
18 27 26 28
18 27 27 19
18 27 28 10
18 27 29 48
18 27 30 9
18 28 0 85
18 28 1 77
18 28 2 32
18 28 3 26
18 28 4 40
18 28 5 29
18 28 6 0
18 28 7 15
18 28 8 58
18 28 9 87
18 28 10 35
18 28 11 16
18 28 12 49
18 28 13 44
18 28 14 50
18 28 15 89
18 28 16 81
18 28 17 73
18 28 18 65
18 28 19 74
18 28 20 80
18 28 21 14
18 28 22 53
18 28 23 51
18 28 24 55
18 28 25 12
18 28 26 5
18 28 27 8
18 28 28 47
18 28 29 6
18 28 30 38
18 29 0 76
18 29 1 44
18 29 2 24
18 29 3 60
18 29 4 23
18 29 5 26
18 29 6 27
18 29 7 37
18 29 8 50
18 29 9 59
18 29 10 2
18 29 11 56
18 29 12 87
18 29 13 65
18 29 14 88
18 29 15 80
18 29 16 45
18 29 17 64
18 29 18 55
18 29 19 54
18 29 20 11
18 29 21 66
18 29 22 74
18 29 23 78
18 29 24 7
18 29 25 22
18 29 26 13
18 29 27 83
18 29 28 30
18 29 29 32
18 29 30 84
18 30 0 41
18 30 1 22
18 30 2 60
18 30 3 30
18 30 4 18
18 30 5 9
18 30 6 53
18 30 7 34
18 30 8 36
18 30 9 25
18 30 10 80
18 30 11 57
18 30 12 64
18 30 13 54
18 30 14 79
18 30 15 42
18 30 16 63
18 30 17 72
18 30 18 78
18 30 19 14
18 30 20 43
18 30 21 55
18 30 22 77
18 30 23 28
18 30 24 0
18 30 25 5
18 30 26 82
18 30 27 6
18 30 28 44
18 30 29 49
18 30 30 75
19 0 0 61
19 0 1 0
19 0 2 19
19 0 3 10
19 0 4 54
19 0 5 35
19 0 6 37
19 0 7 26
19 0 8 80
19 0 9 58
19 0 10 64
19 0 11 55
19 0 12 79
19 0 13 43
19 0 14 63
19 0 15 72
19 0 16 78
19 0 17 15
19 0 18 44
19 0 19 56
19 0 20 77
19 0 21 29
19 0 22 1
19 0 23 6
19 0 24 82
19 0 25 7
19 0 26 45
19 0 27 50
19 0 28 75
19 0 29 42
19 0 30 23
19 1 0 22
19 1 1 5
19 1 2 20
19 1 3 80
19 1 4 41
19 1 5 39
19 1 6 24
19 1 7 35
19 1 8 46
19 1 9 63
19 1 10 86
19 1 11 78
19 1 12 36
19 1 13 62
19 1 14 71
19 1 15 77
19 1 16 6
19 1 17 56
19 1 18 72
19 1 19 76
19 1 20 4
19 1 21 12
19 1 22 17
19 1 23 81
19 1 24 30
19 1 25 66
19 1 26 61
19 1 27 53
19 1 28 37
19 1 29 8
19 1 30 57
19 2 0 3
19 2 1 29
19 2 2 33
19 2 3 83
19 2 4 36
19 2 5 10
19 2 6 78
19 2 7 51
19 2 8 62
19 2 9 85
19 2 10 77
19 2 11 69
19 2 12 46
19 2 13 70
19 2 14 76
19 2 15 24
19 2 16 31
19 2 17 71
19 2 18 75
19 2 19 19
19 2 20 5
19 2 21 4
19 2 22 54
19 2 23 2
19 2 24 60
19 2 25 57
19 2 26 73
19 2 27 48
19 2 28 9
19 2 29 74
19 2 30 22
19 3 0 5
19 3 1 78
19 3 2 82
19 3 3 38
19 3 4 27
19 3 5 77
19 3 6 83
19 3 7 54
19 3 8 84
19 3 9 76
19 3 10 68
19 3 11 11
19 3 12 49
19 3 13 75
19 3 14 26
19 3 15 33
19 3 16 70
19 3 17 36
19 3 18 1
19 3 19 24
19 3 20 0
19 3 21 79
19 3 22 28
19 3 23 52
19 3 24 80
19 3 25 43
19 3 26 40
19 3 27 23
19 3 28 46
19 3 29 7
19 3 30 16
19 4 0 77
19 4 1 81
19 4 2 44
19 4 3 12
19 4 4 76
19 4 5 82
19 4 6 27
19 4 7 33
19 4 8 75
19 4 9 67
19 4 10 90
19 4 11 54
19 4 12 34
19 4 13 11
19 4 14 61
19 4 15 59
19 4 16 73
19 4 17 2
19 4 18 22
19 4 19 0
19 4 20 43
19 4 21 15
19 4 22 32
19 4 23 47
19 4 24 39
19 4 25 87
19 4 26 10
19 4 27 72
19 4 28 7
19 4 29 14
19 4 30 6
19 5 0 44
19 5 1 56
19 5 2 14
19 5 3 75
19 5 4 81
19 5 5 90
19 5 6 57
19 5 7 74
19 5 8 45
19 5 9 89
19 5 10 42
19 5 11 73
19 5 12 28
19 5 13 32
19 5 14 34
19 5 15 46
19 5 16 9
19 5 17 4
19 5 18 16
19 5 19 39
19 5 20 29
19 5 21 58
19 5 22 78
19 5 23 50
19 5 24 55
19 5 25 5
19 5 26 71
19 5 27 3
19 5 28 2
19 5 29 19
19 5 30 76
19 6 0 87
19 6 1 1
19 6 2 45
19 6 3 44
19 6 4 89
19 6 5 54
19 6 6 73
19 6 7 65
19 6 8 88
19 6 9 66
19 6 10 43
19 6 11 14
19 6 12 40
19 6 13 49
19 6 14 31
19 6 15 18
19 6 16 2
19 6 17 16
19 6 18 39
19 6 19 30
19 6 20 55
19 6 21 77
19 6 22 69
19 6 23 36
19 6 24 8
19 6 25 70
19 6 26 21
19 6 27 26
19 6 28 3
19 6 29 75
19 6 30 79
19 7 0 23
19 7 1 73
19 7 2 79
19 7 3 88
19 7 4 80
19 7 5 72
19 7 6 64
19 7 7 49
19 7 8 55
19 7 9 50
19 7 10 12
19 7 11 33
19 7 12 66
19 7 13 41
19 7 14 28
19 7 15 19
19 7 16 7
19 7 17 59
19 7 18 15
19 7 19 36
19 7 20 76
19 7 21 68
19 7 22 61
19 7 23 0
19 7 24 52
19 7 25 1
19 7 26 6
19 7 27 9
19 7 28 44
19 7 29 48
19 7 30 46
19 8 0 39
19 8 1 43
19 8 2 50
19 8 3 35
19 8 4 71
19 8 5 63
19 8 6 86
19 8 7 52
19 8 8 53
19 8 9 4
19 8 10 49
19 8 11 60
19 8 12 69
19 8 13 10
19 8 14 11
19 8 15 14
19 8 16 74
19 8 17 13
19 8 18 32
19 8 19 75
19 8 20 67
19 8 21 83
19 8 22 7
19 8 23 51
19 8 24 24
19 8 25 15
19 8 26 30
19 8 27 73
19 8 28 57
19 8 29 61
19 8 30 26
19 9 0 59
19 9 1 86
19 9 2 78
19 9 3 70
19 9 4 62
19 9 5 85
19 9 6 47
19 9 7 69
19 9 8 21
19 9 9 87
19 9 10 32
19 9 11 68
19 9 12 22
19 9 13 6
19 9 14 8
19 9 15 58
19 9 16 11
19 9 17 54
19 9 18 37
19 9 19 31
19 9 20 82
19 9 21 0
19 9 22 53
19 9 23 29
19 9 24 1
19 9 25 25
19 9 26 50
19 9 27 46
19 9 28 40
19 9 29 23
19 9 30 52
19 10 0 85
19 10 1 77
19 10 2 69
19 10 3 48
19 10 4 84
19 10 5 56
19 10 6 68
19 10 7 0
19 10 8 52
19 10 9 55
19 10 10 67
19 10 11 29
19 10 12 5
19 10 13 4
19 10 14 72
19 10 15 6
19 10 16 35
19 10 17 73
19 10 18 65
19 10 19 81
19 10 20 28
19 10 21 66
19 10 22 27
19 10 23 18
19 10 24 9
19 10 25 38
19 10 26 49
19 10 27 83
19 10 28 12
19 10 29 57
19 10 30 43
19 11 0 76
19 11 1 68
19 11 2 15
19 11 3 42
19 11 4 40
19 11 5 67
19 11 6 6
19 11 7 31
19 11 8 41
19 11 9 60
19 11 10 21
19 11 11 13
19 11 12 12
19 11 13 71
19 11 14 23
19 11 15 87
19 11 16 57
19 11 17 64
19 11 18 52
19 11 19 7
19 11 20 39
19 11 21 10
19 11 22 25
19 11 23 8
19 11 24 33
19 11 25 74
19 11 26 82
19 11 27 2
19 11 28 69
19 11 29 47
19 11 30 84
19 12 0 67
19 12 1 90
19 12 2 31
19 12 3 45
19 12 4 56
19 12 5 27
19 12 6 60
19 12 7 37
19 12 8 65
19 12 9 12
19 12 10 11
19 12 11 19
19 12 12 70
19 12 13 1
19 12 14 47
19 12 15 52
19 12 16 63
19 12 17 79
19 12 18 8
19 12 19 34
19 12 20 14
19 12 21 2
19 12 22 24
19 12 23 69
19 12 24 43
19 12 25 81
19 12 26 26
19 12 27 68
19 12 28 74
19 12 29 32
19 12 30 75
19 13 0 89
19 13 1 36
19 13 2 34
19 13 3 65
19 13 4 19
19 13 5 83
19 13 6 41
19 13 7 64
19 13 8 25
19 13 9 10
19 13 10 14
19 13 11 38
19 13 12 21
19 13 13 31
19 13 14 58
19 13 15 62
19 13 16 51
19 13 17 0
19 13 18 55
19 13 19 8
19 13 20 13
19 13 21 17
19 13 22 68
19 13 23 72
19 13 24 35
19 13 25 28
19 13 26 67
19 13 27 40
19 13 28 60
19 13 29 50
19 13 30 66
19 14 0 80
19 14 1 51
19 14 2 64
19 14 3 28
19 14 4 82
19 14 5 58
19 14 6 63
19 14 7 25
19 14 8 24
19 14 9 22
19 14 10 34
19 14 11 21
19 14 12 31
19 14 13 69
19 14 14 49
19 14 15 53
19 14 16 20
19 14 17 37
19 14 18 5
19 14 19 29
19 14 20 15
19 14 21 67
19 14 22 71
19 14 23 79
19 14 24 10
19 14 25 44
19 14 26 72
19 14 27 38
19 14 28 73
19 14 29 65
19 14 30 88
19 15 0 55
19 15 1 63
19 15 2 16
19 15 3 81
19 15 4 33
19 15 5 62
19 15 6 13
19 15 7 30
19 15 8 29
19 15 9 31
19 15 10 26
19 15 11 83
19 15 12 68
19 15 13 17
19 15 14 32
19 15 15 28
19 15 16 59
19 15 17 20
19 15 18 0
19 15 19 21
19 15 20 51
19 15 21 70
19 15 22 42
19 15 23 22
19 15 24 65
19 15 25 71
19 15 26 80
19 15 27 41
19 15 28 64
19 15 29 56
19 15 30 53
19 16 0 62
19 16 1 30
19 16 2 42
19 16 3 56
19 16 4 34
19 16 5 25
19 16 6 29
19 16 7 18
19 16 8 66
19 16 9 8
19 16 10 82
19 16 11 67
19 16 12 90
19 16 13 35
19 16 14 19
19 16 15 54
19 16 16 22
19 16 17 1
19 16 18 20
19 16 19 65
19 16 20 36
19 16 21 59
19 16 22 16
19 16 23 64
19 16 24 70
19 16 25 47
19 16 26 44
19 16 27 63
19 16 28 86
19 16 29 78
19 16 30 87
19 17 0 9
19 17 1 79
19 17 2 87
19 17 3 18
19 17 4 8
19 17 5 4
19 17 6 20
19 17 7 43
19 17 8 5
19 17 9 81
19 17 10 47
19 17 11 89
19 17 12 74
19 17 13 2
19 17 14 53
19 17 15 16
19 17 16 24
19 17 17 7
19 17 18 64
19 17 19 58
19 17 20 52
19 17 21 25
19 17 22 63
19 17 23 39
19 17 24 78
19 17 25 33
19 17 26 62
19 17 27 85
19 17 28 77
19 17 29 46
19 17 30 42
19 18 0 40
19 18 1 59
19 18 2 90
19 18 3 26
19 18 4 2
19 18 5 13
19 18 6 61
19 18 7 22
19 18 8 37
19 18 9 65
19 18 10 88
19 18 11 32
19 18 12 14
19 18 13 39
19 18 14 29
19 18 15 4
19 18 16 12
19 18 17 63
19 18 18 41
19 18 19 60
19 18 20 6
19 18 21 62
19 18 22 55
19 18 23 77
19 18 24 69
19 18 25 50
19 18 26 84
19 18 27 76
19 18 28 45
19 18 29 3
19 18 30 27
19 19 0 42
19 19 1 89
19 19 2 21
19 19 3 4
19 19 4 18
19 19 5 47
19 19 6 15
19 19 7 79
19 19 8 64
19 19 9 53
19 19 10 72
19 19 11 23
19 19 12 57
19 19 13 20
19 19 14 3
19 19 15 17
19 19 16 62
19 19 17 66
19 19 18 74
19 19 19 11
19 19 20 58
19 19 21 54
19 19 22 76
19 19 23 68
19 19 24 19
19 19 25 36
19 19 26 75
19 19 27 61
19 19 28 90
19 19 29 27
19 19 30 48
19 20 0 88
19 20 1 26
19 20 2 3
19 20 3 9
19 20 4 46
19 20 5 24
19 20 6 34
19 20 7 63
19 20 8 86
19 20 9 71
19 20 10 16
19 20 11 87
19 20 12 25
19 20 13 5
19 20 14 12
19 20 15 35
19 20 16 44
19 20 17 58
19 20 18 11
19 20 19 4
19 20 20 66
19 20 21 75
19 20 22 67
19 20 23 90
19 20 24 56
19 20 25 53
19 20 26 83
19 20 27 89
19 20 28 1
19 20 29 41
19 20 30 33
19 21 0 0
19 21 1 14
19 21 2 22
19 21 3 41
19 21 4 5
19 21 5 37
19 21 6 62
19 21 7 85
19 21 8 70
19 21 9 2
19 21 10 38
19 21 11 18
19 21 12 3
19 21 13 30
19 21 14 20
19 21 15 36
19 21 16 72
19 21 17 29
19 21 18 90
19 21 19 45
19 21 20 47
19 21 21 44
19 21 22 89
19 21 23 59
19 21 24 73
19 21 25 82
19 21 26 88
19 21 27 13
19 21 28 58
19 21 29 83
19 21 30 49
19 22 0 6
19 22 1 16
19 22 2 32
19 22 3 19
19 22 4 47
19 22 5 51
19 22 6 84
19 22 7 38
19 22 8 30
19 22 9 35
19 22 10 20
19 22 11 9
19 22 12 13
19 22 13 90
19 22 14 42
19 22 15 71
19 22 16 8
19 22 17 89
19 22 18 49
19 22 19 73
19 22 20 65
19 22 21 88
19 22 22 80
19 22 23 31
19 22 24 81
19 22 25 56
19 22 26 22
19 22 27 74
19 22 28 82
19 22 29 86
19 22 30 18
19 23 0 18
19 23 1 45
19 23 2 10
19 23 3 49
19 23 4 21
19 23 5 42
19 23 6 38
19 23 7 12
19 23 8 31
19 23 9 9
19 23 10 8
19 23 11 25
19 23 12 89
19 23 13 59
19 23 14 70
19 23 15 22
19 23 16 88
19 23 17 35
19 23 18 33
19 23 19 64
19 23 20 87
19 23 21 50
19 23 22 40
19 23 23 60
19 23 24 86
19 23 25 16
19 23 26 34
19 23 27 81
19 23 28 85
19 23 29 17
19 23 30 7
19 24 0 35
19 24 1 18
19 24 2 74
19 24 3 90
19 24 4 48
19 24 5 53
19 24 6 17
19 24 7 83
19 24 8 16
19 24 9 14
19 24 10 13
19 24 11 88
19 24 12 32
19 24 13 40
19 24 14 10
19 24 15 44
19 24 16 55
19 24 17 38
19 24 18 63
19 24 19 86
19 24 20 78
19 24 21 37
19 24 22 79
19 24 23 85
19 24 24 28
19 24 25 72
19 24 26 57
19 24 27 84
19 24 28 23
19 24 29 9
19 24 30 2
19 25 0 7
19 25 1 48
19 25 2 89
19 25 3 43
19 25 4 66
19 25 5 17
19 25 6 82
19 25 7 24
19 25 8 28
19 25 9 13
19 25 10 40
19 25 11 59
19 25 12 38
19 25 13 19
19 25 14 86
19 25 15 60
19 25 16 58
19 25 17 62
19 25 18 85
19 25 19 77
19 25 20 69
19 25 21 53
19 25 22 84
19 25 23 10
19 25 24 71
19 25 25 79
19 25 26 36
19 25 27 21
19 25 28 25
19 25 29 30
19 25 30 61
19 26 0 72
19 26 1 88
19 26 2 80
19 26 3 34
19 26 4 6
19 26 5 81
19 26 6 19
19 26 7 27
19 26 8 26
19 26 9 86
19 26 10 45
19 26 11 48
19 26 12 11
19 26 13 85
19 26 14 44
19 26 15 69
19 26 16 52
19 26 17 84
19 26 18 76
19 26 19 68
19 26 20 57
19 26 21 43
19 26 22 12
19 26 23 70
19 26 24 51
19 26 25 31
19 26 26 14
19 26 27 5
19 26 28 24
19 26 29 87
19 26 30 30
19 27 0 38
19 27 1 32
19 27 2 46
19 27 3 15
19 27 4 42
19 27 5 26
19 27 6 25
19 27 7 17
19 27 8 85
19 27 9 37
19 27 10 66
19 27 11 1
19 27 12 84
19 27 13 53
19 27 14 68
19 27 15 23
19 27 16 83
19 27 17 75
19 27 18 67
19 27 19 41
19 27 20 48
19 27 21 5
19 27 22 60
19 27 23 54
19 27 24 50
19 27 25 30
19 27 26 13
19 27 27 28
19 27 28 47
19 27 29 0
19 27 30 71
19 28 0 78
19 28 1 37
19 28 2 1
19 28 3 79
19 28 4 3
19 28 5 2
19 28 6 9
19 28 7 84
19 28 8 40
19 28 9 51
19 28 10 7
19 28 11 47
19 28 12 48
19 28 13 67
19 28 14 90
19 28 15 82
19 28 16 34
19 28 17 50
19 28 18 57
19 28 19 61
19 28 20 26
19 28 21 39
19 28 22 43
19 28 23 80
19 28 24 29
19 28 25 20
19 28 26 11
19 28 27 49
19 28 28 10
19 28 29 70
19 28 30 86
19 29 0 33
19 29 1 27
19 29 2 41
19 29 3 30
19 29 4 1
19 29 5 16
19 29 6 59
19 29 7 87
19 29 8 36
19 29 9 17
19 29 10 50
19 29 11 45
19 29 12 51
19 29 13 89
19 29 14 81
19 29 15 73
19 29 16 65
19 29 17 74
19 29 18 80
19 29 19 15
19 29 20 54
19 29 21 52
19 29 22 56
19 29 23 13
19 29 24 6
19 29 25 9
19 29 26 48
19 29 27 7
19 29 28 39
19 29 29 85
19 29 30 77
19 30 0 25
19 30 1 61
19 30 2 24
19 30 3 27
19 30 4 28
19 30 5 38
19 30 6 51
19 30 7 60
19 30 8 3
19 30 9 57
19 30 10 87
19 30 11 65
19 30 12 88
19 30 13 80
19 30 14 46
19 30 15 64
19 30 16 56
19 30 17 55
19 30 18 12
19 30 19 66
19 30 20 74
19 30 21 78
19 30 22 8
19 30 23 23
19 30 24 14
19 30 25 83
19 30 26 0
19 30 27 33
19 30 28 84
19 30 29 76
19 30 30 45
20 0 0 25
20 0 1 28
20 0 2 29
20 0 3 39
20 0 4 52
20 0 5 61
20 0 6 4
20 0 7 58
20 0 8 87
20 0 9 65
20 0 10 88
20 0 11 80
20 0 12 47
20 0 13 64
20 0 14 57
20 0 15 56
20 0 16 13
20 0 17 66
20 0 18 74
20 0 19 78
20 0 20 9
20 0 21 24
20 0 22 15
20 0 23 83
20 0 24 1
20 0 25 34
20 0 26 84
20 0 27 76
20 0 28 46
20 0 29 26
20 0 30 31
20 1 0 20
20 1 1 11
20 1 2 55
20 1 3 36
20 1 4 38
20 1 5 27
20 1 6 80
20 1 7 59
20 1 8 64
20 1 9 56
20 1 10 79
20 1 11 44
20 1 12 63
20 1 13 72
20 1 14 78
20 1 15 16
20 1 16 45
20 1 17 57
20 1 18 77
20 1 19 30
20 1 20 2
20 1 21 7
20 1 22 82
20 1 23 8
20 1 24 46
20 1 25 51
20 1 26 75
20 1 27 43
20 1 28 24
20 1 29 31
20 1 30 1
20 2 0 21
20 2 1 80
20 2 2 42
20 2 3 40
20 2 4 25
20 2 5 36
20 2 6 47
20 2 7 63
20 2 8 86
20 2 9 78
20 2 10 37
20 2 11 62
20 2 12 71
20 2 13 77
20 2 14 7
20 2 15 57
20 2 16 72
20 2 17 76
20 2 18 5
20 2 19 13
20 2 20 18
20 2 21 81
20 2 22 0
20 2 23 66
20 2 24 31
20 2 25 54
20 2 26 38
20 2 27 9
20 2 28 58
20 2 29 23
20 2 30 6
20 3 0 34
20 3 1 83
20 3 2 37
20 3 3 11
20 3 4 78
20 3 5 52
20 3 6 62
20 3 7 85
20 3 8 77
20 3 9 69
20 3 10 47
20 3 11 70
20 3 12 76
20 3 13 25
20 3 14 32
20 3 15 71
20 3 16 75
20 3 17 20
20 3 18 6
20 3 19 5
20 3 20 55
20 3 21 3
20 3 22 61
20 3 23 58
20 3 24 73
20 3 25 49
20 3 26 10
20 3 27 74
20 3 28 23
20 3 29 4
20 3 30 30
20 4 0 82
20 4 1 39
20 4 2 28
20 4 3 77
20 4 4 83
20 4 5 55
20 4 6 84
20 4 7 76
20 4 8 68
20 4 9 12
20 4 10 50
20 4 11 75
20 4 12 27
20 4 13 34
20 4 14 70
20 4 15 37
20 4 16 2
20 4 17 25
20 4 18 1
20 4 19 79
20 4 20 29
20 4 21 53
20 4 22 80
20 4 23 44
20 4 24 41
20 4 25 24
20 4 26 47
20 4 27 8
20 4 28 17
20 4 29 6
20 4 30 78
20 5 0 45
20 5 1 13
20 5 2 76
20 5 3 82
20 5 4 28
20 5 5 34
20 5 6 75
20 5 7 67
20 5 8 90
20 5 9 55
20 5 10 35
20 5 11 12
20 5 12 31
20 5 13 60
20 5 14 73
20 5 15 3
20 5 16 23
20 5 17 1
20 5 18 44
20 5 19 16
20 5 20 33
20 5 21 48
20 5 22 40
20 5 23 87
20 5 24 11
20 5 25 72
20 5 26 8
20 5 27 15
20 5 28 7
20 5 29 77
20 5 30 81
20 6 0 15
20 6 1 75
20 6 2 81
20 6 3 90
20 6 4 58
20 6 5 74
20 6 6 46
20 6 7 89
20 6 8 43
20 6 9 73
20 6 10 29
20 6 11 33
20 6 12 35
20 6 13 47
20 6 14 10
20 6 15 5
20 6 16 17
20 6 17 40
20 6 18 30
20 6 19 59
20 6 20 78
20 6 21 51
20 6 22 56
20 6 23 6
20 6 24 71
20 6 25 4
20 6 26 3
20 6 27 20
20 6 28 76
20 6 29 45
20 6 30 57
20 7 0 46
20 7 1 45
20 7 2 89
20 7 3 55
20 7 4 73
20 7 5 65
20 7 6 88
20 7 7 66
20 7 8 44
20 7 9 15
20 7 10 41
20 7 11 50
20 7 12 32
20 7 13 19
20 7 14 3
20 7 15 17
20 7 16 40
20 7 17 0
20 7 18 56
20 7 19 77
20 7 20 69
20 7 21 37
20 7 22 9
20 7 23 70
20 7 24 22
20 7 25 27
20 7 26 4
20 7 27 75
20 7 28 79
20 7 29 87
20 7 30 2
20 8 0 79
20 8 1 88
20 8 2 80
20 8 3 72
20 8 4 64
20 8 5 50
20 8 6 56
20 8 7 51
20 8 8 13
20 8 9 34
20 8 10 66
20 8 11 42
20 8 12 29
20 8 13 20
20 8 14 8
20 8 15 60
20 8 16 16
20 8 17 37
20 8 18 76
20 8 19 68
20 8 20 31
20 8 21 1
20 8 22 53
20 8 23 2
20 8 24 7
20 8 25 10
20 8 26 45
20 8 27 49
20 8 28 47
20 8 29 24
20 8 30 73
20 9 0 51
20 9 1 36
20 9 2 71
20 9 3 63
20 9 4 86
20 9 5 53
20 9 6 54
20 9 7 5
20 9 8 50
20 9 9 61
20 9 10 69
20 9 11 11
20 9 12 12
20 9 13 15
20 9 14 74
20 9 15 14
20 9 16 33
20 9 17 75
20 9 18 67
20 9 19 83
20 9 20 8
20 9 21 52
20 9 22 25
20 9 23 16
20 9 24 0
20 9 25 73
20 9 26 58
20 9 27 31
20 9 28 27
20 9 29 40
20 9 30 44
20 10 0 78
20 10 1 70
20 10 2 62
20 10 3 85
20 10 4 48
20 10 5 69
20 10 6 22
20 10 7 87
20 10 8 33
20 10 9 68
20 10 10 23
20 10 11 7
20 10 12 9
20 10 13 59
20 10 14 12
20 10 15 55
20 10 16 38
20 10 17 32
20 10 18 82
20 10 19 1
20 10 20 54
20 10 21 30
20 10 22 2
20 10 23 26
20 10 24 51
20 10 25 47
20 10 26 41
20 10 27 24
20 10 28 53
20 10 29 60
20 10 30 86
20 11 0 69
20 11 1 49
20 11 2 84
20 11 3 57
20 11 4 68
20 11 5 1
20 11 6 53
20 11 7 56
20 11 8 67
20 11 9 30
20 11 10 6
20 11 11 5
20 11 12 72
20 11 13 7
20 11 14 36
20 11 15 73
20 11 16 65
20 11 17 81
20 11 18 29
20 11 19 66
20 11 20 28
20 11 21 19
20 11 22 10
20 11 23 39
20 11 24 50
20 11 25 83
20 11 26 13
20 11 27 58
20 11 28 44
20 11 29 85
20 11 30 77
20 12 0 16
20 12 1 43
20 12 2 41
20 12 3 67
20 12 4 7
20 12 5 32
20 12 6 42
20 12 7 61
20 12 8 22
20 12 9 14
20 12 10 13
20 12 11 71
20 12 12 24
20 12 13 87
20 12 14 58
20 12 15 64
20 12 16 53
20 12 17 8
20 12 18 40
20 12 19 11
20 12 20 26
20 12 21 9
20 12 22 34
20 12 23 74
20 12 24 82
20 12 25 3
20 12 26 69
20 12 27 48
20 12 28 84
20 12 29 76
20 12 30 68
20 13 0 32
20 13 1 46
20 13 2 57
20 13 3 28
20 13 4 61
20 13 5 38
20 13 6 65
20 13 7 13
20 13 8 12
20 13 9 20
20 13 10 70
20 13 11 2
20 13 12 48
20 13 13 53
20 13 14 63
20 13 15 79
20 13 16 9
20 13 17 35
20 13 18 15
20 13 19 3
20 13 20 25
20 13 21 69
20 13 22 44
20 13 23 81
20 13 24 27
20 13 25 68
20 13 26 74
20 13 27 33
20 13 28 75
20 13 29 67
20 13 30 90
20 14 0 35
20 14 1 65
20 14 2 20
20 14 3 83
20 14 4 42
20 14 5 64
20 14 6 26
20 14 7 11
20 14 8 15
20 14 9 39
20 14 10 22
20 14 11 32
20 14 12 59
20 14 13 62
20 14 14 52
20 14 15 1
20 14 16 56
20 14 17 9
20 14 18 14
20 14 19 18
20 14 20 68
20 14 21 72
20 14 22 36
20 14 23 29
20 14 24 67
20 14 25 41
20 14 26 61
20 14 27 51
20 14 28 66
20 14 29 89
20 14 30 37
20 15 0 64
20 15 1 29
20 15 2 82
20 15 3 59
20 15 4 63
20 15 5 26
20 15 6 25
20 15 7 23
20 15 8 35
20 15 9 22
20 15 10 32
20 15 11 69
20 15 12 50
20 15 13 54
20 15 14 21
20 15 15 38
20 15 16 6
20 15 17 30
20 15 18 16
20 15 19 67
20 15 20 71
20 15 21 79
20 15 22 11
20 15 23 45
20 15 24 72
20 15 25 39
20 15 26 73
20 15 27 65
20 15 28 88
20 15 29 80
20 15 30 52
20 16 0 17
20 16 1 81
20 16 2 34
20 16 3 62
20 16 4 14
20 16 5 0
20 16 6 30
20 16 7 32
20 16 8 27
20 16 9 83
20 16 10 68
20 16 11 18
20 16 12 33
20 16 13 29
20 16 14 60
20 16 15 21
20 16 16 1
20 16 17 22
20 16 18 52
20 16 19 70
20 16 20 43
20 16 21 23
20 16 22 65
20 16 23 71
20 16 24 80
20 16 25 42
20 16 26 64
20 16 27 57
20 16 28 54
20 16 29 56
20 16 30 63
20 17 0 43
20 17 1 57
20 17 2 35
20 17 3 26
20 17 4 30
20 17 5 19
20 17 6 66
20 17 7 9
20 17 8 82
20 17 9 67
20 17 10 90
20 17 11 36
20 17 12 20
20 17 13 55
20 17 14 23
20 17 15 2
20 17 16 21
20 17 17 65
20 17 18 37
20 17 19 60
20 17 20 17
20 17 21 64
20 17 22 70
20 17 23 48
20 17 24 45
20 17 25 63
20 17 26 86
20 17 27 78
20 17 28 87
20 17 29 62
20 17 30 0
20 18 0 87
20 18 1 19
20 18 2 9
20 18 3 5
20 18 4 21
20 18 5 44
20 18 6 6
20 18 7 81
20 18 8 48
20 18 9 89
20 18 10 74
20 18 11 3
20 18 12 54
20 18 13 17
20 18 14 25
20 18 15 8
20 18 16 64
20 18 17 59
20 18 18 53
20 18 19 26
20 18 20 63
20 18 21 40
20 18 22 78
20 18 23 34
20 18 24 62
20 18 25 85
20 18 26 77
20 18 27 47
20 18 28 43
20 18 29 10
20 18 30 79
20 19 0 90
20 19 1 27
20 19 2 3
20 19 3 14
20 19 4 31
20 19 5 23
20 19 6 38
20 19 7 65
20 19 8 88
20 19 9 33
20 19 10 15
20 19 11 40
20 19 12 30
20 19 13 5
20 19 14 13
20 19 15 63
20 19 16 42
20 19 17 61
20 19 18 7
20 19 19 62
20 19 20 56
20 19 21 77
20 19 22 69
20 19 23 51
20 19 24 84
20 19 25 76
20 19 26 46
20 19 27 4
20 19 28 28
20 19 29 41
20 19 30 60
20 20 0 22
20 20 1 5
20 20 2 19
20 20 3 48
20 20 4 16
20 20 5 79
20 20 6 64
20 20 7 54
20 20 8 72
20 20 9 24
20 20 10 58
20 20 11 21
20 20 12 4
20 20 13 18
20 20 14 62
20 20 15 66
20 20 16 74
20 20 17 12
20 20 18 59
20 20 19 55
20 20 20 76
20 20 21 68
20 20 22 20
20 20 23 37
20 20 24 75
20 20 25 31
20 20 26 90
20 20 27 28
20 20 28 49
20 20 29 43
20 20 30 89
20 21 0 4
20 21 1 10
20 21 2 47
20 21 3 25
20 21 4 35
20 21 5 63
20 21 6 86
20 21 7 71
20 21 8 17
20 21 9 87
20 21 10 26
20 21 11 6
20 21 12 13
20 21 13 36
20 21 14 45
20 21 15 59
20 21 16 12
20 21 17 5
20 21 18 66
20 21 19 75
20 21 20 67
20 21 21 90
20 21 22 57
20 21 23 54
20 21 24 83
20 21 25 89
20 21 26 2
20 21 27 42
20 21 28 34
20 21 29 88
20 21 30 27
20 22 0 23
20 22 1 42
20 22 2 6
20 22 3 38
20 22 4 62
20 22 5 85
20 22 6 70
20 22 7 3
20 22 8 39
20 22 9 19
20 22 10 4
20 22 11 0
20 22 12 21
20 22 13 37
20 22 14 72
20 22 15 30
20 22 16 90
20 22 17 46
20 22 18 48
20 22 19 45
20 22 20 89
20 22 21 60
20 22 22 73
20 22 23 82
20 22 24 88
20 22 25 14
20 22 26 59
20 22 27 83
20 22 28 50
20 22 29 1
20 22 30 15
20 23 0 33
20 23 1 20
20 23 2 48
20 23 3 52
20 23 4 84
20 23 5 39
20 23 6 0
20 23 7 36
20 23 8 21
20 23 9 10
20 23 10 14
20 23 11 90
20 23 12 43
20 23 13 71
20 23 14 9
20 23 15 89
20 23 16 50
20 23 17 73
20 23 18 65
20 23 19 88
20 23 20 80
20 23 21 32
20 23 22 81
20 23 23 57
20 23 24 23
20 23 25 74
20 23 26 82
20 23 27 86
20 23 28 19
20 23 29 7
20 23 30 17
20 24 0 11
20 24 1 50
20 24 2 22
20 24 3 43
20 24 4 39
20 24 5 13
20 24 6 32
20 24 7 10
20 24 8 9
20 24 9 26
20 24 10 89
20 24 11 60
20 24 12 70
20 24 13 23
20 24 14 88
20 24 15 36
20 24 16 34
20 24 17 64
20 24 18 87
20 24 19 51
20 24 20 41
20 24 21 61
20 24 22 86
20 24 23 17
20 24 24 35
20 24 25 81
20 24 26 85
20 24 27 18
20 24 28 8
20 24 29 19
20 24 30 46
20 25 0 74
20 25 1 90
20 25 2 49
20 25 3 54
20 25 4 18
20 25 5 83
20 25 6 17
20 25 7 15
20 25 8 14
20 25 9 88
20 25 10 33
20 25 11 41
20 25 12 11
20 25 13 45
20 25 14 56
20 25 15 39
20 25 16 63
20 25 17 86
20 25 18 78
20 25 19 38
20 25 20 79
20 25 21 85
20 25 22 29
20 25 23 72
20 25 24 58
20 25 25 84
20 25 26 24
20 25 27 10
20 25 28 3
20 25 29 36
20 25 30 19
20 26 0 89
20 26 1 44
20 26 2 66
20 26 3 18
20 26 4 82
20 26 5 25
20 26 6 29
20 26 7 14
20 26 8 41
20 26 9 60
20 26 10 39
20 26 11 20
20 26 12 86
20 26 13 61
20 26 14 59
20 26 15 62
20 26 16 85
20 26 17 77
20 26 18 69
20 26 19 54
20 26 20 84
20 26 21 11
20 26 22 71
20 26 23 79
20 26 24 37
20 26 25 22
20 26 26 26
20 26 27 0
20 26 28 31
20 26 29 8
20 26 30 49
20 27 0 80
20 27 1 35
20 27 2 7
20 27 3 81
20 27 4 20
20 27 5 28
20 27 6 27
20 27 7 86
20 27 8 46
20 27 9 49
20 27 10 12
20 27 11 85
20 27 12 45
20 27 13 69
20 27 14 53
20 27 15 84
20 27 16 76
20 27 17 68
20 27 18 58
20 27 19 44
20 27 20 13
20 27 21 70
20 27 22 52
20 27 23 32
20 27 24 15
20 27 25 6
20 27 26 25
20 27 27 87
20 27 28 0
20 27 29 72
20 27 30 88
20 28 0 47
20 28 1 16
20 28 2 43
20 28 3 27
20 28 4 26
20 28 5 18
20 28 6 85
20 28 7 38
20 28 8 66
20 28 9 2
20 28 10 84
20 28 11 54
20 28 12 68
20 28 13 24
20 28 14 83
20 28 15 75
20 28 16 67
20 28 17 42
20 28 18 49
20 28 19 6
20 28 20 61
20 28 21 55
20 28 22 51
20 28 23 0
20 28 24 14
20 28 25 29
20 28 26 48
20 28 27 1
20 28 28 71
20 28 29 39
20 28 30 33
20 29 0 2
20 29 1 79
20 29 2 4
20 29 3 3
20 29 4 10
20 29 5 84
20 29 6 41
20 29 7 52
20 29 8 8
20 29 9 48
20 29 10 49
20 29 11 67
20 29 12 90
20 29 13 82
20 29 14 35
20 29 15 51
20 29 16 58
20 29 17 31
20 29 18 27
20 29 19 40
20 29 20 44
20 29 21 80
20 29 22 30
20 29 23 21
20 29 24 12
20 29 25 50
20 29 26 11
20 29 27 70
20 29 28 86
20 29 29 78
20 29 30 38
20 30 0 42
20 30 1 0
20 30 2 2
20 30 3 17
20 30 4 60
20 30 5 87
20 30 6 37
20 30 7 18
20 30 8 51
20 30 9 46
20 30 10 52
20 30 11 89
20 30 12 81
20 30 13 73
20 30 14 65
20 30 15 74
20 30 16 80
20 30 17 16
20 30 18 55
20 30 19 53
20 30 20 57
20 30 21 14
20 30 22 7
20 30 23 10
20 30 24 49
20 30 25 8
20 30 26 40
20 30 27 85
20 30 28 77
20 30 29 34
20 30 30 28
21 0 0 3
21 0 1 18
21 0 2 61
21 0 3 87
21 0 4 38
21 0 5 19
21 0 6 52
21 0 7 47
21 0 8 53
21 0 9 89
21 0 10 81
21 0 11 73
21 0 12 65
21 0 13 74
21 0 14 80
21 0 15 17
21 0 16 56
21 0 17 54
21 0 18 58
21 0 19 15
21 0 20 8
21 0 21 11
21 0 22 50
21 0 23 9
21 0 24 41
21 0 25 85
21 0 26 77
21 0 27 35
21 0 28 29
21 0 29 43
21 0 30 1
21 1 0 30
21 1 1 40
21 1 2 53
21 1 3 31
21 1 4 5
21 1 5 59
21 1 6 87
21 1 7 65
21 1 8 88
21 1 9 80
21 1 10 48
21 1 11 64
21 1 12 58
21 1 13 57
21 1 14 14
21 1 15 66
21 1 16 74
21 1 17 78
21 1 18 10
21 1 19 25
21 1 20 16
21 1 21 83
21 1 22 2
21 1 23 35
21 1 24 84
21 1 25 76
21 1 26 47
21 1 27 27
21 1 28 32
21 1 29 26
21 1 30 29
21 2 0 56
21 2 1 37
21 2 2 39
21 2 3 28
21 2 4 80
21 2 5 60
21 2 6 64
21 2 7 57
21 2 8 79
21 2 9 45
21 2 10 63
21 2 11 72
21 2 12 78
21 2 13 17
21 2 14 46
21 2 15 58
21 2 16 77
21 2 17 0
21 2 18 3
21 2 19 8
21 2 20 82
21 2 21 9
21 2 22 47
21 2 23 52
21 2 24 75
21 2 25 44
21 2 26 25
21 2 27 32
21 2 28 2
21 2 29 21
21 2 30 12
21 3 0 43
21 3 1 41
21 3 2 26
21 3 3 37
21 3 4 48
21 3 5 63
21 3 6 86
21 3 7 78
21 3 8 38
21 3 9 62
21 3 10 71
21 3 11 77
21 3 12 8
21 3 13 58
21 3 14 72
21 3 15 76
21 3 16 6
21 3 17 14
21 3 18 19
21 3 19 81
21 3 20 1
21 3 21 66
21 3 22 32
21 3 23 55
21 3 24 39
21 3 25 10
21 3 26 59
21 3 27 24
21 3 28 7
21 3 29 22
21 3 30 80
21 4 0 38
21 4 1 12
21 4 2 78
21 4 3 53
21 4 4 62
21 4 5 85
21 4 6 77
21 4 7 69
21 4 8 48
21 4 9 70
21 4 10 76
21 4 11 26
21 4 12 33
21 4 13 71
21 4 14 75
21 4 15 21
21 4 16 7
21 4 17 6
21 4 18 56
21 4 19 4
21 4 20 31
21 4 21 59
21 4 22 73
21 4 23 50
21 4 24 11
21 4 25 74
21 4 26 24
21 4 27 5
21 4 28 0
21 4 29 35
21 4 30 83
21 5 0 29
21 5 1 77
21 5 2 83
21 5 3 56
21 5 4 84
21 5 5 76
21 5 6 68
21 5 7 13
21 5 8 51
21 5 9 75
21 5 10 28
21 5 11 35
21 5 12 70
21 5 13 38
21 5 14 3
21 5 15 26
21 5 16 2
21 5 17 79
21 5 18 30
21 5 19 54
21 5 20 80
21 5 21 45
21 5 22 42
21 5 23 25
21 5 24 48
21 5 25 9
21 5 26 18
21 5 27 7
21 5 28 78
21 5 29 82
21 5 30 40
21 6 0 76
21 6 1 82
21 6 2 29
21 6 3 35
21 6 4 75
21 6 5 67
21 6 6 90
21 6 7 56
21 6 8 36
21 6 9 13
21 6 10 32
21 6 11 61
21 6 12 73
21 6 13 4
21 6 14 24
21 6 15 2
21 6 16 45
21 6 17 17
21 6 18 34
21 6 19 49
21 6 20 41
21 6 21 87
21 6 22 12
21 6 23 72
21 6 24 9
21 6 25 16
21 6 26 8
21 6 27 77
21 6 28 81
21 6 29 46
21 6 30 14
21 7 0 81
21 7 1 90
21 7 2 59
21 7 3 74
21 7 4 47
21 7 5 89
21 7 6 44
21 7 7 73
21 7 8 30
21 7 9 34
21 7 10 36
21 7 11 48
21 7 12 11
21 7 13 6
21 7 14 18
21 7 15 41
21 7 16 0
21 7 17 60
21 7 18 78
21 7 19 52
21 7 20 57
21 7 21 7
21 7 22 71
21 7 23 5
21 7 24 4
21 7 25 21
21 7 26 76
21 7 27 46
21 7 28 58
21 7 29 16
21 7 30 75
21 8 0 89
21 8 1 56
21 8 2 73
21 8 3 65
21 8 4 88
21 8 5 66
21 8 6 45
21 8 7 16
21 8 8 42
21 8 9 51
21 8 10 33
21 8 11 20
21 8 12 4
21 8 13 18
21 8 14 41
21 8 15 1
21 8 16 57
21 8 17 77
21 8 18 69
21 8 19 38
21 8 20 10
21 8 21 70
21 8 22 23
21 8 23 28
21 8 24 5
21 8 25 75
21 8 26 79
21 8 27 87
21 8 28 3
21 8 29 47
21 8 30 46
21 9 0 80
21 9 1 72
21 9 2 64
21 9 3 51
21 9 4 57
21 9 5 52
21 9 6 14
21 9 7 35
21 9 8 66
21 9 9 43
21 9 10 30
21 9 11 21
21 9 12 9
21 9 13 61
21 9 14 17
21 9 15 38
21 9 16 76
21 9 17 68
21 9 18 32
21 9 19 2
21 9 20 54
21 9 21 3
21 9 22 8
21 9 23 11
21 9 24 46
21 9 25 50
21 9 26 48
21 9 27 25
21 9 28 73
21 9 29 79
21 9 30 88
21 10 0 71
21 10 1 63
21 10 2 86
21 10 3 54
21 10 4 55
21 10 5 6
21 10 6 51
21 10 7 31
21 10 8 69
21 10 9 12
21 10 10 13
21 10 11 16
21 10 12 74
21 10 13 15
21 10 14 34
21 10 15 75
21 10 16 67
21 10 17 83
21 10 18 9
21 10 19 53
21 10 20 26
21 10 21 17
21 10 22 1
21 10 23 73
21 10 24 59
21 10 25 32
21 10 26 28
21 10 27 41
21 10 28 45
21 10 29 52
21 10 30 37
21 11 0 62
21 11 1 85
21 11 2 49
21 11 3 69
21 11 4 23
21 11 5 87
21 11 6 34
21 11 7 68
21 11 8 24
21 11 9 8
21 11 10 10
21 11 11 60
21 11 12 13
21 11 13 56
21 11 14 39
21 11 15 33
21 11 16 82
21 11 17 2
21 11 18 55
21 11 19 0
21 11 20 3
21 11 21 27
21 11 22 52
21 11 23 48
21 11 24 42
21 11 25 25
21 11 26 54
21 11 27 61
21 11 28 86
21 11 29 78
21 11 30 70
21 12 0 84
21 12 1 58
21 12 2 68
21 12 3 2
21 12 4 54
21 12 5 57
21 12 6 67
21 12 7 0
21 12 8 7
21 12 9 6
21 12 10 72
21 12 11 8
21 12 12 37
21 12 13 73
21 12 14 65
21 12 15 81
21 12 16 30
21 12 17 66
21 12 18 29
21 12 19 20
21 12 20 11
21 12 21 40
21 12 22 51
21 12 23 83
21 12 24 14
21 12 25 59
21 12 26 45
21 12 27 85
21 12 28 77
21 12 29 69
21 12 30 50
21 13 0 42
21 13 1 67
21 13 2 8
21 13 3 33
21 13 4 43
21 13 5 31
21 13 6 23
21 13 7 15
21 13 8 14
21 13 9 71
21 13 10 25
21 13 11 87
21 13 12 59
21 13 13 64
21 13 14 54
21 13 15 9
21 13 16 41
21 13 17 12
21 13 18 27
21 13 19 10
21 13 20 35
21 13 21 74
21 13 22 82
21 13 23 4
21 13 24 69
21 13 25 49
21 13 26 84
21 13 27 76
21 13 28 68
21 13 29 17
21 13 30 44
21 14 0 58
21 14 1 29
21 14 2 31
21 14 3 39
21 14 4 65
21 14 5 14
21 14 6 13
21 14 7 21
21 14 8 70
21 14 9 3
21 14 10 49
21 14 11 54
21 14 12 63
21 14 13 79
21 14 14 10
21 14 15 36
21 14 16 16
21 14 17 4
21 14 18 26
21 14 19 69
21 14 20 45
21 14 21 81
21 14 22 28
21 14 23 68
21 14 24 74
21 14 25 34
21 14 26 75
21 14 27 67
21 14 28 90
21 14 29 33
21 14 30 47
21 15 0 21
21 15 1 83
21 15 2 43
21 15 3 64
21 15 4 27
21 15 5 12
21 15 6 16
21 15 7 40
21 15 8 23
21 15 9 33
21 15 10 60
21 15 11 62
21 15 12 53
21 15 13 2
21 15 14 57
21 15 15 10
21 15 16 15
21 15 17 19
21 15 18 68
21 15 19 72
21 15 20 37
21 15 21 30
21 15 22 67
21 15 23 42
21 15 24 31
21 15 25 52
21 15 26 66
21 15 27 89
21 15 28 38
21 15 29 36
21 15 30 65
21 16 0 82
21 16 1 60
21 16 2 63
21 16 3 27
21 16 4 26
21 16 5 24
21 16 6 36
21 16 7 23
21 16 8 33
21 16 9 69
21 16 10 51
21 16 11 55
21 16 12 22
21 16 13 39
21 16 14 7
21 16 15 0
21 16 16 17
21 16 17 67
21 16 18 71
21 16 19 79
21 16 20 12
21 16 21 46
21 16 22 72
21 16 23 40
21 16 24 73
21 16 25 65
21 16 26 88
21 16 27 80
21 16 28 53
21 16 29 64
21 16 30 30
21 17 0 35
21 17 1 62
21 17 2 15
21 17 3 1
21 17 4 0
21 17 5 33
21 17 6 28
21 17 7 83
21 17 8 68
21 17 9 19
21 17 10 34
21 17 11 30
21 17 12 61
21 17 13 22
21 17 14 2
21 17 15 23
21 17 16 53
21 17 17 70
21 17 18 44
21 17 19 24
21 17 20 65
21 17 21 71
21 17 22 80
21 17 23 43
21 17 24 64
21 17 25 58
21 17 26 55
21 17 27 57
21 17 28 63
21 17 29 18
21 17 30 81
21 18 0 36
21 18 1 27
21 18 2 0
21 18 3 20
21 18 4 66
21 18 5 10
21 18 6 82
21 18 7 67
21 18 8 90
21 18 9 37
21 18 10 21
21 18 11 56
21 18 12 24
21 18 13 3
21 18 14 22
21 18 15 65
21 18 16 38
21 18 17 61
21 18 18 18
21 18 19 64
21 18 20 70
21 18 21 49
21 18 22 46
21 18 23 63
21 18 24 86
21 18 25 78
21 18 26 87
21 18 27 62
21 18 28 1
21 18 29 44
21 18 30 58
21 19 0 10
21 19 1 6
21 19 2 22
21 19 3 45
21 19 4 7
21 19 5 81
21 19 6 49
21 19 7 89
21 19 8 74
21 19 9 4
21 19 10 55
21 19 11 18
21 19 12 26
21 19 13 9
21 19 14 64
21 19 15 60
21 19 16 54
21 19 17 27
21 19 18 63
21 19 19 41
21 19 20 78
21 19 21 35
21 19 22 62
21 19 23 85
21 19 24 77
21 19 25 48
21 19 26 44
21 19 27 11
21 19 28 79
21 19 29 87
21 19 30 20
21 20 0 4
21 20 1 15
21 20 2 32
21 20 3 24
21 20 4 39
21 20 5 65
21 20 6 88
21 20 7 34
21 20 8 16
21 20 9 41
21 20 10 0
21 20 11 6
21 20 12 14
21 20 13 63
21 20 14 43
21 20 15 31
21 20 16 8
21 20 17 62
21 20 18 57
21 20 19 77
21 20 20 69
21 20 21 52
21 20 22 84
21 20 23 76
21 20 24 47
21 20 25 5
21 20 26 29
21 20 27 42
21 20 28 61
21 20 29 90
21 20 30 28
21 21 0 20
21 21 1 49
21 21 2 17
21 21 3 79
21 21 4 64
21 21 5 55
21 21 6 72
21 21 7 25
21 21 8 59
21 21 9 22
21 21 10 5
21 21 11 19
21 21 12 62
21 21 13 66
21 21 14 74
21 21 15 13
21 21 16 60
21 21 17 56
21 21 18 76
21 21 19 68
21 21 20 21
21 21 21 38
21 21 22 75
21 21 23 32
21 21 24 90
21 21 25 29
21 21 26 50
21 21 27 44
21 21 28 89
21 21 29 23
21 21 30 6
21 22 0 48
21 22 1 26
21 22 2 36
21 22 3 63
21 22 4 86
21 22 5 71
21 22 6 18
21 22 7 87
21 22 8 27
21 22 9 7
21 22 10 14
21 22 11 37
21 22 12 46
21 22 13 60
21 22 14 13
21 22 15 6
21 22 16 66
21 22 17 75
21 22 18 67
21 22 19 90
21 22 20 58
21 22 21 55
21 22 22 83
21 22 23 89
21 22 24 3
21 22 25 43
21 22 26 35
21 22 27 88
21 22 28 28
21 22 29 5
21 22 30 11
21 23 0 7
21 23 1 39
21 23 2 62
21 23 3 85
21 23 4 70
21 23 5 4
21 23 6 40
21 23 7 20
21 23 8 5
21 23 9 1
21 23 10 22
21 23 11 38
21 23 12 72
21 23 13 0
21 23 14 90
21 23 15 47
21 23 16 49
21 23 17 46
21 23 18 89
21 23 19 61
21 23 20 73
21 23 21 82
21 23 22 88
21 23 23 15
21 23 24 60
21 23 25 83
21 23 26 51
21 23 27 2
21 23 28 16
21 23 29 24
21 23 30 43
21 24 0 49
21 24 1 53
21 24 2 84
21 24 3 40
21 24 4 1
21 24 5 37
21 24 6 22
21 24 7 11
21 24 8 15
21 24 9 90
21 24 10 44
21 24 11 71
21 24 12 10
21 24 13 89
21 24 14 51
21 24 15 73
21 24 16 65
21 24 17 88
21 24 18 80
21 24 19 33
21 24 20 81
21 24 21 58
21 24 22 24
21 24 23 74
21 24 24 82
21 24 25 86
21 24 26 20
21 24 27 8
21 24 28 18
21 24 29 34
21 24 30 21
21 25 0 23
21 25 1 44
21 25 2 40
21 25 3 14
21 25 4 33
21 25 5 11
21 25 6 10
21 25 7 27
21 25 8 89
21 25 9 61
21 25 10 70
21 25 11 24
21 25 12 88
21 25 13 37
21 25 14 35
21 25 15 64
21 25 16 87
21 25 17 52
21 25 18 42
21 25 19 31
21 25 20 86
21 25 21 18
21 25 22 36
21 25 23 81
21 25 24 85
21 25 25 19
21 25 26 9
21 25 27 20
21 25 28 47
21 25 29 12
21 25 30 51
21 26 0 50
21 26 1 55
21 26 2 19
21 26 3 83
21 26 4 18
21 26 5 16
21 26 6 15
21 26 7 88
21 26 8 34
21 26 9 42
21 26 10 12
21 26 11 46
21 26 12 57
21 26 13 40
21 26 14 63
21 26 15 86
21 26 16 78
21 26 17 39
21 26 18 79
21 26 19 85
21 26 20 30
21 26 21 72
21 26 22 59
21 26 23 84
21 26 24 25
21 26 25 11
21 26 26 4
21 26 27 37
21 26 28 20
21 26 29 74
21 26 30 90
21 27 0 66
21 27 1 19
21 27 2 82
21 27 3 26
21 27 4 30
21 27 5 15
21 27 6 42
21 27 7 61
21 27 8 40
21 27 9 21
21 27 10 86
21 27 11 31
21 27 12 60
21 27 13 62
21 27 14 85
21 27 15 77
21 27 16 69
21 27 17 55
21 27 18 84
21 27 19 12
21 27 20 71
21 27 21 79
21 27 22 38
21 27 23 23
21 27 24 27
21 27 25 1
21 27 26 32
21 27 27 9
21 27 28 50
21 27 29 89
21 27 30 45
21 28 0 8
21 28 1 81
21 28 2 21
21 28 3 29
21 28 4 28
21 28 5 86
21 28 6 47
21 28 7 50
21 28 8 13
21 28 9 85
21 28 10 46
21 28 11 69
21 28 12 54
21 28 13 84
21 28 14 76
21 28 15 68
21 28 16 59
21 28 17 45
21 28 18 14
21 28 19 70
21 28 20 53
21 28 21 33
21 28 22 16
21 28 23 7
21 28 24 26
21 28 25 87
21 28 26 1
21 28 27 72
21 28 28 88
21 28 29 80
21 28 30 36
21 29 0 44
21 29 1 28
21 29 2 27
21 29 3 19
21 29 4 85
21 29 5 39
21 29 6 66
21 29 7 3
21 29 8 84
21 29 9 55
21 29 10 68
21 29 11 25
21 29 12 83
21 29 13 75
21 29 14 67
21 29 15 43
21 29 16 50
21 29 17 7
21 29 18 31
21 29 19 56
21 29 20 52
21 29 21 1
21 29 22 15
21 29 23 30
21 29 24 49
21 29 25 2
21 29 26 71
21 29 27 40
21 29 28 34
21 29 29 48
21 29 30 17
21 30 0 5
21 30 1 4
21 30 2 11
21 30 3 84
21 30 4 42
21 30 5 53
21 30 6 9
21 30 7 49
21 30 8 50
21 30 9 67
21 30 10 90
21 30 11 82
21 30 12 36
21 30 13 52
21 30 14 59
21 30 15 32
21 30 16 28
21 30 17 41
21 30 18 45
21 30 19 80
21 30 20 0
21 30 21 22
21 30 22 13
21 30 23 51
21 30 24 12
21 30 25 70
21 30 26 86
21 30 27 78
21 30 28 39
21 30 29 3
21 30 30 79
22 0 0 12
22 0 1 84
22 0 2 43
22 0 3 54
22 0 4 10
22 0 5 50
22 0 6 51
22 0 7 67
22 0 8 90
22 0 9 82
22 0 10 37
22 0 11 53
22 0 12 60
22 0 13 33
22 0 14 29
22 0 15 42
22 0 16 46
22 0 17 80
22 0 18 1
22 0 19 23
22 0 20 14
22 0 21 52
22 0 22 13
22 0 23 70
22 0 24 86
22 0 25 78
22 0 26 40
22 0 27 4
22 0 28 79
22 0 29 6
22 0 30 5
22 1 0 31
22 1 1 87
22 1 2 39
22 1 3 20
22 1 4 53
22 1 5 48
22 1 6 54
22 1 7 89
22 1 8 81
22 1 9 73
22 1 10 65
22 1 11 74
22 1 12 80
22 1 13 18
22 1 14 57
22 1 15 55
22 1 16 59
22 1 17 16
22 1 18 9
22 1 19 12
22 1 20 51
22 1 21 10
22 1 22 42
22 1 23 85
22 1 24 77
22 1 25 36
22 1 26 30
22 1 27 44
22 1 28 2
22 1 29 4
22 1 30 19
22 2 0 54
22 2 1 32
22 2 2 6
22 2 3 60
22 2 4 87
22 2 5 65
22 2 6 88
22 2 7 80
22 2 8 49
22 2 9 64
22 2 10 59
22 2 11 58
22 2 12 15
22 2 13 66
22 2 14 74
22 2 15 78
22 2 16 11
22 2 17 26
22 2 18 17
22 2 19 83
22 2 20 3
22 2 21 36
22 2 22 84
22 2 23 76
22 2 24 48
22 2 25 28
22 2 26 33
22 2 27 27
22 2 28 30
22 2 29 0
22 2 30 41
22 3 0 40
22 3 1 29
22 3 2 80
22 3 3 61
22 3 4 64
22 3 5 58
22 3 6 79
22 3 7 46
22 3 8 63
22 3 9 72
22 3 10 78
22 3 11 18
22 3 12 47
22 3 13 59
22 3 14 77
22 3 15 1
22 3 16 4
22 3 17 9
22 3 18 82
22 3 19 10
22 3 20 48
22 3 21 53
22 3 22 75
22 3 23 45
22 3 24 26
22 3 25 33
22 3 26 3
22 3 27 22
22 3 28 13
22 3 29 57
22 3 30 38
22 4 0 27
22 4 1 38
22 4 2 49
22 4 3 63
22 4 4 86
22 4 5 78
22 4 6 39
22 4 7 62
22 4 8 71
22 4 9 77
22 4 10 9
22 4 11 59
22 4 12 72
22 4 13 76
22 4 14 7
22 4 15 15
22 4 16 20
22 4 17 81
22 4 18 2
22 4 19 66
22 4 20 33
22 4 21 56
22 4 22 40
22 4 23 11
22 4 24 60
22 4 25 25
22 4 26 8
22 4 27 23
22 4 28 80
22 4 29 44
22 4 30 42
22 5 0 78
22 5 1 54
22 5 2 62
22 5 3 85
22 5 4 77
22 5 5 69
22 5 6 49
22 5 7 70
22 5 8 76
22 5 9 27
22 5 10 34
22 5 11 71
22 5 12 75
22 5 13 22
22 5 14 8
22 5 15 7
22 5 16 57
22 5 17 5
22 5 18 32
22 5 19 60
22 5 20 73
22 5 21 51
22 5 22 12
22 5 23 74
22 5 24 25
22 5 25 6
22 5 26 1
22 5 27 36
22 5 28 83
22 5 29 39
22 5 30 13
22 6 0 83
22 6 1 57
22 6 2 84
22 6 3 76
22 6 4 68
22 6 5 14
22 6 6 52
22 6 7 75
22 6 8 29
22 6 9 36
22 6 10 70
22 6 11 39
22 6 12 4
22 6 13 27
22 6 14 3
22 6 15 79
22 6 16 0
22 6 17 55
22 6 18 80
22 6 19 46
22 6 20 43
22 6 21 26
22 6 22 49
22 6 23 10
22 6 24 19
22 6 25 8
22 6 26 78
22 6 27 82
22 6 28 41
22 6 29 30
22 6 30 77
22 7 0 30
22 7 1 36
22 7 2 75
22 7 3 67
22 7 4 90
22 7 5 57
22 7 6 37
22 7 7 14
22 7 8 33
22 7 9 31
22 7 10 73
22 7 11 5
22 7 12 25
22 7 13 3
22 7 14 46
22 7 15 18
22 7 16 35
22 7 17 50
22 7 18 42
22 7 19 87
22 7 20 13
22 7 21 72
22 7 22 10
22 7 23 17
22 7 24 9
22 7 25 77
22 7 26 81
22 7 27 47
22 7 28 15
22 7 29 76
22 7 30 82
22 8 0 60
22 8 1 74
22 8 2 48
22 8 3 89
22 8 4 45
22 8 5 73
22 8 6 0
22 8 7 35
22 8 8 37
22 8 9 49
22 8 10 12
22 8 11 7
22 8 12 19
22 8 13 42
22 8 14 1
22 8 15 61
22 8 16 78
22 8 17 53
22 8 18 58
22 8 19 8
22 8 20 71
22 8 21 6
22 8 22 5
22 8 23 22
22 8 24 76
22 8 25 47
22 8 26 59
22 8 27 17
22 8 28 75
22 8 29 81
22 8 30 90
22 9 0 73
22 9 1 65
22 9 2 88
22 9 3 66
22 9 4 46
22 9 5 17
22 9 6 43
22 9 7 52
22 9 8 34
22 9 9 21
22 9 10 5
22 9 11 19
22 9 12 42
22 9 13 2
22 9 14 58
22 9 15 77
22 9 16 69
22 9 17 39
22 9 18 11
22 9 19 70
22 9 20 24
22 9 21 29
22 9 22 6
22 9 23 75
22 9 24 79
22 9 25 87
22 9 26 4
22 9 27 48
22 9 28 47
22 9 29 89
22 9 30 57
22 10 0 64
22 10 1 52
22 10 2 58
22 10 3 53
22 10 4 15
22 10 5 36
22 10 6 66
22 10 7 44
22 10 8 0
22 10 9 22
22 10 10 10
22 10 11 31
22 10 12 18
22 10 13 39
22 10 14 76
22 10 15 68
22 10 16 33
22 10 17 3
22 10 18 55
22 10 19 4
22 10 20 9
22 10 21 12
22 10 22 47
22 10 23 51
22 10 24 49
22 10 25 26
22 10 26 73
22 10 27 79
22 10 28 88
22 10 29 80
22 10 30 72
22 11 0 86
22 11 1 55
22 11 2 56
22 11 3 7
22 11 4 52
22 11 5 32
22 11 6 69
22 11 7 13
22 11 8 14
22 11 9 17
22 11 10 74
22 11 11 16
22 11 12 35
22 11 13 75
22 11 14 67
22 11 15 83
22 11 16 10
22 11 17 54
22 11 18 27
22 11 19 18
22 11 20 2
22 11 21 73
22 11 22 60
22 11 23 33
22 11 24 29
22 11 25 42
22 11 26 46
22 11 27 53
22 11 28 38
22 11 29 71
22 11 30 63
22 12 0 50
22 12 1 69
22 12 2 24
22 12 3 87
22 12 4 35
22 12 5 68
22 12 6 25
22 12 7 9
22 12 8 11
22 12 9 61
22 12 10 14
22 12 11 57
22 12 12 40
22 12 13 34
22 12 14 82
22 12 15 3
22 12 16 56
22 12 17 1
22 12 18 4
22 12 19 28
22 12 20 53
22 12 21 49
22 12 22 43
22 12 23 26
22 12 24 55
22 12 25 31
22 12 26 86
22 12 27 78
22 12 28 70
22 12 29 62
22 12 30 85
22 13 0 68
22 13 1 3
22 13 2 55
22 13 3 58
22 13 4 67
22 13 5 1
22 13 6 8
22 13 7 7
22 13 8 72
22 13 9 9
22 13 10 38
22 13 11 73
22 13 12 65
22 13 13 81
22 13 14 0
22 13 15 66
22 13 16 30
22 13 17 21
22 13 18 12
22 13 19 41
22 13 20 52
22 13 21 83
22 13 22 15
22 13 23 60
22 13 24 46
22 13 25 85
22 13 26 77
22 13 27 69
22 13 28 51
22 13 29 84
22 13 30 59
22 14 0 9
22 14 1 34
22 14 2 44
22 14 3 32
22 14 4 24
22 14 5 16
22 14 6 15
22 14 7 71
22 14 8 26
22 14 9 87
22 14 10 60
22 14 11 64
22 14 12 55
22 14 13 10
22 14 14 42
22 14 15 13
22 14 16 28
22 14 17 11
22 14 18 36
22 14 19 74
22 14 20 82
22 14 21 5
22 14 22 69
22 14 23 50
22 14 24 84
22 14 25 76
22 14 26 68
22 14 27 18
22 14 28 45
22 14 29 43
22 14 30 67
22 15 0 32
22 15 1 40
22 15 2 65
22 15 3 15
22 15 4 14
22 15 5 22
22 15 6 70
22 15 7 4
22 15 8 50
22 15 9 55
22 15 10 63
22 15 11 79
22 15 12 11
22 15 13 37
22 15 14 17
22 15 15 5
22 15 16 27
22 15 17 69
22 15 18 46
22 15 19 81
22 15 20 29
22 15 21 68
22 15 22 74
22 15 23 35
22 15 24 75
22 15 25 67
22 15 26 90
22 15 27 34
22 15 28 48
22 15 29 59
22 15 30 30
22 16 0 44
22 16 1 64
22 16 2 28
22 16 3 13
22 16 4 17
22 16 5 41
22 16 6 24
22 16 7 34
22 16 8 61
22 16 9 62
22 16 10 54
22 16 11 3
22 16 12 58
22 16 13 11
22 16 14 16
22 16 15 20
22 16 16 68
22 16 17 72
22 16 18 38
22 16 19 0
22 16 20 67
22 16 21 43
22 16 22 32
22 16 23 53
22 16 24 66
22 16 25 89
22 16 26 39
22 16 27 37
22 16 28 65
22 16 29 22
22 16 30 83
22 17 0 63
22 17 1 28
22 17 2 27
22 17 3 25
22 17 4 37
22 17 5 24
22 17 6 34
22 17 7 69
22 17 8 52
22 17 9 56
22 17 10 23
22 17 11 40
22 17 12 8
22 17 13 1
22 17 14 18
22 17 15 67
22 17 16 71
22 17 17 79
22 17 18 13
22 17 19 47
22 17 20 72
22 17 21 41
22 17 22 73
22 17 23 65
22 17 24 88
22 17 25 80
22 17 26 54
22 17 27 64
22 17 28 0
22 17 29 82
22 17 30 61
22 18 0 16
22 18 1 2
22 18 2 1
22 18 3 34
22 18 4 29
22 18 5 83
22 18 6 68
22 18 7 20
22 18 8 35
22 18 9 0
22 18 10 31
22 18 11 23
22 18 12 3
22 18 13 24
22 18 14 54
22 18 15 70
22 18 16 45
22 18 17 25
22 18 18 65
22 18 19 71
22 18 20 80
22 18 21 44
22 18 22 64
22 18 23 59
22 18 24 56
22 18 25 58
22 18 26 63
22 18 27 19
22 18 28 81
22 18 29 36
22 18 30 62
22 19 0 1
22 19 1 21
22 19 2 66
22 19 3 11
22 19 4 82
22 19 5 67
22 19 6 90
22 19 7 38
22 19 8 22
22 19 9 57
22 19 10 25
22 19 11 4
22 19 12 23
22 19 13 65
22 19 14 39
22 19 15 31
22 19 16 19
22 19 17 64
22 19 18 70
22 19 19 50
22 19 20 47
22 19 21 63
22 19 22 86
22 19 23 78
22 19 24 87
22 19 25 62
22 19 26 2
22 19 27 45
22 19 28 59
22 19 29 37
22 19 30 28
22 20 0 23
22 20 1 46
22 20 2 8
22 20 3 81
22 20 4 50
22 20 5 89
22 20 6 74
22 20 7 5
22 20 8 56
22 20 9 19
22 20 10 27
22 20 11 10
22 20 12 64
22 20 13 61
22 20 14 55
22 20 15 28
22 20 16 63
22 20 17 42
22 20 18 78
22 20 19 36
22 20 20 62
22 20 21 85
22 20 22 77
22 20 23 49
22 20 24 45
22 20 25 12
22 20 26 79
22 20 27 87
22 20 28 21
22 20 29 11
22 20 30 7
22 21 0 33
22 21 1 25
22 21 2 40
22 21 3 65
22 21 4 88
22 21 5 35
22 21 6 17
22 21 7 42
22 21 8 1
22 21 9 7
22 21 10 15
22 21 11 63
22 21 12 44
22 21 13 32
22 21 14 9
22 21 15 62
22 21 16 58
22 21 17 77
22 21 18 69
22 21 19 53
22 21 20 84
22 21 21 76
22 21 22 48
22 21 23 6
22 21 24 30
22 21 25 43
22 21 26 31
22 21 27 90
22 21 28 29
22 21 29 5
22 21 30 16
22 22 0 18
22 22 1 79
22 22 2 64
22 22 3 56
22 22 4 72
22 22 5 26
22 22 6 60
22 22 7 23
22 22 8 6
22 22 9 20
22 22 10 62
22 22 11 66
22 22 12 74
22 22 13 14
22 22 14 61
22 22 15 57
22 22 16 76
22 22 17 68
22 22 18 22
22 22 19 39
22 22 20 75
22 22 21 33
22 22 22 90
22 22 23 30
22 22 24 51
22 22 25 45
22 22 26 89
22 22 27 24
22 22 28 7
22 22 29 21
22 22 30 50
22 23 0 37
22 23 1 63
22 23 2 86
22 23 3 71
22 23 4 19
22 23 5 87
22 23 6 28
22 23 7 8
22 23 8 15
22 23 9 38
22 23 10 47
22 23 11 61
22 23 12 14
22 23 13 7
22 23 14 66
22 23 15 75
22 23 16 67
22 23 17 90
22 23 18 59
22 23 19 56
22 23 20 83
22 23 21 89
22 23 22 4
22 23 23 44
22 23 24 36
22 23 25 88
22 23 26 29
22 23 27 6
22 23 28 12
22 23 29 49
22 23 30 27
22 24 0 62
22 24 1 85
22 24 2 70
22 24 3 5
22 24 4 41
22 24 5 21
22 24 6 6
22 24 7 2
22 24 8 23
22 24 9 39
22 24 10 72
22 24 11 1
22 24 12 90
22 24 13 48
22 24 14 50
22 24 15 47
22 24 16 89
22 24 17 31
22 24 18 73
22 24 19 82
22 24 20 88
22 24 21 16
22 24 22 61
22 24 23 83
22 24 24 52
22 24 25 3
22 24 26 17
22 24 27 25
22 24 28 44
22 24 29 8
22 24 30 40
22 25 0 84
22 25 1 41
22 25 2 2
22 25 3 38
22 25 4 23
22 25 5 12
22 25 6 16
22 25 7 90
22 25 8 45
22 25 9 71
22 25 10 11
22 25 11 89
22 25 12 52
22 25 13 73
22 25 14 65
22 25 15 88
22 25 16 80
22 25 17 34
22 25 18 81
22 25 19 59
22 25 20 25
22 25 21 74
22 25 22 82
22 25 23 86
22 25 24 21
22 25 25 9
22 25 26 19
22 25 27 35
22 25 28 22
22 25 29 50
22 25 30 54
22 26 0 41
22 26 1 15
22 26 2 34
22 26 3 12
22 26 4 11
22 26 5 28
22 26 6 89
22 26 7 31
22 26 8 70
22 26 9 25
22 26 10 88
22 26 11 38
22 26 12 36
22 26 13 64
22 26 14 87
22 26 15 53
22 26 16 43
22 26 17 32
22 26 18 86
22 26 19 19
22 26 20 37
22 26 21 81
22 26 22 85
22 26 23 20
22 26 24 10
22 26 25 21
22 26 26 48
22 26 27 13
22 26 28 52
22 26 29 24
22 26 30 45
22 27 0 20
22 27 1 83
22 27 2 19
22 27 3 17
22 27 4 16
22 27 5 88
22 27 6 35
22 27 7 43
22 27 8 13
22 27 9 47
22 27 10 58
22 27 11 41
22 27 12 63
22 27 13 86
22 27 14 78
22 27 15 40
22 27 16 79
22 27 17 85
22 27 18 0
22 27 19 72
22 27 20 60
22 27 21 84
22 27 22 26
22 27 23 12
22 27 24 5
22 27 25 38
22 27 26 21
22 27 27 74
22 27 28 90
22 27 29 51
22 27 30 56
22 28 0 82
22 28 1 27
22 28 2 0
22 28 3 16
22 28 4 43
22 28 5 31
22 28 6 41
22 28 7 22
22 28 8 86
22 28 9 32
22 28 10 61
22 28 11 62
22 28 12 85
22 28 13 77
22 28 14 69
22 28 15 56
22 28 16 84
22 28 17 13
22 28 18 71
22 28 19 79
22 28 20 39
22 28 21 24
22 28 22 28
22 28 23 2
22 28 24 33
22 28 25 10
22 28 26 51
22 28 27 89
22 28 28 46
22 28 29 66
22 28 30 20
22 29 0 22
22 29 1 30
22 29 2 29
22 29 3 86
22 29 4 48
22 29 5 51
22 29 6 14
22 29 7 85
22 29 8 47
22 29 9 69
22 29 10 55
22 29 11 84
22 29 12 76
22 29 13 68
22 29 14 60
22 29 15 46
22 29 16 15
22 29 17 70
22 29 18 54
22 29 19 34
22 29 20 17
22 29 21 8
22 29 22 27
22 29 23 87
22 29 24 2
22 29 25 72
22 29 26 88
22 29 27 80
22 29 28 37
22 29 29 9
22 29 30 81
22 30 0 28
22 30 1 20
22 30 2 85
22 30 3 40
22 30 4 66
22 30 5 4
22 30 6 84
22 30 7 56
22 30 8 68
22 30 9 26
22 30 10 83
22 30 11 75
22 30 12 67
22 30 13 44
22 30 14 51
22 30 15 8
22 30 16 32
22 30 17 57
22 30 18 53
22 30 19 2
22 30 20 16
22 30 21 0
22 30 22 50
22 30 23 3
22 30 24 71
22 30 25 41
22 30 26 35
22 30 27 49
22 30 28 18
22 30 29 45
22 30 30 29
23 0 0 85
23 0 1 41
23 0 2 66
23 0 3 5
23 0 4 84
23 0 5 57
23 0 6 68
23 0 7 27
23 0 8 83
23 0 9 75
23 0 10 67
23 0 11 45
23 0 12 52
23 0 13 9
23 0 14 33
23 0 15 58
23 0 16 54
23 0 17 3
23 0 18 17
23 0 19 1
23 0 20 51
23 0 21 4
23 0 22 71
23 0 23 42
23 0 24 36
23 0 25 50
23 0 26 19
23 0 27 46
23 0 28 30
23 0 29 29
23 0 30 21
23 1 0 44
23 1 1 55
23 1 2 11
23 1 3 51
23 1 4 52
23 1 5 67
23 1 6 90
23 1 7 82
23 1 8 38
23 1 9 54
23 1 10 61
23 1 11 34
23 1 12 30
23 1 13 43
23 1 14 47
23 1 15 80
23 1 16 2
23 1 17 24
23 1 18 15
23 1 19 53
23 1 20 14
23 1 21 70
23 1 22 86
23 1 23 78
23 1 24 41
23 1 25 5
23 1 26 79
23 1 27 7
23 1 28 6
23 1 29 13
23 1 30 84
23 2 0 40
23 2 1 21
23 2 2 54
23 2 3 49
23 2 4 55
23 2 5 89
23 2 6 81
23 2 7 73
23 2 8 65
23 2 9 74
23 2 10 80
23 2 11 19
23 2 12 58
23 2 13 56
23 2 14 60
23 2 15 17
23 2 16 10
23 2 17 13
23 2 18 52
23 2 19 11
23 2 20 43
23 2 21 85
23 2 22 77
23 2 23 37
23 2 24 0
23 2 25 45
23 2 26 3
23 2 27 5
23 2 28 20
23 2 29 32
23 2 30 87
23 3 0 7
23 3 1 61
23 3 2 87
23 3 3 65
23 3 4 88
23 3 5 80
23 3 6 50
23 3 7 64
23 3 8 60
23 3 9 59
23 3 10 16
23 3 11 66
23 3 12 74
23 3 13 78
23 3 14 12
23 3 15 27
23 3 16 18
23 3 17 83
23 3 18 4
23 3 19 37
23 3 20 84
23 3 21 76
23 3 22 49
23 3 23 29
23 3 24 34
23 3 25 28
23 3 26 0
23 3 27 1
23 3 28 42
23 3 29 55
23 3 30 33
23 4 0 80
23 4 1 31
23 4 2 64
23 4 3 59
23 4 4 79
23 4 5 47
23 4 6 63
23 4 7 72
23 4 8 78
23 4 9 19
23 4 10 48
23 4 11 60
23 4 12 77
23 4 13 2
23 4 14 5
23 4 15 10
23 4 16 82
23 4 17 11
23 4 18 49
23 4 19 54
23 4 20 75
23 4 21 46
23 4 22 27
23 4 23 34
23 4 24 4
23 4 25 23
23 4 26 14
23 4 27 58
23 4 28 39
23 4 29 41
23 4 30 30
23 5 0 50
23 5 1 63
23 5 2 86
23 5 3 78
23 5 4 40
23 5 5 62
23 5 6 71
23 5 7 77
23 5 8 10
23 5 9 60
23 5 10 72
23 5 11 76
23 5 12 8
23 5 13 16
23 5 14 21
23 5 15 81
23 5 16 3
23 5 17 66
23 5 18 34
23 5 19 57
23 5 20 41
23 5 21 12
23 5 22 61
23 5 23 26
23 5 24 9
23 5 25 24
23 5 26 80
23 5 27 45
23 5 28 43
23 5 29 28
23 5 30 39
23 6 0 62
23 6 1 85
23 6 2 77
23 6 3 69
23 6 4 50
23 6 5 70
23 6 6 76
23 6 7 28
23 6 8 35
23 6 9 71
23 6 10 75
23 6 11 23
23 6 12 9
23 6 13 8
23 6 14 58
23 6 15 6
23 6 16 33
23 6 17 61
23 6 18 73
23 6 19 52
23 6 20 13
23 6 21 74
23 6 22 26
23 6 23 7
23 6 24 2
23 6 25 37
23 6 26 83
23 6 27 40
23 6 28 14
23 6 29 78
23 6 30 55
23 7 0 84
23 7 1 76
23 7 2 68
23 7 3 15
23 7 4 53
23 7 5 75
23 7 6 30
23 7 7 37
23 7 8 70
23 7 9 40
23 7 10 5
23 7 11 28
23 7 12 4
23 7 13 79
23 7 14 1
23 7 15 56
23 7 16 80
23 7 17 47
23 7 18 44
23 7 19 27
23 7 20 50
23 7 21 11
23 7 22 20
23 7 23 9
23 7 24 78
23 7 25 82
23 7 26 42
23 7 27 0
23 7 28 77
23 7 29 83
23 7 30 58
23 8 0 75
23 8 1 67
23 8 2 90
23 8 3 58
23 8 4 38
23 8 5 15
23 8 6 34
23 8 7 32
23 8 8 73
23 8 9 6
23 8 10 26
23 8 11 4
23 8 12 47
23 8 13 19
23 8 14 36
23 8 15 51
23 8 16 43
23 8 17 87
23 8 18 14
23 8 19 72
23 8 20 11
23 8 21 18
23 8 22 10
23 8 23 77
23 8 24 81
23 8 25 48
23 8 26 16
23 8 27 76
23 8 28 82
23 8 29 0
23 8 30 37
23 9 0 49
23 9 1 89
23 9 2 46
23 9 3 73
23 9 4 1
23 9 5 36
23 9 6 38
23 9 7 50
23 9 8 13
23 9 9 8
23 9 10 20
23 9 11 43
23 9 12 2
23 9 13 31
23 9 14 78
23 9 15 54
23 9 16 59
23 9 17 9
23 9 18 71
23 9 19 7
23 9 20 6
23 9 21 23
23 9 22 76
23 9 23 48
23 9 24 60
23 9 25 18
23 9 26 75
23 9 27 81
23 9 28 90
23 9 29 61
23 9 30 74
23 10 0 88
23 10 1 66
23 10 2 47
23 10 3 18
23 10 4 44
23 10 5 53
23 10 6 35
23 10 7 22
23 10 8 6
23 10 9 20
23 10 10 43
23 10 11 3
23 10 12 59
23 10 13 77
23 10 14 69
23 10 15 40
23 10 16 12
23 10 17 70
23 10 18 25
23 10 19 30
23 10 20 7
23 10 21 75
23 10 22 79
23 10 23 87
23 10 24 5
23 10 25 49
23 10 26 48
23 10 27 89
23 10 28 58
23 10 29 73
23 10 30 65
23 11 0 59
23 11 1 54
23 11 2 16
23 11 3 37
23 11 4 66
23 11 5 45
23 11 6 1
23 11 7 23
23 11 8 11
23 11 9 32
23 11 10 19
23 11 11 40
23 11 12 76
23 11 13 68
23 11 14 34
23 11 15 4
23 11 16 56
23 11 17 5
23 11 18 10
23 11 19 13
23 11 20 48
23 11 21 52
23 11 22 50
23 11 23 27
23 11 24 73
23 11 25 79
23 11 26 88
23 11 27 80
23 11 28 72
23 11 29 64
23 11 30 53
23 12 0 57
23 12 1 8
23 12 2 53
23 12 3 33
23 12 4 69
23 12 5 14
23 12 6 15
23 12 7 18
23 12 8 74
23 12 9 17
23 12 10 36
23 12 11 75
23 12 12 67
23 12 13 83
23 12 14 11
23 12 15 55
23 12 16 28
23 12 17 19
23 12 18 3
23 12 19 73
23 12 20 61
23 12 21 34
23 12 22 30
23 12 23 43
23 12 24 47
23 12 25 54
23 12 26 39
23 12 27 71
23 12 28 63
23 12 29 86
23 12 30 56
23 13 0 25
23 13 1 87
23 13 2 36
23 13 3 68
23 13 4 26
23 13 5 10
23 13 6 12
23 13 7 31
23 13 8 15
23 13 9 58
23 13 10 41
23 13 11 35
23 13 12 82
23 13 13 4
23 13 14 57
23 13 15 2
23 13 16 5
23 13 17 29
23 13 18 54
23 13 19 50
23 13 20 44
23 13 21 27
23 13 22 56
23 13 23 32
23 13 24 86
23 13 25 78
23 13 26 70
23 13 27 62
23 13 28 85
23 13 29 51
23 13 30 69
23 14 0 56
23 14 1 59
23 14 2 67
23 14 3 2
23 14 4 9
23 14 5 8
23 14 6 72
23 14 7 10
23 14 8 39
23 14 9 73
23 14 10 65
23 14 11 81
23 14 12 1
23 14 13 66
23 14 14 0
23 14 15 22
23 14 16 13
23 14 17 42
23 14 18 53
23 14 19 83
23 14 20 16
23 14 21 61
23 14 22 47
23 14 23 85
23 14 24 77
23 14 25 69
23 14 26 52
23 14 27 84
23 14 28 60
23 14 29 68
23 14 30 4
23 15 0 45
23 15 1 33
23 15 2 25
23 15 3 17
23 15 4 16
23 15 5 71
23 15 6 27
23 15 7 87
23 15 8 61
23 15 9 64
23 15 10 56
23 15 11 11
23 15 12 43
23 15 13 14
23 15 14 29
23 15 15 12
23 15 16 37
23 15 17 74
23 15 18 82
23 15 19 6
23 15 20 69
23 15 21 51
23 15 22 84
23 15 23 76
23 15 24 68
23 15 25 19
23 15 26 46
23 15 27 44
23 15 28 67
23 15 29 10
23 15 30 35
23 16 0 65
23 16 1 16
23 16 2 15
23 16 3 23
23 16 4 70
23 16 5 5
23 16 6 51
23 16 7 56
23 16 8 63
23 16 9 79
23 16 10 12
23 16 11 38
23 16 12 18
23 16 13 6
23 16 14 28
23 16 15 69
23 16 16 47
23 16 17 81
23 16 18 30
23 16 19 68
23 16 20 74
23 16 21 36
23 16 22 75
23 16 23 67
23 16 24 90
23 16 25 35
23 16 26 49
23 16 27 60
23 16 28 0
23 16 29 33
23 16 30 41
23 17 0 29
23 17 1 14
23 17 2 18
23 17 3 42
23 17 4 25
23 17 5 35
23 17 6 31
23 17 7 62
23 17 8 55
23 17 9 4
23 17 10 59
23 17 11 12
23 17 12 17
23 17 13 21
23 17 14 68
23 17 15 72
23 17 16 39
23 17 17 1
23 17 18 67
23 17 19 44
23 17 20 33
23 17 21 54
23 17 22 66
23 17 23 89
23 17 24 40
23 17 25 38
23 17 26 65
23 17 27 23
23 17 28 83
23 17 29 45
23 17 30 64
23 18 0 28
23 18 1 26
23 18 2 38
23 18 3 25
23 18 4 35
23 18 5 69
23 18 6 53
23 18 7 57
23 18 8 24
23 18 9 41
23 18 10 9
23 18 11 2
23 18 12 19
23 18 13 67
23 18 14 71
23 18 15 79
23 18 16 14
23 18 17 48
23 18 18 72
23 18 19 42
23 18 20 73
23 18 21 65
23 18 22 88
23 18 23 80
23 18 24 55
23 18 25 64
23 18 26 1
23 18 27 82
23 18 28 31
23 18 29 63
23 18 30 29
23 19 0 2
23 19 1 35
23 19 2 30
23 19 3 83
23 19 4 68
23 19 5 21
23 19 6 36
23 19 7 1
23 19 8 32
23 19 9 24
23 19 10 4
23 19 11 25
23 19 12 55
23 19 13 70
23 19 14 46
23 19 15 26
23 19 16 65
23 19 17 71
23 19 18 80
23 19 19 45
23 19 20 64
23 19 21 60
23 19 22 57
23 19 23 59
23 19 24 63
23 19 25 20
23 19 26 81
23 19 27 37
23 19 28 62
23 19 29 17
23 19 30 3
23 20 0 66
23 20 1 12
23 20 2 82
23 20 3 67
23 20 4 90
23 20 5 39
23 20 6 23
23 20 7 58
23 20 8 26
23 20 9 5
23 20 10 24
23 20 11 65
23 20 12 40
23 20 13 32
23 20 14 20
23 20 15 64
23 20 16 70
23 20 17 51
23 20 18 48
23 20 19 63
23 20 20 86
23 20 21 78
23 20 22 87
23 20 23 62
23 20 24 3
23 20 25 46
23 20 26 60
23 20 27 38
23 20 28 29
23 20 29 2
23 20 30 22
23 21 0 9
23 21 1 81
23 21 2 51
23 21 3 89
23 21 4 74
23 21 5 6
23 21 6 57
23 21 7 20
23 21 8 28
23 21 9 11
23 21 10 64
23 21 11 31
23 21 12 56
23 21 13 29
23 21 14 63
23 21 15 43
23 21 16 78
23 21 17 37
23 21 18 62
23 21 19 85
23 21 20 77
23 21 21 50
23 21 22 46
23 21 23 13
23 21 24 79
23 21 25 87
23 21 26 22
23 21 27 12
23 21 28 8
23 21 29 24
23 21 30 47
23 22 0 41
23 22 1 65
23 22 2 88
23 22 3 36
23 22 4 18
23 22 5 43
23 22 6 2
23 22 7 8
23 22 8 16
23 22 9 63
23 22 10 45
23 22 11 33
23 22 12 10
23 22 13 62
23 22 14 59
23 22 15 77
23 22 16 69
23 22 17 54
23 22 18 84
23 22 19 76
23 22 20 49
23 22 21 7
23 22 22 0
23 22 23 44
23 22 24 32
23 22 25 90
23 22 26 30
23 22 27 6
23 22 28 17
23 22 29 34
23 22 30 26
23 23 0 64
23 23 1 57
23 23 2 72
23 23 3 27
23 23 4 61
23 23 5 24
23 23 6 7
23 23 7 21
23 23 8 62
23 23 9 66
23 23 10 74
23 23 11 15
23 23 12 31
23 23 13 58
23 23 14 76
23 23 15 68
23 23 16 23
23 23 17 40
23 23 18 75
23 23 19 34
23 23 20 90
23 23 21 0
23 23 22 52
23 23 23 46
23 23 24 89
23 23 25 25
23 23 26 8
23 23 27 22
23 23 28 51
23 23 29 19
23 23 30 79
23 24 0 86
23 24 1 71
23 24 2 20
23 24 3 87
23 24 4 29
23 24 5 9
23 24 6 16
23 24 7 39
23 24 8 48
23 24 9 31
23 24 10 15
23 24 11 8
23 24 12 66
23 24 13 75
23 24 14 67
23 24 15 90
23 24 16 60
23 24 17 57
23 24 18 83
23 24 19 89
23 24 20 5
23 24 21 45
23 24 22 37
23 24 23 88
23 24 24 30
23 24 25 7
23 24 26 13
23 24 27 50
23 24 28 28
23 24 29 38
23 24 30 63
23 25 0 70
23 25 1 6
23 25 2 42
23 25 3 22
23 25 4 7
23 25 5 3
23 25 6 24
23 25 7 40
23 25 8 72
23 25 9 2
23 25 10 90
23 25 11 49
23 25 12 51
23 25 13 48
23 25 14 89
23 25 15 32
23 25 16 73
23 25 17 82
23 25 18 88
23 25 19 17
23 25 20 31
23 25 21 83
23 25 22 53
23 25 23 4
23 25 24 18
23 25 25 26
23 25 26 45
23 25 27 9
23 25 28 41
23 25 29 62
23 25 30 85
23 26 0 3
23 26 1 39
23 26 2 24
23 26 3 13
23 26 4 17
23 26 5 90
23 26 6 46
23 26 7 71
23 26 8 12
23 26 9 89
23 26 10 53
23 26 11 73
23 26 12 65
23 26 13 88
23 26 14 80
23 26 15 35
23 26 16 81
23 26 17 60
23 26 18 26
23 26 19 74
23 26 20 82
23 26 21 86
23 26 22 22
23 26 23 10
23 26 24 20
23 26 25 36
23 26 26 23
23 26 27 51
23 26 28 55
23 26 29 84
23 26 30 42
23 27 0 35
23 27 1 13
23 27 2 12
23 27 3 29
23 27 4 89
23 27 5 32
23 27 6 70
23 27 7 26
23 27 8 88
23 27 9 39
23 27 10 37
23 27 11 64
23 27 12 87
23 27 13 54
23 27 14 44
23 27 15 33
23 27 16 86
23 27 17 20
23 27 18 38
23 27 19 81
23 27 20 85
23 27 21 21
23 27 22 11
23 27 23 22
23 27 24 49
23 27 25 14
23 27 26 53
23 27 27 25
23 27 28 46
23 27 29 42
23 27 30 16
23 28 0 20
23 28 1 18
23 28 2 17
23 28 3 88
23 28 4 36
23 28 5 44
23 28 6 14
23 28 7 48
23 28 8 59
23 28 9 42
23 28 10 63
23 28 11 86
23 28 12 78
23 28 13 41
23 28 14 79
23 28 15 85
23 28 16 1
23 28 17 72
23 28 18 61
23 28 19 84
23 28 20 27
23 28 21 13
23 28 22 6
23 28 23 39
23 28 24 22
23 28 25 74
23 28 26 90
23 28 27 52
23 28 28 57
23 28 29 21
23 28 30 83
23 29 0 1
23 29 1 17
23 29 2 44
23 29 3 32
23 29 4 42
23 29 5 23
23 29 6 86
23 29 7 33
23 29 8 31
23 29 9 62
23 29 10 85
23 29 11 77
23 29 12 69
23 29 13 57
23 29 14 84
23 29 15 14
23 29 16 71
23 29 17 79
23 29 18 40
23 29 19 25
23 29 20 29
23 29 21 3
23 29 22 34
23 29 23 11
23 29 24 52
23 29 25 89
23 29 26 47
23 29 27 66
23 29 28 21
23 29 29 82
23 29 30 28
23 30 0 30
23 30 1 86
23 30 2 49
23 30 3 52
23 30 4 15
23 30 5 85
23 30 6 48
23 30 7 69
23 30 8 56
23 30 9 84
23 30 10 76
23 30 11 68
23 30 12 61
23 30 13 47
23 30 14 16
23 30 15 70
23 30 16 55
23 30 17 35
23 30 18 18
23 30 19 9
23 30 20 28
23 30 21 87
23 30 22 3
23 30 23 72
23 30 24 88
23 30 25 80
23 30 26 38
23 30 27 10
23 30 28 81
23 30 29 23
23 30 30 0
24 0 0 50
24 0 1 53
24 0 2 16
24 0 3 85
24 0 4 49
24 0 5 69
24 0 6 57
24 0 7 84
24 0 8 76
24 0 9 68
24 0 10 31
24 0 11 48
24 0 12 17
24 0 13 70
24 0 14 56
24 0 15 36
24 0 16 19
24 0 17 10
24 0 18 29
24 0 19 87
24 0 20 4
24 0 21 72
24 0 22 88
24 0 23 80
24 0 24 39
24 0 25 11
24 0 26 81
24 0 27 24
24 0 28 1
24 0 29 0
24 0 30 86
24 1 0 66
24 1 1 6
24 1 2 84
24 1 3 58
24 1 4 68
24 1 5 28
24 1 6 83
24 1 7 75
24 1 8 67
24 1 9 46
24 1 10 53
24 1 11 10
24 1 12 34
24 1 13 59
24 1 14 55
24 1 15 4
24 1 16 18
24 1 17 2
24 1 18 52
24 1 19 5
24 1 20 71
24 1 21 43
24 1 22 37
24 1 23 51
24 1 24 20
24 1 25 47
24 1 26 0
24 1 27 30
24 1 28 22
24 1 29 85
24 1 30 42
24 2 0 12
24 2 1 52
24 2 2 53
24 2 3 67
24 2 4 90
24 2 5 82
24 2 6 39
24 2 7 55
24 2 8 31
24 2 9 35
24 2 10 0
24 2 11 44
24 2 12 48
24 2 13 80
24 2 14 3
24 2 15 25
24 2 16 16
24 2 17 54
24 2 18 15
24 2 19 70
24 2 20 86
24 2 21 78
24 2 22 42
24 2 23 6
24 2 24 79
24 2 25 8
24 2 26 7
24 2 27 14
24 2 28 84
24 2 29 45
24 2 30 56
24 3 0 55
24 3 1 50
24 3 2 56
24 3 3 89
24 3 4 81
24 3 5 73
24 3 6 65
24 3 7 74
24 3 8 80
24 3 9 20
24 3 10 59
24 3 11 57
24 3 12 61
24 3 13 18
24 3 14 11
24 3 15 14
24 3 16 53
24 3 17 12
24 3 18 44
24 3 19 85
24 3 20 77
24 3 21 38
24 3 22 1
24 3 23 46
24 3 24 4
24 3 25 6
24 3 26 21
24 3 27 33
24 3 28 87
24 3 29 41
24 3 30 22
24 4 0 87
24 4 1 65
24 4 2 88
24 4 3 80
24 4 4 51
24 4 5 64
24 4 6 61
24 4 7 60
24 4 8 17
24 4 9 66
24 4 10 74
24 4 11 78
24 4 12 13
24 4 13 28
24 4 14 19
24 4 15 83
24 4 16 5
24 4 17 38
24 4 18 84
24 4 19 76
24 4 20 50
24 4 21 30
24 4 22 35
24 4 23 29
24 4 24 1
24 4 25 2
24 4 26 43
24 4 27 56
24 4 28 34
24 4 29 8
24 4 30 31
24 5 0 64
24 5 1 60
24 5 2 79
24 5 3 48
24 5 4 63
24 5 5 72
24 5 6 78
24 5 7 20
24 5 8 49
24 5 9 61
24 5 10 77
24 5 11 3
24 5 12 6
24 5 13 11
24 5 14 82
24 5 15 12
24 5 16 50
24 5 17 55
24 5 18 75
24 5 19 47
24 5 20 28
24 5 21 35
24 5 22 5
24 5 23 24
24 5 24 15
24 5 25 59
24 5 26 40
24 5 27 42
24 5 28 0
24 5 29 80
24 5 30 32
24 6 0 86
24 6 1 78
24 6 2 41
24 6 3 62
24 6 4 71
24 6 5 77
24 6 6 11
24 6 7 61
24 6 8 72
24 6 9 76
24 6 10 9
24 6 11 17
24 6 12 22
24 6 13 81
24 6 14 4
24 6 15 66
24 6 16 35
24 6 17 58
24 6 18 42
24 6 19 13
24 6 20 31
24 6 21 27
24 6 22 10
24 6 23 25
24 6 24 80
24 6 25 46
24 6 26 44
24 6 27 29
24 6 28 40
24 6 29 51
24 6 30 63
24 7 0 77
24 7 1 69
24 7 2 51
24 7 3 70
24 7 4 76
24 7 5 29
24 7 6 36
24 7 7 71
24 7 8 75
24 7 9 24
24 7 10 10
24 7 11 9
24 7 12 59
24 7 13 7
24 7 14 34
24 7 15 31
24 7 16 73
24 7 17 53
24 7 18 14
24 7 19 74
24 7 20 27
24 7 21 8
24 7 22 3
24 7 23 38
24 7 24 83
24 7 25 41
24 7 26 15
24 7 27 78
24 7 28 56
24 7 29 62
24 7 30 85
24 8 0 68
24 8 1 16
24 8 2 54
24 8 3 75
24 8 4 0
24 8 5 38
24 8 6 70
24 8 7 41
24 8 8 6
24 8 9 29
24 8 10 5
24 8 11 79
24 8 12 2
24 8 13 57
24 8 14 80
24 8 15 48
24 8 16 45
24 8 17 28
24 8 18 51
24 8 19 12
24 8 20 21
24 8 21 10
24 8 22 78
24 8 23 82
24 8 24 43
24 8 25 1
24 8 26 77
24 8 27 83
24 8 28 59
24 8 29 84
24 8 30 76
24 9 0 90
24 9 1 59
24 9 2 39
24 9 3 16
24 9 4 35
24 9 5 33
24 9 6 73
24 9 7 7
24 9 8 27
24 9 9 5
24 9 10 48
24 9 11 20
24 9 12 37
24 9 13 52
24 9 14 44
24 9 15 87
24 9 16 15
24 9 17 72
24 9 18 12
24 9 19 19
24 9 20 11
24 9 21 77
24 9 22 81
24 9 23 49
24 9 24 17
24 9 25 76
24 9 26 82
24 9 27 1
24 9 28 38
24 9 29 75
24 9 30 67
24 10 0 47
24 10 1 73
24 10 2 2
24 10 3 37
24 10 4 39
24 10 5 51
24 10 6 14
24 10 7 9
24 10 8 21
24 10 9 44
24 10 10 3
24 10 11 32
24 10 12 78
24 10 13 55
24 10 14 60
24 10 15 10
24 10 16 71
24 10 17 8
24 10 18 7
24 10 19 24
24 10 20 76
24 10 21 49
24 10 22 61
24 10 23 19
24 10 24 75
24 10 25 81
24 10 26 90
24 10 27 31
24 10 28 74
24 10 29 50
24 10 30 89
24 11 0 48
24 11 1 19
24 11 2 45
24 11 3 54
24 11 4 36
24 11 5 23
24 11 6 7
24 11 7 21
24 11 8 44
24 11 9 4
24 11 10 60
24 11 11 77
24 11 12 69
24 11 13 41
24 11 14 13
24 11 15 70
24 11 16 26
24 11 17 0
24 11 18 8
24 11 19 75
24 11 20 79
24 11 21 87
24 11 22 6
24 11 23 50
24 11 24 49
24 11 25 89
24 11 26 59
24 11 27 73
24 11 28 65
24 11 29 88
24 11 30 66
24 12 0 17
24 12 1 38
24 12 2 66
24 12 3 46
24 12 4 2
24 12 5 24
24 12 6 12
24 12 7 33
24 12 8 20
24 12 9 41
24 12 10 76
24 12 11 68
24 12 12 35
24 12 13 5
24 12 14 57
24 12 15 6
24 12 16 11
24 12 17 14
24 12 18 49
24 12 19 53
24 12 20 51
24 12 21 28
24 12 22 73
24 12 23 79
24 12 24 88
24 12 25 80
24 12 26 72
24 12 27 64
24 12 28 54
24 12 29 60
24 12 30 55
24 13 0 54
24 13 1 34
24 13 2 69
24 13 3 15
24 13 4 16
24 13 5 19
24 13 6 74
24 13 7 18
24 13 8 37
24 13 9 75
24 13 10 67
24 13 11 83
24 13 12 12
24 13 13 56
24 13 14 29
24 13 15 20
24 13 16 4
24 13 17 73
24 13 18 31
24 13 19 35
24 13 20 0
24 13 21 44
24 13 22 48
24 13 23 55
24 13 24 40
24 13 25 71
24 13 26 63
24 13 27 86
24 13 28 57
24 13 29 58
24 13 30 9
24 14 0 37
24 14 1 68
24 14 2 27
24 14 3 11
24 14 4 13
24 14 5 32
24 14 6 16
24 14 7 59
24 14 8 42
24 14 9 36
24 14 10 82
24 14 11 5
24 14 12 58
24 14 13 3
24 14 14 6
24 14 15 30
24 14 16 55
24 14 17 51
24 14 18 45
24 14 19 28
24 14 20 57
24 14 21 33
24 14 22 86
24 14 23 78
24 14 24 70
24 14 25 62
24 14 26 85
24 14 27 52
24 14 28 69
24 14 29 26
24 14 30 87
24 15 0 67
24 15 1 3
24 15 2 10
24 15 3 9
24 15 4 72
24 15 5 11
24 15 6 40
24 15 7 73
24 15 8 65
24 15 9 81
24 15 10 2
24 15 11 66
24 15 12 1
24 15 13 23
24 15 14 14
24 15 15 43
24 15 16 54
24 15 17 83
24 15 18 17
24 15 19 31
24 15 20 48
24 15 21 85
24 15 22 77
24 15 23 69
24 15 24 53
24 15 25 84
24 15 26 61
24 15 27 68
24 15 28 5
24 15 29 57
24 15 30 60
24 16 0 26
24 16 1 18
24 16 2 17
24 16 3 71
24 16 4 28
24 16 5 87
24 16 6 31
24 16 7 64
24 16 8 57
24 16 9 12
24 16 10 44
24 16 11 15
24 16 12 30
24 16 13 13
24 16 14 38
24 16 15 74
24 16 16 82
24 16 17 7
24 16 18 69
24 16 19 52
24 16 20 84
24 16 21 76
24 16 22 68
24 16 23 20
24 16 24 47
24 16 25 45
24 16 26 67
24 16 27 11
24 16 28 36
24 16 29 46
24 16 30 34
24 17 0 16
24 17 1 24
24 17 2 70
24 17 3 6
24 17 4 52
24 17 5 57
24 17 6 63
24 17 7 79
24 17 8 13
24 17 9 39
24 17 10 19
24 17 11 7
24 17 12 29
24 17 13 69
24 17 14 48
24 17 15 81
24 17 16 0
24 17 17 68
24 17 18 74
24 17 19 37
24 17 20 75
24 17 21 67
24 17 22 90
24 17 23 36
24 17 24 50
24 17 25 61
24 17 26 1
24 17 27 34
24 17 28 42
24 17 29 65
24 17 30 17
24 18 0 19
24 18 1 43
24 18 2 26
24 18 3 36
24 18 4 32
24 18 5 62
24 18 6 56
24 18 7 5
24 18 8 60
24 18 9 13
24 18 10 18
24 18 11 22
24 18 12 68
24 18 13 72
24 18 14 40
24 18 15 2
24 18 16 67
24 18 17 45
24 18 18 34
24 18 19 55
24 18 20 66
24 18 21 89
24 18 22 41
24 18 23 39
24 18 24 65
24 18 25 24
24 18 26 83
24 18 27 46
24 18 28 64
24 18 29 30
24 18 30 15
24 19 0 39
24 19 1 26
24 19 2 36
24 19 3 69
24 19 4 54
24 19 5 58
24 19 6 25
24 19 7 42
24 19 8 10
24 19 9 3
24 19 10 20
24 19 11 67
24 19 12 71
24 19 13 79
24 19 14 15
24 19 15 49
24 19 16 72
24 19 17 43
24 19 18 73
24 19 19 65
24 19 20 88
24 19 21 80
24 19 22 56
24 19 23 64
24 19 24 2
24 19 25 82
24 19 26 32
24 19 27 63
24 19 28 30
24 19 29 29
24 19 30 27
24 20 0 0
24 20 1 83
24 20 2 68
24 20 3 22
24 20 4 37
24 20 5 2
24 20 6 33
24 20 7 25
24 20 8 5
24 20 9 26
24 20 10 56
24 20 11 70
24 20 12 47
24 20 13 27
24 20 14 65
24 20 15 71
24 20 16 80
24 20 17 46
24 20 18 64
24 20 19 61
24 20 20 58
24 20 21 60
24 20 22 63
24 20 23 21
24 20 24 81
24 20 25 38
24 20 26 62
24 20 27 18
24 20 28 4
24 20 29 3
24 20 30 36
24 21 0 82
24 21 1 67
24 21 2 90
24 21 3 40
24 21 4 24
24 21 5 59
24 21 6 27
24 21 7 6
24 21 8 25
24 21 9 65
24 21 10 41
24 21 11 33
24 21 12 21
24 21 13 64
24 21 14 70
24 21 15 52
24 21 16 49
24 21 17 63
24 21 18 86
24 21 19 78
24 21 20 87
24 21 21 62
24 21 22 4
24 21 23 47
24 21 24 61
24 21 25 39
24 21 26 30
24 21 27 3
24 21 28 23
24 21 29 66
24 21 30 13
24 22 0 52
24 22 1 89
24 22 2 74
24 22 3 7
24 22 4 58
24 22 5 21
24 22 6 29
24 22 7 12
24 22 8 64
24 22 9 32
24 22 10 57
24 22 11 30
24 22 12 63
24 22 13 44
24 22 14 78
24 22 15 38
24 22 16 62
24 22 17 85
24 22 18 77
24 22 19 51
24 22 20 47
24 22 21 14
24 22 22 79
24 22 23 87
24 22 24 23
24 22 25 13
24 22 26 9
24 22 27 25
24 22 28 48
24 22 29 10
24 22 30 81
24 23 0 88
24 23 1 37
24 23 2 19
24 23 3 44
24 23 4 3
24 23 5 9
24 23 6 17
24 23 7 63
24 23 8 46
24 23 9 34
24 23 10 11
24 23 11 62
24 23 12 60
24 23 13 77
24 23 14 69
24 23 15 55
24 23 16 84
24 23 17 76
24 23 18 50
24 23 19 8
24 23 20 1
24 23 21 45
24 23 22 33
24 23 23 90
24 23 24 0
24 23 25 7
24 23 26 18
24 23 27 35
24 23 28 27
24 23 29 42
24 23 30 65
24 24 0 72
24 24 1 28
24 24 2 31
24 24 3 25
24 24 4 8
24 24 5 22
24 24 6 62
24 24 7 66
24 24 8 74
24 24 9 16
24 24 10 32
24 24 11 59
24 24 12 76
24 24 13 68
24 24 14 24
24 24 15 41
24 24 16 75
24 24 17 35
24 24 18 90
24 24 19 1
24 24 20 53
24 24 21 47
24 24 22 89
24 24 23 26
24 24 24 9
24 24 25 23
24 24 26 52
24 24 27 20
24 24 28 79
24 24 29 64
24 24 30 58
24 25 0 21
24 25 1 87
24 25 2 30
24 25 3 10
24 25 4 17
24 25 5 40
24 25 6 49
24 25 7 32
24 25 8 16
24 25 9 9
24 25 10 66
24 25 11 75
24 25 12 67
24 25 13 90
24 25 14 61
24 25 15 58
24 25 16 83
24 25 17 89
24 25 18 6
24 25 19 46
24 25 20 38
24 25 21 88
24 25 22 0
24 25 23 8
24 25 24 14
24 25 25 51
24 25 26 29
24 25 27 39
24 25 28 63
24 25 29 86
24 25 30 71
24 26 0 43
24 26 1 23
24 26 2 8
24 26 3 4
24 26 4 25
24 26 5 41
24 26 6 72
24 26 7 3
24 26 8 90
24 26 9 50
24 26 10 52
24 26 11 49
24 26 12 89
24 26 13 33
24 26 14 73
24 26 15 82
24 26 16 88
24 26 17 18
24 26 18 32
24 26 19 83
24 26 20 54
24 26 21 5
24 26 22 19
24 26 23 27
24 26 24 46
24 26 25 10
24 26 26 42
24 26 27 62
24 26 28 85
24 26 29 70
24 26 30 7
24 27 0 25
24 27 1 14
24 27 2 18
24 27 3 90
24 27 4 47
24 27 5 71
24 27 6 13
24 27 7 89
24 27 8 54
24 27 9 73
24 27 10 65
24 27 11 88
24 27 12 80
24 27 13 36
24 27 14 81
24 27 15 61
24 27 16 27
24 27 17 74
24 27 18 82
24 27 19 86
24 27 20 23
24 27 21 11
24 27 22 21
24 27 23 37
24 27 24 24
24 27 25 52
24 27 26 56
24 27 27 84
24 27 28 43
24 27 29 4
24 27 30 40
24 28 0 13
24 28 1 30
24 28 2 89
24 28 3 33
24 28 4 70
24 28 5 27
24 28 6 88
24 28 7 40
24 28 8 38
24 28 9 64
24 28 10 87
24 28 11 55
24 28 12 45
24 28 13 34
24 28 14 86
24 28 15 21
24 28 16 39
24 28 17 81
24 28 18 85
24 28 19 22
24 28 20 12
24 28 21 23
24 28 22 50
24 28 23 15
24 28 24 54
24 28 25 26
24 28 26 47
24 28 27 43
24 28 28 17
24 28 29 36
24 28 30 14
24 29 0 18
24 29 1 88
24 29 2 37
24 29 3 45
24 29 4 15
24 29 5 49
24 29 6 60
24 29 7 43
24 29 8 63
24 29 9 86
24 29 10 78
24 29 11 42
24 29 12 79
24 29 13 85
24 29 14 2
24 29 15 72
24 29 16 31
24 29 17 84
24 29 18 28
24 29 19 14
24 29 20 7
24 29 21 40
24 29 22 23
24 29 23 74
24 29 24 90
24 29 25 53
24 29 26 58
24 29 27 22
24 29 28 83
24 29 29 21
24 29 30 19
24 30 0 45
24 30 1 33
24 30 2 43
24 30 3 24
24 30 4 86
24 30 5 34
24 30 6 32
24 30 7 62
24 30 8 85
24 30 9 77
24 30 10 69
24 30 11 58
24 30 12 84
24 30 13 15
24 30 14 71
24 30 15 79
24 30 16 41
24 30 17 26
24 30 18 30
24 30 19 4
24 30 20 35
24 30 21 12
24 30 22 53
24 30 23 89
24 30 24 48
24 30 25 66
24 30 26 22
24 30 27 82
24 30 28 29
24 30 29 2
24 30 30 18
25 0 0 44
25 0 1 25
25 0 2 86
25 0 3 35
25 0 4 33
25 0 5 62
25 0 6 85
25 0 7 77
25 0 8 69
25 0 9 59
25 0 10 84
25 0 11 16
25 0 12 71
25 0 13 79
25 0 14 42
25 0 15 27
25 0 16 0
25 0 17 5
25 0 18 36
25 0 19 13
25 0 20 54
25 0 21 89
25 0 22 49
25 0 23 66
25 0 24 23
25 0 25 82
25 0 26 30
25 0 27 3
25 0 28 19
25 0 29 46
25 0 30 34
25 1 0 17
25 1 1 85
25 1 2 50
25 1 3 69
25 1 4 58
25 1 5 84
25 1 6 76
25 1 7 68
25 1 8 32
25 1 9 49
25 1 10 18
25 1 11 70
25 1 12 57
25 1 13 37
25 1 14 20
25 1 15 11
25 1 16 30
25 1 17 87
25 1 18 5
25 1 19 72
25 1 20 88
25 1 21 80
25 1 22 40
25 1 23 12
25 1 24 81
25 1 25 25
25 1 26 2
25 1 27 1
25 1 28 86
25 1 29 51
25 1 30 54
25 2 0 84
25 2 1 59
25 2 2 68
25 2 3 29
25 2 4 83
25 2 5 75
25 2 6 67
25 2 7 47
25 2 8 54
25 2 9 11
25 2 10 35
25 2 11 60
25 2 12 56
25 2 13 5
25 2 14 19
25 2 15 3
25 2 16 53
25 2 17 6
25 2 18 71
25 2 19 44
25 2 20 38
25 2 21 52
25 2 22 21
25 2 23 48
25 2 24 1
25 2 25 0
25 2 26 23
25 2 27 85
25 2 28 43
25 2 29 66
25 2 30 7
25 3 0 54
25 3 1 67
25 3 2 90
25 3 3 82
25 3 4 40
25 3 5 56
25 3 6 32
25 3 7 36
25 3 8 1
25 3 9 45
25 3 10 49
25 3 11 80
25 3 12 4
25 3 13 26
25 3 14 17
25 3 15 55
25 3 16 16
25 3 17 70
25 3 18 86
25 3 19 78
25 3 20 43
25 3 21 7
25 3 22 79
25 3 23 9
25 3 24 8
25 3 25 15
25 3 26 84
25 3 27 46
25 3 28 57
25 3 29 13
25 3 30 53
25 4 0 57
25 4 1 89
25 4 2 81
25 4 3 73
25 4 4 65
25 4 5 74
25 4 6 80
25 4 7 21
25 4 8 60
25 4 9 58
25 4 10 31
25 4 11 19
25 4 12 12
25 4 13 15
25 4 14 54
25 4 15 13
25 4 16 45
25 4 17 85
25 4 18 77
25 4 19 39
25 4 20 2
25 4 21 47
25 4 22 5
25 4 23 7
25 4 24 22
25 4 25 34
25 4 26 87
25 4 27 42
25 4 28 23
25 4 29 56
25 4 30 51
25 5 0 88
25 5 1 80
25 5 2 52
25 5 3 64
25 5 4 31
25 5 5 61
25 5 6 18
25 5 7 66
25 5 8 74
25 5 9 78
25 5 10 14
25 5 11 29
25 5 12 20
25 5 13 83
25 5 14 6
25 5 15 39
25 5 16 84
25 5 17 76
25 5 18 51
25 5 19 0
25 5 20 36
25 5 21 30
25 5 22 2
25 5 23 3
25 5 24 44
25 5 25 57
25 5 26 35
25 5 27 9
25 5 28 32
25 5 29 87
25 5 30 65
25 6 0 79
25 6 1 49
25 6 2 63
25 6 3 72
25 6 4 78
25 6 5 21
25 6 6 50
25 6 7 31
25 6 8 77
25 6 9 4
25 6 10 7
25 6 11 12
25 6 12 82
25 6 13 13
25 6 14 51
25 6 15 56
25 6 16 75
25 6 17 48
25 6 18 29
25 6 19 36
25 6 20 6
25 6 21 25
25 6 22 16
25 6 23 60
25 6 24 41
25 6 25 43
25 6 26 1
25 6 27 80
25 6 28 33
25 6 29 64
25 6 30 61
25 7 0 42
25 7 1 62
25 7 2 71
25 7 3 77
25 7 4 12
25 7 5 31
25 7 6 72
25 7 7 76
25 7 8 10
25 7 9 18
25 7 10 23
25 7 11 81
25 7 12 5
25 7 13 66
25 7 14 36
25 7 15 59
25 7 16 43
25 7 17 14
25 7 18 32
25 7 19 28
25 7 20 11
25 7 21 26
25 7 22 80
25 7 23 47
25 7 24 45
25 7 25 30
25 7 26 41
25 7 27 52
25 7 28 63
25 7 29 86
25 7 30 78
25 8 0 52
25 8 1 70
25 8 2 76
25 8 3 30
25 8 4 37
25 8 5 71
25 8 6 75
25 8 7 25
25 8 8 11
25 8 9 10
25 8 10 60
25 8 11 8
25 8 12 35
25 8 13 32
25 8 14 73
25 8 15 54
25 8 16 15
25 8 17 74
25 8 18 28
25 8 19 9
25 8 20 4
25 8 21 39
25 8 22 83
25 8 23 42
25 8 24 16
25 8 25 78
25 8 26 57
25 8 27 62
25 8 28 85
25 8 29 77
25 8 30 69
25 9 0 55
25 9 1 75
25 9 2 1
25 9 3 39
25 9 4 70
25 9 5 42
25 9 6 7
25 9 7 30
25 9 8 6
25 9 9 79
25 9 10 3
25 9 11 58
25 9 12 80
25 9 13 49
25 9 14 46
25 9 15 29
25 9 16 52
25 9 17 13
25 9 18 22
25 9 19 11
25 9 20 78
25 9 21 82
25 9 22 44
25 9 23 2
25 9 24 77
25 9 25 83
25 9 26 60
25 9 27 84
25 9 28 76
25 9 29 68
25 9 30 17
25 10 0 40
25 10 1 17
25 10 2 36
25 10 3 34
25 10 4 73
25 10 5 8
25 10 6 28
25 10 7 6
25 10 8 49
25 10 9 21
25 10 10 38
25 10 11 53
25 10 12 45
25 10 13 87
25 10 14 16
25 10 15 72
25 10 16 13
25 10 17 20
25 10 18 12
25 10 19 77
25 10 20 81
25 10 21 50
25 10 22 18
25 10 23 76
25 10 24 82
25 10 25 2
25 10 26 39
25 10 27 75
25 10 28 67
25 10 29 90
25 10 30 60
25 11 0 3
25 11 1 38
25 11 2 40
25 11 3 52
25 11 4 15
25 11 5 10
25 11 6 22
25 11 7 45
25 11 8 4
25 11 9 33
25 11 10 78
25 11 11 56
25 11 12 61
25 11 13 11
25 11 14 71
25 11 15 9
25 11 16 8
25 11 17 25
25 11 18 76
25 11 19 50
25 11 20 31
25 11 21 20
25 11 22 75
25 11 23 81
25 11 24 90
25 11 25 32
25 11 26 74
25 11 27 51
25 11 28 89
25 11 29 48
25 11 30 73
25 12 0 46
25 12 1 55
25 12 2 37
25 12 3 24
25 12 4 8
25 12 5 22
25 12 6 45
25 12 7 5
25 12 8 61
25 12 9 77
25 12 10 69
25 12 11 42
25 12 12 14
25 12 13 70
25 12 14 27
25 12 15 1
25 12 16 9
25 12 17 75
25 12 18 79
25 12 19 87
25 12 20 7
25 12 21 51
25 12 22 50
25 12 23 89
25 12 24 60
25 12 25 73
25 12 26 65
25 12 27 88
25 12 28 66
25 12 29 49
25 12 30 20
25 13 0 66
25 13 1 47
25 13 2 3
25 13 3 25
25 13 4 13
25 13 5 34
25 13 6 21
25 13 7 42
25 13 8 76
25 13 9 68
25 13 10 36
25 13 11 6
25 13 12 58
25 13 13 7
25 13 14 12
25 13 15 15
25 13 16 50
25 13 17 54
25 13 18 52
25 13 19 29
25 13 20 73
25 13 21 79
25 13 22 88
25 13 23 80
25 13 24 72
25 13 25 64
25 13 26 55
25 13 27 61
25 13 28 56
25 13 29 18
25 13 30 39
25 14 0 69
25 14 1 16
25 14 2 17
25 14 3 20
25 14 4 74
25 14 5 19
25 14 6 38
25 14 7 75
25 14 8 67
25 14 9 83
25 14 10 13
25 14 11 57
25 14 12 30
25 14 13 21
25 14 14 5
25 14 15 73
25 14 16 32
25 14 17 36
25 14 18 1
25 14 19 45
25 14 20 49
25 14 21 56
25 14 22 41
25 14 23 71
25 14 24 63
25 14 25 86
25 14 26 58
25 14 27 59
25 14 28 10
25 14 29 55
25 14 30 35
25 15 0 28
25 15 1 12
25 15 2 14
25 15 3 33
25 15 4 17
25 15 5 60
25 15 6 43
25 15 7 37
25 15 8 82
25 15 9 6
25 15 10 59
25 15 11 4
25 15 12 7
25 15 13 0
25 15 14 56
25 15 15 52
25 15 16 46
25 15 17 29
25 15 18 58
25 15 19 34
25 15 20 86
25 15 21 78
25 15 22 70
25 15 23 62
25 15 24 85
25 15 25 53
25 15 26 69
25 15 27 27
25 15 28 87
25 15 29 38
25 15 30 68
25 16 0 11
25 16 1 10
25 16 2 72
25 16 3 12
25 16 4 41
25 16 5 73
25 16 6 65
25 16 7 81
25 16 8 3
25 16 9 66
25 16 10 2
25 16 11 24
25 16 12 15
25 16 13 44
25 16 14 55
25 16 15 83
25 16 16 18
25 16 17 32
25 16 18 49
25 16 19 85
25 16 20 77
25 16 21 69
25 16 22 54
25 16 23 84
25 16 24 31
25 16 25 68
25 16 26 6
25 16 27 58
25 16 28 61
25 16 29 67
25 16 30 4
25 17 0 18
25 17 1 71
25 17 2 29
25 17 3 87
25 17 4 32
25 17 5 64
25 17 6 58
25 17 7 13
25 17 8 45
25 17 9 16
25 17 10 0
25 17 11 14
25 17 12 39
25 17 13 74
25 17 14 82
25 17 15 8
25 17 16 69
25 17 17 53
25 17 18 84
25 17 19 76
25 17 20 68
25 17 21 21
25 17 22 48
25 17 23 46
25 17 24 67
25 17 25 12
25 17 26 37
25 17 27 47
25 17 28 35
25 17 29 27
25 17 30 19
25 18 0 70
25 18 1 7
25 18 2 53
25 18 3 58
25 18 4 63
25 18 5 79
25 18 6 14
25 18 7 40
25 18 8 20
25 18 9 8
25 18 10 30
25 18 11 69
25 18 12 49
25 18 13 81
25 18 14 1
25 18 15 68
25 18 16 74
25 18 17 38
25 18 18 75
25 18 19 67
25 18 20 90
25 18 21 37
25 18 22 51
25 18 23 31
25 18 24 2
25 18 25 35
25 18 26 43
25 18 27 65
25 18 28 18
25 18 29 17
25 18 30 25
25 19 0 27
25 19 1 37
25 19 2 33
25 19 3 62
25 19 4 57
25 19 5 6
25 19 6 61
25 19 7 14
25 19 8 19
25 19 9 23
25 19 10 68
25 19 11 72
25 19 12 41
25 19 13 3
25 19 14 67
25 19 15 46
25 19 16 35
25 19 17 56
25 19 18 66
25 19 19 89
25 19 20 42
25 19 21 40
25 19 22 65
25 19 23 25
25 19 24 83
25 19 25 47
25 19 26 64
25 19 27 0
25 19 28 16
25 19 29 20
25 19 30 44
25 20 0 37
25 20 1 69
25 20 2 55
25 20 3 59
25 20 4 26
25 20 5 43
25 20 6 11
25 20 7 4
25 20 8 21
25 20 9 67
25 20 10 71
25 20 11 79
25 20 12 16
25 20 13 50
25 20 14 72
25 20 15 44
25 20 16 73
25 20 17 65
25 20 18 88
25 20 19 80
25 20 20 57
25 20 21 64
25 20 22 3
25 20 23 82
25 20 24 33
25 20 25 63
25 20 26 0
25 20 27 30
25 20 28 28
25 20 29 40
25 20 30 27
25 21 0 68
25 21 1 23
25 21 2 38
25 21 3 3
25 21 4 34
25 21 5 26
25 21 6 6
25 21 7 27
25 21 8 57
25 21 9 70
25 21 10 48
25 21 11 28
25 21 12 65
25 21 13 71
25 21 14 80
25 21 15 47
25 21 16 64
25 21 17 31
25 21 18 59
25 21 19 61
25 21 20 63
25 21 21 22
25 21 22 81
25 21 23 39
25 21 24 62
25 21 25 19
25 21 26 5
25 21 27 4
25 21 28 37
25 21 29 1
25 21 30 83
25 22 0 90
25 22 1 41
25 22 2 25
25 22 3 60
25 22 4 28
25 22 5 7
25 22 6 26
25 22 7 65
25 22 8 42
25 22 9 34
25 22 10 22
25 22 11 64
25 22 12 70
25 22 13 53
25 22 14 50
25 22 15 63
25 22 16 86
25 22 17 78
25 22 18 87
25 22 19 62
25 22 20 5
25 22 21 48
25 22 22 31
25 22 23 40
25 22 24 0
25 22 25 4
25 22 26 24
25 22 27 66
25 22 28 14
25 22 29 82
25 22 30 67
25 23 0 74
25 23 1 8
25 23 2 59
25 23 3 22
25 23 4 30
25 23 5 13
25 23 6 64
25 23 7 33
25 23 8 58
25 23 9 0
25 23 10 63
25 23 11 45
25 23 12 78
25 23 13 39
25 23 14 62
25 23 15 85
25 23 16 77
25 23 17 52
25 23 18 48
25 23 19 15
25 23 20 79
25 23 21 87
25 23 22 24
25 23 23 14
25 23 24 10
25 23 25 26
25 23 26 49
25 23 27 11
25 23 28 81
25 23 29 53
25 23 30 89
25 24 0 20
25 24 1 45
25 24 2 4
25 24 3 10
25 24 4 18
25 24 5 63
25 24 6 47
25 24 7 35
25 24 8 12
25 24 9 62
25 24 10 61
25 24 11 77
25 24 12 69
25 24 13 56
25 24 14 84
25 24 15 76
25 24 16 51
25 24 17 9
25 24 18 2
25 24 19 46
25 24 20 34
25 24 21 90
25 24 22 1
25 24 23 8
25 24 24 19
25 24 25 36
25 24 26 28
25 24 27 43
25 24 28 65
25 24 29 88
25 24 30 38
25 25 0 32
25 25 1 26
25 25 2 9
25 25 3 23
25 25 4 62
25 25 5 66
25 25 6 74
25 25 7 17
25 25 8 33
25 25 9 60
25 25 10 76
25 25 11 68
25 25 12 25
25 25 13 42
25 25 14 75
25 25 15 36
25 25 16 90
25 25 17 2
25 25 18 54
25 25 19 48
25 25 20 89
25 25 21 27
25 25 22 10
25 25 23 24
25 25 24 53
25 25 25 21
25 25 26 79
25 25 27 64
25 25 28 59
25 25 29 72
25 25 30 29
25 26 0 0
25 26 1 11
25 26 2 18
25 26 3 41
25 26 4 50
25 26 5 33
25 26 6 17
25 26 7 10
25 26 8 66
25 26 9 75
25 26 10 67
25 26 11 90
25 26 12 31
25 26 13 59
25 26 14 83
25 26 15 89
25 26 16 7
25 26 17 47
25 26 18 39
25 26 19 88
25 26 20 1
25 26 21 9
25 26 22 15
25 26 23 52
25 26 24 30
25 26 25 40
25 26 26 63
25 26 27 86
25 26 28 71
25 26 29 22
25 26 30 87
25 27 0 9
25 27 1 5
25 27 2 26
25 27 3 42
25 27 4 72
25 27 5 4
25 27 6 90
25 27 7 51
25 27 8 53
25 27 9 50
25 27 10 89
25 27 11 34
25 27 12 73
25 27 13 82
25 27 14 88
25 27 15 19
25 27 16 33
25 27 17 83
25 27 18 55
25 27 19 6
25 27 20 20
25 27 21 28
25 27 22 47
25 27 23 11
25 27 24 43
25 27 25 62
25 27 26 85
25 27 27 70
25 27 28 8
25 27 29 44
25 27 30 24
25 28 0 19
25 28 1 90
25 28 2 48
25 28 3 71
25 28 4 14
25 28 5 89
25 28 6 55
25 28 7 73
25 28 8 65
25 28 9 88
25 28 10 80
25 28 11 37
25 28 12 81
25 28 13 31
25 28 14 28
25 28 15 74
25 28 16 82
25 28 17 86
25 28 18 24
25 28 19 12
25 28 20 22
25 28 21 38
25 28 22 25
25 28 23 53
25 28 24 57
25 28 25 84
25 28 26 44
25 28 27 5
25 28 28 41
25 28 29 26
25 28 30 15
25 29 0 89
25 29 1 34
25 29 2 70
25 29 3 28
25 29 4 88
25 29 5 41
25 29 6 39
25 29 7 64
25 29 8 87
25 29 9 56
25 29 10 46
25 29 11 35
25 29 12 86
25 29 13 22
25 29 14 40
25 29 15 81
25 29 16 85
25 29 17 23
25 29 18 13
25 29 19 24
25 29 20 51
25 29 21 16
25 29 22 55
25 29 23 27
25 29 24 48
25 29 25 44
25 29 26 18
25 29 27 37
25 29 28 15
25 29 29 14
25 29 30 0
25 30 0 38
25 30 1 46
25 30 2 16
25 30 3 50
25 30 4 61
25 30 5 44
25 30 6 63
25 30 7 86
25 30 8 78
25 30 9 43
25 30 10 79
25 30 11 85
25 30 12 3
25 30 13 72
25 30 14 32
25 30 15 84
25 30 16 29
25 30 17 15
25 30 18 8
25 30 19 41
25 30 20 24
25 30 21 74
25 30 22 90
25 30 23 54
25 30 24 59
25 30 25 23
25 30 26 83
25 30 27 22
25 30 28 20
25 30 29 19
25 30 30 88
26 0 0 17
26 0 1 51
26 0 2 31
26 0 3 45
26 0 4 63
26 0 5 86
26 0 6 78
26 0 7 44
26 0 8 79
26 0 9 85
26 0 10 4
26 0 11 72
26 0 12 33
26 0 13 84
26 0 14 30
26 0 15 16
26 0 16 9
26 0 17 42
26 0 18 25
26 0 19 74
26 0 20 90
26 0 21 55
26 0 22 60
26 0 23 24
26 0 24 83
26 0 25 23
26 0 26 21
26 0 27 20
26 0 28 88
26 0 29 39
26 0 30 47
26 1 0 86
26 1 1 36
26 1 2 34
26 1 3 62
26 1 4 85
26 1 5 77
26 1 6 69
26 1 7 60
26 1 8 84
26 1 9 17
26 1 10 71
26 1 11 79
26 1 12 43
26 1 13 28
26 1 14 1
26 1 15 6
26 1 16 37
26 1 17 14
26 1 18 55
26 1 19 89
26 1 20 50
26 1 21 66
26 1 22 24
26 1 23 82
26 1 24 0
26 1 25 4
26 1 26 20
26 1 27 47
26 1 28 35
26 1 29 45
26 1 30 26
26 2 0 51
26 2 1 69
26 2 2 59
26 2 3 84
26 2 4 76
26 2 5 68
26 2 6 33
26 2 7 50
26 2 8 19
26 2 9 70
26 2 10 58
26 2 11 38
26 2 12 21
26 2 13 12
26 2 14 0
26 2 15 87
26 2 16 6
26 2 17 72
26 2 18 88
26 2 19 80
26 2 20 41
26 2 21 13
26 2 22 81
26 2 23 26
26 2 24 3
26 2 25 2
26 2 26 86
26 2 27 52
26 2 28 55
26 2 29 18
26 2 30 85
26 3 0 68
26 3 1 30
26 3 2 83
26 3 3 75
26 3 4 67
26 3 5 48
26 3 6 55
26 3 7 12
26 3 8 36
26 3 9 61
26 3 10 57
26 3 11 6
26 3 12 20
26 3 13 4
26 3 14 54
26 3 15 7
26 3 16 71
26 3 17 45
26 3 18 39
26 3 19 53
26 3 20 22
26 3 21 49
26 3 22 2
26 3 23 1
26 3 24 24
26 3 25 85
26 3 26 44
26 3 27 66
26 3 28 8
26 3 29 84
26 3 30 60
26 4 0 90
26 4 1 82
26 4 2 41
26 4 3 57
26 4 4 33
26 4 5 37
26 4 6 2
26 4 7 46
26 4 8 50
26 4 9 80
26 4 10 5
26 4 11 27
26 4 12 18
26 4 13 56
26 4 14 17
26 4 15 70
26 4 16 86
26 4 17 78
26 4 18 44
26 4 19 8
26 4 20 79
26 4 21 10
26 4 22 9
26 4 23 16
26 4 24 84
26 4 25 47
26 4 26 58
26 4 27 14
26 4 28 54
26 4 29 55
26 4 30 67
26 5 0 81
26 5 1 73
26 5 2 65
26 5 3 74
26 5 4 80
26 5 5 22
26 5 6 61
26 5 7 59
26 5 8 32
26 5 9 20
26 5 10 13
26 5 11 16
26 5 12 55
26 5 13 14
26 5 14 46
26 5 15 85
26 5 16 77
26 5 17 40
26 5 18 3
26 5 19 48
26 5 20 6
26 5 21 8
26 5 22 23
26 5 23 35
26 5 24 87
26 5 25 43
26 5 26 24
26 5 27 57
26 5 28 52
26 5 29 58
26 5 30 89
26 6 0 53
26 6 1 64
26 6 2 32
26 6 3 31
26 6 4 19
26 6 5 66
26 6 6 74
26 6 7 78
26 6 8 15
26 6 9 30
26 6 10 21
26 6 11 83
26 6 12 7
26 6 13 40
26 6 14 84
26 6 15 76
26 6 16 52
26 6 17 1
26 6 18 37
26 6 19 0
26 6 20 3
26 6 21 4
26 6 22 45
26 6 23 58
26 6 24 36
26 6 25 10
26 6 26 33
26 6 27 87
26 6 28 65
26 6 29 88
26 6 30 80
26 7 0 63
26 7 1 72
26 7 2 78
26 7 3 22
26 7 4 51
26 7 5 32
26 7 6 77
26 7 7 5
26 7 8 8
26 7 9 13
26 7 10 82
26 7 11 14
26 7 12 52
26 7 13 57
26 7 14 75
26 7 15 49
26 7 16 30
26 7 17 37
26 7 18 7
26 7 19 26
26 7 20 17
26 7 21 61
26 7 22 42
26 7 23 44
26 7 24 2
26 7 25 80
26 7 26 34
26 7 27 64
26 7 28 31
26 7 29 79
26 7 30 50
26 8 0 71
26 8 1 77
26 8 2 13
26 8 3 32
26 8 4 72
26 8 5 76
26 8 6 11
26 8 7 19
26 8 8 24
26 8 9 81
26 8 10 6
26 8 11 66
26 8 12 37
26 8 13 60
26 8 14 44
26 8 15 15
26 8 16 33
26 8 17 29
26 8 18 12
26 8 19 27
26 8 20 80
26 8 21 48
26 8 22 46
26 8 23 0
26 8 24 42
26 8 25 53
26 8 26 63
26 8 27 86
26 8 28 78
26 8 29 43
26 8 30 62
26 9 0 76
26 9 1 0
26 9 2 38
26 9 3 71
26 9 4 75
26 9 5 26
26 9 6 12
26 9 7 11
26 9 8 61
26 9 9 9
26 9 10 36
26 9 11 33
26 9 12 73
26 9 13 55
26 9 14 16
26 9 15 74
26 9 16 29
26 9 17 10
26 9 18 5
26 9 19 40
26 9 20 83
26 9 21 43
26 9 22 17
26 9 23 78
26 9 24 58
26 9 25 62
26 9 26 85
26 9 27 77
26 9 28 69
26 9 29 53
26 9 30 70
26 10 0 2
26 10 1 40
26 10 2 70
26 10 3 43
26 10 4 8
26 10 5 0
26 10 6 7
26 10 7 79
26 10 8 4
26 10 9 59
26 10 10 80
26 10 11 50
26 10 12 47
26 10 13 30
26 10 14 53
26 10 15 14
26 10 16 23
26 10 17 12
26 10 18 78
26 10 19 82
26 10 20 45
26 10 21 3
26 10 22 77
26 10 23 83
26 10 24 61
26 10 25 84
26 10 26 76
26 10 27 68
26 10 28 18
26 10 29 56
26 10 30 75
26 11 0 37
26 11 1 35
26 11 2 73
26 11 3 9
26 11 4 29
26 11 5 7
26 11 6 50
26 11 7 22
26 11 8 39
26 11 9 54
26 11 10 46
26 11 11 87
26 11 12 17
26 11 13 72
26 11 14 14
26 11 15 21
26 11 16 13
26 11 17 77
26 11 18 81
26 11 19 51
26 11 20 19
26 11 21 76
26 11 22 82
26 11 23 3
26 11 24 40
26 11 25 75
26 11 26 67
26 11 27 90
26 11 28 61
26 11 29 41
26 11 30 18
26 12 0 41
26 12 1 53
26 12 2 16
26 12 3 11
26 12 4 23
26 12 5 46
26 12 6 5
26 12 7 34
26 12 8 78
26 12 9 57
26 12 10 31
26 12 11 12
26 12 12 71
26 12 13 10
26 12 14 9
26 12 15 26
26 12 16 76
26 12 17 51
26 12 18 32
26 12 19 21
26 12 20 75
26 12 21 81
26 12 22 90
26 12 23 33
26 12 24 74
26 12 25 52
26 12 26 89
26 12 27 49
26 12 28 73
26 12 29 4
26 12 30 39
26 13 0 38
26 13 1 25
26 13 2 9
26 13 3 23
26 13 4 46
26 13 5 6
26 13 6 31
26 13 7 77
26 13 8 69
26 13 9 43
26 13 10 15
26 13 11 70
26 13 12 28
26 13 13 2
26 13 14 10
26 13 15 75
26 13 16 79
26 13 17 87
26 13 18 8
26 13 19 52
26 13 20 51
26 13 21 89
26 13 22 61
26 13 23 73
26 13 24 65
26 13 25 88
26 13 26 66
26 13 27 50
26 13 28 21
26 13 29 47
26 13 30 56
26 14 0 4
26 14 1 26
26 14 2 14
26 14 3 35
26 14 4 22
26 14 5 43
26 14 6 76
26 14 7 68
26 14 8 37
26 14 9 7
26 14 10 59
26 14 11 8
26 14 12 13
26 14 13 16
26 14 14 51
26 14 15 55
26 14 16 53
26 14 17 30
26 14 18 73
26 14 19 79
26 14 20 88
26 14 21 80
26 14 22 72
26 14 23 64
26 14 24 56
26 14 25 31
26 14 26 57
26 14 27 19
26 14 28 40
26 14 29 66
26 14 30 48
26 15 0 18
26 15 1 21
26 15 2 74
26 15 3 20
26 15 4 39
26 15 5 75
26 15 6 67
26 15 7 83
26 15 8 14
26 15 9 58
26 15 10 0
26 15 11 22
26 15 12 6
26 15 13 73
26 15 14 33
26 15 15 37
26 15 16 2
26 15 17 46
26 15 18 50
26 15 19 57
26 15 20 42
26 15 21 71
26 15 22 63
26 15 23 86
26 15 24 59
26 15 25 60
26 15 26 11
26 15 27 56
26 15 28 36
26 15 29 69
26 15 30 17
26 16 0 15
26 16 1 34
26 16 2 18
26 16 3 61
26 16 4 44
26 16 5 38
26 16 6 82
26 16 7 7
26 16 8 60
26 16 9 5
26 16 10 8
26 16 11 1
26 16 12 57
26 16 13 53
26 16 14 47
26 16 15 30
26 16 16 59
26 16 17 35
26 16 18 86
26 16 19 78
26 16 20 70
26 16 21 62
26 16 22 85
26 16 23 54
26 16 24 69
26 16 25 28
26 16 26 87
26 16 27 39
26 16 28 68
26 16 29 29
26 16 30 13
26 17 0 72
26 17 1 13
26 17 2 42
26 17 3 73
26 17 4 65
26 17 5 81
26 17 6 4
26 17 7 66
26 17 8 3
26 17 9 25
26 17 10 16
26 17 11 45
26 17 12 56
26 17 13 83
26 17 14 19
26 17 15 33
26 17 16 50
26 17 17 85
26 17 18 77
26 17 19 69
26 17 20 55
26 17 21 84
26 17 22 32
26 17 23 68
26 17 24 7
26 17 25 59
26 17 26 31
26 17 27 67
26 17 28 5
26 17 29 12
26 17 30 11
26 18 0 30
26 18 1 87
26 18 2 33
26 18 3 64
26 18 4 59
26 18 5 14
26 18 6 46
26 18 7 17
26 18 8 1
26 18 9 15
26 18 10 40
26 18 11 74
26 18 12 82
26 18 13 9
26 18 14 69
26 18 15 54
26 18 16 84
26 18 17 76
26 18 18 68
26 18 19 22
26 18 20 49
26 18 21 47
26 18 22 67
26 18 23 13
26 18 24 38
26 18 25 48
26 18 26 36
26 18 27 28
26 18 28 20
26 18 29 19
26 18 30 71
26 19 0 54
26 19 1 59
26 19 2 63
26 19 3 79
26 19 4 15
26 19 5 41
26 19 6 21
26 19 7 9
26 19 8 0
26 19 9 69
26 19 10 50
26 19 11 81
26 19 12 2
26 19 13 68
26 19 14 74
26 19 15 39
26 19 16 75
26 19 17 67
26 19 18 90
26 19 19 38
26 19 20 52
26 19 21 32
26 19 22 3
26 19 23 36
26 19 24 44
26 19 25 65
26 19 26 19
26 19 27 18
26 19 28 26
26 19 29 70
26 19 30 8
26 20 0 34
26 20 1 62
26 20 2 58
26 20 3 7
26 20 4 31
26 20 5 15
26 20 6 20
26 20 7 24
26 20 8 68
26 20 9 72
26 20 10 42
26 20 11 4
26 20 12 67
26 20 13 47
26 20 14 36
26 20 15 57
26 20 16 66
26 20 17 89
26 20 18 43
26 20 19 41
26 20 20 65
26 20 21 26
26 20 22 83
26 20 23 48
26 20 24 64
26 20 25 1
26 20 26 17
26 20 27 21
26 20 28 45
26 20 29 28
26 20 30 38
26 21 0 56
26 21 1 60
26 21 2 27
26 21 3 44
26 21 4 12
26 21 5 5
26 21 6 22
26 21 7 67
26 21 8 71
26 21 9 79
26 21 10 17
26 21 11 51
26 21 12 72
26 21 13 45
26 21 14 73
26 21 15 65
26 21 16 88
26 21 17 80
26 21 18 58
26 21 19 64
26 21 20 4
26 21 21 82
26 21 22 34
26 21 23 63
26 21 24 1
26 21 25 0
26 21 26 29
26 21 27 41
26 21 28 28
26 21 29 38
26 21 30 69
26 22 0 39
26 22 1 4
26 22 2 35
26 22 3 27
26 22 4 7
26 22 5 28
26 22 6 58
26 22 7 70
26 22 8 49
26 22 9 29
26 22 10 65
26 22 11 71
26 22 12 80
26 22 13 48
26 22 14 64
26 22 15 32
26 22 16 60
26 22 17 31
26 22 18 63
26 22 19 23
26 22 20 81
26 22 21 40
26 22 22 62
26 22 23 20
26 22 24 6
26 22 25 5
26 22 26 38
26 22 27 2
26 22 28 83
26 22 29 68
26 22 30 24
26 23 0 26
26 23 1 61
26 23 2 29
26 23 3 8
26 23 4 27
26 23 5 65
26 23 6 43
26 23 7 35
26 23 8 23
26 23 9 64
26 23 10 70
26 23 11 54
26 23 12 51
26 23 13 63
26 23 14 86
26 23 15 78
26 23 16 87
26 23 17 62
26 23 18 6
26 23 19 49
26 23 20 32
26 23 21 41
26 23 22 1
26 23 23 5
26 23 24 25
26 23 25 66
26 23 26 15
26 23 27 82
26 23 28 67
26 23 29 90
26 23 30 42
26 24 0 60
26 24 1 23
26 24 2 0
26 24 3 14
26 24 4 64
26 24 5 34
26 24 6 59
26 24 7 1
26 24 8 63
26 24 9 46
26 24 10 78
26 24 11 40
26 24 12 62
26 24 13 85
26 24 14 77
26 24 15 53
26 24 16 49
26 24 17 16
26 24 18 79
26 24 19 87
26 24 20 25
26 24 21 15
26 24 22 11
26 24 23 27
26 24 24 50
26 24 25 12
26 24 26 81
26 24 27 54
26 24 28 89
26 24 29 74
26 24 30 9
26 25 0 5
26 25 1 11
26 25 2 19
26 25 3 63
26 25 4 48
26 25 5 36
26 25 6 13
26 25 7 62
26 25 8 31
26 25 9 77
26 25 10 69
26 25 11 57
26 25 12 84
26 25 13 76
26 25 14 52
26 25 15 10
26 25 16 3
26 25 17 47
26 25 18 35
26 25 19 90
26 25 20 2
26 25 21 9
26 25 22 20
26 25 23 37
26 25 24 29
26 25 25 44
26 25 26 65
26 25 27 88
26 25 28 39
26 25 29 21
26 25 30 46
26 26 0 10
26 26 1 24
26 26 2 62
26 26 3 66
26 26 4 74
26 26 5 18
26 26 6 34
26 26 7 61
26 26 8 76
26 26 9 68
26 26 10 26
26 26 11 43
26 26 12 75
26 26 13 37
26 26 14 90
26 26 15 3
26 26 16 55
26 26 17 49
26 26 18 89
26 26 19 28
26 26 20 11
26 26 21 25
26 26 22 54
26 26 23 22
26 26 24 79
26 26 25 64
26 26 26 60
26 26 27 72
26 26 28 30
26 26 29 33
26 26 30 27
26 27 0 19
26 27 1 42
26 27 2 51
26 27 3 34
26 27 4 18
26 27 5 11
26 27 6 66
26 27 7 75
26 27 8 67
26 27 9 90
26 27 10 32
26 27 11 60
26 27 12 83
26 27 13 89
26 27 14 8
26 27 15 48
26 27 16 40
26 27 17 88
26 27 18 2
26 27 19 10
26 27 20 16
26 27 21 53
26 27 22 0
26 27 23 41
26 27 24 63
26 27 25 86
26 27 26 71
26 27 27 23
26 27 28 87
26 27 29 1
26 27 30 12
26 28 0 27
26 28 1 43
26 28 2 72
26 28 3 5
26 28 4 90
26 28 5 52
26 28 6 54
26 28 7 51
26 28 8 89
26 28 9 35
26 28 10 73
26 28 11 82
26 28 12 88
26 28 13 20
26 28 14 34
26 28 15 83
26 28 16 56
26 28 17 7
26 28 18 21
26 28 19 29
26 28 20 48
26 28 21 12
26 28 22 44
26 28 23 62
26 28 24 85
26 28 25 70
26 28 26 9
26 28 27 45
26 28 28 25
26 28 29 10
26 28 30 6
26 29 0 49
26 29 1 71
26 29 2 15
26 29 3 89
26 29 4 56
26 29 5 73
26 29 6 65
26 29 7 88
26 29 8 80
26 29 9 38
26 29 10 81
26 29 11 32
26 29 12 29
26 29 13 74
26 29 14 82
26 29 15 86
26 29 16 25
26 29 17 13
26 29 18 23
26 29 19 39
26 29 20 26
26 29 21 54
26 29 22 58
26 29 23 84
26 29 24 45
26 29 25 6
26 29 26 42
26 29 27 27
26 29 28 16
26 29 29 20
26 29 30 90
26 30 0 70
26 30 1 29
26 30 2 88
26 30 3 42
26 30 4 40
26 30 5 64
26 30 6 87
26 30 7 57
26 30 8 47
26 30 9 36
26 30 10 86
26 30 11 23
26 30 12 41
26 30 13 81
26 30 14 85
26 30 15 24
26 30 16 14
26 30 17 25
26 30 18 52
26 30 19 17
26 30 20 56
26 30 21 28
26 30 22 49
26 30 23 45
26 30 24 19
26 30 25 38
26 30 26 16
26 30 27 15
26 30 28 1
26 30 29 89
26 30 30 35
27 0 0 88
27 0 1 43
27 0 2 41
27 0 3 64
27 0 4 87
27 0 5 58
27 0 6 48
27 0 7 37
27 0 8 86
27 0 9 24
27 0 10 42
27 0 11 81
27 0 12 85
27 0 13 25
27 0 14 15
27 0 15 26
27 0 16 53
27 0 17 18
27 0 18 57
27 0 19 29
27 0 20 50
27 0 21 46
27 0 22 20
27 0 23 39
27 0 24 17
27 0 25 16
27 0 26 2
27 0 27 89
27 0 28 36
27 0 29 70
27 0 30 30
27 1 0 32
27 1 1 46
27 1 2 63
27 1 3 86
27 1 4 78
27 1 5 45
27 1 6 79
27 1 7 85
27 1 8 5
27 1 9 72
27 1 10 34
27 1 11 84
27 1 12 0
27 1 13 17
27 1 14 10
27 1 15 43
27 1 16 26
27 1 17 74
27 1 18 90
27 1 19 56
27 1 20 61
27 1 21 25
27 1 22 83
27 1 23 24
27 1 24 22
27 1 25 21
27 1 26 88
27 1 27 40
27 1 28 48
27 1 29 18
27 1 30 52
27 2 0 35
27 2 1 62
27 2 2 85
27 2 3 77
27 2 4 69
27 2 5 61
27 2 6 84
27 2 7 18
27 2 8 71
27 2 9 79
27 2 10 44
27 2 11 29
27 2 12 2
27 2 13 7
27 2 14 38
27 2 15 15
27 2 16 56
27 2 17 89
27 2 18 51
27 2 19 66
27 2 20 25
27 2 21 82
27 2 22 1
27 2 23 5
27 2 24 21
27 2 25 48
27 2 26 36
27 2 27 46
27 2 28 27
27 2 29 86
27 2 30 37
27 3 0 60
27 3 1 84
27 3 2 76
27 3 3 68
27 3 4 34
27 3 5 51
27 3 6 20
27 3 7 70
27 3 8 59
27 3 9 39
27 3 10 22
27 3 11 13
27 3 12 1
27 3 13 87
27 3 14 7
27 3 15 72
27 3 16 88
27 3 17 80
27 3 18 42
27 3 19 14
27 3 20 81
27 3 21 27
27 3 22 4
27 3 23 3
27 3 24 86
27 3 25 53
27 3 26 56
27 3 27 19
27 3 28 85
27 3 29 52
27 3 30 69
27 4 0 83
27 4 1 75
27 4 2 67
27 4 3 49
27 4 4 56
27 4 5 13
27 4 6 37
27 4 7 31
27 4 8 58
27 4 9 7
27 4 10 21
27 4 11 5
27 4 12 55
27 4 13 8
27 4 14 71
27 4 15 46
27 4 16 40
27 4 17 54
27 4 18 23
27 4 19 50
27 4 20 3
27 4 21 2
27 4 22 25
27 4 23 85
27 4 24 45
27 4 25 66
27 4 26 9
27 4 27 84
27 4 28 61
27 4 29 68
27 4 30 0
27 5 0 42
27 5 1 58
27 5 2 34
27 5 3 38
27 5 4 3
27 5 5 47
27 5 6 51
27 5 7 80
27 5 8 6
27 5 9 28
27 5 10 19
27 5 11 57
27 5 12 18
27 5 13 70
27 5 14 86
27 5 15 78
27 5 16 45
27 5 17 9
27 5 18 79
27 5 19 11
27 5 20 10
27 5 21 17
27 5 22 84
27 5 23 48
27 5 24 59
27 5 25 15
27 5 26 55
27 5 27 56
27 5 28 67
27 5 29 90
27 5 30 82
27 6 0 65
27 6 1 74
27 6 2 80
27 6 3 23
27 6 4 31
27 6 5 60
27 6 6 33
27 6 7 21
27 6 8 14
27 6 9 17
27 6 10 56
27 6 11 15
27 6 12 47
27 6 13 85
27 6 14 77
27 6 15 41
27 6 16 4
27 6 17 49
27 6 18 7
27 6 19 9
27 6 20 24
27 6 21 36
27 6 22 87
27 6 23 44
27 6 24 25
27 6 25 58
27 6 26 53
27 6 27 59
27 6 28 89
27 6 29 81
27 6 30 73
27 7 0 33
27 7 1 32
27 7 2 20
27 7 3 66
27 7 4 74
27 7 5 78
27 7 6 16
27 7 7 0
27 7 8 22
27 7 9 83
27 7 10 8
27 7 11 41
27 7 12 84
27 7 13 76
27 7 14 53
27 7 15 2
27 7 16 38
27 7 17 1
27 7 18 4
27 7 19 5
27 7 20 46
27 7 21 59
27 7 22 37
27 7 23 11
27 7 24 34
27 7 25 87
27 7 26 65
27 7 27 88
27 7 28 80
27 7 29 54
27 7 30 64
27 8 0 78
27 8 1 23
27 8 2 52
27 8 3 33
27 8 4 77
27 8 5 6
27 8 6 9
27 8 7 14
27 8 8 82
27 8 9 15
27 8 10 53
27 8 11 58
27 8 12 75
27 8 13 50
27 8 14 0
27 8 15 38
27 8 16 8
27 8 17 27
27 8 18 18
27 8 19 31
27 8 20 43
27 8 21 45
27 8 22 3
27 8 23 80
27 8 24 35
27 8 25 64
27 8 26 32
27 8 27 79
27 8 28 51
27 8 29 63
27 8 30 72
27 9 0 14
27 9 1 33
27 9 2 72
27 9 3 76
27 9 4 12
27 9 5 20
27 9 6 25
27 9 7 81
27 9 8 7
27 9 9 66
27 9 10 38
27 9 11 61
27 9 12 45
27 9 13 16
27 9 14 34
27 9 15 30
27 9 16 13
27 9 17 28
27 9 18 80
27 9 19 49
27 9 20 47
27 9 21 1
27 9 22 43
27 9 23 54
27 9 24 63
27 9 25 86
27 9 26 78
27 9 27 44
27 9 28 62
27 9 29 71
27 9 30 77
27 10 0 39
27 10 1 71
27 10 2 75
27 10 3 27
27 10 4 13
27 10 5 12
27 10 6 31
27 10 7 10
27 10 8 37
27 10 9 34
27 10 10 73
27 10 11 56
27 10 12 17
27 10 13 74
27 10 14 30
27 10 15 11
27 10 16 6
27 10 17 41
27 10 18 83
27 10 19 44
27 10 20 18
27 10 21 78
27 10 22 59
27 10 23 62
27 10 24 85
27 10 25 77
27 10 26 69
27 10 27 54
27 10 28 70
27 10 29 76
27 10 30 1
27 11 0 70
27 11 1 44
27 11 2 9
27 11 3 1
27 11 4 8
27 11 5 79
27 11 6 5
27 11 7 60
27 11 8 80
27 11 9 51
27 11 10 48
27 11 11 0
27 11 12 54
27 11 13 15
27 11 14 24
27 11 15 13
27 11 16 78
27 11 17 82
27 11 18 46
27 11 19 4
27 11 20 77
27 11 21 83
27 11 22 31
27 11 23 84
27 11 24 76
27 11 25 68
27 11 26 19
27 11 27 57
27 11 28 75
27 11 29 3
27 11 30 41
27 12 0 73
27 12 1 10
27 12 2 30
27 12 3 8
27 12 4 51
27 12 5 23
27 12 6 40
27 12 7 55
27 12 8 47
27 12 9 87
27 12 10 18
27 12 11 72
27 12 12 15
27 12 13 22
27 12 14 14
27 12 15 77
27 12 16 81
27 12 17 52
27 12 18 20
27 12 19 76
27 12 20 82
27 12 21 4
27 12 22 41
27 12 23 75
27 12 24 67
27 12 25 90
27 12 26 31
27 12 27 42
27 12 28 19
27 12 29 38
27 12 30 36
27 13 0 17
27 13 1 12
27 13 2 24
27 13 3 47
27 13 4 6
27 13 5 35
27 13 6 78
27 13 7 58
27 13 8 32
27 13 9 13
27 13 10 71
27 13 11 11
27 13 12 10
27 13 13 27
27 13 14 76
27 13 15 52
27 13 16 33
27 13 17 22
27 13 18 75
27 13 19 81
27 13 20 90
27 13 21 34
27 13 22 74
27 13 23 53
27 13 24 89
27 13 25 50
27 13 26 73
27 13 27 5
27 13 28 40
27 13 29 42
27 13 30 54
27 14 0 10
27 14 1 24
27 14 2 47
27 14 3 7
27 14 4 32
27 14 5 77
27 14 6 69
27 14 7 44
27 14 8 16
27 14 9 70
27 14 10 29
27 14 11 3
27 14 12 11
27 14 13 75
27 14 14 79
27 14 15 87
27 14 16 9
27 14 17 53
27 14 18 52
27 14 19 89
27 14 20 31
27 14 21 73
27 14 22 65
27 14 23 88
27 14 24 66
27 14 25 51
27 14 26 22
27 14 27 48
27 14 28 57
27 14 29 39
27 14 30 26
27 15 0 15
27 15 1 36
27 15 2 23
27 15 3 44
27 15 4 76
27 15 5 68
27 15 6 38
27 15 7 8
27 15 8 60
27 15 9 9
27 15 10 14
27 15 11 17
27 15 12 52
27 15 13 56
27 15 14 54
27 15 15 0
27 15 16 73
27 15 17 79
27 15 18 88
27 15 19 80
27 15 20 72
27 15 21 64
27 15 22 57
27 15 23 32
27 15 24 58
27 15 25 20
27 15 26 41
27 15 27 66
27 15 28 49
27 15 29 5
27 15 30 27
27 16 0 74
27 16 1 21
27 16 2 40
27 16 3 75
27 16 4 67
27 16 5 83
27 16 6 15
27 16 7 59
27 16 8 1
27 16 9 23
27 16 10 7
27 16 11 73
27 16 12 34
27 16 13 38
27 16 14 3
27 16 15 47
27 16 16 51
27 16 17 58
27 16 18 43
27 16 19 71
27 16 20 63
27 16 21 86
27 16 22 60
27 16 23 61
27 16 24 12
27 16 25 57
27 16 26 37
27 16 27 69
27 16 28 18
27 16 29 19
27 16 30 22
27 17 0 19
27 17 1 31
27 17 2 45
27 17 3 39
27 17 4 82
27 17 5 8
27 17 6 61
27 17 7 6
27 17 8 9
27 17 9 2
27 17 10 58
27 17 11 54
27 17 12 48
27 17 13 0
27 17 14 60
27 17 15 36
27 17 16 86
27 17 17 78
27 17 18 70
27 17 19 62
27 17 20 85
27 17 21 55
27 17 22 69
27 17 23 29
27 17 24 87
27 17 25 40
27 17 26 68
27 17 27 30
27 17 28 14
27 17 29 16
27 17 30 35
27 18 0 43
27 18 1 73
27 18 2 65
27 18 3 81
27 18 4 5
27 18 5 66
27 18 6 4
27 18 7 26
27 18 8 17
27 18 9 46
27 18 10 57
27 18 11 83
27 18 12 20
27 18 13 34
27 18 14 51
27 18 15 85
27 18 16 77
27 18 17 69
27 18 18 56
27 18 19 84
27 18 20 33
27 18 21 68
27 18 22 8
27 18 23 60
27 18 24 32
27 18 25 67
27 18 26 6
27 18 27 13
27 18 28 12
27 18 29 72
27 18 30 14
27 19 0 34
27 19 1 64
27 19 2 60
27 19 3 15
27 19 4 47
27 19 5 18
27 19 6 2
27 19 7 16
27 19 8 41
27 19 9 74
27 19 10 82
27 19 11 10
27 19 12 69
27 19 13 55
27 19 14 84
27 19 15 76
27 19 16 68
27 19 17 23
27 19 18 50
27 19 19 48
27 19 20 67
27 19 21 14
27 19 22 39
27 19 23 49
27 19 24 37
27 19 25 29
27 19 26 21
27 19 27 20
27 19 28 71
27 19 29 0
27 19 30 87
27 20 0 63
27 20 1 79
27 20 2 16
27 20 3 42
27 20 4 22
27 20 5 10
27 20 6 1
27 20 7 69
27 20 8 51
27 20 9 81
27 20 10 3
27 20 11 68
27 20 12 74
27 20 13 40
27 20 14 75
27 20 15 67
27 20 16 90
27 20 17 39
27 20 18 53
27 20 19 33
27 20 20 4
27 20 21 37
27 20 22 45
27 20 23 65
27 20 24 20
27 20 25 19
27 20 26 27
27 20 27 70
27 20 28 9
27 20 29 55
27 20 30 60
27 21 0 59
27 21 1 8
27 21 2 32
27 21 3 16
27 21 4 21
27 21 5 25
27 21 6 68
27 21 7 72
27 21 8 43
27 21 9 5
27 21 10 67
27 21 11 48
27 21 12 37
27 21 13 58
27 21 14 66
27 21 15 89
27 21 16 44
27 21 17 42
27 21 18 65
27 21 19 27
27 21 20 83
27 21 21 49
27 21 22 64
27 21 23 2
27 21 24 18
27 21 25 22
27 21 26 46
27 21 27 29
27 21 28 39
27 21 29 35
27 21 30 62
27 22 0 28
27 22 1 45
27 22 2 13
27 22 3 6
27 22 4 23
27 22 5 67
27 22 6 71
27 22 7 79
27 22 8 18
27 22 9 52
27 22 10 72
27 22 11 46
27 22 12 73
27 22 13 65
27 22 14 88
27 22 15 80
27 22 16 59
27 22 17 64
27 22 18 5
27 22 19 82
27 22 20 35
27 22 21 63
27 22 22 2
27 22 23 1
27 22 24 30
27 22 25 42
27 22 26 29
27 22 27 39
27 22 28 69
27 22 29 57
27 22 30 61
27 23 0 36
27 23 1 28
27 23 2 8
27 23 3 29
27 23 4 59
27 23 5 70
27 23 6 50
27 23 7 30
27 23 8 65
27 23 9 71
27 23 10 80
27 23 11 49
27 23 12 64
27 23 13 33
27 23 14 61
27 23 15 32
27 23 16 63
27 23 17 24
27 23 18 81
27 23 19 41
27 23 20 62
27 23 21 21
27 23 22 7
27 23 23 6
27 23 24 39
27 23 25 3
27 23 26 83
27 23 27 68
27 23 28 25
27 23 29 40
27 23 30 5
27 24 0 30
27 24 1 9
27 24 2 28
27 24 3 65
27 24 4 44
27 24 5 36
27 24 6 24
27 24 7 64
27 24 8 70
27 24 9 55
27 24 10 52
27 24 11 63
27 24 12 86
27 24 13 78
27 24 14 87
27 24 15 62
27 24 16 7
27 24 17 50
27 24 18 33
27 24 19 42
27 24 20 2
27 24 21 6
27 24 22 26
27 24 23 66
27 24 24 16
27 24 25 82
27 24 26 67
27 24 27 90
27 24 28 43
27 24 29 27
27 24 30 31
27 25 0 1
27 25 1 15
27 25 2 64
27 25 3 35
27 25 4 60
27 25 5 2
27 25 6 63
27 25 7 47
27 25 8 78
27 25 9 41
27 25 10 62
27 25 11 85
27 25 12 77
27 25 13 54
27 25 14 50
27 25 15 17
27 25 16 79
27 25 17 87
27 25 18 26
27 25 19 16
27 25 20 12
27 25 21 28
27 25 22 51
27 25 23 13
27 25 24 81
27 25 25 55
27 25 26 89
27 25 27 74
27 25 28 10
27 25 29 61
27 25 30 24
27 26 0 20
27 26 1 63
27 26 2 49
27 26 3 37
27 26 4 14
27 26 5 62
27 26 6 32
27 26 7 77
27 26 8 69
27 26 9 58
27 26 10 84
27 26 11 76
27 26 12 53
27 26 13 11
27 26 14 4
27 26 15 48
27 26 16 36
27 26 17 90
27 26 18 3
27 26 19 10
27 26 20 21
27 26 21 38
27 26 22 30
27 26 23 45
27 26 24 65
27 26 25 88
27 26 26 40
27 26 27 22
27 26 28 47
27 26 29 6
27 26 30 12
27 27 0 62
27 27 1 66
27 27 2 74
27 27 3 19
27 27 4 35
27 27 5 31
27 27 6 76
27 27 7 68
27 27 8 27
27 27 9 44
27 27 10 75
27 27 11 38
27 27 12 90
27 27 13 4
27 27 14 56
27 27 15 50
27 27 16 89
27 27 17 29
27 27 18 12
27 27 19 26
27 27 20 55
27 27 21 23
27 27 22 79
27 27 23 64
27 27 24 61
27 27 25 72
27 27 26 0
27 27 27 34
27 27 28 28
27 27 29 11
27 27 30 25
27 28 0 52
27 28 1 35
27 28 2 19
27 28 3 12
27 28 4 66
27 28 5 75
27 28 6 67
27 28 7 90
27 28 8 33
27 28 9 61
27 28 10 83
27 28 11 89
27 28 12 9
27 28 13 49
27 28 14 41
27 28 15 88
27 28 16 3
27 28 17 11
27 28 18 17
27 28 19 54
27 28 20 1
27 28 21 42
27 28 22 63
27 28 23 86
27 28 24 71
27 28 25 24
27 28 26 87
27 28 27 2
27 28 28 13
27 28 29 20
27 28 30 43
27 29 0 72
27 29 1 6
27 29 2 90
27 29 3 53
27 29 4 55
27 29 5 52
27 29 6 89
27 29 7 36
27 29 8 73
27 29 9 82
27 29 10 88
27 29 11 21
27 29 12 35
27 29 13 83
27 29 14 57
27 29 15 8
27 29 16 22
27 29 17 30
27 29 18 49
27 29 19 13
27 29 20 45
27 29 21 62
27 29 22 85
27 29 23 70
27 29 24 10
27 29 25 46
27 29 26 26
27 29 27 11
27 29 28 7
27 29 29 28
27 29 30 44
27 30 0 16
27 30 1 89
27 30 2 57
27 30 3 73
27 30 4 65
27 30 5 88
27 30 6 80
27 30 7 39
27 30 8 81
27 30 9 33
27 30 10 30
27 30 11 74
27 30 12 82
27 30 13 86
27 30 14 26
27 30 15 14
27 30 16 24
27 30 17 40
27 30 18 27
27 30 19 55
27 30 20 59
27 30 21 84
27 30 22 46
27 30 23 7
27 30 24 43
27 30 25 28
27 30 26 17
27 30 27 21
27 30 28 90
27 30 29 50
27 30 30 71
28 0 0 58
28 0 1 73
28 0 2 65
28 0 3 88
28 0 4 80
28 0 5 40
28 0 6 81
28 0 7 34
28 0 8 0
28 0 9 74
28 0 10 82
28 0 11 86
28 0 12 27
28 0 13 15
28 0 14 25
28 0 15 41
28 0 16 28
28 0 17 56
28 0 18 60
28 0 19 84
28 0 20 47
28 0 21 8
28 0 22 44
28 0 23 29
28 0 24 18
28 0 25 22
28 0 26 90
28 0 27 51
28 0 28 71
28 0 29 17
28 0 30 89
28 1 0 42
28 1 1 64
28 1 2 87
28 1 3 59
28 1 4 49
28 1 5 38
28 1 6 86
28 1 7 25
28 1 8 43
28 1 9 81
28 1 10 85
28 1 11 26
28 1 12 16
28 1 13 27
28 1 14 54
28 1 15 19
28 1 16 58
28 1 17 30
28 1 18 51
28 1 19 47
28 1 20 21
28 1 21 40
28 1 22 18
28 1 23 17
28 1 24 3
28 1 25 89
28 1 26 37
28 1 27 70
28 1 28 0
28 1 29 88
28 1 30 44
28 2 0 63
28 2 1 86
28 2 2 78
28 2 3 46
28 2 4 79
28 2 5 85
28 2 6 6
28 2 7 72
28 2 8 35
28 2 9 84
28 2 10 1
28 2 11 18
28 2 12 11
28 2 13 44
28 2 14 27
28 2 15 74
28 2 16 90
28 2 17 57
28 2 18 31
28 2 19 26
28 2 20 83
28 2 21 25
28 2 22 23
28 2 23 22
28 2 24 88
28 2 25 41
28 2 26 49
28 2 27 19
28 2 28 53
28 2 29 33
28 2 30 47
28 3 0 85
28 3 1 77
28 3 2 69
28 3 3 31
28 3 4 84
28 3 5 19
28 3 6 71
28 3 7 79
28 3 8 45
28 3 9 30
28 3 10 3
28 3 11 8
28 3 12 39
28 3 13 16
28 3 14 57
28 3 15 89
28 3 16 52
28 3 17 66
28 3 18 26
28 3 19 82
28 3 20 2
28 3 21 6
28 3 22 22
28 3 23 49
28 3 24 37
28 3 25 47
28 3 26 28
28 3 27 86
28 3 28 38
28 3 29 36
28 3 30 62
28 4 0 76
28 4 1 68
28 4 2 35
28 4 3 52
28 4 4 21
28 4 5 70
28 4 6 60
28 4 7 40
28 4 8 23
28 4 9 14
28 4 10 2
28 4 11 87
28 4 12 8
28 4 13 72
28 4 14 88
28 4 15 80
28 4 16 43
28 4 17 15
28 4 18 81
28 4 19 28
28 4 20 5
28 4 21 4
28 4 22 86
28 4 23 54
28 4 24 57
28 4 25 20
28 4 26 85
28 4 27 53
28 4 28 69
28 4 29 61
28 4 30 84
28 5 0 67
28 5 1 50
28 5 2 57
28 5 3 14
28 5 4 38
28 5 5 32
28 5 6 59
28 5 7 8
28 5 8 22
28 5 9 6
28 5 10 56
28 5 11 9
28 5 12 71
28 5 13 47
28 5 14 41
28 5 15 55
28 5 16 24
28 5 17 51
28 5 18 4
28 5 19 3
28 5 20 26
28 5 21 85
28 5 22 46
28 5 23 66
28 5 24 10
28 5 25 84
28 5 26 31
28 5 27 68
28 5 28 1
28 5 29 83
28 5 30 75
28 6 0 35
28 6 1 39
28 6 2 4
28 6 3 48
28 6 4 52
28 6 5 80
28 6 6 7
28 6 7 29
28 6 8 20
28 6 9 58
28 6 10 19
28 6 11 70
28 6 12 86
28 6 13 78
28 6 14 46
28 6 15 10
28 6 16 79
28 6 17 12
28 6 18 11
28 6 19 18
28 6 20 84
28 6 21 49
28 6 22 60
28 6 23 16
28 6 24 56
28 6 25 57
28 6 26 67
28 6 27 90
28 6 28 82
28 6 29 43
28 6 30 59
28 7 0 80
28 7 1 24
28 7 2 32
28 7 3 61
28 7 4 34
28 7 5 22
28 7 6 15
28 7 7 18
28 7 8 57
28 7 9 16
28 7 10 48
28 7 11 85
28 7 12 77
28 7 13 42
28 7 14 5
28 7 15 50
28 7 16 8
28 7 17 10
28 7 18 25
28 7 19 37
28 7 20 87
28 7 21 45
28 7 22 26
28 7 23 59
28 7 24 54
28 7 25 60
28 7 26 89
28 7 27 81
28 7 28 73
28 7 29 65
28 7 30 74
28 8 0 21
28 8 1 66
28 8 2 74
28 8 3 78
28 8 4 17
28 8 5 1
28 8 6 23
28 8 7 83
28 8 8 9
28 8 9 42
28 8 10 84
28 8 11 76
28 8 12 54
28 8 13 3
28 8 14 39
28 8 15 2
28 8 16 5
28 8 17 6
28 8 18 47
28 8 19 60
28 8 20 38
28 8 21 12
28 8 22 35
28 8 23 87
28 8 24 65
28 8 25 88
28 8 26 80
28 8 27 55
28 8 28 64
28 8 29 34
28 8 30 33
28 9 0 53
28 9 1 34
28 9 2 77
28 9 3 7
28 9 4 10
28 9 5 15
28 9 6 82
28 9 7 16
28 9 8 54
28 9 9 59
28 9 10 75
28 9 11 51
28 9 12 1
28 9 13 39
28 9 14 9
28 9 15 28
28 9 16 19
28 9 17 32
28 9 18 44
28 9 19 46
28 9 20 4
28 9 21 80
28 9 22 36
28 9 23 64
28 9 24 33
28 9 25 79
28 9 26 52
28 9 27 63
28 9 28 72
28 9 29 78
28 9 30 24
28 10 0 72
28 10 1 76
28 10 2 13
28 10 3 21
28 10 4 26
28 10 5 81
28 10 6 8
28 10 7 66
28 10 8 39
28 10 9 31
28 10 10 46
28 10 11 17
28 10 12 35
28 10 13 0
28 10 14 14
28 10 15 29
28 10 16 80
28 10 17 50
28 10 18 48
28 10 19 2
28 10 20 44
28 10 21 55
28 10 22 63
28 10 23 86
28 10 24 78
28 10 25 45
28 10 26 62
28 10 27 71
28 10 28 77
28 10 29 15
28 10 30 34
28 11 0 75
28 11 1 28
28 11 2 14
28 11 3 13
28 11 4 32
28 11 5 11
28 11 6 38
28 11 7 35
28 11 8 73
28 11 9 57
28 11 10 18
28 11 11 74
28 11 12 0
28 11 13 12
28 11 14 7
28 11 15 42
28 11 16 83
28 11 17 45
28 11 18 19
28 11 19 78
28 11 20 60
28 11 21 62
28 11 22 85
28 11 23 77
28 11 24 69
28 11 25 55
28 11 26 70
28 11 27 76
28 11 28 2
28 11 29 40
28 11 30 71
28 12 0 10
28 12 1 2
28 12 2 9
28 12 3 79
28 12 4 6
28 12 5 61
28 12 6 80
28 12 7 52
28 12 8 49
28 12 9 1
28 12 10 55
28 12 11 16
28 12 12 25
28 12 13 14
28 12 14 78
28 12 15 82
28 12 16 47
28 12 17 5
28 12 18 77
28 12 19 83
28 12 20 32
28 12 21 84
28 12 22 76
28 12 23 68
28 12 24 20
28 12 25 58
28 12 26 75
28 12 27 4
28 12 28 42
28 12 29 70
28 12 30 45
28 13 0 0
28 13 1 9
28 13 2 52
28 13 3 24
28 13 4 41
28 13 5 56
28 13 6 48
28 13 7 87
28 13 8 19
28 13 9 72
28 13 10 16
28 13 11 23
28 13 12 15
28 13 13 77
28 13 14 81
28 13 15 53
28 13 16 21
28 13 17 76
28 13 18 82
28 13 19 5
28 13 20 42
28 13 21 75
28 13 22 67
28 13 23 90
28 13 24 32
28 13 25 43
28 13 26 20
28 13 27 39
28 13 28 37
28 13 29 73
28 13 30 11
28 14 0 25
28 14 1 48
28 14 2 7
28 14 3 36
28 14 4 78
28 14 5 59
28 14 6 33
28 14 7 14
28 14 8 71
28 14 9 12
28 14 10 11
28 14 11 28
28 14 12 76
28 14 13 53
28 14 14 34
28 14 15 23
28 14 16 75
28 14 17 81
28 14 18 90
28 14 19 35
28 14 20 74
28 14 21 54
28 14 22 89
28 14 23 51
28 14 24 73
28 14 25 6
28 14 26 41
28 14 27 43
28 14 28 55
28 14 29 18
28 14 30 13
28 15 0 48
28 15 1 8
28 15 2 33
28 15 3 77
28 15 4 69
28 15 5 45
28 15 6 17
28 15 7 70
28 15 8 30
28 15 9 4
28 15 10 12
28 15 11 75
28 15 12 79
28 15 13 87
28 15 14 10
28 15 15 54
28 15 16 53
28 15 17 89
28 15 18 32
28 15 19 73
28 15 20 65
28 15 21 88
28 15 22 66
28 15 23 52
28 15 24 23
28 15 25 49
28 15 26 58
28 15 27 40
28 15 28 27
28 15 29 11
28 15 30 25
28 16 0 24
28 16 1 45
28 16 2 76
28 16 3 68
28 16 4 39
28 16 5 9
28 16 6 61
28 16 7 10
28 16 8 15
28 16 9 18
28 16 10 53
28 16 11 57
28 16 12 55
28 16 13 1
28 16 14 73
28 16 15 79
28 16 16 88
28 16 17 80
28 16 18 72
28 16 19 64
28 16 20 58
28 16 21 33
28 16 22 59
28 16 23 21
28 16 24 42
28 16 25 66
28 16 26 50
28 16 27 6
28 16 28 28
28 16 29 16
28 16 30 37
28 17 0 41
28 17 1 75
28 17 2 67
28 17 3 83
28 17 4 16
28 17 5 60
28 17 6 2
28 17 7 24
28 17 8 8
28 17 9 73
28 17 10 35
28 17 11 39
28 17 12 4
28 17 13 48
28 17 14 52
28 17 15 59
28 17 16 44
28 17 17 71
28 17 18 63
28 17 19 86
28 17 20 61
28 17 21 31
28 17 22 13
28 17 23 58
28 17 24 38
28 17 25 69
28 17 26 19
28 17 27 20
28 17 28 23
28 17 29 74
28 17 30 22
28 18 0 46
28 18 1 40
28 18 2 82
28 18 3 9
28 18 4 31
28 18 5 7
28 18 6 10
28 18 7 3
28 18 8 59
28 18 9 55
28 18 10 49
28 18 11 1
28 18 12 61
28 18 13 37
28 18 14 86
28 18 15 78
28 18 16 70
28 18 17 62
28 18 18 85
28 18 19 56
28 18 20 69
28 18 21 30
28 18 22 87
28 18 23 41
28 18 24 68
28 18 25 0
28 18 26 15
28 18 27 17
28 18 28 36
28 18 29 20
28 18 30 32
28 19 0 65
28 19 1 81
28 19 2 6
28 19 3 66
28 19 4 5
28 19 5 27
28 19 6 18
28 19 7 47
28 19 8 58
28 19 9 83
28 19 10 21
28 19 11 35
28 19 12 52
28 19 13 85
28 19 14 77
28 19 15 69
28 19 16 57
28 19 17 84
28 19 18 34
28 19 19 68
28 19 20 9
28 19 21 61
28 19 22 33
28 19 23 67
28 19 24 7
28 19 25 14
28 19 26 13
28 19 27 72
28 19 28 15
28 19 29 44
28 19 30 73
28 20 0 61
28 20 1 16
28 20 2 48
28 20 3 19
28 20 4 3
28 20 5 17
28 20 6 42
28 20 7 74
28 20 8 82
28 20 9 11
28 20 10 69
28 20 11 56
28 20 12 84
28 20 13 76
28 20 14 68
28 20 15 24
28 20 16 51
28 20 17 49
28 20 18 67
28 20 19 15
28 20 20 40
28 20 21 50
28 20 22 38
28 20 23 30
28 20 24 22
28 20 25 21
28 20 26 71
28 20 27 1
28 20 28 87
28 20 29 35
28 20 30 64
28 21 0 17
28 21 1 43
28 21 2 23
28 21 3 11
28 21 4 2
28 21 5 69
28 21 6 52
28 21 7 81
28 21 8 4
28 21 9 68
28 21 10 74
28 21 11 41
28 21 12 75
28 21 13 67
28 21 14 90
28 21 15 40
28 21 16 54
28 21 17 34
28 21 18 5
28 21 19 38
28 21 20 46
28 21 21 65
28 21 22 21
28 21 23 20
28 21 24 28
28 21 25 70
28 21 26 10
28 21 27 56
28 21 28 61
28 21 29 63
28 21 30 79
28 22 0 33
28 22 1 17
28 22 2 22
28 22 3 26
28 22 4 68
28 22 5 72
28 22 6 44
28 22 7 6
28 22 8 67
28 22 9 49
28 22 10 38
28 22 11 59
28 22 12 66
28 22 13 89
28 22 14 45
28 22 15 43
28 22 16 65
28 22 17 28
28 22 18 83
28 22 19 50
28 22 20 64
28 22 21 3
28 22 22 19
28 22 23 23
28 22 24 47
28 22 25 30
28 22 26 40
28 22 27 36
28 22 28 62
28 22 29 60
28 22 30 9
28 23 0 14
28 23 1 7
28 23 2 24
28 23 3 67
28 23 4 71
28 23 5 79
28 23 6 19
28 23 7 53
28 23 8 72
28 23 9 47
28 23 10 73
28 23 11 65
28 23 12 88
28 23 13 80
28 23 14 60
28 23 15 64
28 23 16 6
28 23 17 82
28 23 18 36
28 23 19 63
28 23 20 3
28 23 21 2
28 23 22 0
28 23 23 43
28 23 24 30
28 23 25 40
28 23 26 69
28 23 27 58
28 23 28 31
28 23 29 29
28 23 30 46
28 24 0 9
28 24 1 30
28 24 2 60
28 24 3 70
28 24 4 51
28 24 5 0
28 24 6 65
28 24 7 71
28 24 8 80
28 24 9 50
28 24 10 64
28 24 11 34
28 24 12 31
28 24 13 33
28 24 14 63
28 24 15 25
28 24 16 81
28 24 17 42
28 24 18 62
28 24 19 22
28 24 20 8
28 24 21 7
28 24 22 40
28 24 23 4
28 24 24 83
28 24 25 68
28 24 26 26
28 24 27 41
28 24 28 6
28 24 29 37
28 24 30 29
28 25 0 29
28 25 1 65
28 25 2 45
28 25 3 37
28 25 4 25
28 25 5 64
28 25 6 70
28 25 7 56
28 25 8 53
28 25 9 63
28 25 10 86
28 25 11 78
28 25 12 87
28 25 13 62
28 25 14 8
28 25 15 51
28 25 16 34
28 25 17 43
28 25 18 3
28 25 19 7
28 25 20 27
28 25 21 66
28 25 22 17
28 25 23 82
28 25 24 67
28 25 25 90
28 25 26 44
28 25 27 28
28 25 28 32
28 25 29 0
28 25 30 10
28 26 0 64
28 26 1 36
28 26 2 61
28 26 3 3
28 26 4 63
28 26 5 48
28 26 6 78
28 26 7 42
28 26 8 62
28 26 9 85
28 26 10 77
28 26 11 55
28 26 12 51
28 26 13 18
28 26 14 79
28 26 15 87
28 26 16 27
28 26 17 17
28 26 18 13
28 26 19 29
28 26 20 52
28 26 21 14
28 26 22 81
28 26 23 56
28 26 24 89
28 26 25 74
28 26 26 11
28 26 27 31
28 26 28 25
28 26 29 2
28 26 30 16
28 27 0 50
28 27 1 38
28 27 2 15
28 27 3 62
28 27 4 33
28 27 5 77
28 27 6 69
28 27 7 59
28 27 8 84
28 27 9 76
28 27 10 54
28 27 11 12
28 27 12 5
28 27 13 49
28 27 14 37
28 27 15 90
28 27 16 4
28 27 17 11
28 27 18 22
28 27 19 39
28 27 20 0
28 27 21 46
28 27 22 65
28 27 23 88
28 27 24 41
28 27 25 23
28 27 26 48
28 27 27 7
28 27 28 13
28 27 29 21
28 27 30 63
28 28 0 74
28 28 1 20
28 28 2 36
28 28 3 32
28 28 4 76
28 28 5 68
28 28 6 28
28 28 7 45
28 28 8 75
28 28 9 39
28 28 10 90
28 28 11 5
28 28 12 57
28 28 13 51
28 28 14 89
28 28 15 30
28 28 16 13
28 28 17 27
28 28 18 56
28 28 19 24
28 28 20 79
28 28 21 64
28 28 22 31
28 28 23 72
28 28 24 1
28 28 25 35
28 28 26 29
28 28 27 12
28 28 28 26
28 28 29 62
28 28 30 66
28 29 0 20
28 29 1 13
28 29 2 66
28 29 3 75
28 29 4 67
28 29 5 90
28 29 6 34
28 29 7 31
28 29 8 83
28 29 9 89
28 29 10 10
28 29 11 50
28 29 12 42
28 29 13 88
28 29 14 4
28 29 15 12
28 29 16 18
28 29 17 55
28 29 18 2
28 29 19 43
28 29 20 63
28 29 21 86
28 29 22 71
28 29 23 25
28 29 24 87
28 29 25 3
28 29 26 14
28 29 27 21
28 29 28 44
28 29 29 53
28 29 30 36
28 30 0 90
28 30 1 54
28 30 2 56
28 30 3 53
28 30 4 89
28 30 5 37
28 30 6 73
28 30 7 82
28 30 8 88
28 30 9 22
28 30 10 36
28 30 11 83
28 30 12 58
28 30 13 9
28 30 14 23
28 30 15 0
28 30 16 50
28 30 17 14
28 30 18 46
28 30 19 62
28 30 20 85
28 30 21 70
28 30 22 11
28 30 23 47
28 30 24 27
28 30 25 12
28 30 26 8
28 30 27 29
28 30 28 45
28 30 29 72
28 30 30 7
29 0 0 57
29 0 1 54
29 0 2 89
29 0 3 38
29 0 4 73
29 0 5 82
29 0 6 88
29 0 7 23
29 0 8 37
29 0 9 83
29 0 10 59
29 0 11 10
29 0 12 24
29 0 13 1
29 0 14 51
29 0 15 15
29 0 16 47
29 0 17 62
29 0 18 85
29 0 19 70
29 0 20 12
29 0 21 48
29 0 22 28
29 0 23 13
29 0 24 9
29 0 25 30
29 0 26 46
29 0 27 72
29 0 28 8
29 0 29 90
29 0 30 55
29 1 0 65
29 1 1 88
29 1 2 80
29 1 3 41
29 1 4 81
29 1 5 35
29 1 6 1
29 1 7 74
29 1 8 82
29 1 9 86
29 1 10 28
29 1 11 16
29 1 12 26
29 1 13 42
29 1 14 29
29 1 15 57
29 1 16 61
29 1 17 84
29 1 18 48
29 1 19 9
29 1 20 45
29 1 21 30
29 1 22 19
29 1 23 23
29 1 24 90
29 1 25 52
29 1 26 71
29 1 27 18
29 1 28 89
29 1 29 59
29 1 30 73
29 2 0 87
29 2 1 60
29 2 2 50
29 2 3 39
29 2 4 86
29 2 5 26
29 2 6 44
29 2 7 81
29 2 8 85
29 2 9 27
29 2 10 17
29 2 11 28
29 2 12 55
29 2 13 20
29 2 14 59
29 2 15 0
29 2 16 52
29 2 17 48
29 2 18 22
29 2 19 41
29 2 20 19
29 2 21 18
29 2 22 4
29 2 23 89
29 2 24 38
29 2 25 70
29 2 26 1
29 2 27 88
29 2 28 45
29 2 29 43
29 2 30 64
29 3 0 78
29 3 1 47
29 3 2 79
29 3 3 85
29 3 4 7
29 3 5 72
29 3 6 36
29 3 7 84
29 3 8 2
29 3 9 19
29 3 10 12
29 3 11 45
29 3 12 28
29 3 13 74
29 3 14 90
29 3 15 58
29 3 16 32
29 3 17 27
29 3 18 83
29 3 19 26
29 3 20 24
29 3 21 23
29 3 22 88
29 3 23 42
29 3 24 50
29 3 25 20
29 3 26 54
29 3 27 34
29 3 28 48
29 3 29 63
29 3 30 86
29 4 0 69
29 4 1 32
29 4 2 84
29 4 3 20
29 4 4 71
29 4 5 79
29 4 6 46
29 4 7 0
29 4 8 4
29 4 9 9
29 4 10 40
29 4 11 17
29 4 12 58
29 4 13 89
29 4 14 53
29 4 15 66
29 4 16 27
29 4 17 82
29 4 18 3
29 4 19 7
29 4 20 23
29 4 21 50
29 4 22 38
29 4 23 48
29 4 24 29
29 4 25 86
29 4 26 39
29 4 27 37
29 4 28 62
29 4 29 85
29 4 30 77
29 5 0 36
29 5 1 53
29 5 2 22
29 5 3 70
29 5 4 61
29 5 5 41
29 5 6 24
29 5 7 15
29 5 8 3
29 5 9 87
29 5 10 9
29 5 11 72
29 5 12 88
29 5 13 80
29 5 14 44
29 5 15 16
29 5 16 81
29 5 17 29
29 5 18 6
29 5 19 5
29 5 20 86
29 5 21 55
29 5 22 58
29 5 23 21
29 5 24 85
29 5 25 54
29 5 26 69
29 5 27 31
29 5 28 84
29 5 29 76
29 5 30 68
29 6 0 58
29 6 1 15
29 6 2 39
29 6 3 33
29 6 4 60
29 6 5 9
29 6 6 23
29 6 7 7
29 6 8 57
29 6 9 10
29 6 10 71
29 6 11 48
29 6 12 42
29 6 13 56
29 6 14 25
29 6 15 52
29 6 16 5
29 6 17 4
29 6 18 27
29 6 19 85
29 6 20 47
29 6 21 66
29 6 22 11
29 6 23 84
29 6 24 32
29 6 25 68
29 6 26 2
29 6 27 83
29 6 28 75
29 6 29 67
29 6 30 51
29 7 0 5
29 7 1 49
29 7 2 53
29 7 3 80
29 7 4 8
29 7 5 30
29 7 6 21
29 7 7 59
29 7 8 20
29 7 9 70
29 7 10 86
29 7 11 78
29 7 12 47
29 7 13 11
29 7 14 79
29 7 15 13
29 7 16 12
29 7 17 19
29 7 18 84
29 7 19 50
29 7 20 61
29 7 21 17
29 7 22 57
29 7 23 58
29 7 24 67
29 7 25 90
29 7 26 82
29 7 27 44
29 7 28 60
29 7 29 36
29 7 30 40
29 8 0 33
29 8 1 31
29 8 2 35
29 8 3 23
29 8 4 16
29 8 5 19
29 8 6 58
29 8 7 17
29 8 8 49
29 8 9 85
29 8 10 77
29 8 11 43
29 8 12 6
29 8 13 51
29 8 14 9
29 8 15 11
29 8 16 26
29 8 17 38
29 8 18 87
29 8 19 46
29 8 20 27
29 8 21 60
29 8 22 55
29 8 23 61
29 8 24 89
29 8 25 81
29 8 26 73
29 8 27 65
29 8 28 74
29 8 29 80
29 8 30 25
29 9 0 74
29 9 1 78
29 9 2 18
29 9 3 2
29 9 4 24
29 9 5 83
29 9 6 10
29 9 7 43
29 9 8 84
29 9 9 76
29 9 10 55
29 9 11 4
29 9 12 40
29 9 13 3
29 9 14 6
29 9 15 7
29 9 16 48
29 9 17 61
29 9 18 39
29 9 19 13
29 9 20 36
29 9 21 87
29 9 22 65
29 9 23 88
29 9 24 80
29 9 25 56
29 9 26 64
29 9 27 35
29 9 28 34
29 9 29 22
29 9 30 66
29 10 0 77
29 10 1 8
29 10 2 11
29 10 3 16
29 10 4 82
29 10 5 17
29 10 6 55
29 10 7 60
29 10 8 75
29 10 9 52
29 10 10 2
29 10 11 40
29 10 12 10
29 10 13 29
29 10 14 20
29 10 15 33
29 10 16 45
29 10 17 47
29 10 18 5
29 10 19 80
29 10 20 37
29 10 21 64
29 10 22 34
29 10 23 79
29 10 24 53
29 10 25 63
29 10 26 72
29 10 27 78
29 10 28 25
29 10 29 54
29 10 30 35
29 11 0 14
29 11 1 22
29 11 2 27
29 11 3 81
29 11 4 9
29 11 5 66
29 11 6 40
29 11 7 32
29 11 8 47
29 11 9 18
29 11 10 36
29 11 11 1
29 11 12 15
29 11 13 30
29 11 14 80
29 11 15 51
29 11 16 49
29 11 17 3
29 11 18 45
29 11 19 56
29 11 20 63
29 11 21 86
29 11 22 78
29 11 23 46
29 11 24 62
29 11 25 71
29 11 26 77
29 11 27 16
29 11 28 35
29 11 29 72
29 11 30 76
29 12 0 15
29 12 1 14
29 12 2 33
29 12 3 12
29 12 4 39
29 12 5 36
29 12 6 73
29 12 7 58
29 12 8 19
29 12 9 74
29 12 10 1
29 12 11 13
29 12 12 8
29 12 13 43
29 12 14 83
29 12 15 46
29 12 16 20
29 12 17 78
29 12 18 61
29 12 19 62
29 12 20 85
29 12 21 77
29 12 22 69
29 12 23 56
29 12 24 70
29 12 25 76
29 12 26 3
29 12 27 41
29 12 28 71
29 12 29 75
29 12 30 29
29 13 0 10
29 13 1 79
29 13 2 7
29 13 3 31
29 13 4 80
29 13 5 53
29 13 6 50
29 13 7 2
29 13 8 56
29 13 9 17
29 13 10 26
29 13 11 15
29 13 12 78
29 13 13 82
29 13 14 48
29 13 15 6
29 13 16 77
29 13 17 83
29 13 18 33
29 13 19 84
29 13 20 76
29 13 21 68
29 13 22 21
29 13 23 59
29 13 24 75
29 13 25 5
29 13 26 43
29 13 27 70
29 13 28 46
29 13 29 11
29 13 30 3
29 14 0 53
29 14 1 25
29 14 2 42
29 14 3 57
29 14 4 49
29 14 5 87
29 14 6 20
29 14 7 72
29 14 8 17
29 14 9 24
29 14 10 16
29 14 11 77
29 14 12 81
29 14 13 54
29 14 14 22
29 14 15 76
29 14 16 82
29 14 17 6
29 14 18 43
29 14 19 75
29 14 20 67
29 14 21 90
29 14 22 33
29 14 23 44
29 14 24 21
29 14 25 40
29 14 26 38
29 14 27 73
29 14 28 12
29 14 29 1
29 14 30 10
29 15 0 8
29 15 1 37
29 15 2 78
29 15 3 60
29 15 4 34
29 15 5 15
29 15 6 71
29 15 7 13
29 15 8 12
29 15 9 29
29 15 10 76
29 15 11 54
29 15 12 35
29 15 13 24
29 15 14 75
29 15 15 81
29 15 16 90
29 15 17 36
29 15 18 74
29 15 19 55
29 15 20 89
29 15 21 52
29 15 22 73
29 15 23 7
29 15 24 42
29 15 25 44
29 15 26 56
29 15 27 19
29 15 28 14
29 15 29 26
29 15 30 49
29 16 0 34
29 16 1 77
29 16 2 69
29 16 3 46
29 16 4 18
29 16 5 70
29 16 6 0
29 16 7 5
29 16 8 13
29 16 9 75
29 16 10 79
29 16 11 87
29 16 12 11
29 16 13 55
29 16 14 54
29 16 15 89
29 16 16 33
29 16 17 73
29 16 18 65
29 16 19 88
29 16 20 66
29 16 21 53
29 16 22 24
29 16 23 50
29 16 24 59
29 16 25 41
29 16 26 28
29 16 27 12
29 16 28 26
29 16 29 49
29 16 30 9
29 17 0 76
29 17 1 68
29 17 2 40
29 17 3 10
29 17 4 31
29 17 5 11
29 17 6 16
29 17 7 19
29 17 8 54
29 17 9 58
29 17 10 56
29 17 11 2
29 17 12 73
29 17 13 79
29 17 14 88
29 17 15 80
29 17 16 72
29 17 17 64
29 17 18 59
29 17 19 34
29 17 20 60
29 17 21 22
29 17 22 43
29 17 23 66
29 17 24 51
29 17 25 7
29 17 26 29
29 17 27 17
29 17 28 38
29 17 29 25
29 17 30 46
29 18 0 67
29 18 1 83
29 18 2 17
29 18 3 61
29 18 4 3
29 18 5 25
29 18 6 9
29 18 7 73
29 18 8 36
29 18 9 40
29 18 10 5
29 18 11 49
29 18 12 53
29 18 13 60
29 18 14 45
29 18 15 71
29 18 16 63
29 18 17 86
29 18 18 31
29 18 19 32
29 18 20 14
29 18 21 59
29 18 22 39
29 18 23 69
29 18 24 20
29 18 25 21
29 18 26 24
29 18 27 74
29 18 28 23
29 18 29 42
29 18 30 75
29 19 0 82
29 19 1 10
29 19 2 32
29 19 3 8
29 19 4 11
29 19 5 4
29 19 6 60
29 19 7 56
29 19 8 50
29 19 9 2
29 19 10 31
29 19 11 38
29 19 12 86
29 19 13 78
29 19 14 70
29 19 15 62
29 19 16 85
29 19 17 57
29 19 18 69
29 19 19 0
29 19 20 87
29 19 21 42
29 19 22 68
29 19 23 1
29 19 24 16
29 19 25 18
29 19 26 37
29 19 27 21
29 19 28 33
29 19 29 47
29 19 30 41
29 20 0 7
29 20 1 66
29 20 2 6
29 20 3 28
29 20 4 19
29 20 5 48
29 20 6 59
29 20 7 83
29 20 8 22
29 20 9 36
29 20 10 53
29 20 11 85
29 20 12 77
29 20 13 69
29 20 14 58
29 20 15 84
29 20 16 35
29 20 17 68
29 20 18 10
29 20 19 31
29 20 20 34
29 20 21 67
29 20 22 8
29 20 23 15
29 20 24 14
29 20 25 72
29 20 26 16
29 20 27 45
29 20 28 73
29 20 29 65
29 20 30 81
29 21 0 49
29 21 1 20
29 21 2 4
29 21 3 18
29 21 4 43
29 21 5 74
29 21 6 82
29 21 7 12
29 21 8 69
29 21 9 57
29 21 10 84
29 21 11 76
29 21 12 68
29 21 13 25
29 21 14 52
29 21 15 50
29 21 16 67
29 21 17 16
29 21 18 41
29 21 19 51
29 21 20 39
29 21 21 0
29 21 22 23
29 21 23 22
29 21 24 71
29 21 25 2
29 21 26 87
29 21 27 36
29 21 28 64
29 21 29 31
29 21 30 17
29 22 0 24
29 22 1 12
29 22 2 3
29 22 3 69
29 22 4 53
29 22 5 81
29 22 6 5
29 22 7 68
29 22 8 74
29 22 9 42
29 22 10 75
29 22 11 67
29 22 12 90
29 22 13 41
29 22 14 55
29 22 15 35
29 22 16 6
29 22 17 39
29 22 18 47
29 22 19 65
29 22 20 22
29 22 21 21
29 22 22 29
29 22 23 70
29 22 24 11
29 22 25 57
29 22 26 31
29 22 27 63
29 22 28 79
29 22 29 18
29 22 30 44
29 23 0 23
29 23 1 27
29 23 2 68
29 23 3 72
29 23 4 45
29 23 5 7
29 23 6 67
29 23 7 50
29 23 8 39
29 23 9 60
29 23 10 66
29 23 11 89
29 23 12 46
29 23 13 44
29 23 14 65
29 23 15 29
29 23 16 83
29 23 17 51
29 23 18 64
29 23 19 4
29 23 20 20
29 23 21 24
29 23 22 48
29 23 23 0
29 23 24 41
29 23 25 37
29 23 26 62
29 23 27 61
29 23 28 10
29 23 29 34
29 23 30 18
29 24 0 25
29 24 1 67
29 24 2 71
29 24 3 79
29 24 4 20
29 24 5 54
29 24 6 72
29 24 7 48
29 24 8 73
29 24 9 65
29 24 10 88
29 24 11 80
29 24 12 61
29 24 13 64
29 24 14 7
29 24 15 82
29 24 16 37
29 24 17 63
29 24 18 4
29 24 19 3
29 24 20 1
29 24 21 44
29 24 22 0
29 24 23 41
29 24 24 69
29 24 25 59
29 24 26 32
29 24 27 30
29 24 28 47
29 24 29 15
29 24 30 8
29 25 0 61
29 25 1 70
29 25 2 52
29 25 3 1
29 25 4 65
29 25 5 71
29 25 6 80
29 25 7 51
29 25 8 64
29 25 9 35
29 25 10 32
29 25 11 34
29 25 12 63
29 25 13 26
29 25 14 81
29 25 15 43
29 25 16 62
29 25 17 23
29 25 18 9
29 25 19 8
29 25 20 41
29 25 21 5
29 25 22 83
29 25 23 68
29 25 24 27
29 25 25 42
29 25 26 7
29 25 27 38
29 25 28 30
29 25 29 10
29 25 30 0
29 26 0 46
29 26 1 38
29 26 2 26
29 26 3 64
29 26 4 70
29 26 5 57
29 26 6 54
29 26 7 63
29 26 8 86
29 26 9 78
29 26 10 87
29 26 11 62
29 26 12 9
29 26 13 52
29 26 14 35
29 26 15 44
29 26 16 4
29 26 17 8
29 26 18 28
29 26 19 66
29 26 20 18
29 26 21 82
29 26 22 67
29 26 23 90
29 26 24 45
29 26 25 29
29 26 26 33
29 26 27 1
29 26 28 11
29 26 29 30
29 26 30 65
29 27 0 31
29 27 1 4
29 27 2 63
29 27 3 49
29 27 4 78
29 27 5 43
29 27 6 62
29 27 7 85
29 27 8 77
29 27 9 56
29 27 10 52
29 27 11 19
29 27 12 79
29 27 13 87
29 27 14 28
29 27 15 18
29 27 16 14
29 27 17 30
29 27 18 53
29 27 19 15
29 27 20 81
29 27 21 57
29 27 22 89
29 27 23 74
29 27 24 12
29 27 25 32
29 27 26 26
29 27 27 3
29 27 28 17
29 27 29 64
29 27 30 37
29 28 0 16
29 28 1 62
29 28 2 34
29 28 3 77
29 28 4 69
29 28 5 60
29 28 6 84
29 28 7 76
29 28 8 55
29 28 9 13
29 28 10 6
29 28 11 50
29 28 12 38
29 28 13 90
29 28 14 5
29 28 15 12
29 28 16 23
29 28 17 40
29 28 18 1
29 28 19 47
29 28 20 65
29 28 21 88
29 28 22 42
29 28 23 24
29 28 24 49
29 28 25 8
29 28 26 14
29 28 27 22
29 28 28 63
29 28 29 51
29 28 30 39
29 29 0 37
29 29 1 33
29 29 2 76
29 29 3 68
29 29 4 29
29 29 5 46
29 29 6 75
29 29 7 40
29 29 8 90
29 29 9 6
29 29 10 58
29 29 11 52
29 29 12 89
29 29 13 0
29 29 14 14
29 29 15 28
29 29 16 57
29 29 17 25
29 29 18 79
29 29 19 64
29 29 20 32
29 29 21 72
29 29 22 2
29 29 23 36
29 29 24 30
29 29 25 13
29 29 26 27
29 29 27 62
29 29 28 66
29 29 29 74
29 29 30 21
29 30 0 66
29 30 1 75
29 30 2 67
29 30 3 90
29 30 4 35
29 30 5 32
29 30 6 83
29 30 7 89
29 30 8 11
29 30 9 51
29 30 10 43
29 30 11 88
29 30 12 5
29 30 13 13
29 30 14 19
29 30 15 56
29 30 16 3
29 30 17 44
29 30 18 63
29 30 19 86
29 30 20 71
29 30 21 26
29 30 22 87
29 30 23 4
29 30 24 15
29 30 25 22
29 30 26 45
29 30 27 54
29 30 28 37
29 30 29 21
29 30 30 14
30 0 0 67
30 0 1 90
30 0 2 36
30 0 3 33
30 0 4 83
30 0 5 89
30 0 6 12
30 0 7 52
30 0 8 44
30 0 9 88
30 0 10 6
30 0 11 14
30 0 12 20
30 0 13 57
30 0 14 4
30 0 15 45
30 0 16 63
30 0 17 86
30 0 18 71
30 0 19 27
30 0 20 87
30 0 21 5
30 0 22 16
30 0 23 23
30 0 24 46
30 0 25 55
30 0 26 38
30 0 27 22
30 0 28 15
30 0 29 66
30 0 30 75
30 1 0 89
30 1 1 39
30 1 2 73
30 1 3 82
30 1 4 88
30 1 5 24
30 1 6 38
30 1 7 83
30 1 8 60
30 1 9 11
30 1 10 25
30 1 11 2
30 1 12 52
30 1 13 16
30 1 14 48
30 1 15 62
30 1 16 85
30 1 17 70
30 1 18 13
30 1 19 49
30 1 20 29
30 1 21 14
30 1 22 10
30 1 23 0
30 1 24 47
30 1 25 72
30 1 26 9
30 1 27 90
30 1 28 56
30 1 29 58
30 1 30 55
30 2 0 80
30 2 1 42
30 2 2 81
30 2 3 36
30 2 4 2
30 2 5 74
30 2 6 82
30 2 7 86
30 2 8 29
30 2 9 17
30 2 10 27
30 2 11 43
30 2 12 30
30 2 13 58
30 2 14 31
30 2 15 84
30 2 16 49
30 2 17 10
30 2 18 46
30 2 19 0
30 2 20 20
30 2 21 24
30 2 22 90
30 2 23 53
30 2 24 71
30 2 25 19
30 2 26 89
30 2 27 60
30 2 28 73
30 2 29 65
30 2 30 88
30 3 0 51
30 3 1 40
30 3 2 86
30 3 3 27
30 3 4 45
30 3 5 81
30 3 6 85
30 3 7 28
30 3 8 18
30 3 9 29
30 3 10 56
30 3 11 21
30 3 12 60
30 3 13 1
30 3 14 53
30 3 15 49
30 3 16 23
30 3 17 42
30 3 18 20
30 3 19 19
30 3 20 5
30 3 21 89
30 3 22 39
30 3 23 70
30 3 24 2
30 3 25 88
30 3 26 46
30 3 27 44
30 3 28 64
30 3 29 87
30 3 30 61
30 4 0 79
30 4 1 85
30 4 2 8
30 4 3 72
30 4 4 37
30 4 5 84
30 4 6 3
30 4 7 20
30 4 8 13
30 4 9 46
30 4 10 29
30 4 11 74
30 4 12 90
30 4 13 59
30 4 14 33
30 4 15 28
30 4 16 83
30 4 17 27
30 4 18 25
30 4 19 24
30 4 20 88
30 4 21 43
30 4 22 51
30 4 23 21
30 4 24 55
30 4 25 35
30 4 26 49
30 4 27 63
30 4 28 86
30 4 29 78
30 4 30 48
30 5 0 84
30 5 1 21
30 5 2 71
30 5 3 79
30 5 4 47
30 5 5 1
30 5 6 5
30 5 7 10
30 5 8 41
30 5 9 18
30 5 10 59
30 5 11 89
30 5 12 54
30 5 13 66
30 5 14 28
30 5 15 82
30 5 16 4
30 5 17 8
30 5 18 24
30 5 19 51
30 5 20 39
30 5 21 49
30 5 22 30
30 5 23 86
30 5 24 40
30 5 25 38
30 5 26 62
30 5 27 85
30 5 28 77
30 5 29 69
30 5 30 33
30 6 0 23
30 6 1 70
30 6 2 31
30 6 3 42
30 6 4 25
30 6 5 16
30 6 6 4
30 6 7 87
30 6 8 10
30 6 9 72
30 6 10 88
30 6 11 80
30 6 12 45
30 6 13 17
30 6 14 81
30 6 15 30
30 6 16 7
30 6 17 6
30 6 18 86
30 6 19 56
30 6 20 59
30 6 21 22
30 6 22 85
30 6 23 55
30 6 24 69
30 6 25 32
30 6 26 84
30 6 27 76
30 6 28 68
30 6 29 37
30 6 30 54
30 7 0 40
30 7 1 34
30 7 2 61
30 7 3 10
30 7 4 24
30 7 5 8
30 7 6 58
30 7 7 11
30 7 8 71
30 7 9 49
30 7 10 43
30 7 11 57
30 7 12 26
30 7 13 53
30 7 14 6
30 7 15 5
30 7 16 28
30 7 17 85
30 7 18 48
30 7 19 66
30 7 20 12
30 7 21 84
30 7 22 33
30 7 23 68
30 7 24 3
30 7 25 83
30 7 26 75
30 7 27 67
30 7 28 52
30 7 29 59
30 7 30 16
30 8 0 54
30 8 1 80
30 8 2 9
30 8 3 0
30 8 4 22
30 8 5 60
30 8 6 21
30 8 7 70
30 8 8 86
30 8 9 78
30 8 10 48
30 8 11 12
30 8 12 79
30 8 13 14
30 8 14 13
30 8 15 20
30 8 16 84
30 8 17 51
30 8 18 31
30 8 19 18
30 8 20 58
30 8 21 59
30 8 22 67
30 8 23 90
30 8 24 82
30 8 25 45
30 8 26 61
30 8 27 37
30 8 28 41
30 8 29 6
30 8 30 50
30 9 0 36
30 9 1 24
30 9 2 17
30 9 3 20
30 9 4 59
30 9 5 18
30 9 6 50
30 9 7 85
30 9 8 77
30 9 9 44
30 9 10 7
30 9 11 52
30 9 12 10
30 9 13 12
30 9 14 27
30 9 15 39
30 9 16 87
30 9 17 47
30 9 18 28
30 9 19 61
30 9 20 56
30 9 21 31
30 9 22 89
30 9 23 81
30 9 24 73
30 9 25 65
30 9 26 74
30 9 27 80
30 9 28 26
30 9 29 34
30 9 30 32
30 10 0 19
30 10 1 3
30 10 2 25
30 10 3 83
30 10 4 11
30 10 5 44
30 10 6 84
30 10 7 76
30 10 8 56
30 10 9 5
30 10 10 41
30 10 11 4
30 10 12 7
30 10 13 8
30 10 14 49
30 10 15 31
30 10 16 40
30 10 17 14
30 10 18 37
30 10 19 87
30 10 20 65
30 10 21 88
30 10 22 80
30 10 23 57
30 10 24 64
30 10 25 36
30 10 26 35
30 10 27 23
30 10 28 66
30 10 29 74
30 10 30 78
30 11 0 12
30 11 1 17
30 11 2 82
30 11 3 18
30 11 4 56
30 11 5 61
30 11 6 75
30 11 7 53
30 11 8 3
30 11 9 41
30 11 10 11
30 11 11 30
30 11 12 21
30 11 13 34
30 11 14 46
30 11 15 48
30 11 16 6
30 11 17 80
30 11 18 38
30 11 19 64
30 11 20 35
30 11 21 79
30 11 22 54
30 11 23 63
30 11 24 72
30 11 25 78
30 11 26 26
30 11 27 55
30 11 28 36
30 11 29 77
30 11 30 9
30 12 0 28
30 12 1 81
30 12 2 10
30 12 3 66
30 12 4 41
30 12 5 33
30 12 6 48
30 12 7 19
30 12 8 37
30 12 9 2
30 12 10 16
30 12 11 0
30 12 12 80
30 12 13 52
30 12 14 50
30 12 15 4
30 12 16 46
30 12 17 57
30 12 18 63
30 12 19 86
30 12 20 78
30 12 21 47
30 12 22 62
30 12 23 71
30 12 24 77
30 12 25 17
30 12 26 36
30 12 27 72
30 12 28 76
30 12 29 15
30 12 30 23
30 13 0 34
30 13 1 13
30 13 2 40
30 13 3 37
30 13 4 73
30 13 5 59
30 13 6 20
30 13 7 74
30 13 8 2
30 13 9 14
30 13 10 9
30 13 11 44
30 13 12 83
30 13 13 47
30 13 14 21
30 13 15 78
30 13 16 31
30 13 17 62
30 13 18 85
30 13 19 77
30 13 20 69
30 13 21 57
30 13 22 70
30 13 23 76
30 13 24 4
30 13 25 42
30 13 26 71
30 13 27 75
30 13 28 30
30 13 29 16
30 13 30 15
30 14 0 8
30 14 1 32
30 14 2 80
30 14 3 54
30 14 4 51
30 14 5 3
30 14 6 57
30 14 7 18
30 14 8 27
30 14 9 16
30 14 10 78
30 14 11 82
30 14 12 49
30 14 13 7
30 14 14 77
30 14 15 83
30 14 16 34
30 14 17 84
30 14 18 76
30 14 19 68
30 14 20 22
30 14 21 60
30 14 22 75
30 14 23 6
30 14 24 44
30 14 25 70
30 14 26 47
30 14 27 12
30 14 28 4
30 14 29 11
30 14 30 79
30 15 0 43
30 15 1 58
30 15 2 50
30 15 3 87
30 15 4 21
30 15 5 72
30 15 6 18
30 15 7 25
30 15 8 17
30 15 9 77
30 15 10 81
30 15 11 55
30 15 12 23
30 15 13 76
30 15 14 82
30 15 15 7
30 15 16 44
30 15 17 75
30 15 18 67
30 15 19 90
30 15 20 34
30 15 21 45
30 15 22 22
30 15 23 41
30 15 24 39
30 15 25 73
30 15 26 13
30 15 27 2
30 15 28 11
30 15 29 54
30 15 30 26
30 16 0 78
30 16 1 61
30 16 2 35
30 16 3 16
30 16 4 71
30 16 5 14
30 16 6 13
30 16 7 30
30 16 8 76
30 16 9 55
30 16 10 36
30 16 11 25
30 16 12 75
30 16 13 81
30 16 14 90
30 16 15 37
30 16 16 74
30 16 17 56
30 16 18 89
30 16 19 53
30 16 20 73
30 16 21 8
30 16 22 43
30 16 23 45
30 16 24 57
30 16 25 20
30 16 26 15
30 16 27 27
30 16 28 50
30 16 29 9
30 16 30 38
30 17 0 69
30 17 1 47
30 17 2 19
30 17 3 70
30 17 4 1
30 17 5 6
30 17 6 14
30 17 7 75
30 17 8 79
30 17 9 87
30 17 10 12
30 17 11 56
30 17 12 55
30 17 13 89
30 17 14 34
30 17 15 73
30 17 16 65
30 17 17 88
30 17 18 66
30 17 19 54
30 17 20 25
30 17 21 51
30 17 22 60
30 17 23 42
30 17 24 29
30 17 25 13
30 17 26 27
30 17 27 50
30 17 28 10
30 17 29 35
30 17 30 77
30 18 0 41
30 18 1 11
30 18 2 32
30 18 3 12
30 18 4 17
30 18 5 20
30 18 6 55
30 18 7 59
30 18 8 57
30 18 9 3
30 18 10 73
30 18 11 79
30 18 12 88
30 18 13 80
30 18 14 72
30 18 15 64
30 18 16 60
30 18 17 35
30 18 18 61
30 18 19 23
30 18 20 44
30 18 21 66
30 18 22 52
30 18 23 8
30 18 24 30
30 18 25 18
30 18 26 39
30 18 27 26
30 18 28 47
30 18 29 76
30 18 30 68
30 19 0 18
30 19 1 31
30 19 2 4
30 19 3 26
30 19 4 10
30 19 5 73
30 19 6 37
30 19 7 41
30 19 8 6
30 19 9 50
30 19 10 54
30 19 11 61
30 19 12 46
30 19 13 71
30 19 14 63
30 19 15 86
30 19 16 32
30 19 17 33
30 19 18 15
30 19 19 60
30 19 20 40
30 19 21 69
30 19 22 21
30 19 23 22
30 19 24 25
30 19 25 74
30 19 26 24
30 19 27 43
30 19 28 75
30 19 29 67
30 19 30 83
30 20 0 33
30 20 1 9
30 20 2 12
30 20 3 5
30 20 4 61
30 20 5 57
30 20 6 51
30 20 7 3
30 20 8 32
30 20 9 39
30 20 10 86
30 20 11 78
30 20 12 70
30 20 13 62
30 20 14 85
30 20 15 58
30 20 16 69
30 20 17 1
30 20 18 87
30 20 19 43
30 20 20 68
30 20 21 2
30 20 22 17
30 20 23 19
30 20 24 38
30 20 25 22
30 20 26 34
30 20 27 48
30 20 28 42
30 20 29 82
30 20 30 11
30 21 0 7
30 21 1 29
30 21 2 20
30 21 3 49
30 21 4 60
30 21 5 83
30 21 6 23
30 21 7 37
30 21 8 54
30 21 9 85
30 21 10 77
30 21 11 69
30 21 12 59
30 21 13 84
30 21 14 36
30 21 15 68
30 21 16 11
30 21 17 32
30 21 18 35
30 21 19 67
30 21 20 9
30 21 21 16
30 21 22 15
30 21 23 72
30 21 24 17
30 21 25 46
30 21 26 73
30 21 27 65
30 21 28 81
30 21 29 8
30 21 30 66
30 22 0 5
30 22 1 19
30 22 2 44
30 22 3 74
30 22 4 82
30 22 5 13
30 22 6 69
30 22 7 58
30 22 8 84
30 22 9 76
30 22 10 68
30 22 11 26
30 22 12 53
30 22 13 51
30 22 14 67
30 22 15 17
30 22 16 42
30 22 17 52
30 22 18 40
30 22 19 1
30 22 20 24
30 22 21 23
30 22 22 71
30 22 23 3
30 22 24 87
30 22 25 37
30 22 26 64
30 22 27 32
30 22 28 18
30 22 29 50
30 22 30 21
30 23 0 4
30 23 1 69
30 23 2 54
30 23 3 81
30 23 4 6
30 23 5 68
30 23 6 74
30 23 7 43
30 23 8 75
30 23 9 67
30 23 10 90
30 23 11 42
30 23 12 56
30 23 13 36
30 23 14 7
30 23 15 40
30 23 16 48
30 23 17 65
30 23 18 23
30 23 19 22
30 23 20 30
30 23 21 70
30 23 22 12
30 23 23 58
30 23 24 32
30 23 25 63
30 23 26 79
30 23 27 19
30 23 28 45
30 23 29 25
30 23 30 13
30 24 0 68
30 24 1 72
30 24 2 46
30 24 3 8
30 24 4 67
30 24 5 51
30 24 6 40
30 24 7 61
30 24 8 66
30 24 9 89
30 24 10 47
30 24 11 45
30 24 12 65
30 24 13 30
30 24 14 83
30 24 15 52
30 24 16 64
30 24 17 5
30 24 18 21
30 24 19 25
30 24 20 49
30 24 21 1
30 24 22 42
30 24 23 38
30 24 24 62
30 24 25 31
30 24 26 11
30 24 27 35
30 24 28 19
30 24 29 24
30 24 30 28
30 25 0 71
30 25 1 79
30 25 2 21
30 25 3 55
30 25 4 72
30 25 5 49
30 25 6 73
30 25 7 65
30 25 8 88
30 25 9 80
30 25 10 31
30 25 11 64
30 25 12 8
30 25 13 82
30 25 14 38
30 25 15 63
30 25 16 5
30 25 17 4
30 25 18 2
30 25 19 45
30 25 20 1
30 25 21 42
30 25 22 69
30 25 23 60
30 25 24 33
30 25 25 0
30 25 26 48
30 25 27 16
30 25 28 9
30 25 29 26
30 25 30 67
30 26 0 53
30 26 1 2
30 26 2 65
30 26 3 71
30 26 4 80
30 26 5 52
30 26 6 64
30 26 7 36
30 26 8 33
30 26 9 35
30 26 10 63
30 26 11 27
30 26 12 81
30 26 13 44
30 26 14 62
30 26 15 24
30 26 16 10
30 26 17 9
30 26 18 42
30 26 19 6
30 26 20 83
30 26 21 68
30 26 22 28
30 26 23 43
30 26 24 8
30 26 25 39
30 26 26 0
30 26 27 11
30 26 28 1
30 26 29 31
30 26 30 70
30 27 0 27
30 27 1 64
30 27 2 70
30 27 3 58
30 27 4 55
30 27 5 63
30 27 6 86
30 27 7 78
30 27 8 87
30 27 9 62
30 27 10 10
30 27 11 53
30 27 12 36
30 27 13 45
30 27 14 5
30 27 15 9
30 27 16 29
30 27 17 66
30 27 18 19
30 27 19 82
30 27 20 67
30 27 21 90
30 27 22 46
30 27 23 30
30 27 24 34
30 27 25 2
30 27 26 12
30 27 27 0
30 27 28 65
30 27 29 47
30 27 30 39
30 28 0 63
30 28 1 50
30 28 2 78
30 28 3 44
30 28 4 62
30 28 5 85
30 28 6 77
30 28 7 57
30 28 8 53
30 28 9 20
30 28 10 79
30 28 11 87
30 28 12 29
30 28 13 19
30 28 14 15
30 28 15 0
30 28 16 54
30 28 17 16
30 28 18 81
30 28 19 58
30 28 20 89
30 28 21 74
30 28 22 13
30 28 23 33
30 28 24 27
30 28 25 4
30 28 26 18
30 28 27 64
30 28 28 38
30 28 29 32
30 28 30 5
30 29 0 35
30 29 1 77
30 29 2 69
30 29 3 61
30 29 4 84
30 29 5 76
30 29 6 56
30 29 7 14
30 29 8 7
30 29 9 51
30 29 10 39
30 29 11 90
30 29 12 6
30 29 13 13
30 29 14 24
30 29 15 41
30 29 16 2
30 29 17 48
30 29 18 65
30 29 19 88
30 29 20 43
30 29 21 25
30 29 22 50
30 29 23 9
30 29 24 15
30 29 25 23
30 29 26 63
30 29 27 52
30 29 28 40
30 29 29 17
30 29 30 62
30 30 0 76
30 30 1 68
30 30 2 30
30 30 3 47
30 30 4 75
30 30 5 41
30 30 6 90
30 30 7 7
30 30 8 59
30 30 9 53
30 30 10 89
30 30 11 1
30 30 12 15
30 30 13 29
30 30 14 58
30 30 15 26
30 30 16 79
30 30 17 64
30 30 18 33
30 30 19 72
30 30 20 3
30 30 21 37
30 30 22 0
30 30 23 14
30 30 24 28
30 30 25 62
30 30 26 66
30 30 27 74
30 30 28 22
30 30 29 38
30 30 30 34
